date/yyyy-mm-dd,time/hh:mm:ss,PT102/MPa,PT101/MPa,TT009/K,TT010/K,TT008/K,TT101/K,RT101/ohm,TT102/K,RT102/ohm,x1,x2,impurity,err(x)
2020-11-27,13:20:00,2.000200081,9.008000183,163.8123474,149.4329987,161.1486206,160.0036316,277.5667725,116.774498,172.8988342,0,0,0.00055344,0.000179408
2020-11-27,13:20:01,2.0,9.008300018,163.8123474,149.4394379,161.1499023,160.0038147,277.5663452,116.7746353,172.8986206,0,0,0.00055344,0.000179408
2020-11-27,13:20:02,2.000300026,9.008599854,163.8123474,149.4459991,161.1492004,160.0033569,277.5675964,116.7737579,172.899704,0,0,0.00055344,0.000179408
2020-11-27,13:20:03,2.000099945,9.008899689,163.8123474,149.4517975,161.1494446,160.0037079,277.5665894,116.7733231,172.9002838,0,0,0.00055344,0.000179408
2020-11-27,13:20:04,2.000300026,9.008999634,163.8123474,149.4573975,161.1482849,160.0035706,277.5668335,116.7726746,172.9012146,0,0,0.00055344,0.000179408
2020-11-27,13:20:05,2.000099945,9.009300232,163.8123474,149.464035,161.149704,160.0036316,277.5670471,116.7719345,172.9020996,0,0,0.00055344,0.00017914
2020-11-27,13:20:06,2.000200081,9.009500122,163.8123474,149.4710083,161.150238,160.003418,277.5674438,116.7717285,172.9023285,0,0,0.000580627,0.00017914
2020-11-27,13:20:07,2.000099945,9.009700012,163.8123474,149.4767456,161.1499329,160.0040894,277.5655823,116.7715073,172.90271,0,0,0.000580627,0.00017914
2020-11-27,13:20:08,2.000200081,9.009999847,163.8123474,149.483139,161.1500854,160.0039215,277.5659485,116.7709274,172.9034729,0,0,0.000580627,0.00017914
2020-11-27,13:20:09,2.000099945,9.010099792,163.8123474,149.4903717,161.1494751,160.0036316,277.5667114,116.7705612,172.9039612,0,0,0.000580627,0.00017914
2020-11-27,13:20:10,2.000300026,9.010299683,163.8123474,149.4955139,161.1511383,160.0039215,277.5661011,116.7701187,172.9044952,0,0,0.000580627,0.00017914
2020-11-27,13:20:11,1.999900055,9.010500336,163.8133698,149.5036774,161.1497192,160.0042572,277.5651855,116.76931,172.9055176,0,0,0.000580627,0.00017914
2020-11-27,13:20:12,2.000099945,9.010600281,163.8133698,149.5102692,161.1488037,160.0039673,277.5658569,116.7687378,172.9063721,0,0,0.000580627,0.00017914
2020-11-27,13:20:13,1.999900055,9.010800171,163.8133698,149.516571,161.1491852,160.0038757,277.5662537,116.768364,172.9067688,0,0,0.000580627,0.00017914
2020-11-27,13:20:14,2.000200081,9.010900116,163.8133698,149.5231018,161.1499023,160.0043182,277.5649414,116.7677155,172.9076385,0,0,0.000535694,0.00017914
2020-11-27,13:20:15,1.999900055,9.011100006,163.8133698,149.5297089,161.1487274,160.0046844,277.5638428,116.7672043,172.9082794,0,0,0.000535694,0.00017914
2020-11-27,13:20:16,2.000399971,9.011199951,163.8133698,149.5367889,161.1499176,160.0042114,277.5652771,116.7674255,172.9079895,0,0,0.000535694,0.00017914
2020-11-27,13:20:17,2.000200081,9.011299896,163.8123627,149.5431976,161.1493225,160.004364,277.5646973,116.7663345,172.9094849,0,0,0.000535694,0.00017914
2020-11-27,13:20:18,2.000399971,9.011399841,163.8123627,149.5495148,161.1488037,160.0045929,277.5641785,116.7664795,172.9093018,0,0,0.000535694,0.00017914
2020-11-27,13:20:19,2.000300026,9.011499786,163.8133698,149.5566406,161.150177,160.0046387,277.5639038,116.7658386,172.9100952,0,0,0.000515064,0.00017914
2020-11-27,13:20:20,2.000399971,9.011599731,163.8133698,149.5647583,161.1489258,160.0046387,277.5641174,116.7652435,172.9108734,0,0,0.000515064,0.00017914
2020-11-27,13:20:21,2.000300026,9.011699677,163.8133698,149.5705872,161.1499634,160.0050507,277.5630798,116.7649612,172.9112549,0,0,0.000515064,0.00017914
2020-11-27,13:20:22,2.000399971,9.011799622,163.8133698,149.5768127,161.1496429,160.0042572,277.5649719,116.7644272,172.911911,0,0,0.000515064,0.00017914
2020-11-27,13:20:23,2.000499916,9.01190033,163.8133698,149.5844116,161.1501007,160.0046387,277.5640869,116.7637253,172.912796,0,0,0.000515064,0.00017914
2020-11-27,13:20:24,2.000600052,9.01190033,163.8133698,149.5920715,161.1492767,160.0048676,277.5634155,116.7633591,172.9133606,0,0,0.000515064,0.00017914
2020-11-27,13:20:25,2.000099945,9.012000275,163.8133698,149.5987091,161.1500244,160.0046387,277.5641174,116.7624893,172.914505,0,0,0.000515064,0.00017914
2020-11-27,13:20:26,2.000300026,9.012000275,163.8133698,149.6062775,161.1495361,160.0045319,277.5643005,116.7621231,172.9149323,0,0,0.000515064,0.00017914
2020-11-27,13:20:27,2.000399971,9.01210022,163.8143768,149.6134338,161.1486969,160.0050507,277.5628967,116.7621994,172.9147797,0,0,0.000515064,0.00017914
2020-11-27,13:20:28,2.000499916,9.01210022,163.8143768,149.6202393,161.1490784,160.0049896,277.5631409,116.7616882,172.9155731,0,0,0.000515064,0.00017914
2020-11-27,13:20:29,2.000699997,9.01210022,163.8133698,149.6281586,161.1499634,160.0052032,277.5625,116.7608109,172.9165955,0,0,0.000515064,0.00017914
2020-11-27,13:20:30,2.000200081,9.012200165,163.8133698,149.6350555,161.1496124,160.0047455,277.5637207,116.7606735,172.9167938,0,0,0.000515064,0.00017914
2020-11-27,13:20:31,2.0,9.012200165,163.8133698,149.6419373,161.1502686,160.0048676,277.5634155,116.7609558,172.9164429,0,0,0.000515064,0.00017914
2020-11-27,13:20:32,2.000399971,9.012200165,163.8143768,149.6494598,161.1490784,160.0049896,277.5632324,116.7598648,172.9179077,0,0,0.000515064,0.00017914
2020-11-27,13:20:33,2.000600052,9.012200165,163.8143768,149.6570435,161.1499329,160.0048676,277.5634766,116.7594986,172.9183655,0,0,0.000543737,0.00017922
2020-11-27,13:20:34,2.000399971,9.012200165,163.8132477,149.664032,161.1504822,160.0050964,277.5628052,116.7592697,172.9186249,0,0,0.000543737,0.00017922
2020-11-27,13:20:35,2.000200081,9.012200165,163.8143158,149.6712646,161.1491089,160.0053711,277.5620728,116.7590561,172.9189758,0,0,0.000557986,0.000179276
2020-11-27,13:20:36,2.000399971,9.012200165,163.8143158,149.6794739,161.1498566,160.0054321,277.5618286,116.7581177,172.9201965,0,0,0.000557986,0.000179276
2020-11-27,13:20:37,2.000300026,9.01210022,163.8133087,149.6858215,161.1500092,160.0053711,277.5620728,116.7579803,172.9203033,0,0,0.000557986,0.000179276
2020-11-27,13:20:38,2.000499916,9.012200165,163.8133087,149.6943054,161.1497803,160.0047455,277.5636597,116.7577515,172.9206848,0,0,0.000557986,0.000179276
2020-11-27,13:20:39,2.000300026,9.01210022,163.8143616,149.7015228,161.1502533,160.0053253,277.5622253,116.7568893,172.9217529,0,0,0.000557986,0.000179276
2020-11-27,13:20:40,2.000499916,9.01210022,163.8143616,149.7094574,161.1495056,160.0054779,277.5616455,116.757103,172.9215393,0,0,0.000557986,0.000179276
2020-11-27,13:20:41,2.000399971,9.012000275,163.8143616,149.7175598,161.1490021,160.0053711,277.5621338,116.7568893,172.9217529,0,0,0.000557986,0.000179276
2020-11-27,13:20:42,2.000499916,9.012000275,163.8143616,149.7250671,161.1480713,160.0054779,277.561676,116.7565842,172.9221649,0,0,0.000557986,0.000179263
2020-11-27,13:20:43,2.000399971,9.012000275,163.8143616,149.732666,161.1499786,160.0050507,277.5629578,116.756073,172.9227905,0,0,0.000557986,0.000179263
2020-11-27,13:20:44,2.000499916,9.01190033,163.8143616,149.7409058,161.1506195,160.0055237,277.561554,116.7557144,172.9233551,0,0,0.000557986,0.000179263
2020-11-27,13:20:45,2.000300026,9.011799622,163.8143616,149.7480469,161.1490936,160.0057678,277.5610962,116.7549133,172.9243317,0,0,0.000557986,0.000179263
2020-11-27,13:20:46,2.000499916,9.011799622,163.8143616,149.7564545,161.1492004,160.005661,277.5613708,116.7544098,172.9249573,0,0,0.000557986,0.000179255
2020-11-27,13:20:47,2.000300026,9.011699677,163.8153687,149.7637024,161.1499634,160.0057678,277.5610046,116.7544861,172.9250183,0,0,0.000557986,0.00017906
2020-11-27,13:20:48,2.000099945,9.011599731,163.8153687,149.7710571,161.1502533,160.0050964,277.5627136,116.7541809,172.9252625,0,0,0.000557986,0.00017906
2020-11-27,13:20:49,2.000200081,9.011499786,163.8153687,149.779892,161.1496277,160.0054779,277.5616455,116.7539749,172.9256287,0,0,0.000557986,0.00017906
2020-11-27,13:20:50,1.999900055,9.011599731,163.8153687,149.7865601,161.1499786,160.0060425,277.5601807,116.7536087,172.9260559,0,0,0.000557986,0.00017906
2020-11-27,13:20:51,2.000399971,9.011399841,163.8153687,149.7951202,161.1489563,160.0058594,277.5606079,116.7535324,172.9259338,0,0,0.000557986,0.00017906
2020-11-27,13:20:52,2.0,9.011299896,163.8153687,149.8027344,161.1494904,160.0057068,277.5611267,116.7528152,172.927124,0,0,0.000557986,0.000179124
2020-11-27,13:20:53,2.000300026,9.011199951,163.8153687,149.8107605,161.150116,160.0055847,277.5614319,116.7523117,172.9277802,0,0,0.000557986,0.000179124
2020-11-27,13:20:54,2.000200081,9.011100006,163.8153687,149.8188019,161.1502686,160.0057678,277.5609741,116.7526474,172.9272614,0,0,0.000557986,0.00017925
2020-11-27,13:20:55,2.000300026,9.011000061,163.8153687,149.8280182,161.1495361,160.0054779,277.561676,116.7520828,172.9279938,0,0,0.000557986,0.000179261
2020-11-27,13:20:56,2.000499916,9.010900116,163.8153687,149.835968,161.1504822,160.0057678,277.5610352,116.7515717,172.9287872,0,0,0.000557986,0.000179261
2020-11-27,13:20:57,2.000300026,9.010800171,163.8153687,149.8435669,161.1489105,160.0059814,277.5604248,116.7514267,172.9289246,0,0,0.000557986,0.000179261
2020-11-27,13:20:58,2.000399971,9.010700226,163.8153687,149.8517151,161.1499023,160.005661,277.5613098,116.7514954,172.9286957,0,0,0.000557986,0.000179261
2020-11-27,13:20:59,2.000200081,9.010500336,163.8143616,149.8605042,161.1500092,160.0053711,277.5619202,116.7510071,172.9295349,0,0,0.000557986,0.000179261
2020-11-27,13:21:00,2.000099945,9.010399628,163.8153687,149.8665924,161.1496124,160.0054779,277.5616455,116.7507782,172.9297333,0,0,0.000557986,0.000179261
2020-11-27,13:21:01,2.000300026,9.010299683,163.8153687,149.8766785,161.1499634,160.0055847,277.5619812,116.750618,172.9299316,0,0,0.000557986,0.000179261
2020-11-27,13:21:02,2.000200081,9.010199738,163.8163757,149.8835144,161.1503448,160.0053711,277.5608521,116.7499847,172.9308167,0,0,0.000557986,0.000179261
2020-11-27,13:21:03,2.0,9.010099792,163.8153381,149.8918762,161.1498413,160.0060425,277.5603027,116.7493134,172.9316254,0,0,0.000557986,0.000179261
2020-11-27,13:21:04,2.000099945,9.009899902,163.8153381,149.9011078,161.150238,160.0055847,277.5614624,116.7496109,172.9311981,0,0,0.000557986,0.000179261
2020-11-27,13:21:05,2.0,9.009799957,163.8153381,149.9098358,161.1491089,160.0057678,277.5608521,116.7497635,172.9310608,0,0,0.000557986,0.000179261
2020-11-27,13:21:06,1.999900055,9.009600067,163.8153381,149.9178314,161.1500854,160.0053711,277.5619507,116.7487411,172.9323425,0,0,0.000435164,0.000179261
2020-11-27,13:21:07,2.000099945,9.009500122,163.8153381,149.9251709,161.1495209,160.0054779,277.5622253,116.749115,172.9320068,0,0,0.000435164,0.000179261
2020-11-27,13:21:08,2.000200081,9.009300232,163.8163452,149.9343262,161.1497955,160.0058289,277.560791,116.7488937,172.932251,0,0,0.000435164,0.000179261
2020-11-27,13:21:09,1.999799919,9.009200287,163.8163452,149.9435272,161.1487274,160.0053711,277.5619812,116.7486649,172.9325714,0,0,0.000435164,0.000179261
2020-11-27,13:21:10,1.999900055,9.008999634,163.8163452,149.9509583,161.1499329,160.0054321,277.5617676,116.7481537,172.9331665,0,0,0.000435164,0.000179261
2020-11-27,13:21:11,1.999600029,9.008799744,163.8163452,149.9595947,161.1494751,160.0050964,277.5627747,116.7474976,172.9340668,0,0,0.000435164,0.000179261
2020-11-27,13:21:12,1.999799919,9.008699799,163.8163452,149.9691162,161.149765,160.0057678,277.5610962,116.7474365,172.9341583,0,0,0.000435164,0.000179261
2020-11-27,13:21:13,1.999900055,9.008599854,163.8163452,149.976532,161.1495361,160.0055237,277.561615,116.7483826,172.9328918,0,0,0.000435164,0.000179261
2020-11-27,13:21:14,1.999799919,9.008399963,163.8163452,149.9858246,161.1489868,160.005661,277.5613708,116.747345,172.9342194,0,0,0.000435164,0.000179261
2020-11-27,13:21:15,1.999500084,9.008200073,163.8163452,149.993927,161.1500854,160.0050507,277.5629578,116.747139,172.9345093,0,0,0.000435164,0.000179261
2020-11-27,13:21:16,1.999699974,9.008000183,163.8163452,150.0028687,161.149765,160.0054779,277.561676,116.747345,172.9341736,0,0,0.000435164,0.000179261
2020-11-27,13:21:17,1.999600029,9.007800293,163.8163452,150.0119934,161.1496735,160.0058289,277.5606995,116.7470627,172.9345703,0,0,0.000435164,0.000179261
2020-11-27,13:21:18,2.0,9.007700348,163.8163452,150.0205536,161.149292,160.0054779,277.5617065,116.7469864,172.9346924,0,0,0.000435164,0.000179261
2020-11-27,13:21:19,1.999699974,9.007499695,163.8163452,150.0280304,161.1501617,160.0053711,277.5621033,116.7463379,172.9355774,0,0,0.000435164,0.000179261
2020-11-27,13:21:20,1.999600029,9.007299805,163.8163452,150.0372772,161.1499634,160.0054779,277.561676,116.7466965,172.9350739,0,0,0.000435164,0.000179261
2020-11-27,13:21:21,1.999500084,9.007099915,163.8163452,150.0466919,161.149292,160.0051422,277.5626526,116.7462006,172.9357452,0,0,0.000435164,0.000179261
2020-11-27,13:21:22,1.999699974,9.006900024,163.8163452,150.0551453,161.1499329,160.0054321,277.5618286,116.7456055,172.9365234,0,0,0.000435164,0.000179261
2020-11-27,13:21:23,1.999300003,9.006700134,163.8163452,150.0639191,161.1496582,160.0051422,277.5626221,116.7452393,172.937027,0,0,0.000435164,0.000179261
2020-11-27,13:21:24,1.999399948,9.006500244,163.8163452,150.0729065,161.1498718,160.0055237,277.5615234,116.7456894,172.9364624,0,0,0.000485604,0.000179261
2020-11-27,13:21:25,1.999500084,9.006300354,163.8163452,150.0820923,161.1493225,160.0050964,277.5627441,116.7452393,172.9370422,0,0,0.000485604,0.000179261
2020-11-27,13:21:26,1.999099922,9.006099701,163.8163452,150.0910492,161.150177,160.0052032,277.5625305,116.7458267,172.9362793,0,0,0.000485604,0.000179261
2020-11-27,13:21:27,1.999399948,9.005899811,163.8163452,150.0991211,161.1497498,160.0048676,277.563385,116.7448044,172.9375763,0,0,0.000504399,0.000179261
2020-11-27,13:21:28,1.999099922,9.005699921,163.8163452,150.1079712,161.150116,160.0046844,277.5638428,116.7450943,172.9371948,0,0,0.000504399,0.000179261
2020-11-27,13:21:29,1.999399948,9.005500031,163.8163452,150.1179047,161.1490631,160.0046387,277.5640564,116.7448883,172.9374542,0,0,0.000504399,0.000179261
2020-11-27,13:21:30,1.999200058,9.005200195,163.8163452,150.1251678,161.1488953,160.0047913,277.5635376,116.7450943,172.9372101,0,0,0.000504399,0.000179261
2020-11-27,13:21:31,1.998999977,9.00510025,163.8163452,150.1343231,161.149704,160.0049896,277.5631714,116.7444458,172.937973,0,0,0.000504399,0.00017927
2020-11-27,13:21:32,1.999200058,9.004799652,163.8163452,150.1438293,161.1498718,160.0046387,277.5641174,116.7445984,172.9377899,0,0,0.000504399,0.00017927
2020-11-27,13:21:33,1.998900032,9.004599762,163.8173981,150.1517181,161.1489716,160.0049896,277.5631104,116.7442932,172.9382477,0,0,0.000504399,0.00017927
2020-11-27,13:21:34,1.999099922,9.004399872,163.8173981,150.1610107,161.1503906,160.0048676,277.563385,116.7437897,172.9388733,0,0,0.000504399,0.00017921
2020-11-27,13:21:35,1.999200058,9.004199982,163.8173981,150.1695251,161.1493988,160.0046844,277.5638733,116.743576,172.9391174,0,0,0.000504399,0.00017921
2020-11-27,13:21:36,1.998900032,9.003900146,163.8163452,150.1791077,161.1487122,160.0044708,277.5644226,116.743866,172.938736,0,0,0.000477911,0.00017921
2020-11-27,13:21:37,1.998699951,9.003700256,163.8173523,150.1877594,161.1493073,160.0041504,277.5653687,116.7433472,172.9393768,0,0,0.000477911,0.00017921
2020-11-27,13:21:38,1.998900032,9.003500366,163.8173523,150.1969147,161.1495972,160.0045929,277.56427,116.743576,172.9391785,0,0,0.000477911,0.00017921
2020-11-27,13:21:39,1.998800087,9.003299713,163.8173523,150.2065887,161.1500397,160.004425,277.5646667,116.7427673,172.9402161,0,0,0.000477911,0.00017921
2020-11-27,13:21:40,1.998999977,9.002999878,163.8173523,150.21521,161.148819,160.0042572,277.565033,116.7432785,172.9396057,0,0,0.000477911,0.00017921
2020-11-27,13:21:41,1.998800087,9.002799988,163.8173523,150.2237701,161.1482697,160.0040436,277.5656433,116.7427673,172.9402618,0,0,0.000477911,0.00017921
2020-11-27,13:21:42,1.998600006,9.002600098,163.8173523,150.2327271,161.150116,160.0043182,277.5648804,116.7424088,172.9406738,0,0,0.000477911,0.00017921
2020-11-27,13:21:43,1.998800087,9.002400208,163.8173523,150.2409058,161.1502991,160.0040894,277.5655518,116.742836,172.9401703,0,0,0.000477911,0.00017921
2020-11-27,13:21:44,1.998600006,9.002100372,163.8173523,150.2511444,161.1497955,160.0041504,277.5653381,116.7424774,172.940506,0,0,0.000477911,0.000179219
2020-11-27,13:21:45,1.998500061,9.001899719,163.8173523,150.2603912,161.1485443,160.0038757,277.5662537,116.7422638,172.9408569,0,0,0.000477911,0.000179219
2020-11-27,13:21:46,1.998600006,9.001699829,163.8173523,150.269165,161.1494141,160.0042114,277.5653076,116.7421112,172.9410553,0,0,0.000477911,0.000179219
2020-11-27,13:21:47,1.998399925,9.001399994,163.8183899,150.2791748,161.149765,160.0036316,277.5666809,116.7418289,172.9414215,0,0,0.000447577,0.000179219
2020-11-27,13:21:48,1.998600006,9.001200104,163.8173828,150.2871552,161.1483917,160.0041504,277.5653992,116.7423401,172.9408112,0,0,0.000447577,0.000179219
2020-11-27,13:21:49,1.99810009,9.001100159,163.8173828,150.2970276,161.1482086,160.0038757,277.5661926,116.7419739,172.9413147,0,0,0.000447577,0.000179219
2020-11-27,13:21:50,1.99829998,9.001300049,163.8184052,150.3054504,161.1495209,160.0039673,277.5658569,116.7419739,172.9412689,0,0,0.000447577,0.000179219
2020-11-27,13:21:51,1.998399925,9.001499939,163.8184052,150.315506,161.1497345,160.0033569,277.5675354,116.7416916,172.9415894,0,0,0.000447577,0.000179219
2020-11-27,13:21:52,1.99810009,9.001699829,163.8184052,150.3247528,161.1494446,160.0041504,277.5654297,116.7414627,172.9419403,0,0,0.000447577,0.000179219
2020-11-27,13:21:53,1.99829998,9.001999664,163.8184052,150.3329163,161.1485596,160.0037079,277.5665588,116.7416916,172.9415741,0,0,0.000447577,0.000179219
2020-11-27,13:21:54,1.997900009,9.002200317,163.8184052,150.3432312,161.1482239,160.0033569,277.5675659,116.741394,172.9420166,0,0,0.000447577,0.000179219
2020-11-27,13:21:55,1.99810009,9.002400208,163.8184052,150.3523407,161.1488495,160.00354,277.5671082,116.7410965,172.9424133,0,0,0.000447577,0.000179219
2020-11-27,13:21:56,1.997900009,9.002600098,163.8184052,150.3603973,161.1492767,160.0032501,277.567749,116.7408218,172.9427643,0,0,0.000447577,0.000179219
2020-11-27,13:21:57,1.997800064,9.002799988,163.8184052,150.3702545,161.1485138,160.00354,277.5671997,116.740593,172.9429932,0,0,0.000447577,0.000179219
2020-11-27,13:21:58,1.997999954,9.003099823,163.8184052,150.3798676,161.1491852,160.0031433,277.5680237,116.7403107,172.9434814,0,0,0.000447577,0.000179219
2020-11-27,13:21:59,1.997800064,9.003299713,163.8184052,150.3890686,161.1496124,160.0028229,277.5689392,116.7400208,172.9437866,0,0,0.000447577,0.000179219
2020-11-27,13:22:00,1.997900009,9.003399658,163.8184052,150.3974915,161.1487122,160.0032501,277.5678406,116.7398529,172.9440155,0,0,0.000447577,0.000179295
2020-11-27,13:22:01,1.997699928,9.003600311,163.8184052,150.4072723,161.1490631,160.0030212,277.5683899,116.740593,172.9430389,0,0,0.000447577,0.000179295
2020-11-27,13:22:02,1.997900009,9.003800201,163.8184052,150.4162292,161.1485748,160.0027618,277.5692749,116.7397156,172.9441986,0,0,0.000447577,0.000179295
2020-11-27,13:22:03,1.997800064,9.003900146,163.8184052,150.4255676,161.1487427,160.0031433,277.5680237,116.7391205,172.944931,0,0,0.000447577,0.000179295
2020-11-27,13:22:04,1.997900009,9.004100037,163.8194275,150.4347992,161.1487885,160.002533,277.5698242,116.7397995,172.9441071,0,0,0.000447577,0.000179125
2020-11-27,13:22:05,1.997599983,9.004199982,163.8194275,150.4443359,161.1490784,160.0031433,277.5681458,116.7393494,172.9446411,0,0,0.000447577,0.000179125
2020-11-27,13:22:06,1.997900009,9.004399872,163.8194275,150.4532166,161.148941,160.003418,277.5674133,116.7386246,172.9455872,0,0,0.000447577,0.000179125
2020-11-27,13:22:07,1.997599983,9.004499817,163.8194275,150.4629059,161.1492004,160.002594,277.5697021,116.7389984,172.9451294,0,0,0.000447577,0.000179125
2020-11-27,13:22:08,1.997400093,9.004599762,163.8184204,150.472641,161.148468,160.002655,277.569519,116.7381287,172.9462433,0,0,0.000447577,0.000179125
2020-11-27,13:22:09,1.997299957,9.004799652,163.8184204,150.4822998,161.1487427,160.002533,277.5698242,116.7381897,172.9461517,0,0,0.000446791,0.000179125
2020-11-27,13:22:10,1.997599983,9.00490036,163.8184204,150.4912109,161.1482086,160.00354,277.5670471,116.7379837,172.9464874,0,0,0.000446791,0.000179125
2020-11-27,13:22:11,1.997400093,9.005000305,163.8184204,150.5002289,161.1480408,160.0031433,277.5680847,116.7373886,172.9472046,0,0,0.000446791,0.000179072
2020-11-27,13:22:12,1.997599983,9.00510025,163.8184204,150.5095673,161.1492157,160.0028229,277.5690308,116.736969,172.9477844,0,0,0.000446791,0.000179072
2020-11-27,13:22:13,1.997400093,9.005200195,163.8184204,150.5193329,161.1489868,160.002594,277.5697021,116.7368851,172.9479065,0,0,0.000446791,0.000179072
2020-11-27,13:22:14,1.997100067,9.00530014,163.8184204,150.5276031,161.1495056,160.0024719,277.5699768,116.7371063,172.9476776,0,0,0.000446791,0.000179072
2020-11-27,13:22:15,1.997200012,9.005400085,163.8184204,150.5387573,161.1486511,160.0027008,277.569397,116.7362976,172.9485931,0,0,0.000446791,0.000179072
2020-11-27,13:22:16,1.997299957,9.005500031,163.8194275,150.547348,161.148056,160.0030212,277.5683899,116.7357788,172.9492645,0,0,0.000446791,0.000179072
2020-11-27,13:22:17,1.997200012,9.005400085,163.8194275,150.5560608,161.1485596,160.0031738,277.5679932,116.735939,172.9494171,0,0,0.000446791,0.000179072
2020-11-27,13:22:18,1.996999931,9.005599976,163.8194275,150.5662994,161.1482086,160.0021973,277.5707092,116.7354355,172.9497528,0,0,0.000446791,0.000179072
2020-11-27,13:22:19,1.997100067,9.005599976,163.8194275,150.5754242,161.1488495,160.0029755,277.5685425,116.734848,172.9505615,0,0,0.000446791,0.000179094
2020-11-27,13:22:20,1.996999931,9.005699921,163.8194275,150.5843964,161.1493988,160.0023651,277.5702515,116.7346954,172.9506683,0,0,0.000446791,0.000179094
2020-11-27,13:22:21,1.997100067,9.005799866,163.8194275,150.5942688,161.1478119,160.0028229,277.5690918,116.7344742,172.9510651,0,0,0.000446791,0.000179212
2020-11-27,13:22:22,1.996999931,9.005799866,163.8194275,150.6037292,161.1485291,160.0023651,277.5703735,116.7342758,172.951355,0,0,0.000455358,0.000179212
2020-11-27,13:22:23,1.996899986,9.005799866,163.8204803,150.613205,161.1493988,160.0024261,277.5702209,116.7337494,172.9519958,0,0,0.000455358,0.000179212
2020-11-27,13:22:24,1.996699905,9.005899811,163.8204803,150.6230927,161.1487427,160.0028534,277.5688171,116.7328873,172.9530487,0,0,0.000455358,0.000179212
2020-11-27,13:22:25,1.996899986,9.005899811,163.8204803,150.6311035,161.1495972,160.0029144,277.5687561,116.7331085,172.9528351,0,0,0.000455358,0.000179103
2020-11-27,13:22:26,1.996999931,9.005899811,163.8204803,150.6422119,161.1487427,160.002655,277.5695801,116.732666,172.9533844,0,0,0.000455358,0.000179103
2020-11-27,13:22:27,1.996699905,9.005899811,163.8194733,150.6513062,161.1481628,160.0029144,277.5687561,116.7317886,172.9545441,0,0,0.000455358,0.000179103
2020-11-27,13:22:28,1.996800041,9.005999756,163.8194733,150.6600647,161.1488647,160.0024719,277.5698853,116.7313538,172.9551239,0,0,0.000455358,0.000179103
2020-11-27,13:22:29,1.996500015,9.005899811,163.8194733,150.6697083,161.1483612,160.0024261,277.5701904,116.7317886,172.9546051,0,0,0.000455358,0.000179239
2020-11-27,13:22:30,1.996699905,9.005999756,163.8194733,150.6802063,161.1492004,160.0030212,277.5684509,116.7310638,172.9555054,0,0,0.000455358,0.000179162
2020-11-27,13:22:31,1.996800041,9.005899811,163.8194733,150.689743,161.1484528,160.002594,277.5697021,116.7307053,172.9559784,0,0,0.000455358,0.000179162
2020-11-27,13:22:32,1.99659996,9.005999756,163.8194733,150.6985931,161.1488647,160.0028534,277.5688477,116.7302628,172.9565277,0,0,0.000455358,0.000179162
2020-11-27,13:22:33,1.99640007,9.005899811,163.8204956,150.7075195,161.147934,160.002594,277.5696716,116.7296906,172.9573212,0,0,0.000455358,0.000179162
2020-11-27,13:22:34,1.996299934,9.005899811,163.8204956,150.717392,161.1485443,160.0028229,277.5690308,116.7298889,172.9569702,0,0,0.000420128,0.000179162
2020-11-27,13:22:35,1.99659996,9.005799866,163.8204956,150.7273102,161.148819,160.0029144,277.5687561,116.7288132,172.9584656,0,0,0.00044242,0.000179248
2020-11-27,13:22:36,1.996500015,9.005899811,163.8204956,150.7358551,161.1487427,160.0028229,277.5691833,116.7285995,172.958725,0,0,0.00044242,0.000179248
2020-11-27,13:22:37,1.99659996,9.005799866,163.8204956,150.7457123,161.1482086,160.0027008,277.5693665,116.728302,172.9581909,0,0,0.00044242,0.000179248
2020-11-27,13:22:38,1.99640007,9.005799866,163.8204956,150.7555542,161.1480255,160.0024261,277.5700989,116.7281647,172.9592438,0,0,0.00044242,0.000179248
2020-11-27,13:22:39,1.99659996,9.005699921,163.8204956,150.7641602,161.1485596,160.0029755,277.568512,116.7277908,172.9597778,0,0,0.00044242,0.000179248
2020-11-27,13:22:40,1.996299934,9.005699921,163.8204956,150.7741547,161.1490631,160.0031433,277.5681152,116.7267761,172.9610748,0,0,0.00044242,0.000179248
2020-11-27,13:22:41,1.99659996,9.005599976,163.8204956,150.7832794,161.1494446,160.0022583,277.5705566,116.7267075,172.9612122,0,0,0.00044242,0.000179248
2020-11-27,13:22:42,1.99640007,9.005599976,163.8204956,150.7924805,161.1475525,160.0028229,277.5691528,116.726265,172.9617462,0,0,0.00044242,0.000179248
2020-11-27,13:22:43,1.996299934,9.005500031,163.8204956,150.8016968,161.1491699,160.002594,277.5697021,116.7261887,172.961792,0,0,0.00044242,0.000179248
2020-11-27,13:22:44,1.99640007,9.005400085,163.8204956,150.8118134,161.1482391,160.0023041,277.5704956,116.7256927,172.9624786,0,0,0.00044242,0.000179248
2020-11-27,13:22:45,1.996100044,9.005400085,163.8204956,150.8207245,161.1483612,160.002594,277.5696716,116.7254791,172.9628448,0,0,0.00044242,0.000179248
2020-11-27,13:22:46,1.996199989,9.00530014,163.8204956,150.8302765,161.1487274,160.0023651,277.570282,116.725029,172.9633636,0,0,0.00044242,0.000179248
2020-11-27,13:22:47,1.996299934,9.005200195,163.8204956,150.8400574,161.1483002,160.0028229,277.5689392,116.7248154,172.9636841,0,0,0.00044242,0.000179248
2020-11-27,13:22:48,1.995999908,9.00510025,163.8215027,150.8490753,161.1487274,160.002533,277.5697327,116.723938,172.9647827,0,0,0.00044242,0.000179248
2020-11-27,13:22:49,1.996199989,9.005000305,163.8215027,150.8593903,161.1489868,160.0030823,277.5682983,116.7240829,172.9646454,0,0,0.00044242,0.000179248
2020-11-27,13:22:50,1.995999908,9.005000305,163.8204803,150.8695679,161.1488647,160.0024261,277.5700378,116.7234955,172.9653931,0,0,0.00044242,0.000179248
2020-11-27,13:22:51,1.996199989,9.00490036,163.8204803,150.8778381,161.1478882,160.0027008,277.5693665,116.7230682,172.9659729,0,0,0.00044242,0.000179266
2020-11-27,13:22:52,1.995999908,9.004799652,163.8204803,150.8880463,161.1488953,160.002533,277.5698242,116.7232056,172.9658203,0,0,0.00044242,0.000179127
2020-11-27,13:22:53,1.995899963,9.004799652,163.8204803,150.8966827,161.1490784,160.0023041,277.5704651,116.7221222,172.9670868,0,0,0.00044242,0.000179216
2020-11-27,13:22:54,1.995700073,9.004799652,163.8204803,150.9068146,161.1485748,160.0024719,277.5698853,116.7223282,172.9668884,0,0,0.00044242,0.000179216
2020-11-27,13:22:55,1.995499992,9.004199982,163.8204803,150.9159698,161.1487885,160.0021973,277.5707703,116.7218399,172.967453,0,0,0.00044242,0.000179216
2020-11-27,13:22:56,1.995700073,9.003600311,163.8204803,150.9256287,161.1485291,160.0027008,277.5694275,116.7212524,172.9682007,0,0,0.00044242,0.000179216
2020-11-27,13:22:57,1.995599937,9.002799988,163.8215027,150.9338989,161.1482239,160.0022583,277.5705872,116.7208252,172.9687958,0,0,0.00044242,0.000179216
2020-11-27,13:22:58,1.995700073,9.002600098,163.8225403,150.9438629,161.1490326,160.0027618,277.5693054,116.72052,172.9691772,0,0,0.00044242,0.000179216
2020-11-27,13:22:59,1.995400047,9.004399872,163.8214874,150.9538269,161.1487579,160.0023651,277.570282,116.7202301,172.9695892,0,0,0.00044242,0.000179076
2020-11-27,13:23:00,1.995199966,9.005699921,163.8214874,150.9633026,161.1484375,160.0028229,277.5690613,116.7195816,172.9703979,0,0,0.00044242,0.000179252
2020-11-27,13:23:01,1.995499992,9.005799866,163.8214874,150.9718933,161.1478424,160.0024719,277.5699768,116.7192078,172.9709167,0,0,0.00044242,0.000179252
2020-11-27,13:23:02,1.995599937,9.005899811,163.8214874,150.9820557,161.1486511,160.0021973,277.5707397,116.7189255,172.9712372,0,0,0.000449151,0.000179252
2020-11-27,13:23:03,1.995299911,9.005899811,163.8214874,150.9914703,161.148056,160.0020905,277.5710754,116.7187805,172.9714966,0,0,0.000449151,0.000179252
2020-11-27,13:23:04,1.995199966,9.005999756,163.8214874,151.000351,161.1482239,160.0024261,277.5701599,116.7186203,172.9716949,0,0,0.000449151,0.000179252
2020-11-27,13:23:05,1.995100021,9.005999756,163.8224945,151.009201,161.1487122,160.0024719,277.5698853,116.7184143,172.9720154,0,0,0.000449151,0.000179252
2020-11-27,13:23:06,1.995599937,9.005899811,163.8214417,151.0198364,161.1482544,160.0024719,277.5699463,116.7179031,172.9726868,0,0,0.000436825,0.000179252
2020-11-27,13:23:07,1.995299911,9.005999756,163.8214417,151.0288849,161.1487579,160.002655,277.5694885,116.7171097,172.9736633,0,0,0.000436825,0.000179252
2020-11-27,13:23:08,1.995199966,9.005899811,163.8214417,151.0385284,161.1479034,160.0021973,277.5707397,116.7166672,172.9741821,0,0,0.000436825,0.00017928
2020-11-27,13:23:09,1.995100021,9.005899811,163.8214417,151.0477142,161.1483612,160.0020905,277.5709229,116.7165298,172.9743652,0,0,0.000436825,0.00017928
2020-11-27,13:23:10,1.995199966,9.005799866,163.8214417,151.0578613,161.1475372,160.0022583,277.5705261,116.7163086,172.9747467,0,0,0.000436825,0.00017922
2020-11-27,13:23:11,1.995400047,9.005799866,163.8224792,151.0671234,161.1473846,160.0021362,277.5708008,116.7152176,172.9760895,0,0,0.000436825,0.00017922
2020-11-27,13:23:12,1.995199966,9.005699921,163.8224792,151.0751343,161.1489868,160.0024261,277.5701294,116.7147751,172.9767151,0,0,0.000436825,0.00017922
2020-11-27,13:23:13,1.995100021,9.005699921,163.8224792,151.0848541,161.1483459,160.0021973,277.5707703,116.7149963,172.9764557,0,0,0.000523106,0.00017922
2020-11-27,13:23:14,1.99489994,9.005599976,163.8224792,151.0947266,161.147934,160.0023651,277.5703125,116.7138443,172.9779205,0,0,0.000523106,0.00017922
2020-11-27,13:23:15,1.995000076,9.005599976,163.8224792,151.1033325,161.1483002,160.0021973,277.5707092,116.7134094,172.9784698,0,0,0.000523106,0.000179143
2020-11-27,13:23:16,1.995199966,9.005500031,163.8224792,151.1131134,161.1490021,160.0023041,277.5703125,116.7136917,172.9781036,0,0,0.000523106,0.000179143
2020-11-27,13:23:17,1.995000076,9.005400085,163.8214569,151.1232605,161.1479797,160.0020905,277.5711365,116.712738,172.9793549,0,0,0.000523106,0.000179143
2020-11-27,13:23:18,1.99489994,9.00530014,163.8214569,151.1323395,161.1487274,160.0024261,277.5700378,116.7129669,172.9790955,0,0,0.000523106,0.000179143
2020-11-27,13:23:19,1.994799995,9.00530014,163.8225403,151.1418915,161.1494598,160.0018768,277.5716553,116.7120056,172.9803162,0,0,0.000523106,0.000179143
2020-11-27,13:23:20,1.995400047,9.00510025,163.8225403,151.1509247,161.1485443,160.0023651,277.5703735,116.711792,172.9805908,0,0,0.000523106,0.000179143
2020-11-27,13:23:21,1.995700073,9.00510025,163.8225403,151.1601257,161.1481018,160.0021973,277.5707703,116.7112122,172.9814148,0,0,0.000523106,0.000179143
2020-11-27,13:23:22,1.995899963,9.005000305,163.8225403,151.1698151,161.1483765,160.0023041,277.5704041,116.7113724,172.9811707,0,0,0.000523106,0.000179143
2020-11-27,13:23:23,1.996199989,9.00490036,163.8225403,151.179184,161.1481628,160.0020447,277.571228,116.7100372,172.9828491,0,0,0.000414271,0.000179143
2020-11-27,13:23:24,1.996500015,9.004799652,163.8215332,151.1890411,161.1483459,160.0021973,277.5707703,116.7096786,172.9833527,0,0,0.000414271,0.000179143
2020-11-27,13:23:25,1.99659996,9.004599762,163.8215332,151.1985321,161.1479797,160.0024261,277.5700073,116.709259,172.9839172,0,0,0.000414271,0.000179143
2020-11-27,13:23:26,1.996999931,9.004499817,163.8225708,151.2072449,161.1485596,160.0020905,277.571106,116.7097626,172.9832916,0,0,0.000414271,0.000179143
2020-11-27,13:23:27,1.997200012,9.004299927,163.8225708,151.2174377,161.1487885,160.0022583,277.5705261,116.7097626,172.9833832,0,0,0.000414271,0.000179143
2020-11-27,13:23:28,1.997400093,9.004399872,163.8225708,151.2259216,161.1489563,160.0023651,277.5703125,116.7091675,172.9840546,0,0,0.000414271,0.000179143
2020-11-27,13:23:29,1.997699928,9.004100037,163.8225708,151.2364655,161.147583,160.0021362,277.5708313,116.7087479,172.9846497,0,0,0.000414271,0.000179143
2020-11-27,13:23:30,1.997800064,9.004000092,163.8214569,151.2445221,161.1486664,160.0020447,277.5712585,116.7091675,172.9840393,0,0,0.000414271,0.000179143
2020-11-27,13:23:31,1.997500038,9.003800201,163.8224945,151.2542877,161.1481018,160.0020905,277.5709534,116.7088165,172.9844666,0,0,0.000414271,0.000179143
2020-11-27,13:23:32,1.997699928,9.003700256,163.8224945,151.264389,161.1482086,160.0023041,277.5704956,116.7088852,172.984375,0,0,0.000414271,0.000179143
2020-11-27,13:23:33,1.99810009,9.003500366,163.8224945,151.2739716,161.1485443,160.0019379,277.5714417,116.7083817,172.9849854,0,0,0.000394602,0.000179143
2020-11-27,13:23:34,1.998399925,9.003399658,163.8224945,151.2829437,161.1490021,160.0023651,277.5703125,116.7088165,172.9845276,0,0,0.000394602,0.000179143
2020-11-27,13:23:35,1.998500061,9.003199768,163.8235168,151.2919159,161.1483612,160.0020905,277.5710144,116.7084503,172.9849548,0,0,0.000394602,0.000179143
2020-11-27,13:23:36,1.99829998,9.003099823,163.8224945,151.3013763,161.1487427,160.0022583,277.5706482,116.7088165,172.9845123,0,0,0.000394602,0.000179143
2020-11-27,13:23:37,1.998500061,9.002899933,163.8224945,151.3119812,161.1482086,160.0018158,277.5717163,116.7083817,172.9850159,0,0,0.000394602,0.000179143
2020-11-27,13:23:38,1.998800087,9.002700043,163.8235016,151.3195953,161.1477814,160.0020447,277.5712891,116.7091064,172.9841309,0,0,0.000394602,0.000179143
2020-11-27,13:23:39,1.998999977,9.002500153,163.8235016,151.3295441,161.1488037,160.0020905,277.5709839,116.7086639,172.9846954,0,0,0.000394602,0.000179143
2020-11-27,13:23:40,1.998699951,9.002400208,163.8235016,151.3397064,161.1480408,160.0019379,277.5715332,116.7093277,172.9837952,0,0,0.000394602,0.000179143
2020-11-27,13:23:41,1.998999977,9.002200317,163.8235016,151.3487091,161.1485291,160.0017242,277.5720215,116.7093964,172.9839325,0,0,0.000394602,0.000179143
2020-11-27,13:23:42,1.999500084,9.001999664,163.8224945,151.3571167,161.1476746,160.0019836,277.5714111,116.7096786,172.9833984,0,0,0.000394602,0.000179143
2020-11-27,13:23:43,1.999600029,9.001799774,163.8224945,151.3672943,161.1473846,160.0020905,277.5709229,116.7099075,172.983078,0,0,0.000394602,0.000179312
2020-11-27,13:23:44,1.999399948,9.001599884,163.8224945,151.3753052,161.1482849,160.0021362,277.5710449,116.7101212,172.9827728,0,0,0.000401683,0.000179312
2020-11-27,13:23:45,1.999900055,9.001399994,163.8235168,151.3842926,161.1480713,160.0014191,277.5727844,116.7102661,172.9825592,0,0,0.000401683,0.000179312
2020-11-27,13:23:46,1.999699974,9.001200104,163.8225098,151.3952026,161.1486511,160.0018768,277.5715942,116.7111435,172.9814758,0,0,0.000401683,0.000179312
2020-11-27,13:23:47,2.0,9.001000214,163.8235168,151.4044952,161.1480103,160.0011444,277.5735474,116.7110596,172.9813995,0,0,0.000401683,0.000179312
2020-11-27,13:23:48,2.000200081,9.000800323,163.8235168,151.412735,161.1478271,160.0019836,277.5714111,116.7117233,172.9806213,0,0,0.000401683,0.000179312
2020-11-27,13:23:49,2.000300026,9.00059967,163.8235168,151.4229279,161.1486816,160.0013885,277.572998,116.7124481,172.9797058,0,0,0.000401683,0.000179312
2020-11-27,13:23:50,2.000099945,9.00039978,163.8235168,151.4318848,161.1477509,160.0012207,277.5734863,116.7131882,172.9787445,0,0,0.000401683,0.000179094
2020-11-27,13:23:51,2.000699997,9.00019989,163.8235168,151.4407806,161.1483917,160.0014801,277.5726624,116.7134781,172.9783936,0,0,0.000401683,0.000179094
2020-11-27,13:23:52,2.000499916,9.0,163.8235168,151.4497986,161.1490479,160.0011444,277.5735779,116.7139816,172.9777679,0,0,0.000401683,0.000179094
2020-11-27,13:23:53,2.000799942,8.99980011,163.8235168,151.4595795,161.1473236,160.0016479,277.5723572,116.7145538,172.9768982,0,0,0.000401683,0.000179094
2020-11-27,13:23:54,2.000600052,8.99960022,163.8235168,151.4688263,161.1477509,160.0015869,277.5724487,116.7147141,172.9767914,0,0,0.000401683,0.000179094
2020-11-27,13:23:55,2.000699997,8.999299622,163.8235168,151.4782562,161.1485291,160.0012665,277.5733337,116.7154999,172.9757538,0,0,0.000401683,0.000179248
2020-11-27,13:23:56,2.001000023,8.999099731,163.8235168,151.4880371,161.1481323,160.0014191,277.5727539,116.7163849,172.9745789,0,0,0.000401683,0.000179248
2020-11-27,13:23:57,2.001199913,8.998899841,163.8235168,151.4959564,161.1475067,160.0009766,277.5740967,116.7160797,172.9749146,0,0,0.000401683,0.000179162
2020-11-27,13:23:58,1.984499931,8.998699951,163.8235168,151.5062714,161.1473541,160.0013275,277.5731812,116.7175522,172.9730835,0,0,0.000401683,0.000179162
2020-11-27,13:23:59,1.99640007,8.998400116,163.8246002,151.5144806,161.1476135,160.0009308,277.5743103,116.7179031,172.9726868,0,0,0.000401683,0.000179162
2020-11-27,13:24:00,1.965299988,8.998100281,163.8235474,151.523407,161.1478882,160.0015869,277.5724487,116.7186203,172.9716339,0,0,0.000401683,0.000179162
2020-11-27,13:24:01,1.956500053,8.997899628,163.8235474,151.5330353,161.1473999,160.0008698,277.5744019,116.7189865,172.9721527,0,0,0.000401683,0.000179162
2020-11-27,13:24:02,1.992099953,8.997699738,163.8246307,151.5423126,161.1481323,160.0007477,277.574646,116.7178268,172.9727173,0,0,0.000401683,0.000179162
2020-11-27,13:24:03,2.018899918,8.997499847,163.8235779,151.550705,161.1474915,160.0009308,277.5742493,116.7169571,172.9738007,0,0,0.000401683,0.000179162
2020-11-27,13:24:04,2.04470005,8.997200012,163.8235779,151.5606537,161.1486359,160.0009766,277.5741272,116.715065,172.9762726,0,0,0.000401683,0.000179162
2020-11-27,13:24:05,2.067399979,8.997000122,163.8235779,151.5685425,161.1468048,160.0005798,277.5751343,116.7142563,172.9773254,0,0,0.000401683,0.000179162
2020-11-27,13:24:06,2.09279995,8.996800232,163.8235779,151.5788422,161.1479797,160.0008087,277.5744934,116.715065,172.9763031,0,0,0.000401683,0.000179162
2020-11-27,13:24:07,2.115299988,8.996499634,163.8235779,151.5865631,161.1475372,160.0005798,277.5751343,116.7161636,172.9748688,0,0,0.000401683,0.000179162
2020-11-27,13:24:08,2.138400078,8.996299744,163.8235779,151.596344,161.1479645,160.0006866,277.5747375,116.72052,172.9691772,0,0,0.000401683,0.000179162
2020-11-27,13:24:09,2.159399986,8.996099854,163.824646,151.6059875,161.1469727,160.0004883,277.575531,116.7314987,172.9548798,0,0,0.000401683,0.000179162
2020-11-27,13:24:10,2.179299927,8.995899963,163.824646,151.6143799,161.1487274,160.0005798,277.5751343,116.7525101,172.927475,0,0,0.000401683,0.000179162
2020-11-27,13:24:11,2.198500061,8.995600128,163.824646,151.6253662,161.1473846,160.0003204,277.5758972,116.7840195,172.886322,0,0,0.000401683,0.000179162
2020-11-27,13:24:12,2.218499947,8.995500183,163.824646,151.6352234,161.1470642,160.0002136,277.5762329,116.8270874,172.8301086,0,0,0.000401683,0.000179162
2020-11-27,13:24:13,2.236400032,8.995200348,163.824646,151.6446533,161.1478577,160.0005798,277.5750732,116.8771591,172.7649231,0,0,0.000401683,0.000179162
2020-11-27,13:24:14,2.256500053,8.994999695,163.824646,151.6556854,161.1476135,159.9998016,277.577301,116.9386902,172.6846771,0,0,0.000401683,0.000179162
2020-11-27,13:24:15,2.274300003,8.994799805,163.824646,151.6681671,161.1472168,160.0000153,277.5766907,117.0094833,172.5926208,0,0,0.000401683,0.000179162
2020-11-27,13:24:16,2.292300034,8.994599915,163.824646,151.6805573,161.147934,160.0004272,277.5755615,117.085968,172.4933014,0,0,0.000401683,0.000179162
2020-11-27,13:24:17,2.310499954,8.994400024,163.824646,151.6922455,161.1472626,159.9996338,277.5777283,117.1699753,172.3843231,0,0,0.000401683,0.000179162
2020-11-27,13:24:18,2.327499962,8.994300079,163.824646,151.7042236,161.1484985,159.9994659,277.5781555,117.2526016,172.2771606,0,0,0.000401683,0.000179162
2020-11-27,13:24:19,2.345100021,8.994200134,163.824646,151.7165985,161.1476288,159.9996948,277.5775757,117.3462677,172.155777,0,0,0.000401683,0.000179162
2020-11-27,13:24:20,2.363899994,8.994499969,163.824646,151.7298889,161.1471405,159.9997559,277.5773926,117.4422302,172.0317078,0,0,0.000401683,0.00017921
2020-11-27,13:24:21,2.380999947,8.994599915,163.824646,151.7426453,161.1480865,159.9994354,277.5783691,117.5372086,171.9091949,0,0,0.000401683,0.00017921
2020-11-27,13:24:22,2.397599983,8.99469986,163.8256683,151.7566833,161.147171,159.999527,277.5780029,117.6402664,171.7763519,0,0,0.000401683,0.00017921
2020-11-27,13:24:23,2.413999939,8.99489975,163.8256683,151.7684326,161.1468506,159.9993134,277.5786743,117.7461472,171.6400146,0,0,0.000401683,0.00017921
2020-11-27,13:24:24,2.430400085,8.99509964,163.8256683,151.7826233,161.147583,159.9991302,277.57901,117.8491974,171.5075531,0,0,0.000401683,0.00017921
2020-11-27,13:24:25,2.448800087,8.995300293,163.824646,151.7979736,161.1479492,159.9994354,277.5783386,117.9592438,171.3663635,0,0,0.000401683,0.00017921
2020-11-27,13:24:26,2.465299988,8.995500183,163.824646,151.8122711,161.1482697,159.9991302,277.5791016,118.0713425,171.2227631,0,0,0.000401683,0.00017921
2020-11-27,13:24:27,2.483399963,8.995600128,163.8256989,151.8263092,161.1477356,159.9992523,277.5786438,118.183754,171.0790863,0,0,0.000401683,0.00017921
2020-11-27,13:24:28,2.500300026,8.995899963,163.8256989,151.8405457,161.1472321,159.9985962,277.5805969,118.2908859,170.9423523,0,0,0.000401683,0.00017921
2020-11-27,13:24:29,2.517000008,8.995999908,163.8246918,151.8561249,161.1476898,159.9991302,277.5791626,118.4074554,170.7937012,0,0,0.000401683,0.00017921
2020-11-27,13:24:30,2.534600067,8.996199799,163.8246918,151.8710632,161.1473083,159.9988098,277.5799866,118.5237503,170.6457062,0,0,0.00052739,0.00017921
2020-11-27,13:24:31,2.552400017,8.996399689,163.8246918,151.8863373,161.1479797,159.9989777,277.5795898,118.6426697,170.4947205,0,0,0.00052739,0.00017921
2020-11-27,13:24:32,2.568499947,8.996600342,163.8257446,151.9013519,161.1464539,159.9981995,277.581665,118.7567825,170.3498993,0,0,0.00052739,0.00017921
2020-11-27,13:24:33,2.586499977,8.996800232,163.8257446,151.9174652,161.1475067,159.9984131,277.5811462,118.8768692,170.1978912,0,0,0.00052739,0.00017921
2020-11-27,13:24:34,2.601300049,8.997000122,163.8257446,151.9322052,161.1480255,159.9988098,277.5800476,118.9988785,170.0437317,0,0,0.00052739,0.00017921
2020-11-27,13:24:35,2.618499947,8.997200012,163.8257446,151.9493408,161.1481628,159.9984131,277.5809631,119.1202087,169.8907013,0,0,0.00052739,0.00017921
2020-11-27,13:24:36,2.635199928,8.997299957,163.8257446,151.9652557,161.1474457,159.9987488,277.5802307,119.237114,169.7435303,0,0,0.00052739,0.00017921
2020-11-27,13:24:37,2.651099968,8.997499847,163.8257446,151.9829102,161.146637,159.9991302,277.5791626,119.3598175,169.5892639,0,0,0.000560084,0.00017921
2020-11-27,13:24:38,2.667399979,8.997699738,163.8257446,151.9988403,161.1478729,159.9989777,277.5795593,119.4832458,169.434433,0,0,0.000569437,0.00017921
2020-11-27,13:24:39,2.68239994,8.997799683,163.8257446,152.0153198,161.1469574,159.9988098,277.5799561,119.5988922,169.2895508,0,0,0.000569437,0.00017921
2020-11-27,13:24:40,2.698699951,8.998000336,163.8257446,152.0314178,161.1475525,159.9992523,277.5788574,119.7242432,169.1329041,0,0,0.000569437,0.00017921
2020-11-27,13:24:41,2.713800049,8.998200226,163.8257446,152.0493774,161.1469116,159.9989166,277.5797729,119.8472366,168.9793701,0,0,0.000569437,0.00017921
2020-11-27,13:24:42,2.728899956,8.998400116,163.8257446,152.0652161,161.1474304,159.9986572,277.5805664,119.9631958,168.8348694,0,0,0.000569437,0.00017921
2020-11-27,13:24:43,2.745299911,8.998300171,163.8257446,152.0831451,161.1465759,159.9984741,277.5802307,120.0861053,168.6820068,0,0,0.000569437,0.00017921
2020-11-27,13:24:44,2.761000061,8.998699951,163.8257446,152.099823,161.1474152,159.9991302,277.5791626,120.2091522,168.5293121,0,0,0.000570312,0.00017921
2020-11-27,13:24:45,2.774799919,8.998799896,163.8257446,152.1176147,161.1468201,159.9987488,277.5800781,120.3296661,168.3798981,0,0,0.000570312,0.00017921
2020-11-27,13:24:46,2.791200066,8.998999786,163.8257446,152.1346283,161.1455841,159.9983826,277.5812378,120.4537201,168.2264709,0,0,0.000570312,0.000179271
2020-11-27,13:24:47,2.80510006,8.999199677,163.8257446,152.1526184,161.147644,159.9986572,277.5805359,120.571991,168.0804443,0,0,0.000615856,0.000179271
2020-11-27,13:24:48,2.819799995,8.99940033,163.8257446,152.1714478,161.1464844,159.9989777,277.5795593,120.6917725,167.9328003,0,0,0.000615856,0.000179271
2020-11-27,13:24:49,2.834700012,8.999500275,163.8257446,152.1882172,161.1460876,159.9987488,277.5801392,120.8142166,167.782135,0,0,0.000615856,0.000179271
2020-11-27,13:24:50,2.848200035,8.99960022,163.8257446,152.2068787,161.1468658,159.9985962,277.5806274,120.9279785,167.6422729,0,0,0.000642693,0.000179271
2020-11-27,13:24:51,2.863500023,8.99980011,163.8267517,152.2253418,161.1463928,159.9984131,277.5811462,121.0500259,167.4926605,0,0,0.000642693,0.000179271
2020-11-27,13:24:52,2.877700043,9.0,163.8267517,152.2425385,161.1463013,159.9989777,277.5795898,121.16745,167.3489838,0,0,0.000642693,0.000179271
2020-11-27,13:24:53,2.892200089,9.000099945,163.8267517,152.2602081,161.1460114,159.9989166,277.5794373,121.2806931,167.2106323,0,0,0.000642693,0.000179271
2020-11-27,13:24:54,2.905800056,9.000299835,163.8267517,152.2801361,161.1454926,159.9985962,277.5805969,121.3991318,167.065979,0,0,0.000642693,0.000179271
2020-11-27,13:24:55,2.920599937,9.00039978,163.8257446,152.2987366,161.146637,159.9988708,277.579834,121.5190277,166.9199219,0,0,0.000642693,0.000179271
2020-11-27,13:24:56,2.934300041,9.00059967,163.8257446,152.3184052,161.1454163,159.9986572,277.5805054,121.6348953,166.779068,0,0,0.000642693,0.000179271
2020-11-27,13:24:57,2.947699928,9.000700378,163.8257446,152.3357086,161.1448212,159.9987488,277.5802307,121.7445068,166.6460266,0,0,0.000642693,0.000179271
2020-11-27,13:24:58,2.961300087,9.000900269,163.8257446,152.355072,161.1467285,159.9988708,277.5798035,121.8613892,166.5043945,0,0,0.000642693,0.000179271
2020-11-27,13:24:59,2.974600029,9.001000214,163.826767,152.3736267,161.1457977,159.9990387,277.5794983,121.9774475,166.3639832,0,0,0.000642693,0.000179271
2020-11-27,13:25:00,2.987700081,9.001100159,163.826767,152.3920746,161.1446075,159.9985504,277.58078,122.0922318,166.2315979,0,0,0.000642693,0.000179271
2020-11-27,13:25:01,3.001199913,9.001300049,163.826767,152.4116058,161.1459961,159.9991913,277.5788879,122.2018356,166.0930786,0,0,0.000642693,0.000179271
2020-11-27,13:25:02,3.014699936,9.001399994,163.826767,152.4305115,161.1453094,159.9992523,277.5787964,122.3159103,165.955719,0,0,0.000633252,0.000179271
2020-11-27,13:25:03,3.027400017,9.001599884,163.826767,152.4507446,161.1455231,159.9989166,277.5797729,122.4287186,165.8201599,0,0,0.000633252,0.000179271
2020-11-27,13:25:04,3.040699959,9.001499939,163.8257446,152.4694519,161.1442871,159.9990387,277.5794067,122.5361557,165.6911926,0,0,0.000633252,0.000179271
2020-11-27,13:25:05,3.053000069,9.001799774,163.8257446,152.4887848,161.1445618,159.9988098,277.5799561,122.6483536,165.5567322,0,0,0.000633252,0.000179271
2020-11-27,13:25:06,3.065699959,9.001999664,163.8267822,152.5093689,161.1452179,159.9990692,277.5793152,122.7614212,165.4214478,0,0,0.000633252,0.000179271
2020-11-27,13:25:07,3.102099991,9.002100372,163.8267822,152.5295258,161.1447754,159.9985962,277.5805969,122.8709412,165.2906799,0,0,0.000633252,0.000179271
2020-11-27,13:25:08,3.13390007,9.002200317,163.8257599,152.5480347,161.1437836,159.9990387,277.5794067,122.9762726,165.1649323,0,0,0.000633252,0.000179271
2020-11-27,13:25:09,3.15340004,9.002400208,163.8278809,152.568222,161.1446381,159.9993744,277.5785828,123.0879288,165.0320435,0,0,0.000633252,0.000179271
2020-11-27,13:25:10,3.149799919,9.002500153,163.8278809,152.589447,161.1442871,159.9987488,277.5802307,123.20578,164.8919678,0,0,0.000633252,0.000179271
2020-11-27,13:25:11,3.143400002,9.002600098,163.8278809,152.6077423,161.1434784,159.9984131,277.5810242,123.3154678,164.761795,0,0,0.000633252,0.000179271
2020-11-27,13:25:12,3.142000008,9.002799988,163.8278809,152.6288452,161.1442261,159.9994659,277.5781555,123.4360123,164.6189575,0,0,0.000633252,0.000179271
2020-11-27,13:25:13,3.141600037,9.002899933,163.8268738,152.6485291,161.144516,159.9988708,277.5798035,123.5502548,164.4837036,0,0,0.000633252,0.000179271
2020-11-27,13:25:14,3.142300034,9.002999878,163.8268738,152.6692963,161.1439667,159.9992523,277.5787659,123.6628952,164.3507233,0,0,0.000633252,0.000179419
2020-11-27,13:25:15,3.133799934,9.003099823,163.8268738,152.6899567,161.143631,159.9994659,277.5783081,123.7708817,164.2233124,0,0,0.000656942,0.000179322
2020-11-27,13:25:16,3.128700066,9.003199768,163.8279877,152.7095947,161.1431274,159.9991302,277.5791931,123.8706665,164.1057739,0,0,0.000656942,0.000179322
2020-11-27,13:25:17,3.122599983,9.003299713,163.8279877,152.7304077,161.1433411,159.999527,277.5780029,123.972084,163.9865723,0,0,0.000656942,0.000179322
2020-11-27,13:25:18,3.117300034,9.003299713,163.8279877,152.7511139,161.1430664,159.9996948,277.5784302,124.0651169,163.8773651,0,0,0.000656942,0.000179322
2020-11-27,13:25:19,3.112000084,9.003399658,163.8279877,152.7714233,161.1437073,159.9993744,277.5778503,124.1595383,163.7666016,0,0,0.000543474,0.000179322
2020-11-27,13:25:20,3.10720005,9.003500366,163.8269501,152.7940979,161.1425934,159.999527,277.5786438,124.251091,163.6594543,0,0,0.000543474,0.000179322
2020-11-27,13:25:21,3.103199959,9.003600311,163.8269501,152.8158112,161.1440735,159.9996948,277.5776367,124.3419266,163.5532074,0,0,0.000543474,0.000179428
2020-11-27,13:25:22,3.098800087,9.003500366,163.8269501,152.835907,161.1426086,159.9994659,277.5781555,124.4225922,163.4588776,0,0,0.000543474,0.000179428
2020-11-27,13:25:23,3.095000076,9.003600311,163.8269501,152.8579712,161.1428528,159.9990692,277.5793457,124.5076294,163.3597107,0,0,0.000543474,0.000179307
2020-11-27,13:25:24,3.091399956,9.003700256,163.8269501,152.8800507,161.1423187,159.9994659,277.5780945,124.5908585,163.2626648,0,0,0.000543474,0.000179307
2020-11-27,13:25:25,3.087999916,9.003700256,163.8269501,152.9008789,161.1429138,159.9999542,277.5768127,124.668457,163.1724091,0,0,0.000543474,0.000179307
2020-11-27,13:25:26,3.085000038,9.003700256,163.8269501,152.9210815,161.1435852,159.999588,277.5778503,124.7410812,163.0879059,0,0,0.000543474,0.000179307
2020-11-27,13:25:27,3.081500053,9.003700256,163.8269501,152.9428558,161.1430664,159.9998016,277.5773315,124.8166656,163.0000763,0,0,0.000543474,0.000179307
2020-11-27,13:25:28,3.078199959,9.003800201,163.8279724,152.963501,161.1427917,159.9992523,277.5787659,124.8879776,162.9173431,0,0,0.000543474,0.000179307
2020-11-27,13:25:29,3.075200081,9.003700256,163.8279724,152.9865417,161.141037,159.9998627,277.5770874,124.9584503,162.8356018,0,0,0.000543474,0.000179308
2020-11-27,13:25:30,3.072400093,9.003800201,163.8279724,153.0062103,161.1417389,159.9999084,277.57724,125.0225067,162.7614899,0,0,0.000543474,0.000179308
2020-11-27,13:25:31,3.069400024,9.003700256,163.8279724,153.028244,161.1414337,159.9999542,277.5767517,125.0895157,162.6839447,0,0,0.000543474,0.000179308
2020-11-27,13:25:32,3.066699982,9.003700256,163.8279724,153.0482483,161.1421509,160.0000153,277.5766296,125.1525345,162.6111145,0,0,0.000543474,0.000179308
2020-11-27,13:25:33,3.063999939,9.003700256,163.8279724,153.0687714,161.1422577,159.9999084,277.5768738,125.2123337,162.5420227,0,0,0.000543474,0.000179308
2020-11-27,13:25:34,3.061199951,9.003600311,163.8279724,153.0895996,161.1413269,160.0000916,277.5765381,125.2717819,162.4732513,0,0,0.000543474,0.000179308
2020-11-27,13:25:35,3.058600044,9.003600311,163.8279724,153.1103058,161.1418152,160.0000153,277.5765991,125.3306274,162.4054871,0,0,0.000543474,0.000179308
2020-11-27,13:25:36,3.055900002,9.003600311,163.8279724,153.1317139,161.1414642,159.999588,277.5778198,125.3873367,162.3400726,0,0,0.000543474,0.000179308
2020-11-27,13:25:37,3.053199959,9.003500366,163.8290405,153.151123,161.1422882,159.9996948,277.5776062,125.4398804,162.2797241,0,0,0.000543474,0.000179308
2020-11-27,13:25:38,3.050600052,9.003399658,163.8279572,153.1709747,161.1408539,159.9994659,277.578125,125.4932251,162.2182617,0,0,0.000543474,0.000179308
2020-11-27,13:25:39,3.047800064,9.003399658,163.8279572,153.1910248,161.1418304,159.9998016,277.577301,125.5454102,162.1581726,0,0,0.000543474,0.000179308
2020-11-27,13:25:40,3.045499992,9.003299713,163.8279572,153.210968,161.1421661,159.999588,277.5778503,125.5934525,162.1031494,0,0,0.000543474,0.000179308
2020-11-27,13:25:41,3.042700005,9.003299713,163.8279572,153.2317963,161.1416473,159.9998627,277.5769958,125.6430359,162.0461731,0,0,0.000543474,0.000179308
2020-11-27,13:25:42,3.040200043,9.003199768,163.8279572,153.2514496,161.1422577,160.0001526,277.5764465,125.6919708,161.990036,0,0,0.000543474,0.000179308
2020-11-27,13:25:43,3.037299919,9.003099823,163.8279572,153.2708588,161.1413422,159.9996948,277.5776367,125.738266,161.9369202,0,0,0.000543474,0.000179308
2020-11-27,13:25:44,3.034799957,9.002999878,163.8279572,153.2913666,161.1418304,160.0000916,277.5764771,125.7842636,161.884201,0,0,0.000543474,0.000179308
2020-11-27,13:25:45,3.032500076,9.002899933,163.8279572,153.3098145,161.1407623,160.0003204,277.5758057,125.8258591,161.8365784,0,0,0.000543474,0.000179308
2020-11-27,13:25:46,3.029800034,9.002799988,163.8279572,153.3283539,161.1412811,159.999527,277.5780029,125.8683929,161.7879333,0,0,0.000543474,0.000179308
2020-11-27,13:25:47,3.027400017,9.002700043,163.8289795,153.3475342,161.1415558,159.9998627,277.5770569,125.9103241,161.7399292,0,0,0.000543474,0.000179308
2020-11-27,13:25:48,3.025,9.002600098,163.8289795,153.3654938,161.1418915,160.0000916,277.5765686,125.9483032,161.6965942,0,0,0.000543474,0.000179308
2020-11-27,13:25:49,3.022900009,9.002500153,163.8289795,153.3857422,161.1403961,159.9998627,277.5770264,125.9878387,161.6513672,0,0,0.000589543,0.000179308
2020-11-27,13:25:50,3.020700073,9.002400208,163.8289795,153.4024963,161.1411438,160.0002594,277.5761108,126.0243607,161.6096802,0,0,0.000589543,0.000179308
2020-11-27,13:25:51,3.018700027,9.002200317,163.8289795,153.4209137,161.1404572,159.9997559,277.5774231,126.0605927,161.5683136,0,0,0.000581588,0.000179308
2020-11-27,13:25:52,3.016799927,9.002300262,163.8289795,153.439682,161.1400909,159.9999542,277.5767822,126.0966492,161.5272369,0,0,0.000581588,0.000179282
2020-11-27,13:25:53,3.016399956,9.001999664,163.8289795,153.4586029,161.1416931,160.0002594,277.5761719,126.1315689,161.4874573,0,0,0.000581588,0.000179282
2020-11-27,13:25:54,3.015200043,9.001899719,163.8278961,153.4764099,161.1415253,159.9994354,277.5783691,126.1671219,161.4469299,0,0,0.000581588,0.000179282
2020-11-27,13:25:55,3.014299965,9.001699829,163.8278961,153.4933624,161.1410828,159.999588,277.5778809,126.1971512,161.4126129,0,0,0.000581588,0.000179282
2020-11-27,13:25:56,3.013500023,9.001599884,163.8299561,153.5117035,161.1416168,159.9997559,277.5774841,126.2298431,161.375412,0,0,0.000581588,0.000179282
2020-11-27,13:25:57,3.013299942,9.001499939,163.8288422,153.5284729,161.1409912,159.9998627,277.5772095,126.2608948,161.3401031,0,0,0.000601257,0.000179282
2020-11-27,13:25:58,3.013500023,9.001300049,163.8288422,153.5471802,161.1402588,159.9994354,277.5784302,126.2914124,161.3053741,0,0,0.000601257,0.000179282
2020-11-27,13:25:59,3.013800049,9.001100159,163.8288422,153.5646667,161.1417389,159.9998627,277.5772095,126.3204575,161.2723999,0,0,0.000601257,0.000179282
2020-11-27,13:26:00,3.014299965,9.001000214,163.8288422,153.5813599,161.1421204,159.9996338,277.5777283,126.3488083,161.2401276,0,0,0.000601257,0.000179241
2020-11-27,13:26:01,3.015500069,9.000900269,163.8288422,153.5973206,161.1412659,159.9989777,277.5795288,126.3776321,161.2074738,0,0,0.000601257,0.000179241
2020-11-27,13:26:02,3.016200066,9.000700378,163.8288422,153.6146545,161.140625,159.9993134,277.5786743,126.4046783,161.1766815,0,0,0.000601257,0.000179241
2020-11-27,13:26:03,3.015699959,9.00059967,163.8288422,153.6324005,161.1413422,159.9990387,277.5793762,126.4315567,161.1461639,0,0,0.000601257,0.000179241
2020-11-27,13:26:04,3.014500046,9.00039978,163.8288422,153.6490631,161.1408081,159.9993134,277.5786133,126.4575119,161.1166534,0,0,0.000597061,0.000179241
2020-11-27,13:26:05,3.013199997,9.00019989,163.8288422,153.6656952,161.1414185,159.9994659,277.5782166,126.4837723,161.0868683,0,0,0.000597061,0.000179241
2020-11-27,13:26:06,3.012299919,9.000099945,163.8288422,153.6820221,161.1421509,159.9989777,277.5795593,126.5084915,161.0588074,0,0,0.000597061,0.000179241
2020-11-27,13:26:07,3.011599922,8.999900055,163.8288422,153.6976929,161.1409912,159.9992523,277.5788269,126.5340042,161.0299683,0,0,0.000597061,0.000179241
2020-11-27,13:26:08,3.010499954,8.999700165,163.8298645,153.7138062,161.1414795,159.9993134,277.5787048,126.5597153,161.0008392,0,0,0.000597061,0.000179241
2020-11-27,13:26:09,3.009499931,8.999500275,163.8288269,153.730072,161.1408997,159.9985962,277.5805969,126.5824432,160.9750671,0,0,0.000597061,0.000179241
2020-11-27,13:26:10,3.008399963,8.999299622,163.8288269,153.7465973,161.1419525,159.9988098,277.5799866,126.6064606,160.9478149,0,0,0.000597061,0.000179241
2020-11-27,13:26:11,3.007699966,8.999199677,163.8288269,153.7627869,161.1412506,159.9989777,277.5795593,126.6293411,160.9219208,0,0,0.000597061,0.000179241
2020-11-27,13:26:12,3.006699944,8.998899841,163.8288269,153.7793732,161.1405792,159.9990387,277.5797424,126.6526718,160.8955994,0,0,0.000597061,0.000179241
2020-11-27,13:26:13,3.005999947,8.998799896,163.8288269,153.7948608,161.1414948,159.9991302,277.5791016,126.6749191,160.8704071,0,0,0.000597061,0.000179241
2020-11-27,13:26:14,3.005800056,8.998600006,163.8288269,153.8098145,161.1420135,159.9987488,277.5802307,126.6954346,160.8472137,0,0,0.00067259,0.000179241
2020-11-27,13:26:15,3.00529995,8.998400116,163.8288269,153.8261871,161.1403656,159.9988098,277.5800171,126.7175369,160.8221436,0,0,0.00067259,0.000179241
2020-11-27,13:26:16,3.004800034,8.998200226,163.8288269,153.8405762,161.141037,159.9985962,277.5806274,126.7363586,160.8009186,0,0,0.00067259,0.000179241
2020-11-27,13:26:17,3.004599953,8.998000336,163.8298645,153.8566284,161.1415863,159.9984741,277.5809326,126.7571259,160.7774506,0,0,0.000640508,0.000179241
2020-11-27,13:26:18,3.004199982,8.997799683,163.8298645,153.8715363,161.1410675,159.9984131,277.5811157,126.7775955,160.7542877,0,0,0.000635875,0.000179268
2020-11-27,13:26:19,3.003800011,8.997599792,163.8298645,153.8874969,161.1419525,159.9985504,277.5808105,126.798233,160.7309875,0,0,0.000635875,0.000179348
2020-11-27,13:26:20,3.003700066,8.997299957,163.8298645,153.9020996,161.1417084,159.9984131,277.5811157,126.8152695,160.711792,0,0,0.000635875,0.000179348
2020-11-27,13:26:21,3.003899956,8.997200012,163.8298645,153.9159393,161.1419983,159.9983215,277.5814209,126.8349457,160.6895599,0,0,0.000635875,0.000179348
2020-11-27,13:26:22,3.00340004,8.997000122,163.8298645,153.9312134,161.1416779,159.9980927,277.5819092,126.8534088,160.6686859,0,0,0.000635875,0.000179348
2020-11-27,13:26:23,3.003199959,8.996700287,163.8298645,153.9462128,161.1411133,159.9981537,277.5821533,126.8716125,160.6481323,0,0,0.00068308,0.000179348
2020-11-27,13:26:24,3.003000069,8.996499634,163.8298645,153.9602203,161.1416779,159.9980927,277.5817566,126.8880234,160.6295776,0,0,0.000665247,0.000179348
2020-11-27,13:26:25,3.002799988,8.996299744,163.8298645,153.9740906,161.1407471,159.9976501,277.583252,126.9056244,160.6098328,0,0,0.000665247,0.000179348
2020-11-27,13:26:26,3.002899933,8.996099854,163.8298645,153.989624,161.1417084,159.9973602,277.5838928,126.9236832,160.5894318,0,0,0.000665247,0.000179348
2020-11-27,13:26:27,3.002499962,8.995899963,163.8288422,154.0031586,161.1405334,159.9978333,277.5827332,126.9395523,160.5715637,0,0,0.000665247,0.000179348
2020-11-27,13:26:28,3.002599907,8.995600128,163.8288422,154.0166473,161.1413422,159.9975433,277.5835571,126.9563751,160.5526123,0,0,0.000665247,0.000179348
2020-11-27,13:26:29,3.002199936,8.995400238,163.8288422,154.0309601,161.1406097,159.9974213,277.5831909,126.9716187,160.5353546,0,0,0.000665247,0.000179348
2020-11-27,13:26:30,3.00189991,8.995200348,163.8298645,154.0448151,161.1414185,159.9971466,277.5846252,126.9878922,160.5170898,0,0,0.000665247,0.000179348
2020-11-27,13:26:31,3.001600075,8.994999695,163.8298645,154.0580292,161.141861,159.9978333,277.5827332,127.0032349,160.4998016,0,0,0.000665247,0.000179348
2020-11-27,13:26:32,3.001499939,8.99469986,163.8298645,154.0722656,161.1413727,159.9970398,277.5848999,127.0181732,160.4829559,0,0,0.000694881,0.000179348
2020-11-27,13:26:33,3.001199913,8.995300293,163.8298645,154.0860443,161.1418915,159.9972076,277.5845337,127.0336838,160.4655609,0,0,0.000694881,0.000179348
2020-11-27,13:26:34,3.000900078,8.996900177,163.8298645,154.1004181,161.1412201,159.9967041,277.5857544,127.0485535,160.4488068,0,0,0.000694881,0.000179348
2020-11-27,13:26:35,3.000799942,8.998200226,163.8298645,154.111969,161.1408997,159.9974976,277.5837402,127.0624847,160.4331665,0,0,0.000694881,0.000179348
2020-11-27,13:26:36,3.000499916,8.999500275,163.8298645,154.1248627,161.1412506,159.9971008,277.5847473,127.0763168,160.4175568,0,0,0.000694881,0.000179286
2020-11-27,13:26:37,3.000200081,9.000499725,163.8298645,154.1389771,161.1421356,159.996933,277.585144,127.0907288,160.4013672,0,0,0.000694881,0.000179286
2020-11-27,13:26:38,3.000099945,9.001300049,163.8309174,154.1521149,161.1417999,159.9972076,277.5844421,127.103653,160.3868103,0,0,0.000694881,0.000179286
2020-11-27,13:26:39,3.000200081,9.002100372,163.829834,154.1646881,161.1413574,159.9965668,277.5860596,127.117363,160.3714142,0,0,0.000694881,0.000179286
2020-11-27,13:26:40,2.999799919,9.002500153,163.829834,154.1778717,161.1420898,159.9971008,277.5847778,127.1305161,160.3565979,0,0,0.000694881,0.000179286
2020-11-27,13:26:41,2.999699974,9.002700043,163.829834,154.1902466,161.1410522,159.9964142,277.5865479,127.1433487,160.3421173,0,0,0.000694881,0.000179286
2020-11-27,13:26:42,2.999399948,9.002899933,163.829834,154.203537,161.1403503,159.9966431,277.5859985,127.156189,160.3277588,0,0,0.000628969,0.000179286
2020-11-27,13:26:43,2.999600029,9.003099823,163.829834,154.2154083,161.1417542,159.99646,277.5864868,127.1683502,160.3140869,0,0,0.000628969,0.000179286
2020-11-27,13:26:44,2.999200058,9.003299713,163.829834,154.2279205,161.140564,159.9962006,277.5872192,127.1806335,160.3002319,0,0,0.000659565,0.000179286
2020-11-27,13:26:45,3.000300026,9.003500366,163.829834,154.2402954,161.1416168,159.996521,277.5863037,127.1922989,160.2872009,0,0,0.000659565,0.000179286
2020-11-27,13:26:46,3.000799942,9.003700256,163.829834,154.2513733,161.1412964,159.9963684,277.5866699,127.203125,160.2750549,0,0,0.000659565,0.000179286
2020-11-27,13:26:47,3.000900078,9.003900146,163.829834,154.2642822,161.1405487,159.9963074,277.5869141,127.2149582,160.2617493,0,0,0.000659565,0.000179286
2020-11-27,13:26:48,3.001300049,9.004000092,163.829834,154.2767181,161.1421661,159.996521,277.5862427,127.2260742,160.2492371,0,0,0.000659565,0.000179286
2020-11-27,13:26:49,3.001600075,9.004199982,163.8308411,154.2881927,161.1413116,159.99646,277.5864563,127.2369766,160.2370148,0,0,0.000659565,0.000179286
2020-11-27,13:26:50,3.001799965,9.004299927,163.8308411,154.2996979,161.1420288,159.9963074,277.5869141,127.248024,160.2245941,0,0,0.000667869,0.000179286
2020-11-27,13:26:51,3.002000046,9.004499817,163.8308411,154.3110352,161.1424713,159.9961395,277.5874023,127.2590637,160.212204,0,0,0.000667869,0.000179286
2020-11-27,13:26:52,3.002300072,9.004599762,163.8308411,154.3229675,161.1412354,159.996521,277.5861816,127.2692566,160.2007141,0,0,0.000667869,0.000179286
2020-11-27,13:26:53,3.002599907,9.004699707,163.8308411,154.3336182,161.1407623,159.9962006,277.5871887,127.2792053,160.1895599,0,0,0.000667869,0.000179286
2020-11-27,13:26:54,3.002700043,9.004799652,163.8308411,154.3456573,161.14151,159.996521,277.5863953,127.2894745,160.178009,0,0,0.000667869,0.000179266
2020-11-27,13:26:55,3.003000069,9.00490036,163.8308411,154.3559265,161.1408691,159.9962463,277.5869751,127.3001556,160.1660919,0,0,0.000667869,0.000179266
2020-11-27,13:26:56,3.003100014,9.005000305,163.829834,154.3669586,161.1414337,159.9958038,277.5881958,127.3106461,160.1544037,0,0,0.000667869,0.000179266
2020-11-27,13:26:57,3.003499985,9.00510025,163.8309021,154.3774567,161.1420746,159.99646,277.5865173,127.320694,160.1430817,0,0,0.000667869,0.000179266
2020-11-27,13:26:58,3.003800011,9.005200195,163.8319244,154.3889465,161.1411285,159.9961395,277.5874329,127.3303375,160.1322174,0,0,0.000667869,0.000179266
2020-11-27,13:26:59,3.003899956,9.00530014,163.8309021,154.3991241,161.1421509,159.9970398,277.5849304,127.340683,160.1206512,0,0,0.000667869,0.000179266
2020-11-27,13:27:00,3.004199982,9.005400085,163.8309021,154.410141,161.1412964,159.9959106,277.5878296,127.3493042,160.1110687,0,0,0.000667869,0.000179223
2020-11-27,13:27:01,3.004299927,9.005400085,163.8309021,154.4205017,161.1416016,159.996521,277.5861511,127.3587875,160.1003418,0,0,0.000667869,0.000179223
2020-11-27,13:27:02,3.004500008,9.005500031,163.8298645,154.4311066,161.1418915,159.9963074,277.586853,127.3684387,160.0895691,0,0,0.000667869,0.000179223
2020-11-27,13:27:03,3.004899979,9.005599976,163.8309479,154.4410248,161.1415863,159.9958649,277.5880737,127.3776932,160.0791626,0,0,0.000667869,0.000179223
2020-11-27,13:27:04,3.00510006,9.005500031,163.8309479,154.4508057,161.1414185,159.9962463,277.5869446,127.3872757,160.068512,0,0,0.000667869,0.000179223
2020-11-27,13:27:05,3.00510006,9.005699921,163.8309479,154.4607239,161.1425476,159.996521,277.5863037,127.3957443,160.0589142,0,0,0.000667869,0.000179223
2020-11-27,13:27:06,3.005500031,9.005599976,163.8309479,154.4712524,161.1414948,159.9960938,277.5875549,127.405159,160.0484161,0,0,0.000667869,0.000179223
2020-11-27,13:27:07,3.005400085,9.005699921,163.8319702,154.4803314,161.1422729,159.9962463,277.5870361,127.4132462,160.0393219,0,0,0.000667869,0.000179223
2020-11-27,13:27:08,3.005900002,9.005699921,163.8309174,154.4900513,161.1413574,159.9958038,277.5883789,127.422348,160.0291901,0,0,0.000667869,0.000179223
2020-11-27,13:27:09,3.005800056,9.005699921,163.8309174,154.4994965,161.1420135,159.9960938,277.5874939,127.4304199,160.0200348,0,0,0.000706421,0.000179223
2020-11-27,13:27:10,3.006100082,9.005699921,163.8309174,154.5098724,161.1424103,159.9955902,277.5888672,127.4394531,160.009964,0,0,0.000647239,0.000179223
2020-11-27,13:27:11,3.006299973,9.005699921,163.8309174,154.5185547,161.1416779,159.9959717,277.5877686,127.4481659,160.0003052,0,0,0.000647239,0.000179223
2020-11-27,13:27:12,3.006200027,9.005699921,163.8309174,154.5281067,161.1418915,159.9962006,277.5871277,127.4557724,159.9918213,0,0,0.000647239,0.000179223
2020-11-27,13:27:13,3.006599998,9.005699921,163.8319855,154.5364532,161.1423035,159.9959717,277.587738,127.4640274,159.9825897,0,0,0.000647239,0.000179223
2020-11-27,13:27:14,3.006699944,9.005699921,163.8309784,154.54599,161.1416626,159.9962006,277.5871582,127.4721832,159.9734802,0,0,0.000647239,0.000179223
2020-11-27,13:27:15,3.006800079,9.005599976,163.8309784,154.5546265,161.1431427,159.996933,277.5853271,127.4802628,159.9644012,0,0,0.000647239,0.000179223
2020-11-27,13:27:16,3.007099915,9.005699921,163.8309784,154.5634308,161.1413727,159.9961395,277.5873413,127.4882584,159.9554443,0,0,0.000647239,0.000179223
2020-11-27,13:27:17,3.007299995,9.005599976,163.8309784,154.572113,161.1426239,159.9959106,277.5878906,127.4962692,159.9464874,0,0,0.000647239,0.000179223
2020-11-27,13:27:18,3.007500076,9.005599976,163.8309784,154.5807495,161.1422272,159.9957581,277.5884705,127.5030289,159.9389038,0,0,0.000647239,0.000179223
2020-11-27,13:27:19,3.007699966,9.005500031,163.8309784,154.5877533,161.1424713,159.9959717,277.5877686,127.5113373,159.9295807,0,0,0.000674863,0.000179223
2020-11-27,13:27:20,3.007600021,9.005500031,163.8309784,154.5967102,161.1421356,159.9960938,277.5875244,127.5180359,159.9220886,0,0,0.000674863,0.000179223
2020-11-27,13:27:21,3.008099937,9.005400085,163.8309784,154.6048279,161.1420135,159.995697,277.5885315,127.526886,159.9122314,0,0,0.000674863,0.000179223
2020-11-27,13:27:22,3.008200073,9.005400085,163.8299713,154.6118622,161.1431122,159.9959106,277.5878601,127.5330887,159.9052582,0,0,0.000674863,0.000179223
2020-11-27,13:27:23,3.008499908,9.00530014,163.8322144,154.6189575,161.1423035,159.9960938,277.5875854,127.5400925,159.8974457,0,0,0.000674863,0.000179223
2020-11-27,13:27:24,3.008699989,9.005200195,163.8322144,154.6271515,161.1426392,159.9954834,277.5890503,127.548111,159.8885193,0,0,0.000674863,0.000179223
2020-11-27,13:27:25,3.00890007,9.00530014,163.8311615,154.6349182,161.1415558,159.9966431,277.5859985,127.5554123,159.8802948,0,0,0.000674863,0.000179223
2020-11-27,13:27:26,3.008799934,9.00510025,163.8311615,154.6428833,161.1426544,159.9959717,277.587738,127.562149,159.8727875,0,0,0.000674863,0.000179223
2020-11-27,13:27:27,3.009199905,9.005000305,163.8311615,154.6489868,161.142334,159.9962006,277.5870667,127.568985,159.8650818,0,0,0.000674863,0.000179223
2020-11-27,13:27:28,3.009000015,9.00490036,163.8311615,154.6568298,161.1425171,159.9953613,277.5895691,127.5755081,159.8578644,0,0,0.000674863,0.000179457
2020-11-27,13:27:29,3.009399986,9.004799652,163.8311615,154.6637421,161.1421967,159.9954224,277.589386,127.5825729,159.8498993,0,0,0.000674863,0.000179457
2020-11-27,13:27:30,3.009600067,9.004699707,163.8321686,154.6697083,161.1430969,159.9955292,277.5888977,127.5893326,159.8424225,0,0,0.000674863,0.000179457
2020-11-27,13:27:31,3.009900093,9.004599762,163.8321686,154.6765594,161.1420288,159.9956512,277.5886536,127.5956268,159.8354034,0,0,0.000674863,0.000179457
2020-11-27,13:27:32,3.009799957,9.004699707,163.8321686,154.6826172,161.1439209,159.9953308,277.5896912,127.6025314,159.8277283,0,0,0.000674863,0.000179457
2020-11-27,13:27:33,3.010199928,9.004399872,163.8321686,154.6892548,161.1428986,159.9958649,277.5880737,127.608902,159.8206482,0,0,0.000712278,0.000179457
2020-11-27,13:27:34,3.010000038,9.004499817,163.8321686,154.696991,161.1426392,159.9951477,277.5899963,127.6156616,159.8130035,0,0,0.000712278,0.000179457
2020-11-27,13:27:35,3.010400009,9.004199982,163.8321686,154.701828,161.1435699,159.9953308,277.5896301,127.6220093,159.8059692,0,0,0.000712278,0.000179457
2020-11-27,13:27:36,3.01060009,9.004100037,163.8321686,154.7080841,161.1424561,159.9954834,277.5891418,127.6282196,159.7990265,0,0,0.000712278,0.000179457
2020-11-27,13:27:37,3.010499954,9.004000092,163.8321686,154.7136536,161.1431122,159.9958038,277.5882874,127.634819,159.7917328,0,0,0.000712278,0.000179457
2020-11-27,13:27:38,3.01079998,9.003900146,163.8321686,154.7187347,161.1440277,159.9950256,277.5903625,127.6410217,159.7847748,0,0,0.000712278,0.000179457
2020-11-27,13:27:39,3.01060009,9.003700256,163.8321686,154.7253723,161.1432495,159.994812,277.5909424,127.6464462,159.7786865,0,0,0.000712278,0.000179457
2020-11-27,13:27:40,3.011000061,9.003600311,163.8321686,154.7295074,161.1427917,159.9951935,277.5899353,127.6530457,159.7713318,0,0,0.000712278,0.000179457
2020-11-27,13:27:41,3.011199951,9.003500366,163.8321686,154.7345123,161.1441956,159.9949799,277.5905151,127.6589584,159.7647095,0,0,0.000712278,0.000179457
2020-11-27,13:27:42,3.011499977,9.003299713,163.8321686,154.7390747,161.1437073,159.9955292,277.5889282,127.6646118,159.7584229,0,0,0.000712278,0.000179457
2020-11-27,13:27:43,3.011700058,9.003199768,163.8321686,154.7450256,161.144104,159.9953613,277.5895386,127.6704102,159.7519226,0,0,0.000712278,0.000179457
2020-11-27,13:27:44,3.011499977,9.002999878,163.8321686,154.7501068,161.1432953,159.9946442,277.5914307,127.6764832,159.7451172,0,0,0.000712278,0.000179457
2020-11-27,13:27:45,3.012000084,9.002899933,163.8321686,154.7542725,161.1431122,159.9949799,277.5905457,127.6822968,159.7386169,0,0,0.000663324,0.000179204
2020-11-27,13:27:46,3.011700058,9.002700043,163.8332062,154.7594299,161.1435242,159.9951935,277.5898743,127.6878815,159.7324066,0,0,0.000663324,0.000179231
2020-11-27,13:27:47,3.012100029,9.002600098,163.8332062,154.7628174,161.143692,159.9949799,277.5905762,127.6936951,159.7258911,0,0,0.000673114,0.000179203
2020-11-27,13:27:48,3.012199974,9.002400208,163.8332062,154.7677002,161.1446991,159.994812,277.5910034,127.6988831,159.7201385,0,0,0.000673114,0.000179203
2020-11-27,13:27:49,3.012400055,9.002300262,163.8321686,154.7714539,161.1439667,159.9949799,277.5905151,127.7040558,159.714325,0,0,0.000673114,0.000179203
2020-11-27,13:27:50,3.012700081,9.002100372,163.8321686,154.7749786,161.1435242,159.9950867,277.5902405,127.7099609,159.7077789,0,0,0.000673114,0.000179203
2020-11-27,13:27:51,3.012800026,9.001999664,163.8321686,154.7791901,161.144577,159.9947052,277.5913086,127.7153015,159.7017975,0,0,0.000673114,0.000179219
2020-11-27,13:27:52,3.012700081,9.001799774,163.8321686,154.7823334,161.143692,159.9946442,277.5914917,127.7198792,159.696701,0,0,0.000718746,0.000179219
2020-11-27,13:27:53,3.012999916,9.001599884,163.8321686,154.7859955,161.144165,159.9950867,277.590332,127.7260742,159.6898346,0,0,0.000718746,0.000179219
2020-11-27,13:27:54,3.013100052,9.001399994,163.8321686,154.7888947,161.1430054,159.9952545,277.5898132,127.7313385,159.6839905,0,0,0.000718746,0.000179219
2020-11-27,13:27:55,3.013299942,9.001300049,163.8321686,154.7920227,161.1440735,159.994873,277.5908508,127.7364731,159.6782532,0,0,0.000718746,0.000179275
2020-11-27,13:27:56,3.013500023,9.001000214,163.8321686,154.793808,161.144165,159.9943695,277.5922241,127.7416458,159.6725311,0,0,0.000718746,0.000179275
2020-11-27,13:27:57,3.013699913,9.000900269,163.8321686,154.7973633,161.1443939,159.9941101,277.5929565,127.7466125,159.6669617,0,0,0.000718746,0.000179275
2020-11-27,13:27:58,3.013500023,9.000700378,163.8321686,154.7998505,161.1437073,159.993988,277.5932922,127.7513275,159.6616669,0,0,0.000718746,0.000179275
2020-11-27,13:27:59,3.013899994,9.000499725,163.8321686,154.8030853,161.1444092,159.9943695,277.5920715,127.7566757,159.6557312,0,0,0.000718746,0.000179275
2020-11-27,13:28:00,3.013999939,9.000299835,163.8331909,154.8045807,161.1442261,159.994278,277.5926208,127.7616272,159.6502838,0,0,0.000718746,0.000179275
2020-11-27,13:28:01,3.013899994,9.000099945,163.8331909,154.8070831,161.1449585,159.9942169,277.5924072,127.7662735,159.6450348,0,0,0.000718746,0.000179275
2020-11-27,13:28:02,3.01420002,8.999900055,163.8331909,154.8082123,161.1452332,159.9940491,277.5930481,127.7713852,159.6393433,0,0,0.000718746,0.000179275
2020-11-27,13:28:03,3.013999939,8.999700165,163.8331909,154.809967,161.1449738,159.9936981,277.5939636,127.7757187,159.634552,0,0,0.000718746,0.000179275
2020-11-27,13:28:04,3.014299965,8.999500275,163.8331909,154.8125916,161.1457367,159.9940491,277.5930176,127.7806625,159.6289673,0,0,0.000718746,0.000179275
2020-11-27,13:28:05,3.01420002,8.999299622,163.8331909,154.8139191,161.1455383,159.993927,277.5934448,127.7852173,159.6239166,0,0,0.000718746,0.000179275
2020-11-27,13:28:06,3.014500046,8.999099731,163.8321075,154.8149109,161.1458282,159.9941559,277.592865,127.7898636,159.6187286,0,0,0.000718746,0.000179275
2020-11-27,13:28:07,3.014699936,8.998899841,163.8331451,154.8158112,161.1462555,159.9934235,277.5947876,127.7946548,159.6134033,0,0,0.000718746,0.000179275
2020-11-27,13:28:08,3.014599991,8.998600006,163.8331451,154.8165131,161.1464996,159.9932556,277.5953369,127.7987595,159.6088715,0,0,0.000718746,0.000179275
2020-11-27,13:28:09,3.014800072,8.998500061,163.8320618,154.8177795,161.1473694,159.9938812,277.5936279,127.8033905,159.6036224,0,0,0.000685528,0.000179275
2020-11-27,13:28:10,3.014900017,8.998200226,163.8330994,154.8181305,161.1469421,159.9936371,277.5942993,127.808342,159.5981598,0,0,0.000685528,0.000179225
2020-11-27,13:28:11,3.014999962,8.998000336,163.8330994,154.8175049,161.1479034,159.993103,277.5956726,127.8120499,159.5940704,0,0,0.000685528,0.000179225
2020-11-27,13:28:12,3.014800072,8.997799683,163.8330994,154.8190155,161.1478271,159.9936371,277.5942993,127.816864,159.5886841,0,0,0.000685528,0.000179225
2020-11-27,13:28:13,3.015200043,8.997599792,163.8330994,154.8183289,161.1486969,159.9932556,277.5951538,127.8211823,159.583847,0,0,0.000685528,0.000179225
2020-11-27,13:28:14,3.015299988,8.997299957,163.8330994,154.818161,161.1492004,159.9930267,277.5959167,127.8250427,159.5795593,0,0,0.000685528,0.000179225
2020-11-27,13:28:15,3.015500069,8.997100067,163.8330994,154.8189545,161.1504669,159.9932556,277.5953369,127.8297577,159.5746307,0,0,0.000685528,0.000179225
2020-11-27,13:28:16,3.015299988,8.996900177,163.8330994,154.8187408,161.1495972,159.9933167,277.5950928,127.8338394,159.5697632,0,0,0.000685528,0.000179225
2020-11-27,13:28:17,3.015600014,8.996700287,163.8330994,154.8191071,161.1494293,159.9928436,277.596344,127.8376923,159.5654297,0,0,0.000685528,0.000179231
2020-11-27,13:28:18,3.015800095,8.996499634,163.8330994,154.8175354,161.1504669,159.9930267,277.5958252,127.8417892,159.5608826,0,0,0.000685528,0.000179345
2020-11-27,13:28:19,3.015699959,8.996399689,163.8330994,154.8158417,161.1513672,159.9928436,277.596405,127.8458786,159.5562744,0,0,0.000685528,0.000179345
2020-11-27,13:28:20,3.015999985,8.996299744,163.8330994,154.8153534,161.1517792,159.992691,277.5960388,127.8499756,159.5517883,0,0,0.000701001,0.000179286
2020-11-27,13:28:21,3.015800095,8.997399902,163.8330994,154.8146973,161.1510468,159.9927979,277.5968323,127.8541489,159.5471802,0,0,0.00072303,0.000179143
2020-11-27,13:28:22,3.01590004,8.998500061,163.8330994,154.8136597,161.15242,159.9923553,277.5977478,127.8579941,159.5428009,0,0,0.00072303,0.000179143
2020-11-27,13:28:23,3.01609993,8.999500275,163.8330994,154.8123169,161.1536102,159.992691,277.5968018,127.8620148,159.5383148,0,0,0.00072303,0.000179143
2020-11-27,13:28:24,3.016200066,9.00039978,163.8330994,154.8105011,161.1538849,159.9925232,277.596283,127.8654785,159.5345917,0,0,0.00072303,0.000179143
2020-11-27,13:28:25,3.016399956,9.001399994,163.8330994,154.8083954,161.1536865,159.9920197,277.5985718,127.8697357,159.529892,0,0,0.00072303,0.000179169
2020-11-27,13:28:26,3.016200066,9.002300262,163.8330994,154.8079071,161.1539001,159.9923553,277.5977478,127.8732605,159.5259399,0,0,0.00072303,0.000179169
2020-11-27,13:28:27,3.016500092,9.003099823,163.8330994,154.8052063,161.1543732,159.9922028,277.598053,127.8771133,159.5215454,0,0,0.00072303,0.000179166
2020-11-27,13:28:28,3.016699982,9.003900146,163.8330994,154.8030853,161.155426,159.9920197,277.5986938,127.8805923,159.5177765,0,0,0.00072303,0.000179166
2020-11-27,13:28:29,3.016799927,9.004299927,163.8330994,154.7993774,161.1564636,159.9923096,277.5978699,127.8843536,159.5137939,0,0,0.00072303,0.000179166
2020-11-27,13:28:30,3.016900063,9.004699707,163.8330994,154.7977142,161.1560516,159.9920807,277.5985107,127.8878326,159.5098877,0,0,0.00072303,0.000179166
2020-11-27,13:28:31,3.016799927,9.005000305,163.8341217,154.7949677,161.1555634,159.9920197,277.5986633,127.8912888,159.5057983,0,0,0.00072303,0.000179166
2020-11-27,13:28:32,3.017000008,9.005200195,163.8341217,154.7922058,161.156723,159.9923553,277.5976868,127.8948364,159.5018616,0,0,0.00072303,0.000179166
2020-11-27,13:28:33,3.017200089,9.00530014,163.8341217,154.7892761,161.1562042,159.991806,277.5992432,127.8979034,159.4984283,0,0,0.00072303,0.000179166
2020-11-27,13:28:34,3.017099953,9.005400085,163.8341217,154.7864838,161.1578369,159.9924164,277.5975342,127.9009018,159.495163,0,0,0.00072303,0.000179166
2020-11-27,13:28:35,3.017399979,9.005500031,163.8341217,154.7833099,161.1581879,159.992691,277.5967407,127.9046783,159.4909058,0,0,0.00072303,0.000179166
2020-11-27,13:28:36,3.017200089,9.005599976,163.8341217,154.7805176,161.1578979,159.9921417,277.5983582,127.9079132,159.4873199,0,0,0.00072303,0.000179166
2020-11-27,13:28:37,3.017499924,9.005699921,163.8341217,154.7759857,161.1586151,159.9924164,277.5975952,127.9112091,159.4837036,0,0,0.000694357,0.000179166
2020-11-27,13:28:38,3.01760006,9.005699921,163.8330994,154.77211,161.1587524,159.9920197,277.5986633,127.9140549,159.480484,0,0,0.000694357,0.000179166
2020-11-27,13:28:39,3.017900085,9.005799866,163.8341064,154.7696838,161.160675,159.991806,277.5992126,127.9171143,159.4771729,0,0,0.000694357,0.000179166
2020-11-27,13:28:40,3.01779995,9.005899811,163.8341064,154.7648926,161.1610718,159.9920807,277.5985107,127.9201889,159.4736938,0,0,0.000694357,0.000179166
2020-11-27,13:28:41,3.018000031,9.005899811,163.8341064,154.760788,161.1597595,159.9925232,277.5973816,127.9233398,159.4702148,0,0,0.000694357,0.000179166
2020-11-27,13:28:42,3.018099976,9.005799866,163.8341064,154.7570038,161.1612549,159.9922028,277.598175,127.9263229,159.4668884,0,0,0.000694357,0.000179166
2020-11-27,13:28:43,3.018199921,9.005899811,163.8341064,154.7530518,161.161438,159.9923096,277.5979004,127.9292603,159.4635925,0,0,0.000694357,0.000179166
2020-11-27,13:28:44,3.018000031,9.005999756,163.8341064,154.7486725,161.1621857,159.9920197,277.5986633,127.9317627,159.4608154,0,0,0.000694357,0.000179166
2020-11-27,13:28:45,3.018400002,9.005899811,163.8341064,154.7446747,161.1621094,159.9921417,277.5982971,127.9349899,159.4572449,0,0,0.000694357,0.000179166
2020-11-27,13:28:46,3.018199921,9.005999756,163.8341064,154.7395782,161.1617126,159.9925232,277.5973816,127.9380493,159.4537506,0,0,0.000694357,0.000179166
2020-11-27,13:28:47,3.018600082,9.005999756,163.8351593,154.7353668,161.1624603,159.9923553,277.5977478,127.9408951,159.4506989,0,0,0.000694357,0.000179166
2020-11-27,13:28:48,3.018400002,9.005999756,163.8341522,154.730423,161.1634827,159.9928436,277.596405,127.9431686,159.4481659,0,0,0.00076027,0.000179166
2020-11-27,13:28:49,3.018700027,9.005899811,163.8341522,154.7249603,161.1631775,159.9921417,277.5983276,127.9463882,159.4444733,0,0,0.00076027,0.000179217
2020-11-27,13:28:50,3.018899918,9.005999756,163.8352661,154.7204132,161.1634521,159.9926453,277.5969238,127.9490891,159.4415436,0,0,0.00076027,0.000179217
2020-11-27,13:28:51,3.019000053,9.005899811,163.8341522,154.714386,161.1650696,159.9922638,277.5979309,127.9514465,159.4389954,0,0,0.000698815,0.000179286
2020-11-27,13:28:52,3.018799973,9.005999756,163.8341522,154.7098846,161.1654053,159.9925232,277.597168,127.9549866,159.4349976,0,0,0.000723642,0.000179286
2020-11-27,13:28:53,3.019199944,9.005899811,163.8341522,154.7046356,161.1647186,159.9927521,277.5966492,127.9573669,159.432373,0,0,0.000722418,0.000179286
2020-11-27,13:28:54,3.019300079,9.005799866,163.8341522,154.6990204,161.1656189,159.9924774,277.5974731,127.9603424,159.4289551,0,0,0.000722418,0.000179286
2020-11-27,13:28:55,3.018899918,9.005799866,163.8351746,154.6934814,161.1652374,159.992691,277.5968018,127.9625473,159.4265289,0,0,0.000722418,0.000179286
2020-11-27,13:28:56,3.019300079,9.005799866,163.834137,154.6877747,161.1658478,159.9928436,277.5962524,127.9646683,159.4242249,0,0,0.000686752,0.000179286
2020-11-27,13:28:57,3.019099998,9.005699921,163.834137,154.6809692,161.1655884,159.9926453,277.5968628,127.9679794,159.420517,0,0,0.000686752,0.000179286
2020-11-27,13:28:58,3.019300079,9.005699921,163.834137,154.6756134,161.1649017,159.9924774,277.5974426,127.9707413,159.4174805,0,0,0.000686752,0.00017942
2020-11-27,13:28:59,3.019199944,9.005599976,163.834137,154.6703186,161.166153,159.9928436,277.596344,127.9728851,159.4150391,0,0,0.000686752,0.00017942
2020-11-27,13:29:00,3.019499969,9.005500031,163.834137,154.6641998,161.1663513,159.992691,277.5968323,127.975853,159.4117889,0,0,0.000686752,0.00017942
2020-11-27,13:29:01,3.019400024,9.005500031,163.834137,154.6560974,161.1678009,159.992981,277.5959473,127.9783783,159.4089661,0,0,0.000686752,0.00017942
2020-11-27,13:29:02,3.01970005,9.005400085,163.834137,154.6516571,161.1687012,159.9927979,277.5964661,127.9808197,159.40625,0,0,0.000686752,0.00017942
2020-11-27,13:29:03,3.01970005,9.00530014,163.835144,154.6458588,161.1681213,159.9926453,277.5968933,127.9827957,159.4040527,0,0,0.000686752,0.00017942
2020-11-27,13:29:04,3.020000076,9.005200195,163.8341217,154.6385193,161.1690521,159.9928436,277.5963135,127.9851456,159.401474,0,0,0.000686752,0.00017942
2020-11-27,13:29:05,3.019799995,9.00510025,163.8341217,154.6316376,161.1687775,159.9927521,277.5966797,127.9876022,159.3986816,0,0,0.000686752,0.00017942
2020-11-27,13:29:06,3.01989994,9.005000305,163.8341217,154.6259155,161.1684265,159.9932556,277.5952148,127.9901199,159.3960266,0,0,0.000686752,0.00017942
2020-11-27,13:29:07,3.020000076,9.00490036,163.8341217,154.6190338,161.1681061,159.9927521,277.5966492,127.9924088,159.3933716,0,0,0.000686752,0.00017942
2020-11-27,13:29:08,3.020100021,9.004799652,163.835144,154.6112366,161.1697235,159.9931488,277.5956421,127.9945374,159.3910065,0,0,0.000686752,0.00017942
2020-11-27,13:29:09,3.020199966,9.004699707,163.835144,154.6061707,161.1700287,159.992981,277.5959473,127.9971237,159.3881378,0,0,0.000740426,0.00017942
2020-11-27,13:29:10,3.020199966,9.004599762,163.835144,154.5979462,161.1713104,159.993103,277.5957336,127.9994965,159.385498,0,0,0.000734394,0.00017942
2020-11-27,13:29:11,3.019799995,9.004499817,163.835144,154.5917358,161.1702271,159.9936371,277.5941772,128.0014648,159.3833771,0,0,0.000734394,0.000179305
2020-11-27,13:29:12,3.020100021,9.004399872,163.835144,154.5852203,161.1708221,159.9931488,277.5956421,128.0036621,159.3809052,0,0,0.000734394,0.000179305
2020-11-27,13:29:13,3.01989994,9.004199982,163.835144,154.5778351,161.1723328,159.9934692,277.5947266,128.0065002,159.3777924,0,0,0.000734394,0.000179305
2020-11-27,13:29:14,3.020299911,9.004100037,163.835144,154.5708771,161.1704712,159.9932556,277.5952759,128.0085602,159.3755188,0,0,0.000734394,0.000179221
2020-11-27,13:29:15,3.020199966,9.004000092,163.835144,154.5637817,161.1726074,159.993576,277.5944519,128.0107422,159.3730927,0,0,0.000734394,0.000179221
2020-11-27,13:29:16,3.020400047,9.003800201,163.835144,154.5561523,161.1718445,159.9936371,277.5941467,128.0124054,159.3711853,0,0,0.000734394,0.000179251
2020-11-27,13:29:17,3.020199966,9.003700256,163.835144,154.549057,161.172226,159.9933777,277.5948792,128.0145264,159.3688965,0,0,0.000734394,0.000179251
2020-11-27,13:29:18,3.020499992,9.003500366,163.835144,154.5424347,161.1728363,159.993103,277.5956726,128.0165863,159.3666229,0,0,0.000734394,0.000179251
2020-11-27,13:29:19,3.020299911,9.003399658,163.835144,154.5342407,161.1719818,159.9933167,277.5950012,128.0194244,159.3634796,0,0,0.000742874,0.000179301
2020-11-27,13:29:20,3.020499992,9.003199768,163.835144,154.5271454,161.173584,159.9931488,277.5955811,128.021637,159.3610382,0,0,0.000742874,0.000179301
2020-11-27,13:29:21,3.020400047,9.003099823,163.835144,154.5200806,161.1732483,159.993576,277.5943909,128.0233612,159.3590698,0,0,0.000742874,0.000179301
2020-11-27,13:29:22,3.020499992,9.002899933,163.835144,154.5126953,161.1724854,159.9936981,277.5940552,128.0249481,159.3572998,0,0,0.000742874,0.000179301
2020-11-27,13:29:23,3.020599937,9.002799988,163.835144,154.5051422,161.1746674,159.9941559,277.5927734,128.0280304,159.3539734,0,0,0.000742874,0.000179301
2020-11-27,13:29:24,3.020400047,9.002600098,163.835144,154.4967041,161.1738281,159.993927,277.5935059,128.0295868,159.3521576,0,0,0.000793139,0.000179301
2020-11-27,13:29:25,3.020599937,9.002400208,163.835144,154.4891357,161.1753998,159.9933777,277.5949097,128.0314636,159.3500366,0,0,0.000802842,0.000179301
2020-11-27,13:29:26,3.020299911,9.002300262,163.835144,154.4817505,161.1743774,159.993927,277.5934448,128.0337524,159.3474731,0,0,0.000802842,0.000179301
2020-11-27,13:29:27,3.020599937,9.002100372,163.835144,154.4738007,161.1748505,159.993988,277.5932007,128.0350037,159.3461304,0,0,0.000802842,0.000179301
2020-11-27,13:29:28,3.020400047,9.001899719,163.835144,154.4662781,161.175415,159.9941101,277.5935059,128.0377197,159.3431702,0,0,0.000792352,0.000179287
2020-11-27,13:29:29,3.020599937,9.001699829,163.835144,154.4581909,161.1746521,159.9938812,277.5927734,128.039505,159.341156,0,0,0.000774169,0.000179272
2020-11-27,13:29:30,3.020400047,9.001599884,163.8361664,154.4507294,161.1755829,159.9941101,277.5939636,128.0407867,159.3397522,0,0,0.000774169,0.000179272
2020-11-27,13:29:31,3.020599937,9.001300049,163.8361664,154.4433594,161.1759491,159.9937744,277.5924988,128.0426788,159.3376312,0,0,0.000774169,0.000179272
2020-11-27,13:29:32,3.020400047,9.001200104,163.8361664,154.4359436,161.1766663,159.9934235,277.5947876,128.0446472,159.3354492,0,0,0.000774169,0.000179272
2020-11-27,13:29:33,3.020599937,9.001399994,163.8361664,154.4291229,161.1762085,159.9941559,277.592804,128.0470123,159.3328552,0,0,0.000774169,0.000179272
2020-11-27,13:29:34,3.020499992,9.001599884,163.8361664,154.4203949,161.1756897,159.994278,277.5924988,128.0482788,159.3314514,0,0,0.000774169,0.000179272
2020-11-27,13:29:35,3.020599937,9.002200317,163.8361664,154.4126434,161.1761322,159.9942169,277.5927429,128.0500793,159.3293762,0,0,0.000774169,0.000179272
2020-11-27,13:29:36,3.020400047,9.002899933,163.8361664,154.4053497,161.1769867,159.993988,277.5932312,128.0516357,159.327652,0,0,0.000774169,0.000179272
2020-11-27,13:29:37,3.020599937,9.003600311,163.835144,154.3961639,161.1774139,159.9940491,277.5930176,128.054245,159.3247528,0,0,0.000774169,0.000179246
2020-11-27,13:29:38,3.020400047,9.004299927,163.834137,154.3886871,161.1779785,159.9938812,277.5935364,128.055191,159.3237152,0,0,0.000774169,0.000179246
2020-11-27,13:29:39,3.020599937,9.00490036,163.8351746,154.3813019,161.1762085,159.9943085,277.5924377,128.0569153,159.3218231,0,0,0.000774169,0.000179246
2020-11-27,13:29:40,3.020499992,9.005500031,163.8351746,154.3733673,161.1785126,159.9944916,277.5918884,128.0588226,159.3196869,0,0,0.000774169,0.000179158
2020-11-27,13:29:41,3.020700073,9.005999756,163.8351746,154.3654785,161.178299,159.9934692,277.594635,128.059845,159.3184967,0,0,0.000774169,0.000179158
2020-11-27,13:29:42,3.020499992,9.006500244,163.8351746,154.3586426,161.1784668,159.9943695,277.5922852,128.0624542,159.3157349,0,0,0.000774169,0.000179158
2020-11-27,13:29:43,3.020400047,9.006999969,163.8351746,154.3498688,161.1782379,159.9940491,277.5931091,128.0640259,159.3139038,0,0,0.000774169,0.000179158
2020-11-27,13:29:44,3.020299911,9.007499695,163.8351746,154.3418121,161.178894,159.9943695,277.5921631,128.0652008,159.3125763,0,0,0.000774169,0.000179331
2020-11-27,13:29:45,3.020499992,9.007900238,163.8351746,154.3345337,161.1791077,159.9947052,277.5913696,128.0665588,159.311203,0,0,0.000774169,0.000179331
2020-11-27,13:29:46,3.020400047,9.008300018,163.8351746,154.3274384,161.1785431,159.9949341,277.5906982,128.0684509,159.3090515,0,0,0.000774169,0.000179331
2020-11-27,13:29:47,3.020499992,9.008699799,163.8351746,154.3195648,161.1781769,159.9945526,277.5917053,128.0693207,159.3080444,0,0,0.000774169,0.000179331
2020-11-27,13:29:48,3.020599937,9.009200287,163.8351746,154.3124084,161.1794586,159.9950867,277.59021,128.0713501,159.3057861,0,0,0.000774169,0.000179331
2020-11-27,13:29:49,3.020199966,9.009600067,163.8351746,154.3047485,161.1795349,159.994873,277.5908508,128.0721436,159.3049164,0,0,0.000774169,0.000179331
2020-11-27,13:29:50,3.020400047,9.009999847,163.8361816,154.2965088,161.1787415,159.9950867,277.590271,128.0733948,159.3034973,0,0,0.000774169,0.000179331
2020-11-27,13:29:51,3.020599937,9.010299683,163.8361816,154.2898254,161.1792297,159.9951477,277.5900574,128.0753784,159.3013306,0,0,0.000774169,0.000179331
2020-11-27,13:29:52,3.020400047,9.010700226,163.8361816,154.2812653,161.1790161,159.9949799,277.5905151,128.0758362,159.300827,0,0,0.000774169,0.000179331
2020-11-27,13:29:53,3.020499992,9.011000061,163.8361816,154.2736206,161.1805878,159.9953613,277.5895386,128.077652,159.2988129,0,0,0.000774169,0.000179331
2020-11-27,13:29:54,3.020400047,9.011299896,163.8361816,154.2662354,161.1802521,159.9953308,277.5896301,128.078598,159.2976837,0,0,0.000774169,0.000179331
2020-11-27,13:29:55,3.020299911,9.011699677,163.8361816,154.259552,161.1807861,159.9957581,277.588501,128.0797882,159.2963867,0,0,0.000774169,0.000179331
2020-11-27,13:29:56,3.020499992,9.01190033,163.8361816,154.2527008,161.1805878,159.9959106,277.5879211,128.0809021,159.295166,0,0,0.000774169,0.000179331
2020-11-27,13:29:57,3.020199966,9.01230011,163.8361816,154.2451782,161.1809845,159.9963074,277.5868835,128.0819244,159.2940979,0,0,0.000774169,0.000179303
2020-11-27,13:29:58,3.020100021,9.0125,163.8361816,154.2386017,161.1812592,159.9964142,277.5865479,128.0830994,159.2927399,0,0,0.000709218,0.000179307
2020-11-27,13:29:59,3.020299911,9.012799835,163.8361816,154.2302704,161.1810303,159.9960938,277.5875854,128.0841064,159.2916565,0,0,0.000709218,0.000179307
2020-11-27,13:30:00,3.020400047,9.012999725,163.8361816,154.2237396,161.1804657,159.9967651,277.5856018,128.0853882,159.2902832,0,0,0.000709218,0.000179307
2020-11-27,13:30:01,3.020199966,9.013300323,163.8361816,154.2167053,161.1818848,159.9963684,277.5867004,128.0866394,159.2888031,0,0,0.000709218,0.000179307
2020-11-27,13:30:02,3.020000076,9.013500214,163.8361816,154.2095947,161.1820526,159.9965668,277.5860291,128.0875244,159.2878418,0,0,0.000709218,0.000179307
2020-11-27,13:30:03,3.020299911,9.013800049,163.8361816,154.2029266,161.1821289,159.996933,277.5852661,128.0879822,159.2873993,0,0,0.000709218,0.000179431
2020-11-27,13:30:04,3.020000076,9.013999939,163.8361816,154.1965027,161.1814728,159.9972076,277.5844421,128.0896149,159.2855072,0,0,0.000709218,0.000179431
2020-11-27,13:30:05,3.020199966,9.014199829,163.8361816,154.1886597,161.1821594,159.9973602,277.5839233,128.0901184,159.2849426,0,0,0.000709218,0.000179431
2020-11-27,13:30:06,3.020000076,9.013500214,163.8361816,154.1821289,161.1829224,159.9976044,277.5834351,128.0914459,159.2834778,0,0,0.000788506,0.000179431
2020-11-27,13:30:07,3.020100021,9.012599945,163.8361816,154.1760712,161.1823883,159.9977722,277.5828857,128.092392,159.2824707,0,0,0.000773819,0.000179431
2020-11-27,13:30:08,3.01989994,9.011799622,163.8361816,154.1691132,161.1825714,159.997879,277.5825806,128.0931854,159.2815552,0,0,0.000773819,0.000179431
2020-11-27,13:30:09,3.019799995,9.011100006,163.8361816,154.1629181,161.1829224,159.9980316,277.5822144,128.0939789,159.2807007,0,0,0.000773819,0.000179431
2020-11-27,13:30:10,3.01989994,9.010600281,163.8361816,154.1547089,161.1824799,159.9981995,277.5816345,128.0952148,159.2792358,0,0,0.000773819,0.000179431
2020-11-27,13:30:11,3.01970005,9.010500336,163.8361816,154.1497803,161.1835938,159.9980316,277.5822754,128.0959473,159.2784882,0,0,0.000773819,0.000179189
2020-11-27,13:30:12,3.020000076,9.011100006,163.8361816,154.1434784,161.1842346,159.9986572,277.5805664,128.0962524,159.2780914,0,0,0.000773819,0.000179189
2020-11-27,13:30:13,3.019499969,9.011499786,163.8351746,154.1360626,161.1835327,159.9987183,277.5803833,128.0971222,159.2772064,0,0,0.000773819,0.000179189
2020-11-27,13:30:14,3.01970005,9.011299896,163.8372498,154.130661,161.1845398,159.9988098,277.5800171,128.0981445,159.2760468,0,0,0.000773819,0.000179189
2020-11-27,13:30:15,3.019499969,9.011199951,163.8372498,154.1248932,161.1837921,159.9989166,277.5797119,128.0991669,159.2749329,0,0,0.000773819,0.000179189
2020-11-27,13:30:16,3.01970005,9.011000061,163.8362427,154.1185913,161.1831207,159.9988098,277.5799866,128.1002655,159.2737274,0,0,0.000773819,0.000179189
2020-11-27,13:30:17,3.019300079,9.010800171,163.8362427,154.1129456,161.1847382,159.9988708,277.5796814,128.1012268,159.272644,0,0,0.000743048,0.000179189
2020-11-27,13:30:18,3.019599915,9.010600281,163.8362427,154.1061859,161.1852722,159.9991302,277.5789795,128.1015472,159.2723694,0,0,0.000743048,0.000179189
2020-11-27,13:30:19,3.019300079,9.010399628,163.8352356,154.1005859,161.1825562,159.9991913,277.5791321,128.1023407,159.2714081,0,0,0.000743048,0.000179189
2020-11-27,13:30:20,3.019400024,9.010199738,163.8352356,154.095047,161.1841583,159.9992523,277.5787964,128.1027985,159.2708893,0,0,0.000743048,0.000179189
2020-11-27,13:30:21,3.019199944,9.009899902,163.8362427,154.089035,161.1849976,159.9994659,277.5780945,128.1034546,159.2702332,0,0,0.000767176,0.000179189
2020-11-27,13:30:22,3.019000053,9.009700012,163.8362427,154.0834045,161.1842804,159.9998016,277.5773621,128.1043091,159.2692261,0,0,0.000767176,0.000179189
2020-11-27,13:30:23,3.019099998,9.009500122,163.8362427,154.0773926,161.1837616,159.9994659,277.578186,128.105011,159.2684326,0,0,0.000767176,0.000179189
2020-11-27,13:30:24,3.018899918,9.009300232,163.8362427,154.0724335,161.1850281,159.9996338,277.5777588,128.1053314,159.2680664,0,0,0.000767176,0.000179189
2020-11-27,13:30:25,3.018700027,9.009100342,163.8372955,154.0671387,161.1856689,159.9994659,277.578125,128.1061249,159.2672577,0,0,0.000767176,0.000179189
2020-11-27,13:30:26,3.018899918,9.008799744,163.8361969,154.061615,161.1843262,160.0000916,277.5765686,128.1072998,159.2658844,0,0,0.000767176,0.000179189
2020-11-27,13:30:27,3.018499947,9.008599854,163.8361969,154.0569,161.1852417,159.9999084,277.5768738,128.1080933,159.2650146,0,0,0.000767176,0.000179189
2020-11-27,13:30:28,3.018600082,9.008399963,163.8361969,154.0520172,161.184967,160.0004883,277.5754395,128.1084747,159.2645416,0,0,0.000767176,0.000179189
2020-11-27,13:30:29,3.018499947,9.008100128,163.8361969,154.0473175,161.1845245,159.9999542,277.5767517,128.1088562,159.2641296,0,0,0.000767176,0.000179189
2020-11-27,13:30:30,3.018300056,9.007900238,163.8361969,154.0422516,161.1854706,160.0005798,277.5750732,128.1098175,159.2630463,0,0,0.000767176,0.000179189
2020-11-27,13:30:31,3.018400002,9.007700348,163.8361969,154.037323,161.1856537,160.0009308,277.5742493,128.1103668,159.2624969,0,0,0.000767176,0.000179189
2020-11-27,13:30:32,3.018199921,9.007499695,163.8361969,154.0327911,161.1862335,160.0006409,277.5748596,128.1109924,159.2617645,0,0,0.000767176,0.000179189
2020-11-27,13:30:33,3.018300056,9.00719986,163.8361969,154.0274658,161.1857758,160.0007477,277.5746155,128.1114807,159.2612457,0,0,0.000767176,0.000179189
2020-11-27,13:30:34,3.018199921,9.006999969,163.8361969,154.0234528,161.1848755,160.0006866,277.5749512,128.1113892,159.2613831,0,0,0.000767176,0.000179189
2020-11-27,13:30:35,3.018000031,9.006700134,163.8361969,154.0194397,161.1870728,160.0010834,277.5736694,128.1126556,159.2599182,0,0,0.000767176,0.000179189
2020-11-27,13:30:36,3.017700005,9.006500244,163.8361969,154.0146027,161.1856842,160.0016479,277.5722961,128.1132813,159.2592621,0,0,0.000804241,0.000179189
2020-11-27,13:30:37,3.017900085,9.006199646,163.8361969,154.0097809,161.1868591,160.0014801,277.5726624,128.1131287,159.2594452,0,0,0.000804241,0.000179189
2020-11-27,13:30:38,3.017399979,9.005999756,163.8361969,154.0068665,161.1859741,160.00177,277.5719299,128.1138458,159.2586212,0,0,0.000804241,0.000179189
2020-11-27,13:30:39,3.017399979,9.005699921,163.8361969,154.0029297,161.1871643,160.0020905,277.5710144,128.115097,159.2572174,0,0,0.0008469,0.000179189
2020-11-27,13:30:40,3.017499924,9.005500031,163.8372498,153.9985504,161.1865692,160.0017242,277.572113,128.1152649,159.2570343,0,0,0.0008469,0.000179189
2020-11-27,13:30:41,3.017000008,9.005200195,163.8372498,153.9951935,161.1868896,160.0012665,277.5733032,128.1159515,159.2562866,0,0,0.0008469,0.000179189
2020-11-27,13:30:42,3.017099953,9.005000305,163.8372498,153.991394,161.1874237,160.0016479,277.5722656,128.1163635,159.2557983,0,0,0.0008469,0.000179189
2020-11-27,13:30:43,3.016900063,9.004699707,163.8372498,153.9876556,161.1868744,160.0018768,277.5715942,128.1166687,159.2554779,0,0,0.0008469,0.000179351
2020-11-27,13:30:44,3.016799927,9.004499817,163.8372498,153.983429,161.1860352,160.0020447,277.5712891,128.1172485,159.254837,0,0,0.0008469,0.000179351
2020-11-27,13:30:45,3.016600037,9.004199982,163.8372498,153.9798126,161.1866913,160.0019379,277.5708923,128.1169128,159.255249,0,0,0.0008469,0.000179293
2020-11-27,13:30:46,3.016500092,9.003900146,163.8372498,153.9774017,161.1864471,160.0021973,277.5707092,128.1177063,159.254303,0,0,0.0008469,0.000179293
2020-11-27,13:30:47,3.016200066,9.003600311,163.8372498,153.9741669,161.1868439,160.0023651,277.5702515,128.1181793,159.2537994,0,0,0.000785533,0.000179293
2020-11-27,13:30:48,3.01590004,9.003399658,163.8372498,153.9698792,161.1880035,160.0024261,277.5700378,128.1187286,159.2532043,0,0,0.000785533,0.000179293
2020-11-27,13:30:49,3.01609993,9.003099823,163.8372498,153.9673462,161.1877594,160.0028229,277.5690308,128.1189575,159.2529449,0,0,0.000828455,0.000179293
2020-11-27,13:30:50,3.01590004,9.002799988,163.8372498,153.9650269,161.1863708,160.0027008,277.5693665,128.1187286,159.2532196,0,0,0.000853806,0.000179293
2020-11-27,13:30:51,3.015800095,9.002600098,163.8362427,153.9619446,161.1867065,160.0024261,277.5700073,128.1192017,159.2526703,0,0,0.000853806,0.000179293
2020-11-27,13:30:52,3.015500069,9.002300262,163.8362427,153.9593048,161.1869507,160.0028534,277.5688171,128.119751,159.2520447,0,0,0.000853806,0.000179293
2020-11-27,13:30:53,3.015399933,9.001999664,163.8362427,153.9559784,161.1873474,160.002533,277.5698547,128.1200714,159.25177,0,0,0.000853806,0.000179293
2020-11-27,13:30:54,3.015099907,9.001799774,163.8362427,153.9551239,161.1872559,160.0031433,277.5681152,128.1203613,159.2513733,0,0,0.000853806,0.000179293
2020-11-27,13:30:55,2.982900047,9.001399994,163.8362427,153.9517059,161.1865997,160.0027008,277.5693665,128.12117,159.2504883,0,0,0.000853806,0.000179293
2020-11-27,13:30:56,2.993799973,9.001200104,163.8362427,153.9504852,161.1876831,160.0029144,277.5686951,128.1209259,159.2507782,0,0,0.000853806,0.000179293
2020-11-27,13:30:57,3.015299988,9.000900269,163.8362427,153.9473267,161.1879883,160.0031433,277.5680237,128.1201324,159.2516785,0,0,0.000853806,0.000179293
2020-11-27,13:30:58,3.033300018,9.00059967,163.837265,153.9452057,161.1875458,160.0037079,277.5666504,128.119751,159.2521057,0,0,0.000853806,0.000179293
2020-11-27,13:30:59,3.048900032,9.00039978,163.837265,153.9434357,161.1866913,160.0030212,277.5684509,128.1199799,159.2518158,0,0,0.000853806,0.000179293
2020-11-27,13:31:00,3.065099907,9.0,163.837265,153.9402161,161.1874084,160.0031738,277.5679016,128.119278,159.252594,0,0,0.000853806,0.000179293
2020-11-27,13:31:01,3.080500031,8.99980011,163.837265,153.9388733,161.1879578,160.003479,277.5672913,128.119751,159.2521362,0,0,0.000853806,0.00017932
2020-11-27,13:31:02,3.095599937,8.999500275,163.837265,153.9377899,161.187088,160.0036316,277.5667419,128.12117,159.2505035,0,0,0.000853806,0.00017932
2020-11-27,13:31:03,3.11060009,8.999299622,163.837265,153.9369354,161.1858978,160.0033112,277.5676575,128.1224365,159.2490692,0,0,0.000853806,0.00017932
2020-11-27,13:31:04,3.125399971,8.998999786,163.837265,153.9358063,161.1866302,160.0030823,277.5683289,128.1263123,159.2448578,0,0,0.000838508,0.00017932
2020-11-27,13:31:05,3.139100075,8.998799896,163.837265,153.9354858,161.1858978,160.0040436,277.5657349,128.1308594,159.2396851,0,0,0.000838508,0.00017932
2020-11-27,13:31:06,3.154199982,8.998500061,163.837265,153.9347992,161.1856384,160.0033112,277.567688,128.1373291,159.2325439,0,0,0.000838508,0.00017918
2020-11-27,13:31:07,3.167200089,8.998300171,163.837265,153.9357605,161.1850281,160.0042114,277.5653076,128.1453094,159.2238617,0,0,0.000838508,0.000179437
2020-11-27,13:31:08,3.180500031,8.998000336,163.837265,153.9362793,161.1853638,160.0037079,277.5666504,128.1546936,159.2133789,0,0,0.000838508,0.000179437
2020-11-27,13:31:09,3.194599915,8.997799683,163.837265,153.9371185,161.186264,160.0039673,277.5658875,128.1662903,159.2005615,0,0,0.000838508,0.000179437
2020-11-27,13:31:10,3.208100128,8.997599792,163.837265,153.9394989,161.1849365,160.003479,277.5672607,128.1789703,159.1864777,0,0,0.000796373,0.000179437
2020-11-27,13:31:11,3.220299911,8.997299957,163.837265,153.9418335,161.1843567,160.0039215,277.565979,128.1937256,159.1701965,0,0,0.000796373,0.000179437
2020-11-27,13:31:12,3.234000015,8.997100067,163.8361969,153.9440155,161.1838379,160.0039673,277.5661926,128.2099609,159.1520844,0,0,0.000849873,0.000179437
2020-11-27,13:31:13,3.246500015,8.996900177,163.8361969,153.9470367,161.1829681,160.0042114,277.5652161,128.22789,159.1322937,0,0,0.000864034,0.000179437
2020-11-27,13:31:14,3.258499908,8.996700287,163.837204,153.9492188,161.1838074,160.0042572,277.5649719,128.2485352,159.1094513,0,0,0.000864034,0.000179437
2020-11-27,13:31:15,3.272299957,8.996499634,163.837204,153.9529572,161.1828156,160.0041504,277.5654602,128.2704163,159.0852203,0,0,0.000864034,0.000179437
2020-11-27,13:31:16,3.28409996,8.996299744,163.837204,153.9558411,161.1833344,160.0045319,277.5643311,128.2944641,159.0585632,0,0,0.000864034,0.000179437
2020-11-27,13:31:17,3.29659996,8.996099854,163.837204,153.9613037,161.1822968,160.0040436,277.5656738,128.3194427,159.030899,0,0,0.000864034,0.000179437
2020-11-27,13:31:18,3.308499908,8.995899963,163.837204,153.9655609,161.1819916,160.0043182,277.5649414,128.3464203,159.0010986,0,0,0.000864034,0.000179437
2020-11-27,13:31:19,3.32120018,8.996099854,163.837204,153.9696808,161.181427,160.0039215,277.5660095,128.3738251,158.9707947,0,0,0.000840082,0.000179437
2020-11-27,13:31:20,3.333300018,8.996600342,163.837204,153.9748993,161.1816864,160.0047455,277.5637207,128.4052582,158.9360504,0,0,0.000806076,0.000179437
2020-11-27,13:31:21,3.344499969,8.997100067,163.837204,153.9790344,161.1801453,160.0040894,277.5656128,128.4356079,158.9026337,0,0,0.000806076,0.000179437
2020-11-27,13:31:22,3.356600189,8.997599792,163.837204,153.9846039,161.1806488,160.0047913,277.5635376,128.469101,158.8656311,0,0,0.000806076,0.000179437
2020-11-27,13:31:23,3.368500137,8.998100281,163.837204,153.9901428,161.1805115,160.0043182,277.5649414,128.5037231,158.8274384,0,0,0.000806076,0.000179437
2020-11-27,13:31:24,3.380400085,8.998500061,163.837204,153.9960785,161.1795197,160.0046844,277.5637512,128.5382843,158.7892914,0,0,0.000806076,0.000179437
2020-11-27,13:31:25,3.392499924,8.998999786,163.837204,154.0027161,161.1777344,160.0050964,277.5627136,128.5763855,158.7473755,0,0,0.000806076,0.000179437
2020-11-27,13:31:26,3.404000092,8.999500275,163.837204,154.0081787,161.1782379,160.0047913,277.5635071,128.6148987,158.7049103,0,0,0.000806076,0.000179437
2020-11-27,13:31:27,3.41570015,9.00019989,163.837204,154.0146179,161.1789856,160.0050964,277.5627747,128.6558685,158.6598206,0,0,0.000806076,0.000179437
2020-11-27,13:31:28,3.425,9.001000214,163.837204,154.0217285,161.1782684,160.0052032,277.5625,128.6956787,158.6158905,0,0,0.00082321,0.000179437
2020-11-27,13:31:29,3.436899948,9.001599884,163.8382111,154.0276947,161.1774445,160.0053253,277.5621643,128.7377319,158.5697632,0,0,0.00082321,0.000179437
2020-11-27,13:31:30,3.447900009,9.001999664,163.8382111,154.0357361,161.1779022,160.0054321,277.5617676,128.7821503,158.5209045,0,0,0.00082321,0.000179437
2020-11-27,13:31:31,3.460300064,9.001899719,163.8382111,154.0428467,161.1773071,160.0054779,277.5617981,128.8281403,158.4702606,0,0,0.00082321,0.000179437
2020-11-27,13:31:32,3.470299911,9.001899719,163.8371887,154.0501251,161.1767883,160.0053253,277.5622253,128.8726044,158.4214935,0,0,0.00082321,0.000179437
2020-11-27,13:31:33,3.481700134,9.001799774,163.8371887,154.0590973,161.1754456,160.0054321,277.5617981,128.9195862,158.3699493,0,0,0.00082321,0.000179437
2020-11-27,13:31:34,3.492399979,9.001799774,163.8371887,154.0656586,161.1774445,160.0057068,277.5611267,128.9675598,158.317337,0,0,0.00082321,0.000179437
2020-11-27,13:31:35,3.502999878,9.001699829,163.8371887,154.0735779,161.1756134,160.0053253,277.5621643,129.0177002,158.2624664,0,0,0.00082321,0.000179437
2020-11-27,13:31:36,3.513800049,9.001799774,163.8371887,154.0818329,161.1744995,160.0058594,277.5605774,129.0656738,158.2098694,0,0,0.00082321,0.000179437
2020-11-27,13:31:37,3.52480011,9.001699829,163.8371887,154.0901794,161.1750488,160.0060883,277.5599365,129.1168823,158.1539154,0,0,0.00082321,0.000179437
2020-11-27,13:31:38,3.534000015,9.001599884,163.8371887,154.0985107,161.1729431,160.0059204,277.5604553,129.167923,158.0980988,0,0,0.00082321,0.000179256
2020-11-27,13:31:39,3.545000076,9.001699829,163.8371887,154.1077576,161.1744843,160.0063019,277.5594788,129.2195282,158.0416565,0,0,0.00082321,0.000179451
2020-11-27,13:31:40,3.554399872,9.001599884,163.8371887,154.1167297,161.1733398,160.0065765,277.5586853,129.2727814,157.9835968,0,0,0.00082321,0.000179451
2020-11-27,13:31:41,3.565000153,9.001499939,163.8371887,154.1249542,161.1730804,160.0064087,277.5591431,129.3278351,157.9235382,0,0,0.00082321,0.000179451
2020-11-27,13:31:42,3.574100113,9.001499939,163.8371887,154.1343384,161.1721039,160.0066986,277.5583801,129.3799133,157.8666992,0,0,0.00082321,0.000179222
2020-11-27,13:31:43,3.584899902,9.001499939,163.8371887,154.1433105,161.1725616,160.006485,277.559082,129.4367676,157.8047333,0,0,0.00082321,0.000179222
2020-11-27,13:31:44,3.595800018,9.001399994,163.8371887,154.1531982,161.1712036,160.0069275,277.5577393,129.4923859,157.7441711,0,0,0.00082321,0.000179336
2020-11-27,13:31:45,3.604800034,9.001399994,163.8371887,154.1623077,161.1713867,160.0070801,277.557312,129.5501709,157.681366,0,0,0.00082321,0.000179336
2020-11-27,13:31:46,3.614199829,9.001399994,163.8382416,154.172821,161.1706696,160.00737,277.5565491,129.6072388,157.6192474,0,0,0.00082321,0.000179336
2020-11-27,13:31:47,3.624499893,9.001300049,163.8382416,154.1822357,161.1705017,160.0075378,277.5570374,129.6642761,157.557251,0,0,0.00082321,0.000179336
2020-11-27,13:31:48,3.633800125,9.001300049,163.8372192,154.1921844,161.169342,160.007019,277.5574036,129.7218323,157.4949341,0,0,0.00082321,0.000179336
2020-11-27,13:31:49,3.644400024,9.001300049,163.8372192,154.2024231,161.1688995,160.0076904,277.555542,129.7828674,157.4286804,0,0,0.00082321,0.000179355
2020-11-27,13:31:50,3.65379982,9.001200104,163.8382263,154.2129669,161.1698456,160.0073242,277.5566711,129.8397217,157.3671112,0,0,0.00082321,0.000179355
2020-11-27,13:31:51,3.66269989,9.001300049,163.8382263,154.2227936,161.1678009,160.0076904,277.555542,129.901001,157.300766,0,0,0.00082321,0.000179355
2020-11-27,13:31:52,3.672299957,9.001200104,163.8382263,154.233429,161.1692047,160.0078583,277.5551758,129.9614105,157.2353058,0,0,0.00082321,0.000179355
2020-11-27,13:31:53,3.681499863,9.001100159,163.8382263,154.2435303,161.1676025,160.0080872,277.5545349,130.0214539,157.1705017,0,0,0.00082321,0.000179355
2020-11-27,13:31:54,3.690800095,9.001200104,163.8382263,154.2543182,161.1673889,160.0075989,277.5560608,130.0826416,157.1044159,0,0,0.000932482,0.000179355
2020-11-27,13:31:55,3.700099945,9.001100159,163.8382263,154.2662964,161.1682434,160.0083618,277.553772,130.1459961,157.0360413,0,0,0.000932482,0.000179355
2020-11-27,13:31:56,3.709000015,9.001000214,163.8382263,154.2770233,161.1665802,160.0080414,277.554718,130.2082672,156.9689178,0,0,0.000932482,0.000179518
2020-11-27,13:31:57,3.718799973,9.001000214,163.8382263,154.2872467,161.1660309,160.008255,277.5541382,130.2666779,156.9059601,0,0,0.000932482,0.000179351
2020-11-27,13:31:58,3.726599884,9.000900269,163.8382263,154.3001404,161.1657104,160.0079803,277.5548401,130.3312988,156.8363953,0,0,0.000932482,0.000179351
2020-11-27,13:31:59,3.735699844,9.001000214,163.8382263,154.3120728,161.1659698,160.0087585,277.5526428,130.3947754,156.768158,0,0,0.000932482,0.000179351
2020-11-27,13:32:00,3.744800186,9.000900269,163.8382263,154.3237305,161.1647186,160.0085754,277.5532532,130.4573975,156.7009125,0,0,0.000932482,0.000179351
2020-11-27,13:32:01,3.753900146,9.000800323,163.8382263,154.3345032,161.165741,160.0088348,277.5525513,130.5184326,156.6352539,0,0,0.000932482,0.000179351
2020-11-27,13:32:02,3.762099838,9.000800323,163.8382263,154.3469238,161.1635132,160.0090485,277.5520935,130.58284,156.5661926,0,0,0.000932482,0.000179351
2020-11-27,13:32:03,3.771099854,9.000800323,163.8382263,154.3586731,161.1643372,160.0089874,277.552002,130.6475677,156.4967957,0,0,0.000932482,0.000179351
2020-11-27,13:32:04,3.780799866,9.000700378,163.8382263,154.371109,161.1630707,160.0084686,277.5535278,130.711792,156.4279785,0,0,0.000932482,0.000179351
2020-11-27,13:32:05,3.788499832,9.000800323,163.8382263,154.3826599,161.1627197,160.0093079,277.551239,130.7733459,156.3621826,0,0,0.000932482,0.000179351
2020-11-27,13:32:06,3.79640007,9.00059967,163.8372192,154.3957825,161.1642761,160.0094757,277.5507202,130.8396759,156.2913361,0,0,0.000932482,0.000179351
2020-11-27,13:32:07,3.805899811,9.000700378,163.8382874,154.4090576,161.1623077,160.0090942,277.5518188,130.904953,156.2215118,0,0,0.000932482,0.000179351
2020-11-27,13:32:08,3.813399887,9.00059967,163.8382874,154.4213867,161.1624756,160.009201,277.5515747,130.967392,156.1549683,0,0,0.000932482,0.000179351
2020-11-27,13:32:09,3.82179985,9.00059967,163.8382874,154.4340057,161.1626434,160.0094757,277.5507202,131.0310516,156.0870819,0,0,0.000932482,0.000179351
2020-11-27,13:32:10,3.829899979,9.00059967,163.8382874,154.4481201,161.1613159,160.0094147,277.5509033,131.0977936,156.0159302,0,0,0.000932482,0.000179351
2020-11-27,13:32:11,3.8375,9.000499725,163.8382874,154.4605865,161.1609497,160.0095367,277.5505371,131.1579742,155.9519043,0,0,0.000932482,0.000179351
2020-11-27,13:32:12,3.846699905,9.00059967,163.8382874,154.4741364,161.1604004,160.0098114,277.5497131,131.2243652,155.8812866,0,0,0.000932482,0.000179351
2020-11-27,13:32:13,3.854700089,9.000499725,163.8382874,154.4877014,161.160675,160.0094757,277.5506592,131.29039,155.8111725,0,0,0.000932482,0.000179351
2020-11-27,13:32:14,3.862599945,9.000499725,163.8382874,154.5019684,161.1599731,160.0101318,277.5490112,131.3565979,155.7408142,0,0,0.000932482,0.000179351
2020-11-27,13:32:15,3.870700073,9.00039978,163.8382874,154.5145721,161.1593628,160.0097656,277.5499573,131.4217987,155.6717377,0,0,0.000932482,0.000179351
2020-11-27,13:32:16,3.878699875,9.00039978,163.8382874,154.5280457,161.1595001,160.0098114,277.5497742,131.4841156,155.6056519,0,0,0.000932482,0.000179351
2020-11-27,13:32:17,3.887200165,9.00039978,163.8382874,154.5418091,161.1591797,160.0095367,277.5506287,131.5506744,155.5351563,0,0,0.000932482,0.000179351
2020-11-27,13:32:18,3.894800186,9.00039978,163.8382874,154.5559387,161.158493,160.0101318,277.5489197,131.6156158,155.4664307,0,0,0.000932482,0.000179351
2020-11-27,13:32:19,3.901699829,9.000299835,163.8382874,154.5701599,161.1581879,160.0097656,277.5500488,131.6769104,155.4016724,0,0,0.000932482,0.000179351
2020-11-27,13:32:20,3.910100174,9.000299835,163.8382874,154.5845795,161.1586761,160.0102539,277.5485535,131.7415771,155.333313,0,0,0.000932482,0.000179351
2020-11-27,13:32:21,3.917699814,9.000299835,163.8392944,154.599411,161.1581116,160.0100861,277.5491638,131.8078308,155.2634277,0,0,0.000932482,0.000179351
2020-11-27,13:32:22,3.926200104,9.00019989,163.8381805,154.6134338,161.1576843,160.0099335,277.5495605,131.8688507,155.1990662,0,0,0.000932482,0.000179351
2020-11-27,13:32:23,3.932500076,9.000299835,163.8381805,154.627182,161.1569214,160.0105286,277.5479431,131.9351807,155.129303,0,0,0.000932482,0.000179351
2020-11-27,13:32:24,3.94090004,9.00019989,163.8381805,154.6425629,161.1565094,160.0104218,277.5482483,131.9995422,155.0614777,0,0,0.000973219,0.000179351
2020-11-27,13:32:25,3.947499847,9.000099945,163.8381805,154.6573029,161.1572266,160.0103455,277.5481567,132.0647736,154.9929352,0,0,0.000973219,0.000179351
2020-11-27,13:32:26,3.955699921,9.000099945,163.8381805,154.6715698,161.1551514,160.0108185,277.5472107,132.1258392,154.928833,0,0,0.000973219,0.000179351
2020-11-27,13:32:27,3.9625,9.000099945,163.8381805,154.6875458,161.1560974,160.0103455,277.5483398,132.1890106,154.8624573,0,0,0.000973219,0.000179351
2020-11-27,13:32:28,3.992399979,9.0,163.8381805,154.7024536,161.1549988,160.0108185,277.5471497,132.2542572,154.7940369,0,0,0.000973219,0.000179351
2020-11-27,13:32:29,4.034199905,9.000099945,163.8381805,154.7171173,161.1557465,160.0105896,277.547699,132.3174744,154.7277679,0,0,0.000973219,0.000179351
2020-11-27,13:32:30,4.069400024,9.000099945,163.8381805,154.7327118,161.1552124,160.0108185,277.5471191,132.3801575,154.6621399,0,0,0.000973219,0.000179351
2020-11-27,13:32:31,4.038199997,9.000099945,163.8381805,154.7486572,161.1539154,160.0109863,277.5465698,132.4441071,154.5952301,0,0,0.00069086,0.000179351
2020-11-27,13:32:32,4.114099884,9.000099945,163.8381805,154.7628479,161.1537018,160.0109253,277.5470276,132.5083008,154.5280914,0,0,0.00069086,0.000179351
2020-11-27,13:32:33,4.142100143,9.00019989,163.8381805,154.7784424,161.1535645,160.0101929,277.5487976,132.5781097,154.4551697,0,0,0.00069086,0.000179351
2020-11-27,13:32:34,4.170899963,9.00019989,163.8381805,154.7954559,161.1532593,160.011261,277.545929,132.646698,154.3836212,0,0,0.00069086,0.000179351
2020-11-27,13:32:35,4.197900009,9.000299835,163.8391876,154.8119202,161.154541,160.0108185,277.5470886,132.718399,154.3089142,0,0,0.00069086,0.000179351
2020-11-27,13:32:36,4.222000122,9.000299835,163.8391876,154.8279724,161.1531067,160.0109863,277.5465393,132.7928925,154.2312775,0,0,0.00069086,0.000179351
2020-11-27,13:32:37,4.235900116,9.00039978,163.8391876,154.8442841,161.1536255,160.0106812,277.5473938,132.8657532,154.1553802,0,0,0.00069086,0.000179351
2020-11-27,13:32:38,4.239199829,9.000499725,163.8391876,154.8608398,161.1530457,160.0105286,277.5478821,132.9420624,154.0762177,0,0,0.002896141,0.000179351
2020-11-27,13:32:39,4.234999847,9.000499725,163.8391876,154.87677,161.1521301,160.0111389,277.5461731,133.0221863,153.9929504,0,0,0.002896141,0.000179351
2020-11-27,13:32:40,4.232099915,9.00059967,163.8391876,154.89328,161.1518707,160.011261,277.5458374,133.0961609,153.916214,0,0,0.002896141,0.000179351
2020-11-27,13:32:41,4.232699966,9.000499725,163.8391876,154.9095764,161.1516571,160.0105896,277.5476685,133.1774445,153.8319397,0,0,0.002896141,0.000179351
2020-11-27,13:32:42,4.234999847,9.00059967,163.8391876,154.9260864,161.1521149,160.0111389,277.5462341,133.259079,153.7475128,0,0,0.002896141,0.000179351
2020-11-27,13:32:43,4.237599945,9.00059967,163.8391876,154.943634,161.1508789,160.0109253,277.5467224,133.339798,153.6639709,0,0,0.002896141,0.000179351
2020-11-27,13:32:44,4.240800095,9.000700378,163.8381805,154.9615021,161.1511383,160.0111389,277.5462341,133.4205475,153.5806122,0,0,0.002896141,0.000179351
2020-11-27,13:32:45,4.236399841,9.000700378,163.8381805,154.978302,161.1496887,160.011322,277.5457153,133.4969177,153.5017242,0,0,0.002896141,0.000179351
2020-11-27,13:32:46,4.224599838,9.000700378,163.8391876,154.997757,161.1500702,160.0107574,277.5473328,133.5762939,153.4199524,0,0,0.002896141,0.000179351
2020-11-27,13:32:47,4.21230011,9.000700378,163.8391876,155.015976,161.1493225,160.0105896,277.5476379,133.6555176,153.3384552,0,0,0.002896141,0.000179351
2020-11-27,13:32:48,4.2,9.00059967,163.8391876,155.0319672,161.1482086,160.0114288,277.5454102,133.7281036,153.2637939,0,0,0.002896141,0.000179351
2020-11-27,13:32:49,4.179700089,9.000700378,163.8391876,155.0516052,161.1499634,160.011261,277.5448303,133.8044128,153.1854401,0,0,0.002896141,0.000179351
2020-11-27,13:32:50,4.157699966,9.000499725,163.8391876,155.0707855,161.1487579,160.0107574,277.5472412,133.8791656,153.1086426,0,0,0.002896141,0.000179351
2020-11-27,13:32:51,4.13730011,9.00059967,163.8391876,155.0884705,161.1488647,160.0108643,277.5469666,133.9474182,153.038559,0,0,0.002896141,0.000179351
2020-11-27,13:32:52,4.117699814,9.00039978,163.8391876,155.108429,161.148468,160.0113831,277.5455322,134.0190125,152.96521,0,0,0.002896141,0.000179351
2020-11-27,13:32:53,4.100099945,9.000299835,163.8391876,155.1278687,161.1469269,160.0115814,277.5448608,134.0874023,152.8952484,0,0,0.002896141,0.000179351
2020-11-27,13:32:54,4.084000015,9.00019989,163.8391876,155.1472015,161.1481018,160.0108643,277.5470276,134.1524506,152.8286591,0,0,0.002896141,0.000179351
2020-11-27,13:32:55,4.068899918,9.0,163.8391876,155.166687,161.1471252,160.0111389,277.5461731,134.2109985,152.7689209,0,0,0.002896141,0.000179351
2020-11-27,13:32:56,4.056299973,8.999900055,163.8391876,155.1866455,161.146759,160.0109253,277.5467224,134.2709961,152.7076416,0,0,0.002896141,0.000179351
2020-11-27,13:32:57,4.047800064,8.999700165,163.8391876,155.2060089,161.1464996,160.011261,277.5458984,134.329071,152.6483154,0,0,0.002896141,0.000179351
2020-11-27,13:32:58,4.04109993,8.99960022,163.8391876,155.2261658,161.1462097,160.0110321,277.5464172,134.3840637,152.5923309,0,0,0.002896141,0.000179351
2020-11-27,13:32:59,4.037099838,8.999500275,163.8391876,155.2452545,161.1473236,160.0115356,277.5451355,134.4341125,152.5413666,0,0,0.002896141,0.000179351
2020-11-27,13:33:00,4.034400177,8.999299622,163.8391876,155.2642822,161.1452942,160.0111389,277.5462646,134.4837952,152.4906616,0,0,0.002896141,0.000179351
2020-11-27,13:33:01,4.03219986,8.999099731,163.8391876,155.283432,161.1457825,160.0107574,277.5472717,134.5314026,152.4423065,0,0,0.002896141,0.000179351
2020-11-27,13:33:02,4.029399872,8.998899841,163.8391876,155.3007813,161.1452789,160.0108643,277.5469666,134.575592,152.3973083,0,0,0.002896141,0.000179351
2020-11-27,13:33:03,4.02840004,8.998699951,163.8391876,155.3201752,161.1455231,160.0108185,277.5471802,134.620224,152.3519592,0,0,0.002896141,0.000179442
2020-11-27,13:33:04,4.029999924,8.998500061,163.8391876,155.3395844,161.1447601,160.0106812,277.5468445,134.6620178,152.3095093,0,0,0.002896141,0.000179557
2020-11-27,13:33:05,4.028499985,8.998400116,163.8391876,155.358429,161.144104,160.0109253,277.5473938,134.7037659,152.2671661,0,0,0.002896141,0.000179469
2020-11-27,13:33:06,4.023600006,8.998100281,163.8391876,155.3768005,161.1449432,160.0110931,277.5463257,134.7410583,152.229187,0,0,0.002896141,0.000179461
2020-11-27,13:33:07,4.018999863,8.997899628,163.8391876,155.3950806,161.1441956,160.0104828,277.5480652,134.7790527,152.1907501,0,0,0.002896141,0.000179461
2020-11-27,13:33:08,4.014500046,8.997699738,163.8391876,155.4137573,161.1450043,160.0106506,277.5474854,134.8152313,152.1540833,0,0,0.000993412,0.000179461
2020-11-27,13:33:09,4.010400009,8.997499847,163.84021,155.4311981,161.1438904,160.0108643,277.5470276,134.8488922,152.1200104,0,0,0.000991926,0.000179339
2020-11-27,13:33:10,4.006200027,8.997299957,163.84021,155.4502869,161.1430817,160.0105286,277.5477905,134.8823547,152.0861206,0,0,0.000991926,0.000179339
2020-11-27,13:33:11,4.002999878,8.997100067,163.84021,155.4667511,161.1426697,160.0105896,277.5479736,134.9155731,152.0524139,0,0,0.000991926,0.000179339
2020-11-27,13:33:12,4.000400162,8.996900177,163.84021,155.4850616,161.1424713,160.0108643,277.5468445,134.9468536,152.020874,0,0,0.000991926,0.000179339
2020-11-27,13:33:13,3.997499847,8.996600342,163.8392029,155.5036621,161.1424255,160.0101318,277.5490112,134.9776764,151.9896393,0,0,0.000991926,0.000179339
2020-11-27,13:33:14,3.995000076,8.996399689,163.8392029,155.5214844,161.1426544,160.0103455,277.5483093,135.0057526,151.9613037,0,0,0.000991926,0.000179339
2020-11-27,13:33:15,3.992599869,8.996099854,163.8392029,155.5402527,161.141098,160.0104828,277.5480652,135.0344543,151.9321899,0,0,0.000991926,0.000179339
2020-11-27,13:33:16,3.99090004,8.995899963,163.8392029,155.5562744,161.1421356,160.0105896,277.547699,135.0621185,151.9058685,0,0,0.000991926,0.000179339
2020-11-27,13:33:17,3.989199829,8.995600128,163.8392029,155.5726929,161.1417999,160.0102539,277.5485535,135.0871124,151.8789063,0,0,0.001040705,0.000179339
2020-11-27,13:33:18,3.988299942,8.995400238,163.8392029,155.5916443,161.1410828,160.0100861,277.5491333,135.1128082,151.8530579,0,0,0.001040705,0.000179339
2020-11-27,13:33:19,3.989899826,8.99509964,163.8392029,155.6090546,161.1413574,160.0098724,277.5495911,135.1378326,151.8278198,0,0,0.001040705,0.000179444
2020-11-27,13:33:20,3.99070015,8.99489975,163.8392029,155.6263123,161.1417389,160.010025,277.5493164,135.1611176,151.804306,0,0,0.001040705,0.000179377
2020-11-27,13:33:21,3.990999985,8.99469986,163.8392029,155.6443939,161.1410522,160.0094757,277.5507507,135.1846771,151.7805786,0,0,0.001074535,0.000179407
2020-11-27,13:33:22,3.991199875,8.994400024,163.8402405,155.6628876,161.1407166,160.0097046,277.5502014,135.2084351,151.7565613,0,0,0.001074535,0.000179407
2020-11-27,13:33:23,3.991500092,8.994100189,163.8402405,155.6800079,161.1412354,160.0093689,277.5510559,135.2310791,151.7337189,0,0,0.001074535,0.000179407
2020-11-27,13:33:24,3.991699982,8.994799805,163.8392181,155.6957703,161.1401672,160.0093079,277.551239,135.2514191,151.7132111,0,0,0.001036159,0.000179407
2020-11-27,13:33:25,3.991899872,8.996299744,163.8392181,155.7134247,161.1400452,160.0094757,277.5507507,135.2716217,151.6929474,0,0,0.001036159,0.000179407
2020-11-27,13:33:26,3.991699982,8.998000336,163.8392181,155.7309723,161.1403961,160.0090942,277.5517273,135.2932739,151.6711578,0,0,0.001036159,0.000179464
2020-11-27,13:33:27,3.991999817,8.99960022,163.8392181,155.7480316,161.1392822,160.0086975,277.5527954,135.3138428,151.6504059,0,0,0.001036159,0.000179464
2020-11-27,13:33:28,3.991799927,9.000700378,163.8392181,155.7645721,161.1399384,160.0088806,277.5531311,135.3327026,151.6314392,0,0,0.001036159,0.000179464
2020-11-27,13:33:29,3.992100143,9.001399994,163.8402557,155.7823792,161.1395264,160.0089264,277.5522461,135.3530273,151.6109161,0,0,0.001036159,0.000179464
2020-11-27,13:33:30,3.991899872,9.001999664,163.8402557,155.8011322,161.1401215,160.0085144,277.5534363,135.3719025,151.5919037,0,0,0.001036159,0.000179464
2020-11-27,13:33:31,3.992200089,9.002600098,163.8402557,155.817749,161.1388855,160.0084229,277.5535889,135.3896027,151.5741119,0,0,0.001036159,0.000179464
2020-11-27,13:33:32,3.991999817,9.003099823,163.8402557,155.8339844,161.139679,160.0087585,277.5527954,135.4086304,151.5550537,0,0,0.001036159,0.000179464
2020-11-27,13:33:33,3.99280014,9.003700256,163.8402557,155.8523865,161.138916,160.0081482,277.5543518,135.4271088,151.5364685,0,0,0.001036159,0.000179464
2020-11-27,13:33:34,3.992900085,9.004199982,163.8402557,155.8691864,161.1384888,160.0084229,277.5536194,135.4442902,151.5191956,0,0,0.001036159,0.000179464
2020-11-27,13:33:35,3.993199921,9.004599762,163.8402557,155.8864594,161.1381989,160.0086975,277.5528564,135.4610291,151.5023804,0,0,0.001036159,0.000179464
2020-11-27,13:33:36,3.993399811,9.005200195,163.8402557,155.9034424,161.1386566,160.0079803,277.5547791,135.4781494,151.4851532,0,0,0.001036159,0.000179464
2020-11-27,13:33:37,3.993600082,9.005699921,163.8402557,155.9211731,161.1375427,160.008316,277.5540466,135.4954376,151.4677582,0,0,0.001036159,0.000179464
2020-11-27,13:33:38,3.993799973,9.005999756,163.8402557,155.9373779,161.1371155,160.0078125,277.5552979,135.5106201,151.4525757,0,0,0.001036159,0.000179464
2020-11-27,13:33:39,3.994100189,9.006500244,163.8402557,155.953949,161.1374664,160.0078583,277.5551453,135.5267334,151.4362946,0,0,0.001036159,0.000179464
2020-11-27,13:33:40,3.994300079,9.006900024,163.8402557,155.9712219,161.1365051,160.008316,277.5540466,135.5428162,151.4201965,0,0,0.001036159,0.000179464
2020-11-27,13:33:41,3.994499969,9.00739975,163.8402557,155.989563,161.1387634,160.0080414,277.5547485,135.5591125,151.4038391,0,0,0.001036159,0.000179464
2020-11-27,13:33:42,3.994400024,9.007700348,163.8402557,156.0061493,161.1369324,160.0075989,277.5558167,135.5748749,151.3880157,0,0,0.001036159,0.000179464
2020-11-27,13:33:43,3.995000076,9.008100128,163.8402557,156.0227509,161.1364136,160.007431,277.5563354,135.5888519,151.3740082,0,0,0.001036159,0.000179464
2020-11-27,13:33:44,3.995199966,9.008499908,163.8402557,156.0404053,161.1373291,160.0078583,277.5552063,135.6036224,151.3591919,0,0,0.001036159,0.000179464
2020-11-27,13:33:45,3.995399857,9.008899689,163.8402557,156.0570831,161.1376801,160.0073242,277.5566101,135.6184235,151.3442841,0,0,0.001036159,0.000179464
2020-11-27,13:33:46,3.995700073,9.009200287,163.8402557,156.0739136,161.137085,160.0074768,277.5562439,135.6325836,151.3301086,0,0,0.001036159,0.000179464
2020-11-27,13:33:47,3.995800018,9.009500122,163.8402557,156.0911255,161.135437,160.007019,277.5574036,135.6463623,151.3162689,0,0,0.001036159,0.000179464
2020-11-27,13:33:48,3.995899963,9.009799957,163.8402557,156.1084595,161.137085,160.0075989,277.5560303,135.6610107,151.30159,0,0,0.001036159,0.000179464
2020-11-27,13:33:49,3.995700073,9.010099792,163.8402557,156.1242523,161.1377106,160.0072021,277.5570068,135.6740265,151.2885742,0,0,0.001036159,0.00017948
2020-11-27,13:33:50,3.996099854,9.010399628,163.8402557,156.1410828,161.1364136,160.0075989,277.5559692,135.687439,151.2750702,0,0,0.001036159,0.00017948
2020-11-27,13:33:51,3.996300125,9.010700226,163.8402557,156.1601257,161.1357117,160.006958,277.5575867,135.700943,151.2615204,0,0,0.001030477,0.00017948
2020-11-27,13:33:52,3.99659996,9.010900116,163.8402557,156.1758118,161.1360626,160.0075378,277.5561218,135.7143097,151.248291,0,0,0.001030477,0.00017948
2020-11-27,13:33:53,3.99640007,9.011199951,163.8413086,156.1913757,161.1368103,160.0070801,277.557373,135.7265778,151.2359314,0,0,0.001037383,0.00017948
2020-11-27,13:33:54,3.99679985,9.011399841,163.8413086,156.2090759,161.1355438,160.0072021,277.5571289,135.7394257,151.2230835,0,0,0.001037383,0.00017948
2020-11-27,13:33:55,3.996900177,9.011599731,163.8413086,156.2259521,161.1358948,160.0065765,277.5586243,135.7518463,151.2106476,0,0,0.001037383,0.00017948
2020-11-27,13:33:56,3.997000122,9.011799622,163.8403015,156.2435303,161.1368866,160.0069275,277.5577087,135.7650604,151.1974335,0,0,0.001037383,0.00017948
2020-11-27,13:33:57,3.997100067,9.012000275,163.8403015,156.2599335,161.1375732,160.0073242,277.5566406,135.7764893,151.1859589,0,0,0.001037383,0.00017948
2020-11-27,13:33:58,3.997399902,9.01230011,163.8413086,156.2756653,161.1361084,160.0068054,277.558136,135.7887726,151.1736908,0,0,0.001037383,0.00017948
2020-11-27,13:33:59,3.997800064,9.012400055,163.8413086,156.2937317,161.1372375,160.0069275,277.5576782,135.8002014,151.1622162,0,0,0.001037383,0.00017948
2020-11-27,13:34:00,3.997600174,9.012599945,163.8413086,156.3099976,161.1364288,160.006485,277.55896,135.8118286,151.1505585,0,0,0.001037383,0.00017948
2020-11-27,13:34:01,3.997999954,9.012799835,163.840271,156.3270569,161.1360474,160.0066376,277.5585632,135.8230133,151.1393433,0,0,0.001037383,0.00017948
2020-11-27,13:34:02,3.998199844,9.01289978,163.840271,156.3442688,161.1362,160.0063629,277.5593567,135.8343811,151.1279449,0,0,0.001011595,0.00017948
2020-11-27,13:34:03,3.998500061,9.012999725,163.840271,156.3600006,161.1351776,160.0062408,277.5596008,135.84552,151.1168213,0,0,0.001011595,0.00017948
2020-11-27,13:34:04,3.998600006,9.013200378,163.8413696,156.3764343,161.1362152,160.0065765,277.5586243,135.8559723,151.1064606,0,0,0.001011595,0.00017948
2020-11-27,13:34:05,3.998899841,9.013300323,163.8403473,156.3930664,161.1355286,160.0060425,277.5601807,135.8676605,151.0948181,0,0,0.001011595,0.00017948
2020-11-27,13:34:06,3.998799896,9.013400269,163.8403473,156.410675,161.1353607,160.006485,277.5589294,135.8776093,151.0847778,0,0,0.001011595,0.00017948
2020-11-27,13:34:07,3.999100113,9.013500214,163.8403473,156.4261627,161.1368866,160.0058594,277.5606384,135.8877411,151.074707,0,0,0.001011595,0.00017948
2020-11-27,13:34:08,3.999300003,9.013600159,163.8403473,156.4423065,161.1358337,160.006485,277.559021,135.8978729,151.064621,0,0,0.001011595,0.00017948
2020-11-27,13:34:09,3.999200058,9.013700104,163.8403473,156.4604645,161.1361542,160.0058289,277.560791,135.9088135,151.0536499,0,0,0.001011595,0.000179382
2020-11-27,13:34:10,3.999599838,9.013800049,163.8403473,156.4752808,161.1366882,160.0060883,277.5600891,135.9187775,151.0436707,0,0,0.001072175,0.000179382
2020-11-27,13:34:11,3.99980011,9.013899994,163.8413544,156.4923706,161.1359863,160.0061493,277.5597839,135.9286652,151.0338898,0,0,0.001072175,0.000179382
2020-11-27,13:34:12,3.999700165,9.013899994,163.8413544,156.5083466,161.1358337,160.0059814,277.5603638,135.9380646,151.0244141,0,0,0.001025756,0.000179382
2020-11-27,13:34:13,3.999900055,9.013999939,163.8413544,156.5254211,161.1359558,160.0060883,277.5601196,135.9480133,151.0145111,0,0,0.001025756,0.000179382
2020-11-27,13:34:14,4.0,9.014099884,163.840332,156.5413818,161.1356659,160.0057678,277.5610657,135.9576416,151.0048676,0,0,0.001025756,0.000179382
2020-11-27,13:34:15,4.000099945,9.014099884,163.840332,156.5564728,161.1351776,160.0052032,277.562439,135.9665222,150.9960175,0,0,0.001025756,0.000179382
2020-11-27,13:34:16,4.0,9.014099884,163.840332,156.5724487,161.1362152,160.0054321,277.5617981,135.9759216,150.986618,0,0,0.001025756,0.000179382
2020-11-27,13:34:17,4.000299835,9.014199829,163.840332,156.5891724,161.1355438,160.0057678,277.5610046,135.985199,150.9773407,0,0,0.001025756,0.000179382
2020-11-27,13:34:18,4.000699997,9.014199829,163.840332,156.6056366,161.1349945,160.0052643,277.5623779,135.9932556,150.9693146,0,0,0.001025756,0.000179382
2020-11-27,13:34:19,4.000899887,9.014199829,163.840332,156.6213531,161.1360931,160.0057068,277.5612488,136.0024567,150.9601593,0,0,0.001025756,0.000179382
2020-11-27,13:34:20,4.001200104,9.014199829,163.8413696,156.637146,161.1344299,160.0047913,277.5635681,136.0112915,150.9513855,0,0,0.001025756,0.000179382
2020-11-27,13:34:21,4.000999832,9.014199829,163.8413696,156.6534882,161.1361389,160.0046387,277.5639648,136.0197601,150.9428864,0,0,0.001025756,0.000179382
2020-11-27,13:34:22,4.001300049,9.014199829,163.840332,156.6694794,161.1355438,160.0048676,277.563385,136.0277252,150.9349823,0,0,0.001025756,0.000179382
2020-11-27,13:34:23,4.001399994,9.014199829,163.8413391,156.684494,161.1352386,160.0046844,277.5639954,136.0361938,150.9264526,0,0,0.001025756,0.000179382
2020-11-27,13:34:24,4.001699829,9.014099884,163.8413391,156.7014008,161.1354523,160.0049896,277.5628967,136.0450897,150.9175873,0,0,0.001025756,0.000179382
2020-11-27,13:34:25,4.001800156,9.014099884,163.8413391,156.7170715,161.1361237,160.0046387,277.5639343,136.0531464,150.9096375,0,0,0.00108083,0.000179376
2020-11-27,13:34:26,4.001599884,9.014099884,163.8413391,156.7331085,161.1355896,160.0052643,277.5623779,136.0609741,150.9018707,0,0,0.00108083,0.000179376
2020-11-27,13:34:27,4.002000046,9.013999939,163.8413391,156.7487946,161.1361694,160.0046844,277.5638123,136.0688629,150.8939667,0,0,0.00108083,0.000179376
2020-11-27,13:34:28,4.001900101,9.014099884,163.8413391,156.7637329,161.1359406,160.0047913,277.5641785,136.0767517,150.8861084,0,0,0.00108083,0.000179358
2020-11-27,13:34:29,4.002199936,9.013999939,163.8413391,156.7796021,161.135025,160.0042572,277.5650635,136.0845032,150.8783722,0,0,0.001005476,0.000179358
2020-11-27,13:34:30,4.002099991,9.013899994,163.8413391,156.7949829,161.1353149,160.0045319,277.5643616,136.0920258,150.8708191,0,0,0.001005476,0.000179358
2020-11-27,13:34:31,4.002600098,9.013800049,163.8413391,156.811615,161.1356354,160.0040436,277.5657349,136.0997009,150.863205,0,0,0.001005476,0.000179358
2020-11-27,13:34:32,4.002399826,9.013800049,163.8413391,156.8272705,161.1353149,160.0042572,277.5649719,136.1074829,150.8554382,0,0,0.001005476,0.000179435
2020-11-27,13:34:33,4.002700043,9.013700104,163.8413391,156.8407135,161.13591,160.0040436,277.5658875,136.1139832,150.848938,0,0,0.001005476,0.000179435
2020-11-27,13:34:34,4.002799988,9.013600159,163.8413391,156.8570862,161.1352081,160.0042114,277.5652161,136.1215363,150.8413544,0,0,0.001005476,0.000179433
2020-11-27,13:34:35,4.002999878,9.013600159,163.8413391,156.8703766,161.1347351,160.0036316,277.5667114,136.1286163,150.8348083,0,0,0.001005476,0.000179433
2020-11-27,13:34:36,4.002899933,9.013500214,163.8413391,156.8864136,161.1364136,160.0031433,277.5681152,136.1352692,150.8276978,0,0,0.001005476,0.000179433
2020-11-27,13:34:37,4.003300095,9.013400269,163.8413391,156.9029388,161.1349792,160.003418,277.5673523,136.1427155,150.8202972,0,0,0.001005476,0.000179433
2020-11-27,13:34:38,4.003099823,9.013300323,163.8413391,156.9171143,161.1353912,160.0033569,277.5675354,136.1489716,150.8140564,0,0,0.001005476,0.000179433
2020-11-27,13:34:39,4.00359993,9.013200378,163.8413391,156.9328766,161.1367798,160.0031433,277.5680237,136.1560364,150.8070068,0,0,0.001005476,0.000179433
2020-11-27,13:34:40,4.00379982,9.01309967,163.8413391,156.9476471,161.1350861,160.0028229,277.5691833,136.1625977,150.8005371,0,0,0.001005476,0.000179433
2020-11-27,13:34:41,4.00359993,9.012999725,163.8413391,156.9624634,161.1360168,160.0029755,277.568573,136.1691895,150.7940521,0,0,0.001007923,0.000179525
2020-11-27,13:34:42,4.003900146,9.01289978,163.8413391,156.9779053,161.1362915,160.0033569,277.5675964,136.1759949,150.7872162,0,0,0.001007923,0.000179525
2020-11-27,13:34:43,4.003699875,9.012799835,163.8423462,156.9924622,161.1356812,160.002533,277.5698547,136.1821442,150.7810516,0,0,0.000976016,0.000179525
2020-11-27,13:34:44,4.004000092,9.012599945,163.8412628,157.0074921,161.1351318,160.0020905,277.5709534,136.188385,150.7748108,0,0,0.000976016,0.000179525
2020-11-27,13:34:45,4.004199982,9.0125,163.8412628,157.0209045,161.1354523,160.0024261,277.5700989,136.1948853,150.7683868,0,0,0.000976016,0.000179525
2020-11-27,13:34:46,4.004000092,9.012400055,163.8412628,157.0361938,161.1359558,160.0015411,277.5725403,136.200943,150.7623596,0,0,0.000976016,0.000179525
2020-11-27,13:34:47,4.004199982,9.012200165,163.8412628,157.0510406,161.1349182,160.0019379,277.5714417,136.2062836,150.7570496,0,0,0.000976016,0.000179525
2020-11-27,13:34:48,4.004399872,9.01230011,163.8412628,157.06604,161.1360626,160.00177,277.5718994,136.2124023,150.7509155,0,0,0.000976016,0.000179525
2020-11-27,13:34:49,4.004299927,9.012000275,163.8412628,157.0797119,161.1362915,160.0014801,277.5726318,136.2188263,150.7445374,0,0,0.000976016,0.000179525
2020-11-27,13:34:50,4.004600143,9.011799622,163.8412628,157.094162,161.135849,160.0018158,277.5718079,136.2245789,150.7388458,0,0,0.000976016,0.000179525
2020-11-27,13:34:51,4.004700089,9.011699677,163.8412628,157.1085205,161.1360779,160.0014191,277.5727844,136.2296295,150.7338104,0,0,0.000976016,0.000179434
2020-11-27,13:34:52,4.004899979,9.011499786,163.8412628,157.1222839,161.1362305,160.0009308,277.5743408,136.2349548,150.7284851,0,0,0.000976016,0.000179434
2020-11-27,13:34:53,4.005099869,9.011399841,163.8412628,157.1364899,161.1356659,160.0011444,277.5735779,136.2416077,150.7219086,0,0,0.000976016,0.000179434
2020-11-27,13:34:54,4.004999924,9.011199951,163.8422852,157.1507874,161.135498,160.0008698,277.5744629,136.2466736,150.7167969,0,0,0.000976016,0.000179434
2020-11-27,13:34:55,4.00530014,9.011100006,163.8412628,157.1639557,161.1355591,160.0009308,277.5742798,136.2521667,150.7114105,0,0,0.001067367,0.000179484
2020-11-27,13:34:56,4.005199814,9.010900116,163.8412628,157.1780548,161.135849,160.0004883,277.57547,136.2571869,150.7063141,0,0,0.001067367,0.000179484
2020-11-27,13:34:57,4.005400085,9.010700226,163.8412628,157.1918945,161.1352692,160.0007477,277.5746765,136.263382,150.7001953,0,0,0.001067367,0.000179484
2020-11-27,13:34:58,4.00530014,9.010500336,163.8423157,157.2057648,161.1360474,160.0003662,277.5757141,136.2681427,150.6954498,0,0,0.001067367,0.000179484
2020-11-27,13:34:59,4.005599976,9.010399628,163.8412781,157.2204895,161.1355896,160.0001526,277.576355,136.2733612,150.6902161,0,0,0.001067367,0.000179484
2020-11-27,13:35:00,4.005500031,9.010199738,163.8423157,157.2331085,161.1348877,159.9999542,277.5758972,136.2784576,150.6851959,0,0,0.001067367,0.000179484
2020-11-27,13:35:01,4.005599976,9.009999847,163.8423157,157.2473297,161.1363525,159.9998627,277.577179,136.2832794,150.6804047,0,0,0.001067367,0.000179484
2020-11-27,13:35:02,4.005699921,9.009799957,163.8423157,157.260498,161.1367188,160.0000153,277.5766907,136.2883453,150.6753387,0,0,0.001067367,0.000179484
2020-11-27,13:35:03,4.005799866,9.009600067,163.8423157,157.2740631,161.1361542,159.999588,277.5777893,136.2935944,150.6701508,0,0,0.001067367,0.000179484
2020-11-27,13:35:04,4.005899811,9.009400177,163.8423157,157.2879486,161.1364594,159.9994354,277.5783691,136.2982788,150.6655731,0,0,0.001067367,0.000179484
2020-11-27,13:35:05,4.005699921,9.009200287,163.8423157,157.2996826,161.1361694,159.9988708,277.5798035,136.302597,150.6612854,0,0,0.001067367,0.000179484
2020-11-27,13:35:06,4.006200027,9.008999634,163.8423157,157.3135071,161.1373444,159.9987183,277.5803528,136.3078308,150.6560211,0,0,0.001067367,0.000179484
2020-11-27,13:35:07,4.006100082,9.008799744,163.8423157,157.3267975,161.1369171,159.9988708,277.579834,136.3123932,150.6515198,0,0,0.001067367,0.000179484
2020-11-27,13:35:08,4.006200027,9.008599854,163.8423157,157.3391724,161.1378021,159.9987488,277.5801697,136.3174896,150.6464386,0,0,0.001067367,0.000179484
2020-11-27,13:35:09,4.006000137,9.008499908,163.8423157,157.3526917,161.1373749,159.9982605,277.5814819,136.3214722,150.6425171,0,0,0.001067367,0.000179484
2020-11-27,13:35:10,4.006399918,9.008599854,163.8423157,157.3654022,161.1376495,159.9980316,277.5822144,136.3259735,150.6379852,0,0,0.001070514,0.000179484
2020-11-27,13:35:11,4.006200027,9.008699799,163.8423157,157.3770294,161.1369324,159.9976044,277.583374,136.3304901,150.6334991,0,0,0.001070514,0.000179484
2020-11-27,13:35:12,4.006499863,9.008699799,163.8423157,157.3899994,161.1374817,159.9972992,277.5840454,136.3352203,150.6288605,0,0,0.001070514,0.000179484
2020-11-27,13:35:13,4.006100082,9.008799744,163.8423157,157.402359,161.1372833,159.9976044,277.5834045,136.3396301,150.6244965,0,0,0.001070514,0.000179484
2020-11-27,13:35:14,4.006399918,9.008799744,163.8412933,157.4158936,161.138031,159.9974213,277.5838318,136.3435364,150.6205444,0,0,0.001070514,0.000179484
2020-11-27,13:35:15,4.006299973,9.008899689,163.8412933,157.4281921,161.1373749,159.9968109,277.5854797,136.3477783,150.616333,0,0,0.001070514,0.000179484
2020-11-27,13:35:16,4.006600189,9.008899689,163.8412933,157.4395142,161.1370697,159.9970398,277.5849304,136.3526154,150.611557,0,0,0.001070514,0.000179484
2020-11-27,13:35:17,4.006800079,9.008899689,163.8423004,157.4526978,161.1382599,159.9965668,277.5861206,136.3562775,150.6079102,0,0,0.001070514,0.000179484
2020-11-27,13:35:18,4.006900024,9.008899689,163.8423004,157.4655304,161.1386414,159.996521,277.5862122,136.3601837,150.6039886,0,0,0.001070514,0.000179484
2020-11-27,13:35:19,4.006800079,9.008899689,163.8423004,157.476532,161.1394043,159.9964142,277.5865784,136.3647614,150.5994568,0,0,0.001070514,0.000179484
2020-11-27,13:35:20,4.006900024,9.008899689,163.8423004,157.4885712,161.1399689,159.9962006,277.5873108,136.3685913,150.5957031,0,0,0.001070514,0.000179484
2020-11-27,13:35:21,4.006800079,9.008899689,163.8423004,157.5000763,161.1394348,159.9963684,277.586792,136.3722534,150.592041,0,0,0.00109132,0.000179541
2020-11-27,13:35:22,4.007400131,9.008899689,163.8423004,157.5118866,161.1401367,159.9960938,277.5875549,136.3765106,150.5878143,0,0,0.00109097,0.000179541
2020-11-27,13:35:23,4.007500076,9.008899689,163.8423004,157.5237274,161.1385498,159.9957581,277.5884399,136.3803253,150.5840454,0,0,0.001085725,0.00017962
2020-11-27,13:35:24,4.007300186,9.008799744,163.8423004,157.5343933,161.1399078,159.9954224,277.589386,136.3833923,150.5809479,0,0,0.001085725,0.000179397
2020-11-27,13:35:25,4.007600021,9.008899689,163.8423004,157.5466309,161.1406403,159.9953308,277.5896301,136.3880005,150.5763855,0,0,0.001085725,0.000179397
2020-11-27,13:35:26,4.007500076,9.008699799,163.8423004,157.5581512,161.1395569,159.9952545,277.5898132,136.3914948,150.5729065,0,0,0.001085725,0.000179397
2020-11-27,13:35:27,4.007699966,9.008699799,163.8423004,157.5694427,161.1405182,159.9950867,277.5903015,136.3949127,150.5695496,0,0,0.001116408,0.000179425
2020-11-27,13:35:28,4.007400131,9.008699799,163.8423004,157.5809326,161.1401367,159.9951477,277.5899658,136.3981323,150.5662537,0,0,0.001116408,0.000179614
2020-11-27,13:35:29,4.007500076,9.008599854,163.8423004,157.5915985,161.1404724,159.9945526,277.5917969,136.4024658,150.5619965,0,0,0.001142022,0.000179611
2020-11-27,13:35:30,4.007400131,9.008599854,163.8423004,157.6025848,161.1413422,159.994278,277.5925598,136.4053955,150.5590668,0,0,0.001142022,0.000179611
2020-11-27,13:35:31,4.007500076,9.008499908,163.8412476,157.6138458,161.1407318,159.993988,277.5933533,136.4095459,150.5549622,0,0,0.001142022,0.000179611
2020-11-27,13:35:32,4.007400131,9.008399963,163.8412476,157.6238403,161.1411285,159.9943085,277.5923767,136.4123688,150.552124,0,0,0.001142022,0.000179611
2020-11-27,13:35:33,4.007500076,9.008300018,163.8412476,157.6344299,161.1410828,159.9936371,277.5941162,136.4156342,150.5489349,0,0,0.001142022,0.000179611
2020-11-27,13:35:34,4.007400131,9.008200073,163.8432922,157.6450806,161.1413116,159.993988,277.5931702,136.4192963,150.5452881,0,0,0.001142022,0.000179611
2020-11-27,13:35:35,4.007699966,9.008200073,163.8432922,157.6561584,161.1410217,159.993576,277.5943298,136.4220428,150.5426025,0,0,0.001142022,0.000179611
2020-11-27,13:35:36,4.008000183,9.008000183,163.8432922,157.6669769,161.1420135,159.993927,277.5934753,136.4254456,150.5392151,0,0,0.001110464,0.000179611
2020-11-27,13:35:37,4.007799911,9.008100128,163.8422241,157.6769409,161.1422729,159.9932098,277.5954285,136.4287872,150.5358887,0,0,0.001124451,0.000179611
2020-11-27,13:35:38,4.007699966,9.007900238,163.8422241,157.6858673,161.1417694,159.992981,277.5959473,136.4320221,150.5326691,0,0,0.001124451,0.000179534
2020-11-27,13:35:39,4.007899857,9.007800293,163.8422241,157.6963501,161.1424866,159.993576,277.5944214,136.4346924,150.5299988,0,0,0.001124451,0.000179534
2020-11-27,13:35:40,4.008000183,9.00759964,163.8422241,157.7065125,161.1416779,159.9927521,277.5965881,136.4386902,150.5261078,0,0,0.001124451,0.000179534
2020-11-27,13:35:41,4.007899857,9.007499695,163.8422241,157.71698,161.1417542,159.9924164,277.5975647,136.4419403,150.5229187,0,0,0.001124451,0.000179534
2020-11-27,13:35:42,4.008100128,9.00739975,163.8422241,157.7264709,161.1425476,159.9922638,277.5979309,136.4443665,150.5204926,0,0,0.001124451,0.000179534
2020-11-27,13:35:43,4.008200073,9.007299805,163.8422241,157.7361755,161.1430054,159.9925842,277.5970764,136.4472656,150.5175781,0,0,0.001124451,0.000179534
2020-11-27,13:35:44,4.008100128,9.007099915,163.8422241,157.7458344,161.1440277,159.991806,277.5991211,136.4503632,150.5145111,0,0,0.001124451,0.000179534
2020-11-27,13:35:45,4.008300018,9.00719986,163.8422241,157.7548523,161.1431427,159.9924164,277.5975647,136.4528503,150.5121002,0,0,0.001124451,0.000179534
2020-11-27,13:35:46,4.008300018,9.006900024,163.8422241,157.7654419,161.1437836,159.9919586,277.5987244,136.4554443,150.5095062,0,0,0.001124451,0.000179534
2020-11-27,13:35:47,4.008599854,9.006700134,163.8432312,157.7749481,161.1430359,159.9914856,277.6001282,136.4589539,150.506073,0,0,0.001124451,0.000179534
2020-11-27,13:35:48,4.00870018,9.006600189,163.8432312,157.7822571,161.1433563,159.9921417,277.5982361,136.4610138,150.5039673,0,0,0.001124451,0.000179534
2020-11-27,13:35:49,4.008499908,9.006400299,163.8432312,157.7913513,161.143631,159.9914856,277.6000977,136.4642639,150.5007324,0,0,0.001124451,0.000179534
2020-11-27,13:35:50,4.008800125,9.006300354,163.8422241,157.801239,161.1443787,159.9910889,277.6011047,136.4671173,150.4979553,0,0,0.001124451,0.000179534
2020-11-27,13:35:51,4.008499908,9.006099701,163.8422241,157.8089294,161.1439514,159.990921,277.6016846,136.4700928,150.4949036,0,0,0.001124451,0.000179534
2020-11-27,13:35:52,4.00870018,9.005899811,163.8432617,157.8190613,161.1446228,159.9910431,277.6012878,136.473175,150.4919281,0,0,0.001124451,0.000179534
2020-11-27,13:35:53,4.008499908,9.005799866,163.8432617,157.8276825,161.1454468,159.9906616,277.6025085,136.4753571,150.4897156,0,0,0.001124451,0.000179534
2020-11-27,13:35:54,4.00870018,9.005599976,163.8432617,157.8361206,161.1448212,159.9908295,277.6018982,136.4778442,150.4872131,0,0,0.001124451,0.000179534
2020-11-27,13:35:55,4.008599854,9.005500031,163.8422546,157.8437347,161.1456299,159.9906006,277.6026611,136.480423,150.484726,0,0,0.001124451,0.000179534
2020-11-27,13:35:56,4.00870018,9.00530014,163.8422546,157.8533173,161.1460266,159.9905548,277.6027527,136.4832458,150.4819489,0,0,0.001124451,0.000179534
2020-11-27,13:35:57,4.008499908,9.00510025,163.8422546,157.8612671,161.1455383,159.9902649,277.6034851,136.4854431,150.4797516,0,0,0.001124451,0.000179534
2020-11-27,13:35:58,4.008399963,9.00490036,163.8432922,157.8696899,161.1459351,159.9897614,277.6047974,136.4873352,150.4778595,0,0,0.001124451,0.000179534
2020-11-27,13:35:59,4.008599854,9.004699707,163.8432922,157.8781433,161.14505,159.9895935,277.6052551,136.4898529,150.4754181,0,0,0.001124451,0.000179382
2020-11-27,13:36:00,4.00870018,9.004499817,163.8432922,157.8854065,161.1457825,159.9897003,277.6055298,136.4925995,150.4726257,0,0,0.001124451,0.000179382
2020-11-27,13:36:01,4.008499908,9.004399872,163.8432922,157.8944244,161.1451721,159.9899292,277.6045532,136.4952698,150.469986,0,0,0.001124451,0.000179382
2020-11-27,13:36:02,4.00870018,9.004199982,163.8432922,157.9016876,161.1452332,159.9893036,277.6060181,136.4982758,150.4670105,0,0,0.001124451,0.000179444
2020-11-27,13:36:03,4.008499908,9.004000092,163.8432922,157.9089966,161.1455841,159.9894562,277.6056213,136.5004272,150.4648132,0,0,0.001124451,0.00017945
2020-11-27,13:36:04,4.00870018,9.003800201,163.8432922,157.9167633,161.1459961,159.9891968,277.6065063,136.5020905,150.4632111,0,0,0.001124451,0.00017945
2020-11-27,13:36:05,4.008599854,9.003500366,163.8432922,157.9240875,161.146347,159.9885864,277.6080627,136.5045166,150.4608002,0,0,0.001124451,0.00017945
2020-11-27,13:36:06,4.00870018,9.003399658,163.8432922,157.9331818,161.1451263,159.9891357,277.6066284,136.5067444,150.4586182,0,0,0.001124451,0.00017945
2020-11-27,13:36:07,4.00890007,9.003099823,163.8432922,157.9391632,161.1459198,159.9888611,277.6073303,136.5089111,150.4564667,0,0,0.001124451,0.00017945
2020-11-27,13:36:08,4.008800125,9.002899933,163.8432922,157.9463959,161.1457977,159.9883728,277.6086426,136.5114136,150.4539337,0,0,0.001124451,0.00017945
2020-11-27,13:36:09,4.00890007,9.002700043,163.8432922,157.9538727,161.1459198,159.9881592,277.6092529,136.5134277,150.4519653,0,0,0.001124451,0.00017945
2020-11-27,13:36:10,4.008800125,9.002500153,163.8422241,157.9605713,161.1457214,159.9884186,277.6085205,136.5156555,150.4497681,0,0,0.001124451,0.00017945
2020-11-27,13:36:11,4.00890007,9.002200317,163.8432465,157.9679871,161.1463623,159.9878693,277.6100464,136.5176849,150.4477844,0,0,0.001124451,0.00017945
2020-11-27,13:36:12,4.009000015,9.001999664,163.8432465,157.9750214,161.1448975,159.9880829,277.6094666,136.5198517,150.4455872,0,0,0.001124451,0.000179495
2020-11-27,13:36:13,4.008800125,9.001799774,163.8432465,157.9827576,161.146698,159.9877625,277.610321,136.5220947,150.4433746,0,0,0.001124451,0.000179495
2020-11-27,13:36:14,4.009000015,9.001599884,163.8432465,157.9891205,161.145752,159.9877014,277.6105347,136.5240021,150.4414368,0,0,0.001124451,0.000179463
2020-11-27,13:36:15,4.00890007,9.001300049,163.8432465,157.996521,161.1462402,159.9875946,277.6101685,136.5262451,150.439209,0,0,0.001124451,0.000179463
2020-11-27,13:36:16,4.008800125,9.001100159,163.8432465,158.0017395,161.1465759,159.9878235,277.6107178,136.528183,150.4373627,0,0,0.001124451,0.000179463
2020-11-27,13:36:17,4.00909996,9.000900269,163.8432465,158.008316,161.1456909,159.9870453,277.6122131,136.5299072,150.4356079,0,0,0.001124451,0.000179463
2020-11-27,13:36:18,4.008800125,9.00059967,163.8432465,158.0146942,161.1469574,159.9869843,277.6125488,136.5322418,150.4333344,0,0,0.001124451,0.000179463
2020-11-27,13:36:19,4.00870018,9.00039978,163.8432465,158.0214081,161.147171,159.9870453,277.6120911,136.5339355,150.4316559,0,0,0.001124451,0.000179463
2020-11-27,13:36:20,4.00909996,9.000099945,163.8443451,158.0265808,161.1467743,159.9869843,277.6127014,136.5361786,150.4294128,0,0,0.001124451,0.000179463
2020-11-27,13:36:21,4.008800125,8.999900055,163.8443451,158.0340271,161.145874,159.986618,277.6135559,136.5377655,150.4278412,0,0,0.001124451,0.000179463
2020-11-27,13:36:22,4.009000015,8.999700165,163.8421631,158.0393677,161.1459351,159.9863281,277.6143188,136.5395813,150.4260406,0,0,0.001124451,0.000179463
2020-11-27,13:36:23,4.008800125,8.99940033,163.8432465,158.0464783,161.146698,159.9860535,277.6150513,136.54216,150.4234467,0,0,0.001176552,0.000179385
2020-11-27,13:36:24,4.009000015,8.999199677,163.8432465,158.0526123,161.145813,159.9858704,277.6155701,136.5435181,150.4221191,0,0,0.001176552,0.000179466
2020-11-27,13:36:25,4.00870018,8.998899841,163.8432465,158.0570068,161.146286,159.9862671,277.6143799,136.5456696,150.4199677,0,0,0.001171744,0.000179466
2020-11-27,13:36:26,4.00890007,8.998600006,163.8432465,158.0635376,161.1468964,159.9859161,277.6153564,136.5471649,150.4185028,0,0,0.001171744,0.000179466
2020-11-27,13:36:27,4.008599854,8.998400116,163.8442841,158.0686951,161.1470947,159.9854126,277.6167297,136.5491791,150.4165192,0,0,0.001171744,0.000179466
2020-11-27,13:36:28,4.00870018,8.998100281,163.8432617,158.0757294,161.1462708,159.985733,277.6158752,136.5509338,150.4148102,0,0,0.001171744,0.000179466
2020-11-27,13:36:29,4.008599854,8.997799683,163.8432617,158.0806732,161.1467896,159.98526,277.6172485,136.5525208,150.413269,0,0,0.001171744,0.000179466
2020-11-27,13:36:30,4.00870018,8.997599792,163.8432617,158.0856934,161.1455536,159.9849091,277.6180725,136.5545044,150.4112396,0,0,0.001171744,0.000179466
2020-11-27,13:36:31,4.008499908,8.997299957,163.8432617,158.0917053,161.146637,159.98526,277.617157,136.5563354,150.4094238,0,0,0.001171744,0.000179466
2020-11-27,13:36:32,4.008300018,8.997100067,163.8432617,158.0962219,161.1458435,159.9848633,277.6182251,136.5578461,150.4078979,0,0,0.001171744,0.000179466
2020-11-27,13:36:33,4.008499908,8.996800232,163.8432617,158.1022797,161.1469269,159.9855347,277.6165161,136.559494,150.40625,0,0,0.001171744,0.000179466
2020-11-27,13:36:34,4.008300018,8.996499634,163.8432617,158.107666,161.1473541,159.9848175,277.6183167,136.5606537,150.4051056,0,0,0.001171744,0.000179466
2020-11-27,13:36:35,4.008499908,8.996199799,163.8432617,158.112915,161.1460419,159.984436,277.6195984,136.5627594,150.4030609,0,0,0.001171744,0.000179466
2020-11-27,13:36:36,4.008100128,8.995899963,163.8432617,158.1174774,161.1464081,159.9845886,277.6190491,136.5641022,150.4017334,0,0,0.001171744,0.000179466
2020-11-27,13:36:37,4.007899857,8.995700073,163.8432617,158.1228943,161.1462708,159.984375,277.6196899,136.5665131,150.3993073,0,0,0.001171744,0.000179466
2020-11-27,13:36:38,4.008000183,8.995400238,163.8432617,158.1272278,161.145462,159.9844818,277.6192932,136.567688,150.3981628,0,0,0.001171744,0.000179466
2020-11-27,13:36:39,4.007899857,8.99509964,163.8432617,158.1331787,161.1464081,159.9840393,277.620575,136.5691833,150.3967133,0,0,0.001171744,0.000179624
2020-11-27,13:36:40,4.008200073,8.994799805,163.8432617,158.137085,161.1468506,159.9838715,277.6200867,136.5708466,150.3950043,0,0,0.001171744,0.000179624
2020-11-27,13:36:41,4.008300018,8.994499969,163.8432617,158.1414337,161.1462097,159.984314,277.6208496,136.5722656,150.3936157,0,0,0.001171744,0.000179624
2020-11-27,13:36:42,4.008000183,8.994200134,163.8432617,158.146637,161.1463623,159.9833984,277.622345,136.5735168,150.3924103,0,0,0.001171744,0.000179624
2020-11-27,13:36:43,4.008100128,8.994000244,163.8442841,158.1508179,161.1466522,159.9831543,277.6229248,136.5747528,150.391098,0,0,0.001171744,0.000179624
2020-11-27,13:36:44,4.007799911,8.993599701,163.8432617,158.1553802,161.1464386,159.9830017,277.6233521,136.5761261,150.389801,0,0,0.001171744,0.000179624
2020-11-27,13:36:45,4.007899857,8.993399811,163.8432617,158.1613464,161.1472168,159.9833984,277.622467,136.5778503,150.388092,0,0,0.001171744,0.000179624
2020-11-27,13:36:46,4.007699966,8.993099976,163.8442688,158.1652222,161.1458435,159.9830627,277.623291,136.5793457,150.3866425,0,0,0.001171744,0.000179624
2020-11-27,13:36:47,4.007500076,8.99280014,163.8432465,158.1692047,161.1463776,159.9831543,277.6229858,136.5808411,150.3851013,0,0,0.001171744,0.000179624
2020-11-27,13:36:48,4.00719986,8.99260025,163.8442535,158.1729889,161.1466522,159.9828796,277.6237793,136.5818329,150.38414,0,0,0.001171744,0.000179624
2020-11-27,13:36:49,4.007400131,8.992500305,163.8442535,158.1781616,161.1468506,159.9832153,277.6228027,136.5841827,150.3817902,0,0,0.001171744,0.000179624
2020-11-27,13:36:50,4.00719986,8.993199921,163.8421326,158.1832886,161.1462402,159.9826813,277.6242981,136.5848389,150.3811493,0,0,0.001171744,0.000179624
2020-11-27,13:36:51,4.007300186,8.993699646,163.8431396,158.1867218,161.1456757,159.9823456,277.6250916,136.586319,150.3796844,0,0,0.001171744,0.000179494
2020-11-27,13:36:52,4.007400131,8.994300079,163.8431396,158.1916351,161.1465912,159.9824066,277.6253052,136.5877686,150.3783417,0,0,0.001171744,0.000179494
2020-11-27,13:36:53,4.007300186,8.994799805,163.8431396,158.1955414,161.14711,159.9819794,277.6261597,136.5893555,150.37677,0,0,0.001171744,0.000179494
2020-11-27,13:36:54,4.007400131,8.995300293,163.8431396,158.199295,161.1466064,159.9820251,277.6263123,136.5904236,150.3757172,0,0,0.001171744,0.000179494
2020-11-27,13:36:55,4.007300186,8.995800018,163.8431396,158.2037048,161.1476746,159.9817657,277.6268616,136.5911102,150.3750458,0,0,0.001171744,0.000179494
2020-11-27,13:36:56,4.007099915,8.996399689,163.8431396,158.2079163,161.14711,159.9819794,277.6262207,136.5921021,150.374054,0,0,0.001171744,0.000179494
2020-11-27,13:36:57,4.006900024,8.996800232,163.8431396,158.2110138,161.1458435,159.981369,277.6278687,136.5940399,150.3720856,0,0,0.001171744,0.000179494
2020-11-27,13:36:58,4.006999969,8.997299957,163.8431396,158.2149048,161.1464081,159.9817657,277.6268616,136.5947876,150.3713989,0,0,0.001171744,0.000179494
2020-11-27,13:36:59,4.006700134,8.998200226,163.8431396,158.2196808,161.1477814,159.9820862,277.6259766,136.5962677,150.3699036,0,0,0.001171744,0.000179494
2020-11-27,13:37:00,4.006900024,8.999199677,163.8431396,158.2227173,161.1469879,159.9812622,277.6281738,136.5975342,150.3686829,0,0,0.001171744,0.000179494
2020-11-27,13:37:01,4.006800079,9.000099945,163.8431396,158.2267456,161.1462708,159.9811554,277.6278687,136.5978699,150.3683319,0,0,0.001171744,0.000179494
2020-11-27,13:37:02,4.006900024,9.001100159,163.8431396,158.2312622,161.1465759,159.9815826,277.6272278,136.5991974,150.3669891,0,0,0.001171744,0.000179494
2020-11-27,13:37:03,4.006600189,9.002100372,163.8431396,158.2344055,161.1475525,159.9814301,277.6277161,136.6006012,150.3656464,0,0,0.001171744,0.000179494
2020-11-27,13:37:04,4.006700134,9.002899933,163.8431396,158.2384338,161.146286,159.981369,277.6279602,136.6014252,150.3648376,0,0,0.001213005,0.000179494
2020-11-27,13:37:05,4.006299973,9.003700256,163.8441772,158.2417755,161.1461334,159.9814758,277.627655,136.6016998,150.3645172,0,0,0.001213005,0.000179494
2020-11-27,13:37:06,4.006200027,9.004499817,163.8441772,158.2455139,161.1468964,159.981369,277.6278992,136.603363,150.3629608,0,0,0.001213005,0.000179435
2020-11-27,13:37:07,4.006399918,9.005200195,163.8441772,158.2501068,161.1461792,159.9809723,277.6289978,136.6039429,150.3622742,0,0,0.001213005,0.000179435
2020-11-27,13:37:08,4.006299973,9.005899811,163.8441772,158.2537079,161.1471405,159.9812012,277.6282654,136.6043549,150.3618927,0,0,0.001213005,0.000179435
2020-11-27,13:37:09,4.006299973,9.006500244,163.8441772,158.2576599,161.1464081,159.981369,277.6279297,136.6054382,150.3608856,0,0,0.001213005,0.000179435
2020-11-27,13:37:10,4.006399918,9.006600189,163.8441772,158.2607727,161.1481934,159.9816284,277.6271667,136.6062622,150.3600311,0,0,0.001213005,0.000179435
2020-11-27,13:37:11,4.006100082,9.006600189,163.8441772,158.2647095,161.1466522,159.9812622,277.6282043,136.6069336,150.359375,0,0,0.001213005,0.000179435
2020-11-27,13:37:12,4.006399918,9.006600189,163.8441772,158.2681122,161.1461639,159.9811554,277.628418,136.6073761,150.3589478,0,0,0.001213005,0.000179435
2020-11-27,13:37:13,4.006000137,9.006600189,163.8441772,158.27211,161.1468964,159.981369,277.6279602,136.6077881,150.3585663,0,0,0.001213005,0.000179435
2020-11-27,13:37:14,4.006100082,9.006500244,163.8441772,158.276123,161.1464081,159.9808655,277.6291504,136.609024,150.357254,0,0,0.001215278,0.000179435
2020-11-27,13:37:15,4.005899811,9.006500244,163.8441772,158.2794189,161.1471558,159.981369,277.6279297,136.6093445,150.3570251,0,0,0.001215278,0.000179435
2020-11-27,13:37:16,4.006000137,9.006400299,163.8441772,158.2837219,161.1473389,159.9810944,277.6286926,136.6089325,150.3574982,0,0,0.001237394,0.000179435
2020-11-27,13:37:17,4.005799866,9.006400299,163.8441772,158.2868805,161.1466217,159.9812622,277.6282043,136.6101074,150.3561859,0,0,0.001237394,0.000179435
2020-11-27,13:37:18,4.005699921,9.006300354,163.8441772,158.2891846,161.1464386,159.9810486,277.6288757,136.6107635,150.3555298,0,0,0.001237394,0.000179435
2020-11-27,13:37:19,4.005500031,9.006199646,163.8441772,158.2947235,161.1475677,159.9816284,277.6270752,136.6113434,150.3549347,0,0,0.001237394,0.000179435
2020-11-27,13:37:20,4.005799866,9.006199646,163.8441772,158.2975464,161.145874,159.9811554,277.6285095,136.612442,150.3538971,0,0,0.001237394,0.000179435
2020-11-27,13:37:21,4.005599976,9.006099701,163.8441772,158.3022614,161.1469421,159.9814758,277.6274414,136.6127014,150.3535919,0,0,0.001272186,0.000179435
2020-11-27,13:37:22,4.005699921,9.005999756,163.8441772,158.3045349,161.1468658,159.9815826,277.6277161,136.6131897,150.3531952,0,0,0.001223932,0.000179435
2020-11-27,13:37:23,4.005400085,9.005899811,163.8441772,158.3088074,161.1472168,159.9811554,277.628418,136.6130219,150.3533478,0,0,0.001223932,0.000179435
2020-11-27,13:37:24,4.005500031,9.005799866,163.8441772,158.3116913,161.1465302,159.9814301,277.6277771,136.6135406,150.352829,0,0,0.001223932,0.000179435
2020-11-27,13:37:25,4.005199814,9.005699921,163.8441772,158.3159027,161.1474457,159.9812622,277.6281738,136.6143646,150.3520203,0,0,0.001223932,0.000179597
2020-11-27,13:37:26,4.005099869,9.005500031,163.8441772,158.3192596,161.1467743,159.9815369,277.6273804,136.6144409,150.3518982,0,0,0.001223932,0.000179479
2020-11-27,13:37:27,4.004800034,9.005400085,163.8441772,158.3230133,161.145752,159.9807587,277.6294861,136.6142883,150.3520966,0,0,0.001223932,0.000179479
2020-11-27,13:37:28,4.004700089,9.00530014,163.8441772,158.3268127,161.147049,159.9814301,277.6277466,136.6151123,150.3512573,0,0,0.001223932,0.000179479
2020-11-27,13:37:29,4.004999924,9.005200195,163.8441772,158.3314667,161.146698,159.9812622,277.6281128,136.6155243,150.3507996,0,0,0.001223932,0.000179479
2020-11-27,13:37:30,4.004800034,9.005000305,163.8441772,158.332901,161.1473236,159.9814301,277.6277771,136.6166382,150.3498383,0,0,0.001223932,0.000179479
2020-11-27,13:37:31,4.004700089,9.00490036,163.8431702,158.338028,161.1468658,159.9818115,277.62677,136.6163483,150.3500519,0,0,0.001279792,0.000179479
2020-11-27,13:37:32,4.004299927,9.004699707,163.8442688,158.34198,161.1474152,159.9812622,277.6281433,136.6167908,150.3496094,0,0,0.001304269,0.000179479
2020-11-27,13:37:33,4.004600143,9.004599762,163.8442688,158.345047,161.1461792,159.9816895,277.6269226,136.6166992,150.3496399,0,0,0.001304269,0.000179479
2020-11-27,13:37:34,4.004299927,9.004399872,163.8442688,158.3483429,161.1468048,159.9815826,277.6272583,136.6172028,150.3491364,0,0,0.001304269,0.000179479
2020-11-27,13:37:35,4.003900146,9.004199982,163.8442688,158.3514404,161.1478882,159.981369,277.6278687,136.61763,150.3488007,0,0,0.001304269,0.000179479
2020-11-27,13:37:36,4.004100037,9.004000092,163.8442688,158.3566284,161.148056,159.9818726,277.6265869,136.618042,150.3483887,0,0,0.001304269,0.000179682
2020-11-27,13:37:37,4.003699875,9.003900146,163.8442688,158.3600769,161.1486511,159.981369,277.6278992,136.6181946,150.3482361,0,0,0.001304269,0.000179682
2020-11-27,13:37:38,4.004000092,9.003700256,163.8442688,158.3632965,161.1465759,159.9816895,277.6270142,136.6186829,150.3477325,0,0,0.001304269,0.000179682
2020-11-27,13:37:39,4.003699875,9.003500366,163.8442688,158.3678894,161.1461029,159.9819336,277.6263428,136.618454,150.3479156,0,0,0.001304269,0.000179682
2020-11-27,13:37:40,4.00359993,9.003299713,163.8442688,158.3723602,161.1477509,159.981369,277.6278687,136.6192932,150.3471527,0,0,0.001304269,0.000179682
2020-11-27,13:37:41,4.003699875,9.003099823,163.8442688,158.375946,161.1472931,159.9815826,277.6272583,136.6192017,150.3472748,0,0,0.001279092,0.000179682
2020-11-27,13:37:42,4.00340004,9.002899933,163.8442688,158.379776,161.1475983,159.9817657,277.6268005,136.6196136,150.3468323,0,0,0.001279092,0.000179479
2020-11-27,13:37:43,4.003499985,9.002700043,163.8442688,158.3834076,161.1464386,159.9819336,277.6262512,136.619873,150.3466187,0,0,0.001273672,0.000179479
2020-11-27,13:37:44,4.00320015,9.002500153,163.8442688,158.3870697,161.1460571,159.9815826,277.6271973,136.6199341,150.3464813,0,0,0.001273672,0.000179479
2020-11-27,13:37:45,4.00340004,9.002300262,163.8442688,158.3919678,161.1473236,159.981369,277.6279297,136.6200409,150.346344,0,0,0.001273672,0.000179479
2020-11-27,13:37:46,4.002999878,9.002100372,163.8442688,158.3954926,161.1468353,159.9818115,277.62677,136.6197052,150.3466949,0,0,0.001273672,0.000179431
2020-11-27,13:37:47,4.00320015,9.001899719,163.8442688,158.4002075,161.146225,159.9809113,277.6291199,136.6208649,150.3455963,0,0,0.001252517,0.000179519
2020-11-27,13:37:48,4.002600098,9.001699829,163.8442688,158.4041748,161.1476135,159.9816895,277.6270142,136.6204529,150.3460541,0,0,0.001252517,0.00017937
2020-11-27,13:37:49,4.002500153,9.001399994,163.8442688,158.4083252,161.1472473,159.9814758,277.6264343,136.6213684,150.345047,0,0,0.001252517,0.00017937
2020-11-27,13:37:50,4.002399826,9.001200104,163.8442688,158.4115906,161.1481171,159.9811554,277.6285095,136.6207733,150.3456268,0,0,0.001252517,0.00017937
2020-11-27,13:37:51,4.002099991,9.000900269,163.8442688,158.4162598,161.1476135,159.9818115,277.6267395,136.6203003,150.3461304,0,0,0.001252517,0.000179538
2020-11-27,13:37:52,4.001800156,9.000700378,163.8442688,158.4203949,161.1471252,159.9812012,277.6282349,136.6211243,150.3452759,0,0,0.001258637,0.000179538
2020-11-27,13:37:53,4.002000046,9.000499725,163.8442688,158.425354,161.147522,159.9810944,277.6287537,136.6212006,150.3452148,0,0,0.001258637,0.000179538
2020-11-27,13:37:54,4.001800156,9.00019989,163.8442688,158.4295349,161.1466827,159.9812622,277.6282043,136.6210327,150.3453979,0,0,0.001258637,0.000179538
2020-11-27,13:37:55,4.001599884,9.0,163.8442688,158.4326782,161.1477661,159.9816895,277.6268921,136.6217041,150.344696,0,0,0.001258637,0.000179538
2020-11-27,13:37:56,4.001399994,8.99980011,163.8432617,158.437912,161.1475067,159.9807587,277.6296082,136.6212006,150.3452454,0,0,0.001258637,0.000179538
2020-11-27,13:37:57,4.001200104,8.999500275,163.8442993,158.4417114,161.1466522,159.9811554,277.6284485,136.6216278,150.3448181,0,0,0.001261609,0.000179702
2020-11-27,13:37:58,4.000899887,8.999199677,163.8432007,158.4460907,161.1472321,159.9812012,277.6282959,136.6221313,150.3443604,0,0,0.001198406,0.000179565
2020-11-27,13:37:59,4.000999832,8.998999786,163.8432007,158.4509125,161.1477051,159.9810486,277.6287842,136.6215515,150.3448792,0,0,0.001198406,0.000179597
2020-11-27,13:38:00,4.000600052,8.998699951,163.8442841,158.4555969,161.1473999,159.9814758,277.6275635,136.6219482,150.3444824,0,0,0.001198406,0.00017957
2020-11-27,13:38:01,4.000500107,8.998400116,163.8442841,158.4602051,161.1478119,159.9814301,277.6278076,136.6221313,150.3442993,0,0,0.001198406,0.00017957
2020-11-27,13:38:02,4.00019989,8.998100281,163.8442841,158.464798,161.1470947,159.9808655,277.6292725,136.6213684,150.345047,0,0,0.001198406,0.000179642
2020-11-27,13:38:03,4.0,8.997899628,163.8442841,158.4693909,161.1479034,159.9810944,277.6287537,136.6220398,150.3444061,0,0,0.001198406,0.000179642
2020-11-27,13:38:04,3.99980011,8.997599792,163.8442841,158.4739227,161.1485596,159.9806519,277.6298523,136.6217804,150.3446503,0,0,0.001198406,0.000179642
2020-11-27,13:38:05,3.999499893,8.997299957,163.843277,158.4791718,161.1472321,159.9811554,277.6285095,136.6215515,150.3449554,0,0,0.001198406,0.000179642
2020-11-27,13:38:06,3.999300003,8.997000122,163.843277,158.4836731,161.1483307,159.9806519,277.6298828,136.6216278,150.3448334,0,0,0.001198406,0.000179642
2020-11-27,13:38:07,3.999399948,8.996700287,163.8442993,158.4889832,161.1485443,159.9811554,277.62854,136.6221313,150.3443909,0,0,0.001198406,0.000179642
2020-11-27,13:38:08,3.999100113,8.996499634,163.8442993,158.4930725,161.1476288,159.9811554,277.628418,136.6217041,150.3447571,0,0,0.001198406,0.000179642
2020-11-27,13:38:09,3.998899841,8.996199799,163.8442993,158.4986572,161.1485138,159.9804382,277.6303711,136.6214752,150.344986,0,0,0.001293341,0.000179642
2020-11-27,13:38:10,3.998699951,8.995899963,163.8442993,158.503418,161.148819,159.9808044,277.6293335,136.6209259,150.3455048,0,0,0.001293341,0.000179642
2020-11-27,13:38:11,3.998799896,8.995600128,163.8442993,158.5076599,161.1476135,159.9809113,277.6290894,136.6212921,150.3451385,0,0,0.001332067,0.000179642
2020-11-27,13:38:12,3.998500061,8.995300293,163.8442993,158.5133667,161.1486053,159.9806519,277.6299133,136.6214752,150.3450012,0,0,0.001332067,0.000179642
2020-11-27,13:38:13,3.998300171,8.994999695,163.8442993,158.5175629,161.1489716,159.9807587,277.6295471,136.6212921,150.3452301,0,0,0.001332067,0.000179642
2020-11-27,13:38:14,3.997900009,8.99469986,163.8442993,158.5241241,161.1478882,159.9804382,277.6304016,136.6215515,150.3448181,0,0,0.001332067,0.000179642
2020-11-27,13:38:15,3.997600174,8.994400024,163.8442993,158.5280609,161.148468,159.9802704,277.6307983,136.6207123,150.3457184,0,0,0.001343344,0.000179642
2020-11-27,13:38:16,3.997399902,8.994100189,163.8442993,158.5354309,161.149704,159.9807587,277.6295776,136.6203613,150.3460693,0,0,0.001343344,0.000179642
2020-11-27,13:38:17,3.997600174,8.993800354,163.8442993,158.5399017,161.1492157,159.9802094,277.6309509,136.6206207,150.3457642,0,0,0.001343344,0.000179642
2020-11-27,13:38:18,3.997299957,8.993499756,163.8442993,158.5446014,161.1499481,159.9800415,277.6314697,136.6208649,150.3456116,0,0,0.001343344,0.000179642
2020-11-27,13:38:19,3.997100067,8.993199921,163.8442993,158.5508423,161.1500702,159.9800415,277.6312561,136.6205139,150.345871,0,0,0.001343344,0.000179642
2020-11-27,13:38:20,3.996900177,8.992900085,163.8442993,158.5558014,161.1507111,159.9806519,277.6299133,136.6205139,150.3458862,0,0,0.001343344,0.000179724
2020-11-27,13:38:21,3.99659996,8.99260025,163.8442993,158.5610962,161.151474,159.9797668,277.6321411,136.6203003,150.3461609,0,0,0.001343344,0.000179724
2020-11-27,13:38:22,3.99640007,8.992299652,163.8442993,158.5665436,161.1523285,159.9801025,277.6311951,136.6193542,150.3470306,0,0,0.001343344,0.000179636
2020-11-27,13:38:23,3.995999908,8.991899872,163.8442993,158.5729523,161.151947,159.9794922,277.6329651,136.6197662,150.3466492,0,0,0.001343344,0.000179636
2020-11-27,13:38:24,3.995800018,8.991600037,163.8442993,158.5787048,161.1529083,159.9797668,277.6321411,136.6195374,150.3468933,0,0,0.001343344,0.000179636
2020-11-27,13:38:25,3.995500183,8.991300201,163.8442993,158.5856781,161.1521149,159.9796753,277.6324463,136.6193542,150.3470764,0,0,0.00130252,0.000179744
2020-11-27,13:38:26,3.995299911,8.991000366,163.8442993,158.5904541,161.154129,159.9794922,277.6329346,136.6185303,150.3479004,0,0,0.00130252,0.000179744
2020-11-27,13:38:27,3.995100021,8.991799927,163.8442993,158.5966187,161.1546173,159.9794464,277.6330872,136.6183777,150.3480072,0,0,0.00130252,0.000179794
2020-11-27,13:38:28,3.994800186,8.992700195,163.8442993,158.6022034,161.1552124,159.9793091,277.6334229,136.6177063,150.3486786,0,0,0.00130252,0.000179794
2020-11-27,13:38:29,3.99469986,8.993699646,163.8442993,158.6076813,161.1553345,159.9795532,277.6328125,136.618042,150.3484192,0,0,0.00130252,0.000179794
2020-11-27,13:38:30,3.994499969,8.99469986,163.8442993,158.6135712,161.1557007,159.9792786,277.6335754,136.6177063,150.3486786,0,0,0.00130252,0.000179794
2020-11-27,13:38:31,3.994200134,8.995600128,163.8442993,158.619873,161.1576691,159.9793701,277.6331787,136.6179504,150.3484802,0,0,0.00130252,0.000179794
2020-11-27,13:38:32,3.994400024,8.996399689,163.8432617,158.6258545,161.1582031,159.9791107,277.6340332,136.6171112,150.3492126,0,0,0.00130252,0.000179794
2020-11-27,13:38:33,3.993799973,8.997299957,163.8443756,158.6323242,161.1584778,159.9789429,277.6344299,136.6166382,150.3497925,0,0,0.00130252,0.000179794
2020-11-27,13:38:34,3.993600082,8.998100281,163.8454132,158.6390533,161.1596527,159.9794464,277.6329956,136.6161957,150.3501434,0,0,0.00130252,0.000179794
2020-11-27,13:38:35,3.993299866,8.998899841,163.8454132,158.6445465,161.1611633,159.9792175,277.633667,136.6157837,150.3506165,0,0,0.00130252,0.000179794
2020-11-27,13:38:36,3.993099976,8.99960022,163.8454132,158.6509399,161.1596985,159.9794922,277.6329346,136.6151886,150.351181,0,0,0.00130252,0.000179794
2020-11-27,13:38:37,3.99280014,9.000299835,163.8443756,158.6572723,161.1608582,159.9792786,277.6336365,136.6148529,150.351532,0,0,0.00130252,0.000179794
2020-11-27,13:38:38,3.992699814,9.001000214,163.8443756,158.664093,161.1607361,159.9794464,277.6330872,136.6143646,150.352066,0,0,0.00130252,0.000179794
2020-11-27,13:38:39,3.992499924,9.001599884,163.8443756,158.6702271,161.1617432,159.9790039,277.6343384,136.6138611,150.3524475,0,0,0.00130252,0.000179794
2020-11-27,13:38:40,3.992599869,9.002300262,163.8443756,158.6771088,161.1623535,159.9789429,277.6345215,136.612442,150.3539124,0,0,0.00130252,0.000179794
2020-11-27,13:38:41,3.992200089,9.002899933,163.8443756,158.6841583,161.164032,159.9793091,277.6334229,136.6121216,150.3542938,0,0,0.00130252,0.000179794
2020-11-27,13:38:42,3.991899872,9.003500366,163.8443756,158.6906586,161.1638489,159.9791565,277.6338806,136.6125336,150.3538208,0,0,0.00130252,0.000179794
2020-11-27,13:38:43,3.991600037,9.004100037,163.8443756,158.6972961,161.1650085,159.9790497,277.6341553,136.6109467,150.3553772,0,0,0.00130252,0.000179794
2020-11-27,13:38:44,3.991500092,9.004699707,163.8443756,158.7034302,161.1658936,159.9792175,277.633667,136.6104431,150.3559113,0,0,0.001390724,0.000179654
2020-11-27,13:38:45,3.991199875,9.005200195,163.8443756,158.7122803,161.166153,159.9794464,277.6330872,136.6096954,150.3566284,0,0,0.001390724,0.000179654
2020-11-27,13:38:46,3.990999985,9.005699921,163.8443756,158.7189636,161.1664276,159.9796753,277.6324768,136.6083527,150.3580017,0,0,0.001390724,0.000179654
2020-11-27,13:38:47,3.990800095,9.006199646,163.8443756,158.7252502,161.1676788,159.9791565,277.6338501,136.6077881,150.3585052,0,0,0.001390724,0.000179654
2020-11-27,13:38:48,3.990399933,9.006600189,163.8443756,158.7324524,161.167984,159.9793091,277.6334229,136.6070251,150.3592834,0,0,0.001390724,0.000179654
2020-11-27,13:38:49,3.990499878,9.007099915,163.8443756,158.7402649,161.1691437,159.9800415,277.6312561,136.6059265,150.3603363,0,0,0.001390724,0.000179654
2020-11-27,13:38:50,3.990100098,9.007299805,163.8443756,158.7466431,161.1701813,159.9804382,277.6304321,136.6050415,150.3612213,0,0,0.001390724,0.000179654
2020-11-27,13:38:51,3.989899826,9.007299805,163.8443756,158.754364,161.1704712,159.9800415,277.6315002,136.6038513,150.3624115,0,0,0.001390724,0.000179654
2020-11-27,13:38:52,3.990000153,9.00719986,163.8443756,158.7612762,161.1710052,159.9796753,277.6323853,136.6036224,150.3626251,0,0,0.001390724,0.000179654
2020-11-27,13:38:53,3.989599991,9.007299805,163.8443756,158.7682953,161.1703339,159.9796753,277.6325684,136.6026001,150.3636322,0,0,0.001390724,0.000179525
2020-11-27,13:38:54,3.989400101,9.007099915,163.8443756,158.7765198,161.1730194,159.9794464,277.6329956,136.6018677,150.3643646,0,0,0.001390724,0.000179525
2020-11-27,13:38:55,3.989300156,9.006999969,163.8443756,158.7835846,161.173584,159.9800415,277.6314697,136.6005402,150.3657684,0,0,0.001390724,0.000179525
2020-11-27,13:38:56,3.989099884,9.006900024,163.8443756,158.7909088,161.1734009,159.9796753,277.6324463,136.5996857,150.3665314,0,0,0.001329882,0.000179525
2020-11-27,13:38:57,3.988999939,9.006800079,163.8443756,158.7984009,161.1742554,159.9799347,277.6316833,136.5990295,150.367157,0,0,0.001329882,0.000179525
2020-11-27,13:38:58,3.988800049,9.006600189,163.8443756,158.8061829,161.1750183,159.9803314,277.6307373,136.5977631,150.3684845,0,0,0.001329882,0.000179525
2020-11-27,13:38:59,3.988600159,9.006500244,163.8443756,158.8129883,161.1749268,159.9799347,277.6317139,136.5957794,150.3703766,0,0,0.001329882,0.000179525
2020-11-27,13:39:00,3.988299942,9.006400299,163.8443756,158.8218994,161.1753235,159.9806519,277.6298523,136.5953522,150.3708191,0,0,0.001329882,0.000179525
2020-11-27,13:39:01,3.988100052,9.006199646,163.8443756,158.8294983,161.1761169,159.9803314,277.6307068,136.5946808,150.3714752,0,0,0.001329882,0.000179525
2020-11-27,13:39:02,3.987799835,9.006099701,163.8443756,158.8374176,161.1773071,159.9798737,277.6318054,136.593689,150.3724518,0,0,0.001329882,0.000179525
2020-11-27,13:39:03,3.987599945,9.005899811,163.8443756,158.8445587,161.177124,159.9807587,277.6296387,136.5924377,150.3736572,0,0,0.001346316,0.000179525
2020-11-27,13:39:04,3.987400055,9.005799866,163.8443756,158.8521118,161.1779938,159.9806519,277.6299744,136.5911102,150.3750916,0,0,0.001351299,0.000179656
2020-11-27,13:39:05,3.987599945,9.005599976,163.8443756,158.8602142,161.1788788,159.9807129,277.6295471,136.5904236,150.3757324,0,0,0.001351299,0.000179656
2020-11-27,13:39:06,3.986999893,9.005500031,163.8443756,158.8686371,161.1794586,159.9806519,277.6299744,136.5895233,150.3766479,0,0,0.001351299,0.000179716
2020-11-27,13:39:07,3.986600113,9.00530014,163.8443756,158.8782043,161.1799316,159.9810486,277.6288757,136.588028,150.3780823,0,0,0.001351299,0.000179716
2020-11-27,13:39:08,3.986700058,9.00510025,163.8443756,158.8858185,161.1805267,159.9803772,277.6305847,136.5872803,150.378891,0,0,0.001351299,0.000179716
2020-11-27,13:39:09,3.986299896,9.00490036,163.8443756,158.8936768,161.1806641,159.9812622,277.6281128,136.5864258,150.3796539,0,0,0.001351299,0.000179716
2020-11-27,13:39:10,3.986399841,9.004699707,163.8443756,158.9013672,161.1819153,159.9816284,277.6271667,136.5850067,150.381012,0,0,0.001351299,0.000179716
2020-11-27,13:39:11,3.985800171,9.004599762,163.8443756,158.9092102,161.1826477,159.981308,277.6280212,136.5839996,150.3819733,0,0,0.001351299,0.000179716
2020-11-27,13:39:12,3.985499954,9.004399872,163.8443756,158.9185333,161.1820068,159.9814758,277.6276245,136.5827637,150.3832397,0,0,0.001351299,0.000179716
2020-11-27,13:39:13,3.985300064,9.004199982,163.8443756,158.9263306,161.184494,159.9819794,277.6261902,136.582428,150.3836212,0,0,0.001351299,0.000179716
2020-11-27,13:39:14,3.985100174,9.004000092,163.8443756,158.9353943,161.1839752,159.9814758,277.6275024,136.5807648,150.3851624,0,0,0.001351299,0.000179716
2020-11-27,13:39:15,3.984600067,9.003800201,163.8443756,158.9439697,161.183609,159.9817657,277.6268005,136.5796814,150.386261,0,0,0.001351299,0.000179716
2020-11-27,13:39:16,3.98429985,9.003500366,163.8443756,158.9516449,161.1843567,159.9814758,277.6276245,136.5789948,150.3869324,0,0,0.001351299,0.000179716
2020-11-27,13:39:17,3.984199905,9.003299713,163.8443756,158.9610901,161.1851501,159.9818115,277.626709,136.5775299,150.3884277,0,0,0.001351299,0.000179716
2020-11-27,13:39:18,3.984000015,9.003099823,163.8443756,158.97052,161.1855164,159.9820862,277.625885,136.5758514,150.3900452,0,0,0.001351299,0.000179716
2020-11-27,13:39:19,3.98370018,9.002799988,163.8443756,158.9786987,161.1861115,159.9814758,277.6275635,136.5756836,150.3903046,0,0,0.001351299,0.000179716
2020-11-27,13:39:20,3.983499908,9.002600098,163.8443756,158.9873505,161.1856537,159.9819794,277.6261292,136.5738678,150.3920441,0,0,0.001351299,0.000179716
2020-11-27,13:39:21,3.982899857,9.002400208,163.8443756,158.9959412,161.1869354,159.9816284,277.6270752,136.5731049,150.3927917,0,0,0.001351299,0.000179716
2020-11-27,13:39:22,3.983100128,9.002200317,163.8443756,159.0038452,161.1877136,159.9818726,277.6264038,136.5716095,150.3942566,0,0,0.001351299,0.000179716
2020-11-27,13:39:23,3.982799911,9.001899719,163.8443756,159.0132751,161.1881256,159.982254,277.6254578,136.5705109,150.39534,0,0,0.001351299,0.000179716
2020-11-27,13:39:24,3.982400131,9.001699829,163.8443756,159.0224762,161.1889648,159.9824829,277.6248474,136.5702515,150.3956451,0,0,0.001351299,0.000179716
2020-11-27,13:39:25,3.98219986,9.001399994,163.8443756,159.0315552,161.1893768,159.9818115,277.62677,136.5685272,150.3973999,0,0,0.001351299,0.000179716
2020-11-27,13:39:26,3.981900024,9.001200104,163.8443756,159.039856,161.1885223,159.982193,277.6256409,136.5671692,150.3986511,0,0,0.001351299,0.000179716
2020-11-27,13:39:27,3.981999969,9.000900269,163.8443756,159.0501099,161.1886902,159.9830017,277.6235657,136.5659332,150.3998718,0,0,0.001351299,0.000179716
2020-11-27,13:39:28,3.982400131,9.000700378,163.8443756,159.0588379,161.1902313,159.9827118,277.6242065,136.565094,150.4007416,0,0,0.001351299,0.000179716
2020-11-27,13:39:29,3.983000183,9.00039978,163.8443756,159.0687103,161.1909027,159.9830017,277.6235657,136.5637512,150.4020233,0,0,0.001351299,0.000179716
2020-11-27,13:39:30,3.983399963,9.000099945,163.8443756,159.0776062,161.1906891,159.982254,277.6253967,136.5625916,150.4032593,0,0,0.001351299,0.000179682
2020-11-27,13:39:31,3.983800125,8.99980011,163.8443756,159.0872192,161.1914063,159.9830017,277.6235657,136.5614166,150.4044037,0,0,0.001351299,0.000179786
2020-11-27,13:39:32,3.984000015,8.99960022,163.8443756,159.0956726,161.1919098,159.9829407,277.6233521,136.559906,150.405838,0,0,0.001351299,0.000179786
2020-11-27,13:39:33,3.98429985,8.999299622,163.8443756,159.1055298,161.1929016,159.9830933,277.6235962,136.559494,150.40625,0,0,0.001351299,0.000179786
2020-11-27,13:39:34,3.984600067,8.998999786,163.8443756,159.115387,161.1933899,159.9832611,277.6227417,136.55867,150.4071045,0,0,0.001351299,0.000179786
2020-11-27,13:39:35,3.984999847,8.998799896,163.8443756,159.1238251,161.1917267,159.9828796,277.6237793,136.5568237,150.4089355,0,0,0.001400603,0.000179786
2020-11-27,13:39:36,3.985200119,8.998500061,163.8443756,159.1347504,161.1946106,159.9826202,277.6244507,136.5562439,150.4094696,0,0,0.001400603,0.000179786
2020-11-27,13:39:37,3.985100174,8.998300171,163.8443756,159.1432343,161.1933136,159.9829407,277.6235352,136.5547485,150.4109955,0,0,0.001400603,0.000179786
2020-11-27,13:39:38,3.985699844,8.998100281,163.8443756,159.1530762,161.1943817,159.9833221,277.6226196,136.5541534,150.4115906,0,0,0.001400603,0.000179786
2020-11-27,13:39:39,3.986100006,8.998000336,163.8443756,159.1624908,161.1956482,159.9830627,277.62323,136.5543518,150.4114532,0,0,0.001400603,0.000179786
2020-11-27,13:39:40,3.986199951,8.997899628,163.8454132,159.1723633,161.1959076,159.9830017,277.6235352,136.5528564,150.4128723,0,0,0.001398767,0.000179786
2020-11-27,13:39:41,3.986600113,8.997899628,163.8433685,159.1825104,161.1949615,159.9833984,277.6225281,136.5525208,150.413208,0,0,0.001367821,0.000179786
2020-11-27,13:39:42,3.986800003,8.998000336,163.8444061,159.1917419,161.1958923,159.9832153,277.6220703,136.5510864,150.4145813,0,0,0.001367821,0.000179786
2020-11-27,13:39:43,3.987099838,8.998100281,163.8444061,159.2028198,161.1960754,159.9837189,277.6228333,136.5505066,150.4151459,0,0,0.001367821,0.000179786
2020-11-27,13:39:44,3.987400055,8.998100281,163.8444061,159.211731,161.1973877,159.9829407,277.6236877,136.5494232,150.4162292,0,0,0.001367821,0.000179786
2020-11-27,13:39:45,3.987599945,8.998300171,163.8444061,159.2221069,161.1964874,159.98349,277.6221008,136.5491791,150.4165649,0,0,0.001367821,0.000179786
2020-11-27,13:39:46,3.987900162,8.998600006,163.8444061,159.2327881,161.1960144,159.9836578,277.6225281,136.5496216,150.4161224,0,0,0.001367821,0.000179786
2020-11-27,13:39:47,3.988199997,8.998799896,163.8444061,159.2420044,161.1970062,159.983551,277.6214294,136.5486755,150.4170227,0,0,0.001367821,0.000179786
2020-11-27,13:39:48,3.988499832,8.998999786,163.8444061,159.2514496,161.1985626,159.9838104,277.6221924,136.5476074,150.4181366,0,0,0.001367821,0.000179786
2020-11-27,13:39:49,3.988700104,8.999199677,163.8444061,159.2623749,161.1981049,159.9833984,277.6211853,136.5471649,150.4184418,0,0,0.001367821,0.000179786
2020-11-27,13:39:50,3.988999939,8.99940033,163.8444061,159.2724457,161.1990509,159.9838715,277.6223145,136.5476074,150.4181213,0,0,0.001367821,0.000179786
2020-11-27,13:39:51,3.989199829,8.99960022,163.8444061,159.282608,161.1994476,159.984436,277.6193848,136.5466003,150.4190216,0,0,0.001367821,0.000179786
2020-11-27,13:39:52,3.989500046,8.99980011,163.8444061,159.2927246,161.1989288,159.9839325,277.6208496,136.5461884,150.4194946,0,0,0.001367821,0.000179786
2020-11-27,13:39:53,3.989799881,8.999900055,163.8444061,159.3027344,161.1994781,159.984314,277.619812,136.545517,150.420166,0,0,0.001396844,0.000179786
2020-11-27,13:39:54,3.990000153,9.000099945,163.8444061,159.3139954,161.1990967,159.9839783,277.620697,136.545517,150.4201965,0,0,0.001396844,0.000179786
2020-11-27,13:39:55,3.989899826,9.0,163.8444061,159.3237457,161.2001953,159.9837646,277.6213074,136.5457458,150.4198914,0,0,0.001396844,0.000179786
2020-11-27,13:39:56,3.990499878,9.000299835,163.8444061,159.333847,161.1993103,159.9839783,277.620697,136.5454254,150.4202576,0,0,0.001396844,0.000179786
2020-11-27,13:39:57,3.990399933,9.00039978,163.8444061,159.3445892,161.199707,159.9846344,277.618866,136.545517,150.4201965,0,0,0.001396844,0.000179895
2020-11-27,13:39:58,3.99090004,9.000499725,163.8444061,159.3560028,161.2008057,159.9848175,277.6184998,136.5447693,150.4208832,0,0,0.001396844,0.000179895
2020-11-27,13:39:59,3.991199875,9.00059967,163.8444061,159.3654175,161.2000427,159.9846344,277.6188965,136.5445862,150.4210358,0,0,0.001396844,0.000179895
2020-11-27,13:40:00,3.99109993,9.00059967,163.8433838,159.3760376,161.2013245,159.9854126,277.6168213,136.5453491,150.4203339,0,0,0.001396844,0.000179895
2020-11-27,13:40:01,3.991400146,9.000800323,163.8433838,159.3865967,161.2004242,159.9847565,277.6185608,136.5448303,150.4208069,0,0,0.001396844,0.000179895
2020-11-27,13:40:02,3.991600037,9.000700378,163.8444061,159.3981781,161.1996918,159.98526,277.6172485,136.5444183,150.4212341,0,0,0.001396844,0.000179895
2020-11-27,13:40:03,3.991799927,9.000800323,163.8444061,159.4075928,161.2022247,159.9849854,277.6179504,136.5453491,150.4203339,0,0,0.001396844,0.000179895
2020-11-27,13:40:04,3.991500092,9.000900269,163.8444061,159.4186249,161.200943,159.9854126,277.6167297,136.5445862,150.421051,0,0,0.001396844,0.000179895
2020-11-27,13:40:05,3.992200089,9.000800323,163.8444061,159.4295502,161.202774,159.9855347,277.6165161,136.5449219,150.4207916,0,0,0.001396844,0.000179895
2020-11-27,13:40:06,3.991999817,9.000900269,163.8444061,159.440155,161.2026978,159.9859161,277.6152954,136.5445862,150.421051,0,0,0.001396844,0.000179895
2020-11-27,13:40:07,3.992599869,9.000900269,163.8444061,159.450531,161.2030334,159.9854736,277.6166077,136.5456696,150.4199982,0,0,0.001407771,0.000179895
2020-11-27,13:40:08,3.992499924,9.000800323,163.8444061,159.4615631,161.2027283,159.9859161,277.6153564,136.5458374,150.4198456,0,0,0.001407771,0.000179895
2020-11-27,13:40:09,3.993099976,9.000900269,163.8444061,159.4723358,161.2033234,159.986084,277.6148682,136.545578,150.4200897,0,0,0.001407771,0.000179895
2020-11-27,13:40:10,3.993000031,9.000800323,163.8444061,159.4833832,161.2029266,159.9862671,277.6143799,136.5464172,150.4192352,0,0,0.001407771,0.000179895
2020-11-27,13:40:11,3.993399811,9.000800323,163.8444061,159.4944458,161.2041779,159.9863281,277.6147156,136.54599,150.4197083,0,0,0.001407771,0.000179895
2020-11-27,13:40:12,3.993500137,9.000700378,163.845459,159.5053253,161.2044983,159.986618,277.6135559,136.5466003,150.4191437,0,0,0.001407771,0.000179895
2020-11-27,13:40:13,3.993700027,9.000800323,163.845459,159.5164185,161.2034607,159.9863892,277.6140747,136.5466766,150.4189758,0,0,0.001407771,0.000179895
2020-11-27,13:40:14,3.993500137,9.00059967,163.8444519,159.5277405,161.2041016,159.9870453,277.6123657,136.5470886,150.4186401,0,0,0.001407771,0.000179895
2020-11-27,13:40:15,3.993899918,9.000499725,163.8434448,159.5384979,161.2044678,159.9866638,277.6133728,136.5471649,150.4184723,0,0,0.001477792,0.000179895
2020-11-27,13:40:16,3.994100189,9.000499725,163.8434448,159.5503845,161.2037964,159.9872589,277.6117859,136.5469208,150.4187622,0,0,0.001477792,0.000179895
2020-11-27,13:40:17,3.994400024,9.00039978,163.8434448,159.560791,161.2057953,159.9875946,277.6107788,136.5476074,150.4181519,0,0,0.001477792,0.000179895
2020-11-27,13:40:18,3.994200134,9.000299835,163.8444519,159.5713654,161.2043304,159.9871521,277.61203,136.5483398,150.4173431,0,0,0.001477792,0.000179729
2020-11-27,13:40:19,3.994499969,9.000299835,163.8444519,159.5826416,161.2049561,159.9870453,277.6123352,136.5489349,150.4167633,0,0,0.001477792,0.000179729
2020-11-27,13:40:20,3.994599915,9.00019989,163.843399,159.5948792,161.2061615,159.987381,277.6113892,136.5490265,150.4168701,0,0,0.001373765,0.000179729
2020-11-27,13:40:21,3.994800186,9.000099945,163.843399,159.6055908,161.2051086,159.9875946,277.6107788,136.5494232,150.416214,0,0,0.001373765,0.000179729
2020-11-27,13:40:22,3.99469986,9.0,163.843399,159.6170044,161.2059937,159.9882202,277.6091309,136.5501709,150.4155121,0,0,0.001373765,0.000179729
2020-11-27,13:40:23,3.995199966,8.999900055,163.8444061,159.6300354,161.2053223,159.9879761,277.6097107,136.5504303,150.4152985,0,0,0.001373765,0.000179729
2020-11-27,13:40:24,3.995399857,8.99980011,163.8444061,159.6395569,161.20755,159.9884186,277.6086121,136.5506744,150.4149933,0,0,0.001373765,0.000179729
2020-11-27,13:40:25,3.995600128,8.99960022,163.8444061,159.6502991,161.2065735,159.988739,277.6075745,136.55159,150.414093,0,0,0.001373765,0.000179729
2020-11-27,13:40:26,3.995700073,8.99940033,163.8444061,159.6623993,161.2073364,159.9884186,277.6085205,136.5524292,150.4132996,0,0,0.001373765,0.000179729
2020-11-27,13:40:27,3.995600128,8.999299622,163.8444061,159.674881,161.2068939,159.9889832,277.6070251,136.5527039,150.4131165,0,0,0.001373765,0.000179729
2020-11-27,13:40:28,3.995899963,8.999099731,163.8444061,159.6858521,161.207428,159.9886932,277.6076965,136.5531158,150.4126282,0,0,0.001425254,0.000179729
2020-11-27,13:40:29,3.996099854,8.998899841,163.8444061,159.6970062,161.2072144,159.9891968,277.6064758,136.5536041,150.4121399,0,0,0.001442126,0.000179729
2020-11-27,13:40:30,3.995899963,8.998699951,163.8444061,159.7084961,161.2078094,159.9894104,277.6057129,136.5532837,150.4125061,0,0,0.001442126,0.000179729
2020-11-27,13:40:31,3.99620018,8.998600006,163.8444061,159.7204132,161.2083435,159.9895172,277.6055603,136.5548248,150.4108734,0,0,0.001442126,0.000179729
2020-11-27,13:40:32,3.996099854,8.998400116,163.8444061,159.7320099,161.207901,159.9899292,277.6045532,136.5558319,150.4099579,0,0,0.001442126,0.000179692
2020-11-27,13:40:33,3.99659996,8.998200226,163.8444061,159.7440796,161.2075806,159.9894562,277.6056824,136.5555115,150.4102325,0,0,0.001442126,0.000179692
2020-11-27,13:40:34,3.99640007,8.998000336,163.8444061,159.7567291,161.2085876,159.9900055,277.6041565,136.5571594,150.4085388,0,0,0.001442126,0.000179772
2020-11-27,13:40:35,3.99659996,8.997799683,163.8444061,159.7683563,161.2076721,159.9902649,277.6036072,136.5574188,150.4083405,0,0,0.001442126,0.000179772
2020-11-27,13:40:36,3.997000122,8.997599792,163.8444061,159.7791901,161.2088928,159.9905548,277.6027832,136.5581818,150.4075623,0,0,0.001463193,0.000179772
2020-11-27,13:40:37,3.997100067,8.997399902,163.8444061,159.788269,161.2093964,159.9907684,277.6021423,136.5587463,150.4070587,0,0,0.001463193,0.000179772
2020-11-27,13:40:38,3.997000122,8.997100067,163.8444061,159.7979889,161.2089691,159.9902039,277.6036987,136.5596008,150.4062195,0,0,0.001463193,0.000179772
2020-11-27,13:40:39,3.997399902,8.997299957,163.8433228,159.8106079,161.2087708,159.9904938,277.6028748,136.559906,150.4058533,0,0,0.001463193,0.000179772
2020-11-27,13:40:40,3.997000122,8.997399902,163.8443604,159.8228607,161.2084656,159.9910431,277.6013489,136.5609131,150.404892,0,0,0.001463193,0.000179772
2020-11-27,13:40:41,3.996900177,8.997499847,163.8443604,159.8332214,161.2088318,159.9908295,277.6019287,136.5619202,150.4039154,0,0,0.001463193,0.000179772
2020-11-27,13:40:42,3.997200012,8.997599792,163.8443604,159.8458252,161.2092438,159.9916534,277.5997314,136.5620728,150.403656,0,0,0.001391249,0.000179772
2020-11-27,13:40:43,3.997100067,8.997699738,163.8453827,159.8562317,161.2097626,159.991806,277.5993347,136.5629272,150.4028778,0,0,0.001391249,0.000179772
2020-11-27,13:40:44,3.996900177,8.998100281,163.8443756,159.8695984,161.2085571,159.9919281,277.5989685,136.56427,150.401535,0,0,0.001391249,0.000179772
2020-11-27,13:40:45,3.997299957,8.998799896,163.8443756,159.8811646,161.2096863,159.9915466,277.6000061,136.5649261,150.4009094,0,0,0.001391249,0.000179772
2020-11-27,13:40:46,3.997399902,8.999500275,163.8454132,159.8938293,161.2105255,159.9921417,277.5982056,136.5647583,150.4007263,0,0,0.001391249,0.000179772
2020-11-27,13:40:47,3.997200012,9.000099945,163.8443604,159.9046783,161.2103577,159.991806,277.5991821,136.5661774,150.3996582,0,0,0.00140069,0.000179772
2020-11-27,13:40:48,3.997399902,9.000800323,163.8443604,159.9169617,161.2102203,159.9919586,277.5987854,136.5665131,150.399292,0,0,0.00140069,0.000179772
2020-11-27,13:40:49,3.997499847,9.001399994,163.8443604,159.9291077,161.2100983,159.9928436,277.596344,136.5681915,150.3976593,0,0,0.00140069,0.000179772
2020-11-27,13:40:50,3.997800064,9.001999664,163.8443604,159.9420166,161.209671,159.9925232,277.5973511,136.5686798,150.3972168,0,0,0.00140069,0.000179772
2020-11-27,13:40:51,3.997499847,9.002600098,163.8443604,159.9545441,161.2107086,159.9929199,277.5961304,136.5690918,150.3968048,0,0,0.00140069,0.000179772
2020-11-27,13:40:52,3.997600174,9.003199768,163.8443604,159.9666443,161.2105255,159.9934692,277.5946655,136.5699158,150.3959045,0,0,0.00140069,0.000179772
2020-11-27,13:40:53,3.997700119,9.003600311,163.8433533,159.9790192,161.2113953,159.9935303,277.5945129,136.5706024,150.3952637,0,0,0.00140069,0.000179772
2020-11-27,13:40:54,3.997800064,9.004100037,163.8433533,159.9911194,161.2108612,159.993103,277.5957336,136.5710907,150.3948059,0,0,0.00140069,0.000179772
2020-11-27,13:40:55,3.997900009,9.004599762,163.8443604,160.0033264,161.2104492,159.9934235,277.5947876,136.5720825,150.3938141,0,0,0.00140069,0.000179772
2020-11-27,13:40:56,3.998099899,9.00510025,163.8443604,160.0162811,161.2106628,159.993927,277.5935059,136.5728607,150.3930206,0,0,0.00143522,0.000179772
2020-11-27,13:40:57,3.998199844,9.005500031,163.843338,160.0281982,161.2116547,159.9936371,277.5942383,136.5732727,150.3926544,0,0,0.00143522,0.000179772
2020-11-27,13:40:58,3.998300171,9.005899811,163.843338,160.0403748,161.2118988,159.9944916,277.5918274,136.5727844,150.393158,0,0,0.00143522,0.000179772
2020-11-27,13:40:59,3.998300171,9.006300354,163.843338,160.052536,161.2112274,159.9943695,277.5921021,136.5742798,150.3916473,0,0,0.00143522,0.000179772
2020-11-27,13:41:00,3.998500061,9.006600189,163.843338,160.065094,161.2104492,159.9947662,277.591156,136.575119,150.3908386,0,0,0.00143522,0.000179772
2020-11-27,13:41:01,3.998300171,9.006900024,163.8444061,160.0776672,161.2119598,159.9953613,277.589447,136.575592,150.3903351,0,0,0.00143522,0.000179772
2020-11-27,13:41:02,3.998500061,9.007299805,163.8444061,160.0903625,161.2115936,159.9956512,277.5887146,136.5761871,150.3897552,0,0,0.00143522,0.000179772
2020-11-27,13:41:03,3.998699951,9.007499695,163.8444061,160.102417,161.212265,159.9953308,277.5896301,136.5770111,150.3889313,0,0,0.00143522,0.000179772
2020-11-27,13:41:04,3.991500092,9.007800293,163.8454742,160.1144867,161.2131653,159.9961395,277.5873718,136.5775299,150.3884277,0,0,0.00143522,0.000179772
2020-11-27,13:41:05,3.946900177,9.008100128,163.8454742,160.1258545,161.2110291,159.9959106,277.5879517,136.5778503,150.3880768,0,0,0.00143522,0.000179772
2020-11-27,13:41:06,3.962400055,9.008200073,163.8444672,160.1395721,161.2121429,159.9963684,277.5867615,136.5781097,150.3878021,0,0,0.00143522,0.000179772
2020-11-27,13:41:07,3.974599838,9.008499908,163.8454895,160.151123,161.2123413,159.9966431,277.585968,136.5778503,150.3881073,0,0,0.00143522,0.000179808
2020-11-27,13:41:08,3.984799957,9.008699799,163.8444366,160.1636963,161.21138,159.9969788,277.5849915,136.5781097,150.3878326,0,0,0.00143522,0.000179808
2020-11-27,13:41:09,3.995299911,9.008899689,163.8444366,160.1765442,161.2126007,159.9965668,277.5860291,136.5776215,150.3883057,0,0,0.00143522,0.000179808
2020-11-27,13:41:10,4.005099869,9.008999634,163.8444366,160.1903687,161.2118683,159.9977112,277.5830688,136.577179,150.3887482,0,0,0.00143522,0.000179808
2020-11-27,13:41:11,4.013199997,9.009200287,163.8444366,160.2031097,161.2110596,159.9975433,277.5835266,136.5769348,150.3889771,0,0,0.00143522,0.000179709
2020-11-27,13:41:12,4.02159996,9.009300232,163.8444366,160.2150574,161.2124329,159.9978333,277.5827332,136.5761871,150.3897552,0,0,0.001477093,0.000179709
2020-11-27,13:41:13,4.030699921,9.009500122,163.8444366,160.2265167,161.2121124,159.9983826,277.5812378,136.5759277,150.3900146,0,0,0.001477093,0.000179709
2020-11-27,13:41:14,4.038399887,9.009600067,163.8444366,160.2392883,161.2126312,159.9980927,277.5819397,136.5761871,150.38974,0,0,0.001477093,0.000179709
2020-11-27,13:41:15,4.04640007,9.009700012,163.8444366,160.2515259,161.2135925,159.9987183,277.5804138,136.5761261,150.3898468,0,0,0.001477093,0.000179709
2020-11-27,13:41:16,4.054399872,9.009799957,163.8444366,160.2644043,161.2120972,159.9984131,277.5809937,136.5778503,150.3881226,0,0,0.00138784,0.000179786
2020-11-27,13:41:17,4.06269989,9.009899902,163.8444366,160.2780457,161.2111511,159.9991302,277.5790405,136.5791779,150.386734,0,0,0.00138784,0.000179786
2020-11-27,13:41:18,4.070600128,9.009999847,163.8444366,160.2897491,161.2128601,159.9990692,277.5792542,136.5811005,150.3848877,0,0,0.00138784,0.000179786
2020-11-27,13:41:19,4.07840004,9.010099792,163.8454742,160.3036499,161.2138367,159.999588,277.5778198,136.5840912,150.381897,0,0,0.00138784,0.000179786
2020-11-27,13:41:20,4.086199951,9.010199738,163.8434143,160.3160095,161.212616,160.0003204,277.5758972,136.5873413,150.3788147,0,0,0.00138784,0.000179786
2020-11-27,13:41:21,4.09280014,9.010199738,163.8444672,160.3302002,161.2124939,159.9996948,277.5776367,136.5910034,150.375351,0,0,0.00138784,0.000179774
2020-11-27,13:41:22,4.099599838,9.010299683,163.8444672,160.3429565,161.2128296,160.0009308,277.5743408,136.5953522,150.3708038,0,0,0.00138784,0.000179774
2020-11-27,13:41:23,4.106700134,9.010299683,163.8444672,160.3556976,161.2135468,160.0006409,277.5749512,136.6006012,150.3656616,0,0,0.00138784,0.000179774
2020-11-27,13:41:24,4.114199829,9.010399628,163.8444672,160.3707275,161.2124176,160.0009308,277.5743408,136.6066132,150.3597107,0,0,0.001432423,0.000179774
2020-11-27,13:41:25,4.12179985,9.010399628,163.8444672,160.3837585,161.2135468,160.0012207,277.5734863,136.6138611,150.3525391,0,0,0.001432423,0.000179774
2020-11-27,13:41:26,4.12879982,9.010399628,163.8444672,160.3981628,161.2119598,160.0015869,277.5724487,136.6207733,150.3456879,0,0,0.001432423,0.000179774
2020-11-27,13:41:27,4.135300064,9.010399628,163.8444672,160.4123383,161.2139435,160.0017242,277.5720215,136.6294556,150.3370667,0,0,0.001432423,0.000179774
2020-11-27,13:41:28,4.141899872,9.010399628,163.8444672,160.4258118,161.2122955,160.0021973,277.5706787,136.6384583,150.328186,0,0,0.001432423,0.000179774
2020-11-27,13:41:29,4.149100113,9.010500336,163.8444672,160.440155,161.2127533,160.0020905,277.5710449,136.6474762,150.3192444,0,0,0.001432423,0.000179774
2020-11-27,13:41:30,4.155099869,9.010399628,163.8444672,160.4541168,161.2127075,160.002594,277.5696716,136.6578064,150.3089752,0,0,0.001377,0.000179676
2020-11-27,13:41:31,4.161899948,9.010399628,163.8444672,160.4688568,161.2137604,160.0024719,277.5699768,136.668396,150.2985687,0,0,0.001377,0.000179676
2020-11-27,13:41:32,4.169300079,9.010399628,163.8444672,160.483139,161.2139587,160.0030212,277.5684814,136.6803284,150.2866974,0,0,0.001377,0.000179676
2020-11-27,13:41:33,4.176100159,9.010299683,163.8444672,160.4969635,161.2131958,160.0032501,277.5678406,136.6923523,150.274826,0,0,0.001377,0.000179676
2020-11-27,13:41:34,4.182799911,9.010399628,163.8444672,160.5124207,161.2124176,160.0035706,277.566925,136.7049561,150.2623291,0,0,0.001377,0.000179676
2020-11-27,13:41:35,4.188399887,9.010299683,163.8444672,160.5268707,161.2128754,160.0037537,277.5664368,136.7176208,150.2497711,0,0,0.001377,0.000179676
2020-11-27,13:41:36,4.194300079,9.010199738,163.8444672,160.5414429,161.2131348,160.0035706,277.566864,136.7312012,150.2363586,0,0,0.001377,0.000179676
2020-11-27,13:41:37,4.200899887,9.010299683,163.8444672,160.5565796,161.2127533,160.0040894,277.5655823,136.7463989,150.2213898,0,0,0.001415027,0.000179676
2020-11-27,13:41:38,4.207500076,9.010099792,163.8444672,160.5707245,161.2116852,160.0049896,277.5631409,136.7615967,150.2063904,0,0,0.001415027,0.000179676
2020-11-27,13:41:39,4.213499832,9.010099792,163.8444672,160.5855103,161.2111206,160.0046387,277.5639648,136.7776184,150.1905212,0,0,0.001415027,0.000179676
2020-11-27,13:41:40,4.219800186,9.009999847,163.8444672,160.601532,161.2106018,160.0050507,277.5630188,136.7935791,150.1748199,0,0,0.001415027,0.000179676
2020-11-27,13:41:41,4.225699997,9.009999847,163.8444672,160.615799,161.2098389,160.0053711,277.5619812,136.8095093,150.1590576,0,0,0.001415027,0.000179756
2020-11-27,13:41:42,4.231800079,9.009899902,163.8434601,160.6311951,161.2090302,160.0050507,277.5629272,136.8261414,150.1426392,0,0,0.001415027,0.000179756
2020-11-27,13:41:43,4.237799835,9.009799957,163.8434601,160.6470032,161.2093964,160.005661,277.5612793,136.8442383,150.1255798,0,0,0.001415027,0.000179756
2020-11-27,13:41:44,4.245100021,9.009700012,163.8444977,160.6624451,161.2091064,160.0059204,277.5604858,136.8622894,150.1069031,0,0,0.00141083,0.000179672
2020-11-27,13:41:45,4.25019989,9.009600067,163.8444977,160.6776733,161.2085114,160.0059814,277.5603333,136.8808136,150.0885468,0,0,0.00141083,0.000179672
2020-11-27,13:41:46,4.256100082,9.009500122,163.8444977,160.6937256,161.2080536,160.0064087,277.5591431,136.9002838,150.0694427,0,0,0.00141083,0.000179672
2020-11-27,13:41:47,4.261700058,9.009400177,163.8455048,160.7089233,161.2077942,160.0072021,277.5570374,136.9188995,150.0510559,0,0,0.00141083,0.000179672
2020-11-27,13:41:48,4.267499924,9.009300232,163.8444672,160.7246552,161.2072906,160.0069275,277.5577698,136.9384613,150.0318451,0,0,0.001389588,0.000179672
2020-11-27,13:41:49,4.273400116,9.009200287,163.8434601,160.7396545,161.2070618,160.0067444,277.5582886,136.958847,150.0116882,0,0,0.001389588,0.000179672
2020-11-27,13:41:50,4.279399872,9.008999634,163.8434601,160.7564392,161.2053528,160.0075989,277.5560303,136.9798279,149.9910583,0,0,0.001389588,0.000179672
2020-11-27,13:41:51,4.284500122,9.009100342,163.8434601,160.7708435,161.2054901,160.0078583,277.5552673,136.9995575,149.9716492,0,0,0.001389588,0.000179672
2020-11-27,13:41:52,4.291199875,9.008799744,163.8444824,160.7882538,161.2046509,160.0079803,277.5547791,137.0214691,149.9500427,0,0,0.001389588,0.000179672
2020-11-27,13:41:53,4.295800018,9.008699799,163.8444824,160.804245,161.2043304,160.0075989,277.5558472,137.0428467,149.9289703,0,0,0.001389588,0.000179672
2020-11-27,13:41:54,4.301599884,9.008599854,163.8444824,160.8195496,161.2024994,160.0081482,277.5543518,137.0644226,149.9077301,0,0,0.001389588,0.000179672
2020-11-27,13:41:55,4.307400131,9.008499908,163.8444824,160.8359222,161.2033234,160.0085144,277.5534058,137.0860596,149.8864746,0,0,0.001389588,0.000179672
2020-11-27,13:41:56,4.31230011,9.008300018,163.8444824,160.8525543,161.2028351,160.0090485,277.5520935,137.1094055,149.8635254,0,0,0.001389588,0.000179672
2020-11-27,13:41:57,4.317599869,9.008200073,163.8444824,160.8682861,161.20224,160.008316,277.5539551,137.1327667,149.8404694,0,0,0.001389588,0.000179672
2020-11-27,13:41:58,4.322800064,9.008100128,163.8444824,160.8839874,161.2016449,160.0094147,277.5509949,137.1548462,149.8188019,0,0,0.001389588,0.000179672
2020-11-27,13:41:59,4.32840004,9.007900238,163.8444824,160.9005585,161.2009125,160.0090485,277.5520935,137.1786041,149.7955017,0,0,0.001389588,0.000179672
2020-11-27,13:42:00,4.33390007,9.007800293,163.8444824,160.9176025,161.2015228,160.0094147,277.5508728,137.2030334,149.7714691,0,0,0.001389588,0.000179672
2020-11-27,13:42:01,4.338800049,9.00759964,163.8444824,160.9337463,161.2002106,160.0096436,277.5503845,137.2271423,149.7477722,0,0,0.001389588,0.000179672
2020-11-27,13:42:02,4.344200134,9.007499695,163.8444824,160.9498596,161.1990814,160.0098114,277.5497742,137.2505646,149.7247925,0,0,0.001389588,0.000179672
2020-11-27,13:42:03,4.349300003,9.007299805,163.8444824,160.9665985,161.198761,160.0101929,277.5487671,137.2753601,149.70047,0,0,0.001389588,0.000179672
2020-11-27,13:42:04,4.354100037,9.007099915,163.8444824,160.9814911,161.1983795,160.0105286,277.5479736,137.301239,149.6750336,0,0,0.001389588,0.000179672
2020-11-27,13:42:05,4.35929985,9.006999969,163.8444824,160.9993896,161.1982269,160.0096436,277.5503845,137.3241119,149.6525574,0,0,0.001389588,0.000179672
2020-11-27,13:42:06,4.364199829,9.006800079,163.8444824,161.016037,161.1973877,160.0106506,277.5475159,137.349823,149.6273956,0,0,0.001421583,0.000179672
2020-11-27,13:42:07,4.369300079,9.006700134,163.8454895,161.0326233,161.1962891,160.0105286,277.5477905,137.3751984,149.6024475,0,0,0.001421583,0.00017978
2020-11-27,13:42:08,4.374300003,9.006500244,163.8443909,161.0498505,161.1959229,160.0101929,277.5487061,137.4008331,149.5773468,0,0,0.001421583,0.00017978
2020-11-27,13:42:09,4.379199982,9.006300354,163.8443909,161.0653534,161.1954956,160.0106812,277.5474548,137.4260712,149.5525818,0,0,0.001421583,0.00017978
2020-11-27,13:42:10,4.38390007,9.006099701,163.8453979,161.0829773,161.1946564,160.0112,277.5460815,137.4520721,149.5272217,0,0,0.001421583,0.00017978
2020-11-27,13:42:11,4.388800049,9.005999756,163.8443451,161.100769,161.1954956,160.0113831,277.5455017,137.4788055,149.5009613,0,0,0.001421583,0.00017978
2020-11-27,13:42:12,4.393600082,9.005799866,163.8443451,161.1172333,161.1943665,160.0117493,277.5445251,137.5055389,149.4748383,0,0,0.001421583,0.00017978
2020-11-27,13:42:13,4.398300171,9.005599976,163.8443451,161.1337585,161.1931763,160.0119019,277.5441284,137.5307922,149.4500732,0,0,0.001421583,0.00017978
2020-11-27,13:42:14,4.403099823,9.005400085,163.8443451,161.151123,161.1928406,160.0114288,277.5453491,137.5577087,149.4237976,0,0,0.001421583,0.00017978
2020-11-27,13:42:15,4.407400131,9.005200195,163.8443451,161.1671753,161.1929779,160.0120392,277.5437012,137.5834808,149.3986359,0,0,0.001421583,0.00017978
2020-11-27,13:42:16,4.412099838,9.00510025,163.8443451,161.1852264,161.1915741,160.0122528,277.5431213,137.6101532,149.3724823,0,0,0.001421583,0.00017978
2020-11-27,13:42:17,4.416799927,9.00490036,163.8443451,161.2031403,161.1900787,160.0123596,277.5428162,137.6374207,149.3459167,0,0,0.001421583,0.00017978
2020-11-27,13:42:18,4.42140007,9.004699707,163.8443451,161.2189484,161.1908569,160.0124817,277.54245,137.6652832,149.3187256,0,0,0.001421583,0.00017978
2020-11-27,13:42:19,4.425899887,9.004499817,163.8443451,161.2372742,161.1897125,160.0126953,277.5418396,137.692749,149.2919006,0,0,0.001421583,0.00017978
2020-11-27,13:42:20,4.43030014,9.004299927,163.8443451,161.2545166,161.1900177,160.0128174,277.5415955,137.7186737,149.266571,0,0,0.001421583,0.00017978
2020-11-27,13:42:21,4.434700012,9.004100037,163.8443451,161.2707062,161.1904907,160.0132599,277.5403748,137.7453003,149.2405396,0,0,0.001503668,0.00017978
2020-11-27,13:42:22,4.439300156,9.003800201,163.8443451,161.2887115,161.1894989,160.0128784,277.5414124,137.7730255,149.2135773,0,0,0.001503668,0.00017978
2020-11-27,13:42:23,4.443399811,9.003700256,163.8443451,161.3049622,161.1888123,160.0133514,277.5401611,137.8009949,149.1862793,0,0,0.001503668,0.00017978
2020-11-27,13:42:24,4.447700119,9.003399658,163.8443451,161.3227081,161.1877899,160.0127563,277.5417175,137.827713,149.160202,0,0,0.001503668,0.00017978
2020-11-27,13:42:25,4.452099991,9.003299713,163.8443451,161.3408051,161.1875153,160.0131531,277.5407104,137.8559418,149.1327057,0,0,0.001503668,0.00017978
2020-11-27,13:42:26,4.456399918,9.003099823,163.8443451,161.3578339,161.1871185,160.013031,277.5409851,137.8839264,149.1054382,0,0,0.001503668,0.00017978
2020-11-27,13:42:27,4.460499954,9.002799988,163.8443451,161.3758087,161.185318,160.0134125,277.5400085,137.91008,149.0799561,0,0,0.001503668,0.00017978
2020-11-27,13:42:28,4.464799881,9.002600098,163.8443451,161.3937988,161.184967,160.0137482,277.539093,137.9380646,149.0527649,0,0,0.001503668,0.000179722
2020-11-27,13:42:29,4.468999863,9.002400208,163.8453979,161.4112091,161.1855469,160.0134735,277.5396729,137.9662476,149.0253143,0,0,0.001503668,0.000179722
2020-11-27,13:42:30,4.473300171,9.002200317,163.8443298,161.4292755,161.184433,160.0138092,277.5388794,137.9943237,148.9980011,0,0,0.001428139,0.000179722
2020-11-27,13:42:31,4.477399826,9.001999664,163.8443298,161.4458466,161.1841888,160.0137482,277.5390625,138.0212555,148.9718323,0,0,0.001428139,0.000179722
2020-11-27,13:42:32,4.481999969,9.001799774,163.8453522,161.4618073,161.184433,160.0139771,277.5383911,138.0483398,148.9454498,0,0,0.001428139,0.000179722
2020-11-27,13:42:33,4.487099838,9.001499939,163.8453522,161.4814148,161.1833496,160.0140381,277.538269,138.0779724,148.916748,0,0,0.001428139,0.00017976
2020-11-27,13:42:34,4.491799927,9.001300049,163.8453522,161.4982605,161.1826477,160.0144653,277.5371094,138.1051483,148.8903046,0,0,0.001428139,0.00017976
2020-11-27,13:42:35,4.49659996,9.001100159,163.8442993,161.51651,161.1824036,160.0141144,277.5379639,138.1336823,148.8626556,0,0,0.001392648,0.00017976
2020-11-27,13:42:36,4.501300049,9.000900269,163.8442993,161.5342255,161.1827087,160.0149078,277.5359802,138.1615753,148.8355255,0,0,0.001392648,0.00017976
2020-11-27,13:42:37,4.505899811,9.000700378,163.8453217,161.5521851,161.1818542,160.0142212,277.5375977,138.1909485,148.8069916,0,0,0.001392648,0.00017976
2020-11-27,13:42:38,4.510300064,9.00039978,163.8442993,161.5679626,161.1817169,160.0146332,277.5365295,138.217804,148.7810516,0,0,0.001392648,0.00017976
2020-11-27,13:42:39,4.515399933,9.00019989,163.8442993,161.5873718,161.1811981,160.0149078,277.5358582,138.2468872,148.7528839,0,0,0.001451829,0.00017976
2020-11-27,13:42:40,4.520500183,9.0,163.8453369,161.6059875,161.1807556,160.0150757,277.5354004,138.275116,148.7254791,0,0,0.001452791,0.000179635
2020-11-27,13:42:41,4.526499939,8.999700165,163.8453369,161.6232147,161.1791229,160.0152893,277.5348511,138.3041077,148.697403,0,0,0.001452791,0.000179858
2020-11-27,13:42:42,4.531900024,8.999500275,163.8453369,161.6400299,161.1800995,160.0144653,277.5370789,138.3308411,148.671463,0,0,0.001452791,0.000179858
2020-11-27,13:42:43,4.537099838,8.999299622,163.8453369,161.6588135,161.1785278,160.0149536,277.535614,138.3597565,148.6434937,0,0,0.001452791,0.00017967
2020-11-27,13:42:44,4.542300034,8.999099731,163.8453369,161.6776733,161.177887,160.0154114,277.5344543,138.3886414,148.6155243,0,0,0.001452791,0.000179699
2020-11-27,13:42:45,4.548099899,8.998899841,163.8442841,161.6943054,161.1771088,160.0158386,277.5332031,138.4155426,148.5895538,0,0,0.001446672,0.000179699
2020-11-27,13:42:46,4.553300095,8.998699951,163.8442841,161.7132263,161.1764069,160.0153503,277.5345764,138.4446716,148.5614014,0,0,0.001446672,0.000179699
2020-11-27,13:42:47,4.55890007,8.998600006,163.8442841,161.7309113,161.177536,160.0150757,277.5354004,138.4732513,148.5337982,0,0,0.001446672,0.000179699
2020-11-27,13:42:48,4.563199997,8.99940033,163.8453369,161.7490845,161.1760712,160.0154114,277.5346069,138.5023499,148.5055237,0,0,0.001446672,0.000179699
2020-11-27,13:42:49,4.568199921,9.00039978,163.8453369,161.7666779,161.1766663,160.0158386,277.5332947,138.5300293,148.4788971,0,0,0.001446672,0.000179699
2020-11-27,13:42:50,4.573400116,9.000800323,163.8442841,161.7852478,161.1758728,160.0154114,277.5344238,138.5591736,148.4507141,0,0,0.001446672,0.000179709
2020-11-27,13:42:51,4.57820015,9.000900269,163.8453217,161.8027344,161.1754303,160.0159607,277.5329895,138.5885315,148.4223938,0,0,0.001446672,0.000179709
2020-11-27,13:42:52,4.583399963,9.000900269,163.8442535,161.8216858,161.1747894,160.0152893,277.5346069,138.6171875,148.3947144,0,0,0.001429276,0.000179668
2020-11-27,13:42:53,4.588100052,9.001000214,163.8442535,161.839325,161.1740265,160.0154724,277.5350037,138.6459808,148.3669586,0,0,0.001429276,0.000179668
2020-11-27,13:42:54,4.593099976,9.001000214,163.8442535,161.8582764,161.1742859,160.0160065,277.5328979,138.6753693,148.3386536,0,0,0.001429276,0.000179668
2020-11-27,13:42:55,4.597800064,9.001000214,163.8442535,161.8753357,161.1736908,160.0157928,277.5333557,138.7048645,148.3101807,0,0,0.001429276,0.000179668
2020-11-27,13:42:56,4.602500153,9.001000214,163.8452606,161.894165,161.1735992,160.0155182,277.5341187,138.7339325,148.2822113,0,0,0.001429276,0.000179832
2020-11-27,13:42:57,4.607500076,9.001000214,163.844223,161.9134827,161.1716003,160.0151215,277.5352173,138.7630005,148.2541962,0,0,0.001422719,0.000179832
2020-11-27,13:42:58,4.612099838,9.001000214,163.844223,161.9309235,161.1721497,160.0158386,277.5332336,138.7927551,148.2255249,0,0,0.001422719,0.000179832
2020-11-27,13:42:59,4.616899872,9.000900269,163.844223,161.9500427,161.1713257,160.0155182,277.5341797,138.8226013,148.1968689,0,0,0.001422719,0.000179832
2020-11-27,13:43:00,4.621300125,9.001000214,163.8452759,161.9669342,161.1722107,160.0162506,277.532135,138.8512726,148.169281,0,0,0.001422719,0.000179832
2020-11-27,13:43:01,4.625999832,9.000900269,163.8442383,161.986908,161.1726074,160.0158386,277.5332642,138.8812866,148.1404266,0,0,0.001422719,0.000179832
2020-11-27,13:43:02,4.630699921,9.000900269,163.8442383,162.0054932,161.1711273,160.0160065,277.5335388,138.9110718,148.1118469,0,0,0.001422719,0.000179832
2020-11-27,13:43:03,4.634999847,9.000800323,163.8452759,162.0221558,161.1713867,160.0161285,277.5325012,138.9391632,148.0847168,0,0,0.001422719,0.000179832
2020-11-27,13:43:04,4.639599991,9.000700378,163.8452759,162.0415649,161.1695557,160.0165558,277.5313416,138.9689484,148.0561829,0,0,0.001422719,0.000179719
2020-11-27,13:43:05,4.644300079,9.000700378,163.8452759,162.0608673,161.168869,160.0160065,277.5326843,138.9987488,148.0276031,0,0,0.001422719,0.000179719
2020-11-27,13:43:06,4.648699951,9.00059967,163.8452759,162.079483,161.1686554,160.0161896,277.5323486,139.0286102,147.9988708,0,0,0.001422719,0.000179719
2020-11-27,13:43:07,4.652799988,9.00059967,163.8452759,162.0972443,161.1682434,160.0163422,277.5318298,139.0574341,147.9712677,0,0,0.001422719,0.000179719
2020-11-27,13:43:08,4.657300186,9.000499725,163.8442383,162.1163483,161.1689148,160.0160065,277.5328064,139.0874939,147.9423676,0,0,0.001422719,0.000179719
2020-11-27,13:43:09,4.661700058,9.00039978,163.8442383,162.1351318,161.1684418,160.0163879,277.5316162,139.1170349,147.914093,0,0,0.001422719,0.000179719
2020-11-27,13:43:10,4.665999985,9.000299835,163.8442383,162.1529694,161.167511,160.0158386,277.5332031,139.1466217,147.8857117,0,0,0.001422719,0.000179719
2020-11-27,13:43:11,4.670100021,9.00019989,163.8452454,162.1723328,161.1673126,160.0163422,277.5319824,139.1763611,147.8572235,0,0,0.001422719,0.000179719
2020-11-27,13:43:12,4.674499893,9.000099945,163.8452454,162.1907349,161.1666107,160.0158386,277.5332336,139.2061005,147.8287201,0,0,0.001422719,0.000179719
2020-11-27,13:43:13,4.67879982,9.0,163.8452454,162.2095795,161.1669464,160.0162964,277.5320129,139.2355347,147.8005981,0,0,0.001422719,0.000179719
2020-11-27,13:43:14,4.682699966,8.999900055,163.8452454,162.2270966,161.1660461,160.0163422,277.5319214,139.2641602,147.7732391,0,0,0.001422719,0.000179719
2020-11-27,13:43:15,4.686999893,8.99980011,163.8452454,162.2468872,161.1665039,160.0162506,277.5316772,139.2940216,147.7446136,0,0,0.001422719,0.000179719
2020-11-27,13:43:16,4.691199875,8.999900055,163.8452454,162.2654114,161.1648865,160.01651,277.5322876,139.3239594,147.7159729,0,0,0.001422719,0.000179719
2020-11-27,13:43:17,4.695000076,9.000099945,163.8452454,162.2838898,161.1642151,160.0163879,277.531189,139.3521271,147.6890564,0,0,0.001422719,0.000179895
2020-11-27,13:43:18,4.699300003,9.000299835,163.8452454,162.3028564,161.1653137,160.0160065,277.5328064,139.3816833,147.6608124,0,0,0.001422719,0.000179702
2020-11-27,13:43:19,4.703300095,9.00059967,163.8452454,162.3210754,161.1659393,160.0163879,277.5317078,139.4112091,147.6326141,0,0,0.001422719,0.000179702
2020-11-27,13:43:20,4.707300186,9.000800323,163.8452454,162.3406982,161.1638336,160.0167236,277.5306702,139.4409943,147.604187,0,0,0.001422719,0.000179702
2020-11-27,13:43:21,4.711199951,9.001000214,163.8452454,162.3594666,161.1637268,160.0165558,277.5312805,139.4693604,147.577179,0,0,0.001422719,0.000179691
2020-11-27,13:43:22,4.713199997,9.001200104,163.8442383,162.3784637,161.1631012,160.016449,277.5315857,139.4994049,147.5484467,0,0,0.001422719,0.000179691
2020-11-27,13:43:23,4.714699936,9.001300049,163.8452759,162.3962555,161.1625671,160.0168457,277.5304871,139.5287018,147.5205383,0,0,0.001422719,0.000179691
2020-11-27,13:43:24,4.716699982,9.001499939,163.8452759,162.4167023,161.1634064,160.0160065,277.5326538,139.55867,147.4919434,0,0,0.001422719,0.000179755
2020-11-27,13:43:25,4.718600082,9.001599884,163.8452759,162.4349823,161.1620789,160.01651,277.5314026,139.5868835,147.4651184,0,0,0.001402875,0.000179755
2020-11-27,13:43:26,4.720600128,9.001799774,163.8452759,162.4526062,161.1615753,160.0163879,277.5317078,139.6157532,147.4375458,0,0,0.001402875,0.000179755
2020-11-27,13:43:27,4.722600174,9.001799774,163.8442688,162.4728241,161.1606293,160.0166779,277.5309753,139.6458588,147.408905,0,0,0.001402875,0.000179755
2020-11-27,13:43:28,4.724700165,9.001899719,163.8453217,162.4922485,161.1617584,160.0167847,277.5305786,139.6752777,147.3808746,0,0,0.001443962,0.000179755
2020-11-27,13:43:29,4.726800156,9.001999664,163.8453217,162.5097809,161.1620636,160.0166168,277.5311584,139.7024536,147.3549957,0,0,0.001443962,0.000179755
2020-11-27,13:43:30,4.72879982,9.002100372,163.8442993,162.5296173,161.1602478,160.0163879,277.5316162,139.7317963,147.3271332,0,0,0.001443962,0.000179755
2020-11-27,13:43:31,4.731000137,9.002200317,163.8442993,162.5475159,161.16008,160.0166168,277.5311584,139.7598724,147.300415,0,0,0.001443962,0.000179755
2020-11-27,13:43:32,4.733200073,9.002200317,163.8453064,162.5657349,161.1604614,160.0161285,277.5324097,139.7865143,147.2750549,0,0,0.001443962,0.000179834
2020-11-27,13:43:33,4.735400009,9.002300262,163.8453064,162.5851135,161.1596069,160.0165558,277.531189,139.8147736,147.24823,0,0,0.001443962,0.000179834
2020-11-27,13:43:34,4.7375,9.002200317,163.8453064,162.6049194,161.1589661,160.0163422,277.5317383,139.8429413,147.2214966,0,0,0.001443962,0.000179834
2020-11-27,13:43:35,4.739500046,9.002300262,163.8453064,162.6233521,161.158783,160.01651,277.53125,139.8707428,147.1951752,0,0,0.001443962,0.000179834
2020-11-27,13:43:36,4.741500092,9.002200317,163.8453064,162.6414032,161.1585388,160.0163879,277.5319519,139.8973083,147.1698303,0,0,0.001443962,0.000179834
2020-11-27,13:43:37,4.743700027,9.002300262,163.8453064,162.6608124,161.1589813,160.0167236,277.5308838,139.9240417,147.1445465,0,0,0.001443962,0.000179834
2020-11-27,13:43:38,4.745700073,9.002200317,163.8453064,162.6799164,161.1585693,160.0171051,277.5296326,139.9520569,147.1179047,0,0,0.001443962,0.000179834
2020-11-27,13:43:39,4.747800064,9.002200317,163.8453064,162.6987305,161.1575775,160.0162506,277.5322266,139.9788971,147.0925293,0,0,0.001443962,0.000179834
2020-11-27,13:43:40,4.749599838,9.002200317,163.8453064,162.7173462,161.1569214,160.016449,277.5315857,140.0054626,147.0673218,0,0,0.001443962,0.000179834
2020-11-27,13:43:41,4.751499939,9.002100372,163.8453064,162.7358551,161.1575775,160.0163422,277.5312805,140.0319519,147.0422211,0,0,0.001443962,0.000179834
2020-11-27,13:43:42,4.75359993,9.002100372,163.8453064,162.7551727,161.1569214,160.0167847,277.5306396,140.0580139,147.0175018,0,0,0.001443962,0.000179834
2020-11-27,13:43:43,4.755599976,9.001999664,163.8453064,162.7736359,161.1564941,160.0163422,277.5318298,140.0834198,146.993454,0,0,0.001443962,0.000179834
2020-11-27,13:43:44,4.757799911,9.001899719,163.8453064,162.7926331,161.1560974,160.0166779,277.5310364,140.1093445,146.9689178,0,0,0.001443962,0.000179834
2020-11-27,13:43:45,4.759600067,9.001799774,163.8453064,162.8101501,161.1554718,160.0163422,277.5319824,140.1362,146.9435272,0,0,0.001443962,0.000179834
2020-11-27,13:43:46,4.761399841,9.001799774,163.8453064,162.8287201,161.1557159,160.01651,277.5314026,140.1601715,146.9208221,0,0,0.001443962,0.000179834
2020-11-27,13:43:47,4.763499832,9.001699829,163.8453064,162.8468323,161.1558685,160.0163422,277.5317993,140.1853027,146.8970795,0,0,0.001443962,0.000179834
2020-11-27,13:43:48,4.765299988,9.001599884,163.8453064,162.8664246,161.1546326,160.0162506,277.5321655,140.2104797,146.8732758,0,0,0.001443962,0.000179752
2020-11-27,13:43:49,4.767200089,9.001499939,163.8453064,162.885498,161.1548767,160.0156708,277.5336914,140.2358093,146.8492432,0,0,0.001443962,0.000179752
2020-11-27,13:43:50,4.769200134,9.001300049,163.8453064,162.9030151,161.154007,160.0163879,277.5317078,140.2598724,146.8265533,0,0,0.001443962,0.000179743
2020-11-27,13:43:51,4.771099854,9.001200104,163.846344,162.9222717,161.1542358,160.0160675,277.5325317,140.2836761,146.8040314,0,0,0.001443962,0.000179743
2020-11-27,13:43:52,4.772900009,9.001000214,163.846344,162.94104,161.1544342,160.0155182,277.5342102,140.3086853,146.7804565,0,0,0.001443962,0.000179792
2020-11-27,13:43:53,4.774700165,9.000900269,163.846344,162.9584351,161.153656,160.0161285,277.5324402,140.331543,146.7589417,0,0,0.001443962,0.000179792
2020-11-27,13:43:54,4.776699829,9.000800323,163.8453064,162.9771576,161.1543121,160.0158386,277.5332642,140.3554535,146.7363129,0,0,0.001443962,0.000179657
2020-11-27,13:43:55,4.77859993,9.00059967,163.8453064,162.9960938,161.1530151,160.0162964,277.532074,140.3798065,146.7133179,0,0,0.001443962,0.000179657
2020-11-27,13:43:56,4.78030014,9.00039978,163.8453064,163.013855,161.1529083,160.0160065,277.5327148,140.4038849,146.690567,0,0,0.001443962,0.000179657
2020-11-27,13:43:57,4.782500076,9.000299835,163.8453064,163.033493,161.1531982,160.0161285,277.5324097,140.4280396,146.667923,0,0,0.001534264,0.000179657
2020-11-27,13:43:58,4.78409996,9.000099945,163.8453064,163.0505524,161.1524658,160.0157318,277.5335693,140.449646,146.6475067,0,0,0.001534264,0.000179657
2020-11-27,13:43:59,4.786000061,8.999900055,163.8453064,163.0691223,161.1529388,160.0152435,277.5350342,140.4730377,146.6254578,0,0,0.001534264,0.000179732
2020-11-27,13:44:00,4.787900162,8.999700165,163.8453064,163.087204,161.1523132,160.0155182,277.5341492,140.4964905,146.6047058,0,0,0.001534264,0.000179732
2020-11-27,13:44:01,4.789400101,8.99960022,163.8463135,163.1061096,161.1525726,160.0154724,277.5343018,140.5178375,146.583252,0,0,0.001534264,0.000179732
2020-11-27,13:44:02,4.79109993,8.99940033,163.8463135,163.1231995,161.1516418,160.0153503,277.5345764,140.5404816,146.5619812,0,0,0.001534264,0.000179732
2020-11-27,13:44:03,4.792900085,8.999299622,163.8463135,163.1417999,161.1525574,160.0157318,277.5334473,140.5636444,146.5400848,0,0,0.001534264,0.000179903
2020-11-27,13:44:04,4.794499969,8.999099731,163.8463135,163.1604004,161.1522064,160.0149078,277.5358582,140.5858002,146.5193176,0,0,0.001534264,0.000179846
2020-11-27,13:44:05,4.796300125,8.998899841,163.8453064,163.1789398,161.1499481,160.0152435,277.5349121,140.6075897,146.4988708,0,0,0.001534264,0.000179846
2020-11-27,13:44:06,4.797999954,8.998799896,163.8453064,163.1962891,161.1508789,160.0150146,277.5354614,140.6290588,146.4786682,0,0,0.001542481,0.000179676
2020-11-27,13:44:07,4.79980011,8.998699951,163.8453064,163.2149811,161.1506042,160.0152893,277.5346375,140.6508636,146.4581146,0,0,0.001542481,0.000179676
2020-11-27,13:44:08,4.801399994,8.998799896,163.8453064,163.2335358,161.1520081,160.0145264,277.5367737,140.6727753,146.4375763,0,0,0.001542481,0.000179676
2020-11-27,13:44:09,4.802999878,8.998799896,163.8463287,163.2513123,161.1503754,160.0143585,277.537323,140.6937408,146.4178009,0,0,0.001542481,0.000179676
2020-11-27,13:44:10,4.804700089,8.998699951,163.8463287,163.2694702,161.1506348,160.0152435,277.5349731,140.7148743,146.397995,0,0,0.001542481,0.000179676
2020-11-27,13:44:11,4.806499863,8.998699951,163.8463287,163.2868195,161.1507874,160.0151825,277.5350952,140.7362518,146.3779297,0,0,0.001542481,0.000179676
2020-11-27,13:44:12,4.808100128,8.998999786,163.8453064,163.3037415,161.1498718,160.0147552,277.5362549,140.7567902,146.3586273,0,0,0.001542481,0.000179676
2020-11-27,13:44:13,4.809799957,8.99960022,163.8453064,163.3222504,161.1500854,160.0145874,277.5366821,140.7783813,146.3384094,0,0,0.001542481,0.000179676
2020-11-27,13:44:14,4.811500168,9.000900269,163.8463745,163.3406067,161.1495056,160.0141754,277.5377808,140.7991638,146.3188782,0,0,0.001542481,0.000179676
2020-11-27,13:44:15,4.813100052,9.002100372,163.8463745,163.358017,161.1490173,160.0137482,277.5390015,140.818161,146.3010101,0,0,0.001542481,0.000179676
2020-11-27,13:44:16,4.814500046,9.003099823,163.8463745,163.3755341,161.1488342,160.0145264,277.5369873,140.8390808,146.2814789,0,0,0.001542481,0.000179676
2020-11-27,13:44:17,4.816199875,9.003800201,163.8463745,163.3940735,161.1492004,160.0138092,277.5387268,140.8585205,146.2631836,0,0,0.001487583,0.000179676
2020-11-27,13:44:18,4.81780014,9.004499817,163.8463745,163.4125519,161.148056,160.0144196,277.5372314,140.879425,146.2435608,0,0,0.001487583,0.000179676
2020-11-27,13:44:19,4.819400024,9.005000305,163.8463745,163.4297943,161.1478882,160.0133514,277.5401611,140.8994598,146.224823,0,0,0.001487583,0.000179676
2020-11-27,13:44:20,4.821099854,9.00490036,163.8463745,163.4476013,161.1488953,160.0138092,277.5387878,140.9183044,146.2071533,0,0,0.001487583,0.000179676
2020-11-27,13:44:21,4.822600174,9.004799652,163.8453369,163.4645844,161.1477509,160.0134735,277.5397644,140.9380798,146.1886139,0,0,0.001487583,0.000179676
2020-11-27,13:44:22,4.824100113,9.004599762,163.8453369,163.4814606,161.1474609,160.0135956,277.5395203,140.9572906,146.1706696,0,0,0.001487583,0.000179676
2020-11-27,13:44:23,4.825600052,9.004499817,163.8453369,163.4989624,161.148468,160.0135193,277.5394287,140.9764862,146.1526794,0,0,0.001487583,0.000179676
2020-11-27,13:44:24,4.827099991,9.004299927,163.846344,163.5169678,161.147049,160.0133057,277.5402222,140.9953461,146.134964,0,0,0.001487583,0.000179676
2020-11-27,13:44:25,4.828699875,9.004399872,163.846344,163.535614,161.146286,160.0125885,277.5421753,141.0141296,146.1173401,0,0,0.001487583,0.000179676
2020-11-27,13:44:26,4.830099869,9.004000092,163.846344,163.5524902,161.1475677,160.0137482,277.539032,141.033905,146.098938,0,0,0.001487583,0.000179676
2020-11-27,13:44:27,4.831999969,9.003900146,163.846344,163.5703583,161.1478271,160.013092,277.540741,141.0515137,146.082489,0,0,0.001487583,0.000179676
2020-11-27,13:44:28,4.838000107,9.003700256,163.846344,163.5860901,161.1472473,160.0129852,277.5411377,141.0705261,146.0647278,0,0,0.001487583,0.000179803
2020-11-27,13:44:29,4.847700119,9.003500366,163.846344,163.6056061,161.1465912,160.0132599,277.5404358,141.0895081,146.0469055,0,0,0.001438454,0.000179803
2020-11-27,13:44:30,4.857899857,9.003399658,163.846344,163.6209717,161.1470337,160.0125885,277.5422363,141.1062012,146.0313263,0,0,0.001438454,0.000179803
2020-11-27,13:44:31,4.869900131,9.003199768,163.846344,163.6387329,161.1473389,160.0129852,277.5411377,141.1245422,146.0141602,0,0,0.001438454,0.000179788
2020-11-27,13:44:32,4.881999969,9.002999878,163.846344,163.6559601,161.1462402,160.0122528,277.5431213,141.14328,145.9966125,0,0,0.001438454,0.000179788
2020-11-27,13:44:33,4.894400024,9.002899933,163.846344,163.6733093,161.1456451,160.0126343,277.5421143,141.1619873,145.9792328,0,0,0.001438454,0.000179788
2020-11-27,13:44:34,4.905199814,9.002700043,163.846344,163.6902771,161.146286,160.0123596,277.5429077,141.1796417,145.9627075,0,0,0.001549737,0.000179788
2020-11-27,13:44:35,4.915999985,9.002500153,163.846344,163.7071838,161.1464539,160.0121002,277.5435181,141.1988525,145.94487,0,0,0.001549737,0.000179788
2020-11-27,13:44:36,4.924000168,9.002400208,163.846344,163.724762,161.1455841,160.0123596,277.5429382,141.2180939,145.9268799,0,0,0.001549737,0.0001797
2020-11-27,13:44:37,4.928699875,9.002200317,163.8473511,163.7415314,161.1464996,160.0119019,277.5441589,141.2380219,145.9082031,0,0,0.001484611,0.0001797
2020-11-27,13:44:38,4.932799911,9.001999664,163.8473511,163.7585907,161.1457825,160.0126343,277.5421143,141.2573242,145.890213,0,0,0.001484611,0.0001797
2020-11-27,13:44:39,4.935400009,9.001799774,163.8463135,163.7750702,161.1450806,160.0119629,277.5437927,141.2771759,145.8717041,0,0,0.001484611,0.000179741
2020-11-27,13:44:40,4.935599899,9.001599884,163.8463135,163.7924805,161.1464539,160.0122528,277.5432129,141.2979584,145.8522949,0,0,0.001484611,0.00017974
2020-11-27,13:44:41,4.934000015,9.001499939,163.8463135,163.8106842,161.1446228,160.0116425,277.5447693,141.3175201,145.8340759,0,0,0.001484611,0.00017974
2020-11-27,13:44:42,4.933100128,9.001300049,163.8463135,163.828064,161.14505,160.0114746,277.5452576,141.3385773,145.8144379,0,0,0.001484611,0.00017974
2020-11-27,13:44:43,4.932699966,9.001100159,163.8463135,163.8439178,161.145874,160.011261,277.5458679,141.358078,145.7963257,0,0,0.001484611,0.00017974
2020-11-27,13:44:44,4.933300018,9.000800323,163.8463135,163.8617554,161.1445923,160.0117493,277.5445557,141.379364,145.7765198,0,0,0.001484611,0.00017974
2020-11-27,13:44:45,4.936899948,9.000700378,163.8463135,163.8792114,161.144104,160.0111389,277.5462036,141.401123,145.7562256,0,0,0.001484611,0.00017974
2020-11-27,13:44:46,4.941999817,9.00039978,163.8463135,163.896286,161.1455994,160.0109253,277.5467224,141.4220886,145.7366486,0,0,0.001484611,0.000179811
2020-11-27,13:44:47,4.94640007,9.00019989,163.8473969,163.9145966,161.1451721,160.011261,277.5460205,141.4450226,145.7153473,0,0,0.001484611,0.000179811
2020-11-27,13:44:48,4.950500107,9.000099945,163.8473969,163.9309845,161.1441498,160.0108643,277.5470276,141.4659271,145.6958313,0,0,0.001484611,0.000179811
2020-11-27,13:44:49,4.954199982,9.00019989,163.8473969,163.9487457,161.1447601,160.0105286,277.5479126,141.4861908,145.6769867,0,0,0.001484611,0.000179811
2020-11-27,13:44:50,4.958100128,9.000299835,163.8463745,163.9660645,161.144516,160.0108643,277.5469971,141.5079651,145.6567993,0,0,0.001484611,0.000179811
2020-11-27,13:44:51,4.961800003,9.00039978,163.8463745,163.9844818,161.1440887,160.0102539,277.548584,141.5292969,145.6369781,0,0,0.001566171,0.000179811
2020-11-27,13:44:52,4.965200043,9.000499725,163.8463745,164.0012207,161.1445313,160.0104218,277.5481567,141.5506287,145.6170959,0,0,0.001563898,0.000179811
2020-11-27,13:44:53,4.968500137,9.00059967,163.8474426,164.0184479,161.1440277,160.0098114,277.5498047,141.5721283,145.5971069,0,0,0.001563898,0.000179811
2020-11-27,13:44:54,4.971900177,9.000700378,163.8463745,164.0362244,161.1437225,160.0101318,277.5488281,141.5934753,145.577301,0,0,0.001563898,0.000179778
2020-11-27,13:44:55,4.975299835,9.000700378,163.8463745,164.053833,161.1442871,160.0093079,277.551239,141.6158447,145.5564423,0,0,0.001563898,0.000179778
2020-11-27,13:44:56,4.97859993,9.000800323,163.8463745,164.0704956,161.1438751,160.0099335,277.5495605,141.636673,145.5372009,0,0,0.001539946,0.000179778
2020-11-27,13:44:57,4.981900024,9.000800323,163.8473816,164.0888367,161.1433258,160.0093079,277.551239,141.6578522,145.5175476,0,0,0.001539946,0.000179778
2020-11-27,13:44:58,4.984899902,9.000800323,163.8473816,164.1059875,161.1441345,160.0091553,277.5516357,141.6800537,145.496994,0,0,0.001539946,0.000179778
2020-11-27,13:44:59,4.987099838,9.000900269,163.8473816,164.122818,161.1438751,160.0089264,277.5523071,141.6996765,145.4787292,0,0,0.001539946,0.000179778
2020-11-27,13:45:00,4.989500046,9.000800323,163.8463287,164.1398773,161.1440735,160.0091553,277.5516357,141.7216187,145.4584198,0,0,0.001541519,0.000179784
2020-11-27,13:45:01,4.991999817,9.000800323,163.8463287,164.1580811,161.1438293,160.0085754,277.5531921,141.7432404,145.4382477,0,0,0.001541519,0.000179784
2020-11-27,13:45:02,4.994499969,9.000900269,163.8463287,164.1756439,161.1430054,160.008316,277.553833,141.7649536,145.4181824,0,0,0.001541519,0.000179784
2020-11-27,13:45:03,4.997100067,9.000800323,163.8473969,164.191864,161.1431122,160.0085144,277.5534058,141.7858734,145.3987732,0,0,0.001541519,0.000179784
2020-11-27,13:45:04,4.999200058,9.000800323,163.8473969,164.2091827,161.1421356,160.008316,277.5540466,141.8076477,145.3786469,0,0,0.001550261,0.000179782
2020-11-27,13:45:05,5.001200104,9.000700378,163.8473969,164.2270508,161.1430206,160.0086975,277.553009,141.8286896,145.3592072,0,0,0.001550261,0.000179782
2020-11-27,13:45:06,5.00340004,9.000700378,163.8463745,164.2437897,161.1433716,160.0079803,277.5548401,141.8503113,145.3391266,0,0,0.001550261,0.000179586
2020-11-27,13:45:07,5.004899979,9.00059967,163.8463745,164.260498,161.1429749,160.0078125,277.5552979,141.8697052,145.3211823,0,0,0.001550261,0.000179586
2020-11-27,13:45:08,5.006399918,9.000499725,163.8474121,164.2785492,161.143631,160.0076904,277.555542,141.8917847,145.3007507,0,0,0.001550261,0.000179586
2020-11-27,13:45:09,5.006999969,9.00039978,163.8484192,164.2956696,161.1431732,160.0078125,277.5558777,141.9126434,145.2814331,0,0,0.001570629,0.000179586
2020-11-27,13:45:10,5.006499863,9.000299835,163.8484192,164.3117981,161.1428833,160.0073242,277.5550842,141.9331512,145.2624054,0,0,0.001570629,0.000179586
2020-11-27,13:45:11,5.006299973,9.00019989,163.8473816,164.3286285,161.1422119,160.0075989,277.5568237,141.9534149,145.2436981,0,0,0.001570629,0.00017981
2020-11-27,13:45:12,5.006100082,9.000099945,163.8463287,164.3459473,161.1427155,160.007431,277.5557251,141.9747009,145.2240143,0,0,0.001570629,0.00017981
2020-11-27,13:45:13,5.006000137,9.0,163.8463287,164.3620758,161.1424561,160.0069275,277.5577698,141.9945679,145.205658,0,0,0.001570629,0.00017981
2020-11-27,13:45:14,5.006200027,8.999900055,163.8473358,164.3802643,161.1426239,160.007019,277.5574646,142.0150757,145.1867065,0,0,0.001570629,0.00017969
2020-11-27,13:45:15,5.006100082,8.999700165,163.8473358,164.3960114,161.1424103,160.0062408,277.5595398,142.0354156,145.1679382,0,0,0.001598953,0.00017969
2020-11-27,13:45:16,5.006299973,8.99960022,163.8473358,164.4141846,161.14151,160.006485,277.5590515,142.0554352,145.1494293,0,0,0.001598953,0.00017969
2020-11-27,13:45:17,5.006200027,8.999500275,163.846283,164.430603,161.1424561,160.0063629,277.5593567,142.0752869,145.1310577,0,0,0.001598953,0.00017977
2020-11-27,13:45:18,5.006700134,8.999900055,163.846283,164.447403,161.1417389,160.0059814,277.5603943,142.0942993,145.1136322,0,0,0.001598953,0.00017977
2020-11-27,13:45:19,5.006499863,9.00019989,163.8473206,164.4640656,161.1420135,160.0058289,277.5608215,142.1146545,145.0947723,0,0,0.001598953,0.000179775
2020-11-27,13:45:20,5.006999969,9.000299835,163.8473206,164.4811707,161.1424713,160.0060425,277.5602417,142.1339111,145.0769653,0,0,0.001598953,0.000179775
2020-11-27,13:45:21,5.00719986,9.000299835,163.8473206,164.4966278,161.1429901,160.0058594,277.5607605,142.1524811,145.0598755,0,0,0.001598953,0.000179775
2020-11-27,13:45:22,5.006999969,9.00019989,163.8473206,164.514389,161.142868,160.0057678,277.5604858,142.1712646,145.0425873,0,0,0.001598953,0.000179771
2020-11-27,13:45:23,5.007600021,9.000099945,163.8473206,164.5302734,161.1414185,160.0054321,277.5617981,142.1901093,145.0251465,0,0,0.001598953,0.000179771
2020-11-27,13:45:24,5.007799911,9.000099945,163.8473206,164.5464478,161.1416321,160.0053253,277.5622864,142.2076416,145.0090027,0,0,0.001598953,0.000179771
2020-11-27,13:45:25,5.008000183,9.0,163.8473206,164.5625,161.1420898,160.0049896,277.5631409,142.2259521,144.9921112,0,0,0.001620195,0.000179771
2020-11-27,13:45:26,5.008200073,8.99980011,163.8473206,164.5790863,161.1417389,160.0055847,277.5614319,142.2438202,144.9756165,0,0,0.001620195,0.000179771
2020-11-27,13:45:27,5.008399963,8.999700165,163.8473206,164.5963593,161.1422424,160.0049286,277.5632629,142.2615509,144.9593048,0,0,0.001620195,0.000179771
2020-11-27,13:45:28,5.00890007,8.99960022,163.8473206,164.6105804,161.1418152,160.0042572,277.5650024,142.2786407,144.9436493,0,0,0.001620195,0.000179771
2020-11-27,13:45:29,5.009000015,8.99960022,163.8483429,164.6260071,161.1416016,160.0043182,277.5649414,142.2963562,144.9272614,0,0,0.001620195,0.000179771
2020-11-27,13:45:30,5.009199905,8.99940033,163.8483429,164.6436462,161.1412201,160.0042572,277.565155,142.3129425,144.9119568,0,0,0.001620195,0.000179771
2020-11-27,13:45:31,5.009500122,8.999299622,163.8473206,164.6589813,161.1417542,160.0040436,277.5657043,142.3305817,144.8956909,0,0,0.001620195,0.000179771
2020-11-27,13:45:32,5.009400177,8.999099731,163.8473206,164.6741486,161.1426544,160.0041504,277.5654297,142.34552,144.8819733,0,0,0.001620195,0.000179771
2020-11-27,13:45:33,5.03769989,8.998999786,163.8473206,164.6908569,161.1415405,160.0038757,277.5661621,142.3623962,144.8664856,0,0,0.001620195,0.000179771
2020-11-27,13:45:34,4.984700012,8.998899841,163.8473206,164.7054596,161.141861,160.0037537,277.5664368,142.3791656,144.8511047,0,0,0.001620195,0.000179771
2020-11-27,13:45:35,5.10379982,8.998799896,163.8462982,164.7220154,161.1419678,160.0036316,277.566803,142.3955994,144.8360443,0,0,0.001620195,0.000179771
2020-11-27,13:45:36,5.138399887,8.998699951,163.8473358,164.736496,161.1412811,160.0029144,277.5687256,142.4109802,144.8218842,0,0,0.001620195,0.000179771
2020-11-27,13:45:37,5.131600189,8.998799896,163.8473358,164.7528687,161.141449,160.0031433,277.5682068,142.4286194,144.8056488,0,0,0.001620195,0.000179771
2020-11-27,13:45:38,5.117300034,8.998500061,163.8473358,164.7683411,161.1405792,160.002533,277.5698242,142.4454956,144.7900696,0,0,0.001620195,0.000179771
2020-11-27,13:45:39,5.089400101,8.998400116,163.8473358,164.7822571,161.1422577,160.0027008,277.5693665,142.4630585,144.7740173,0,0,0.001620195,0.000179956
2020-11-27,13:45:40,5.08219986,8.998200226,163.8473358,164.7987061,161.1417389,160.002655,277.5695801,142.4805298,144.7579041,0,0,0.001656648,0.000179956
2020-11-27,13:45:41,5.114400101,8.998000336,163.8473358,164.8144989,161.1421509,160.0021973,277.5707397,142.4981689,144.7416534,0,0,0.001656648,0.000179956
2020-11-27,13:45:42,5.103900146,8.997899628,163.8473358,164.8300171,161.1426392,160.0024261,277.5701294,142.5155487,144.7256927,0,0,0.001656648,0.00017983
2020-11-27,13:45:43,5.090000153,8.997699738,163.8473358,164.8452911,161.141098,160.0018768,277.5715942,142.534256,144.7085114,0,0,0.001830784,0.00017983
2020-11-27,13:45:44,5.081900024,8.997499847,163.8473358,164.8616943,161.1424561,160.0014801,277.5726624,142.5530243,144.6913452,0,0,0.001830784,0.00017983
2020-11-27,13:45:45,5.074499893,8.997499847,163.8473358,164.8771362,161.1433716,160.0018158,277.5717773,142.571991,144.6739197,0,0,0.001830784,0.00017983
2020-11-27,13:45:46,5.066500092,8.997399902,163.8473358,164.8931122,161.1410522,160.0013885,277.572876,142.590683,144.6568146,0,0,0.001830784,0.00017983
2020-11-27,13:45:47,5.054600143,8.997499847,163.8473358,164.9083252,161.1407928,160.0014801,277.5731812,142.6085205,144.6404114,0,0,0.001830784,0.00017983
2020-11-27,13:45:48,5.043799973,8.997299957,163.8473358,164.9242401,161.142395,160.0010834,277.5737,142.6270447,144.6234589,0,0,0.001830784,0.00017983
2020-11-27,13:45:49,5.035599899,8.997200012,163.8473358,164.9396973,161.1407928,160.0012207,277.5733337,142.6451416,144.6068878,0,0,0.001830784,0.00017983
2020-11-27,13:45:50,5.02879982,8.997100067,163.8473358,164.956604,161.1400757,160.0008698,277.5743713,142.6616974,144.5916748,0,0,0.001830784,0.00017983
2020-11-27,13:45:51,5.022499847,8.997000122,163.8473358,164.9717407,161.1417389,160.0005798,277.5752563,142.6788483,144.575943,0,0,0.001830784,0.00017983
2020-11-27,13:45:52,5.013000107,8.996800232,163.8473358,164.9872894,161.1408234,160.0002136,277.5762024,142.6953735,144.5608063,0,0,0.001830784,0.00017983
2020-11-27,13:45:53,5.003900146,8.996700287,163.8483582,165.0029602,161.1411133,160.0000916,277.5764771,142.7111511,144.5463257,0,0,0.001830784,0.00017983
2020-11-27,13:45:54,4.998300171,8.996499634,163.8483582,165.0163879,161.1421967,160.0002594,277.5760803,142.7269897,144.5317993,0,0,0.001830784,0.00017983
2020-11-27,13:45:55,4.990599823,8.996299744,163.8483582,165.0308533,161.1420593,159.9997559,277.5774536,142.7416534,144.5184326,0,0,0.001830784,0.00017983
2020-11-27,13:45:56,4.984700012,8.996099854,163.8473358,165.0470428,161.1416016,159.9996338,277.5777283,142.7560272,144.5052795,0,0,0.001830784,0.00017983
2020-11-27,13:45:57,4.979399872,8.995899963,163.8483582,165.0610809,161.1420288,159.9991302,277.5789795,142.7688446,144.493454,0,0,0.001830784,0.00017983
2020-11-27,13:45:58,4.974300003,8.995700073,163.8483582,165.0746002,161.1403656,159.9994659,277.5782471,142.7820282,144.4813843,0,0,0.001830784,0.00017983
2020-11-27,13:45:59,4.973600006,8.995500183,163.8483582,165.0897675,161.1416321,159.9989777,277.5796204,142.7955475,144.4690704,0,0,0.001830784,0.00017983
2020-11-27,13:46:00,4.974000168,8.995300293,163.8483582,165.1026001,161.1412201,159.9988708,277.5798645,142.8061218,144.4593811,0,0,0.001830784,0.00017983
2020-11-27,13:46:01,4.974900055,8.99509964,163.8483582,165.1177979,161.1420135,159.9990692,277.5793457,142.8166199,144.4497833,0,0,0.001830784,0.00017983
2020-11-27,13:46:02,4.976100159,8.99489975,163.8483582,165.1298828,161.1414185,159.9985504,277.580719,142.827301,144.4400635,0,0,0.001618097,0.00017983
2020-11-27,13:46:03,4.976699829,8.994799805,163.8483582,165.1431274,161.1419067,159.9986572,277.5805664,142.8383636,144.4298859,0,0,0.001618097,0.00017983
2020-11-27,13:46:04,4.977399826,8.994999695,163.8483582,165.1564331,161.1408234,159.9980927,277.5819092,142.8466949,144.4223022,0,0,0.001618097,0.00017983
2020-11-27,13:46:05,4.97879982,8.994999695,163.8472595,165.1692352,161.1412811,159.9981537,277.5821838,142.8561401,144.4136505,0,0,0.001618097,0.00017983
2020-11-27,13:46:06,4.982600021,8.99509964,163.8472595,165.1808624,161.1420898,159.9977112,277.5829773,142.8644714,144.4060211,0,0,0.001618097,0.00017983
2020-11-27,13:46:07,4.985599899,8.994999695,163.8482971,165.193924,161.1408691,159.9974976,277.5836487,142.8727875,144.3984833,0,0,0.001618097,0.00017983
2020-11-27,13:46:08,4.987599945,8.99509964,163.8482971,165.205658,161.1406097,159.9972534,277.5844116,142.8805084,144.3914337,0,0,0.001618097,0.00017983
2020-11-27,13:46:09,4.990200043,8.99509964,163.8482971,165.2189636,161.1421356,159.9972992,277.5842896,142.8877106,144.3847809,0,0,0.001618097,0.00017985
2020-11-27,13:46:10,4.992399979,8.995200348,163.84729,165.2303619,161.1413727,159.9973602,277.5840149,142.89534,144.3778687,0,0,0.001618097,0.00017985
2020-11-27,13:46:11,4.994300079,8.99509964,163.84729,165.241745,161.1410217,159.9971008,277.5847168,142.9021912,144.3716278,0,0,0.001618097,0.00017985
2020-11-27,13:46:12,4.995999908,8.995300293,163.84729,165.2544708,161.1418152,159.996521,277.5863647,142.9085999,144.3657074,0,0,0.001618097,0.00017985
2020-11-27,13:46:13,4.997999954,8.995300293,163.8482971,165.2666473,161.1411896,159.9963684,277.5867615,142.9162292,144.3587341,0,0,0.001618097,0.00017969
2020-11-27,13:46:14,5.0,8.995300293,163.8482971,165.2787476,161.141861,159.9962006,277.5872498,142.92276,144.3527679,0,0,0.001618097,0.000179885
2020-11-27,13:46:15,5.001699829,8.995400238,163.8482971,165.2901611,161.1413727,159.9958649,277.5880432,142.9292603,144.3468781,0,0,0.001618097,0.000179885
2020-11-27,13:46:16,5.00320015,8.995300293,163.8482971,165.3015137,161.1415863,159.9958038,277.5882874,142.9352417,144.3413391,0,0,0.001618097,0.000179885
2020-11-27,13:46:17,5.004899979,8.995400238,163.8482971,165.313385,161.1419067,159.9955292,277.5889893,142.941925,144.3352356,0,0,0.001618097,0.000179885
2020-11-27,13:46:18,5.006399918,8.995300293,163.8482971,165.3256836,161.1428833,159.9958038,277.5882568,142.948761,144.3289642,0,0,0.001591347,0.000179885
2020-11-27,13:46:19,5.007899857,8.995300293,163.8482971,165.3377075,161.1412811,159.9954224,277.5894165,142.9547577,144.3235016,0,0,0.00158042,0.000179885
2020-11-27,13:46:20,5.009400177,8.995200348,163.8482971,165.3494873,161.1429291,159.9951477,277.5900574,142.9609985,144.3178406,0,0,0.00158042,0.000179885
2020-11-27,13:46:21,5.010699844,8.995200348,163.8482971,165.3602905,161.1412354,159.994873,277.5908203,142.9676208,144.3117981,0,0,0.001573165,0.000179885
2020-11-27,13:46:22,5.011500168,8.99509964,163.8482971,165.3724518,161.1422119,159.9943695,277.5921326,142.9745331,144.3054047,0,0,0.001573165,0.000179885
2020-11-27,13:46:23,5.012200165,8.994999695,163.84729,165.3842926,161.1425018,159.9946136,277.5915833,142.9808807,144.2996826,0,0,0.001573165,0.000179885
2020-11-27,13:46:24,5.0125,8.994999695,163.8483429,165.3959198,161.1417084,159.9947662,277.591156,142.9870453,144.2940216,0,0,0.001553671,0.000179885
2020-11-27,13:46:25,5.01269989,8.99489975,163.8483429,165.4071655,161.1422882,159.9943695,277.5921631,142.993988,144.2876892,0,0,0.001553671,0.000179885
2020-11-27,13:46:26,5.013199997,8.99469986,163.8483429,165.4168701,161.1429138,159.9937744,277.5938416,142.9999695,144.2822266,0,0,0.001553671,0.000179885
2020-11-27,13:46:27,5.013100052,8.994799805,163.8483429,165.429245,161.1425934,159.9940491,277.5930481,143.006485,144.2763824,0,0,0.001553671,0.000179885
2020-11-27,13:46:28,5.012900162,8.994499969,163.8483429,165.4405823,161.1432037,159.993927,277.5934448,143.01297,144.2704315,0,0,0.001553671,0.000179885
2020-11-27,13:46:29,5.0125,8.994400024,163.8483429,165.4522552,161.1420135,159.9938354,277.593811,143.0197449,144.2642365,0,0,0.001629724,0.000179847
2020-11-27,13:46:30,5.01269989,8.994200134,163.8483429,165.4638824,161.1424103,159.9934692,277.594635,143.0262756,144.2582855,0,0,0.001628587,0.000179881
2020-11-27,13:46:31,5.012900162,8.994100189,163.8483429,165.474472,161.1421661,159.9933167,277.5950928,143.0330505,144.2520905,0,0,0.001628587,0.000179881
2020-11-27,13:46:32,5.012900162,8.993900299,163.8483429,165.4854126,161.1427307,159.9932098,277.5954285,143.0394592,144.2462463,0,0,0.001628587,0.000179881
2020-11-27,13:46:33,5.013100052,8.993699646,163.8483429,165.4972076,161.1432037,159.9928436,277.596344,143.0453644,144.2408752,0,0,0.001628587,0.000179881
2020-11-27,13:46:34,5.013399887,8.993599701,163.8483429,165.5075378,161.1421509,159.992691,277.5968018,143.0519409,144.2349091,0,0,0.001628587,0.000179881
2020-11-27,13:46:35,5.013600159,8.993299866,163.8483429,165.5193176,161.1417542,159.992981,277.5959473,143.0583801,144.2289734,0,0,0.001590298,0.000179804
2020-11-27,13:46:36,5.013499832,8.993099976,163.8483429,165.5306244,161.142868,159.9924774,277.5975037,143.0645752,144.2234192,0,0,0.001590298,0.000179804
2020-11-27,13:46:37,5.013800049,8.993000031,163.8483429,165.5418701,161.1434021,159.9922638,277.5979614,143.069931,144.2184753,0,0,0.001590298,0.000179804
2020-11-27,13:46:38,5.013600159,8.992900085,163.8483429,165.5517883,161.1422272,159.9922028,277.5981445,143.07724,144.211792,0,0,0.001590298,0.000179784
2020-11-27,13:46:39,5.013999939,8.99280014,163.8483429,165.5622253,161.1418304,159.991806,277.5993652,143.0830536,144.2065582,0,0,0.001590298,0.000179784
2020-11-27,13:46:40,5.013800049,8.993499756,163.8483429,165.5727234,161.1423187,159.9919281,277.5989685,143.089035,144.201004,0,0,0.001590298,0.000179794
2020-11-27,13:46:41,5.013499832,8.994100189,163.8483429,165.5827637,161.1435394,159.9912567,277.600708,143.0950165,144.1955109,0,0,0.001590298,0.000179794
2020-11-27,13:46:42,5.013100052,8.99469986,163.8483429,165.5938721,161.1426697,159.9915466,277.5999451,143.1012878,144.1898804,0,0,0.001590298,0.000179658
2020-11-27,13:46:43,5.012799835,8.995200348,163.8483429,165.6040802,161.1439209,159.9911499,277.6010132,143.1065826,144.1850891,0,0,0.001590298,0.000179658
2020-11-27,13:46:44,5.011999893,8.995700073,163.8483429,165.6141815,161.1435394,159.9914246,277.6003418,143.1123199,144.1798553,0,0,0.001590298,0.000179658
2020-11-27,13:46:45,5.011800003,8.996199799,163.8483429,165.6237793,161.1441803,159.9916077,277.599884,143.1174316,144.1751556,0,0,0.001590298,0.000179658
2020-11-27,13:46:46,5.011999893,8.996600342,163.8483429,165.6341705,161.1431122,159.9905548,277.6027222,143.1235809,144.1695404,0,0,0.001590298,0.000179658
2020-11-27,13:46:47,5.011800003,8.997000122,163.8483429,165.6440735,161.1433258,159.9906616,277.6024475,143.1295013,144.1641388,0,0,0.001590298,0.000179658
2020-11-27,13:46:48,5.011600113,8.997299957,163.8483429,165.6544647,161.1432495,159.9904938,277.6028137,143.1346283,144.1594238,0,0,0.001590298,0.000179658
2020-11-27,13:46:49,5.011700058,8.997599792,163.8483429,165.6639099,161.144165,159.9900513,277.604126,143.1401062,144.1544495,0,0,0.001590298,0.000179658
2020-11-27,13:46:50,5.011500168,8.998100281,163.8483429,165.6737366,161.1430817,159.9898224,277.6047668,143.1453247,144.1496887,0,0,0.001590298,0.000179658
2020-11-27,13:46:51,5.011399841,8.998600006,163.8483429,165.6834717,161.1436157,159.9900055,277.6043701,143.1507111,144.1447754,0,0,0.001590298,0.000179658
2020-11-27,13:46:52,5.011500168,8.999199677,163.8483429,165.6935883,161.1430817,159.9896393,277.6051331,143.155304,144.1405334,0,0,0.001586102,0.000179658
2020-11-27,13:46:53,5.011199951,8.999700165,163.8483429,165.70224,161.1446075,159.9897003,277.6054382,143.16008,144.1362762,0,0,0.001586102,0.000179658
2020-11-27,13:46:54,5.011100006,9.000099945,163.8483429,165.7126617,161.14505,159.9895935,277.605011,143.1660767,144.1308746,0,0,0.001586102,0.000179658
2020-11-27,13:46:55,5.011000061,9.00039978,163.8493652,165.721405,161.1439056,159.9894104,277.6057434,143.1701508,144.127182,0,0,0.001586102,0.000179658
2020-11-27,13:46:56,5.010800171,9.000800323,163.8493652,165.7313385,161.1444244,159.9891968,277.6063843,143.1753693,144.1223907,0,0,0.001586102,0.000179774
2020-11-27,13:46:57,5.010699844,9.001100159,163.8482971,165.7407379,161.1437073,159.9895172,277.6055298,143.180069,144.1181641,0,0,0.001586102,0.000179774
2020-11-27,13:46:58,5.010599899,9.001300049,163.8482971,165.7501373,161.1440887,159.9888611,277.6073303,143.1846008,144.1139984,0,0,0.001586102,0.000179774
2020-11-27,13:46:59,5.010699844,9.001499939,163.8482971,165.757843,161.1436615,159.988739,277.6076355,143.1891937,144.1098328,0,0,0.001586102,0.000179774
2020-11-27,13:47:00,5.010499954,9.001599884,163.8493347,165.7675781,161.1441803,159.9889832,277.6069336,143.1926422,144.1065979,0,0,0.001586102,0.000179774
2020-11-27,13:47:01,5.010699844,9.001699829,163.8493347,165.7769928,161.1438446,159.98909,277.6066895,143.1974487,144.1022644,0,0,0.001586102,0.000179774
2020-11-27,13:47:02,5.010400009,9.001799774,163.8493347,165.785141,161.144989,159.9886475,277.6079712,143.2016907,144.0984344,0,0,0.001586102,0.000179774
2020-11-27,13:47:03,5.010200119,9.001899719,163.8483276,165.7941284,161.144516,159.988739,277.607605,143.2068176,144.0937653,0,0,0.001586102,0.000179774
2020-11-27,13:47:04,5.010300064,9.001999664,163.8483276,165.8029022,161.1447601,159.988266,277.6089172,143.2103729,144.0905304,0,0,0.001586102,0.000179774
2020-11-27,13:47:05,5.010100174,9.001899719,163.8483276,165.8116608,161.1441498,159.9886932,277.6077881,143.2141266,144.0871124,0,0,0.001586102,0.000179774
2020-11-27,13:47:06,5.009999847,9.001999664,163.8493347,165.8196869,161.1437988,159.9883728,277.6086426,143.2176208,144.0839081,0,0,0.001586102,0.000179774
2020-11-27,13:47:07,5.009899902,9.001899719,163.8493347,165.8280487,161.1452942,159.9880219,277.6096191,143.2223816,144.0795898,0,0,0.001586102,0.000179774
2020-11-27,13:47:08,5.010100174,9.001899719,163.8493347,165.837616,161.145462,159.9878235,277.6101685,143.2259521,144.0763397,0,0,0.001586102,0.000179774
2020-11-27,13:47:09,5.009799957,9.001899719,163.8482513,165.8441162,161.1450958,159.9883728,277.6087341,143.229599,144.0729675,0,0,0.001586102,0.000179774
2020-11-27,13:47:10,5.009899902,9.001799774,163.8482513,165.8527985,161.1445313,159.9881592,277.6092224,143.2332458,144.0696869,0,0,0.001566433,0.000179774
2020-11-27,13:47:11,5.009600067,9.001699829,163.8482513,165.8612366,161.1457062,159.9878235,277.6101074,143.2364502,144.0667114,0,0,0.001566433,0.000179774
2020-11-27,13:47:12,5.009500122,9.001599884,163.8482513,165.8691254,161.1450348,159.9881592,277.6091614,143.241333,144.0623779,0,0,0.001566433,0.000179774
2020-11-27,13:47:13,5.009600067,9.001399994,163.8492584,165.8775024,161.1463318,159.9883728,277.6086731,143.244812,144.0592041,0,0,0.001566433,0.000179859
2020-11-27,13:47:14,5.009400177,9.001300049,163.8492584,165.8848419,161.1459808,159.987915,277.6099243,143.2470551,144.0570984,0,0,0.001566433,0.000179859
2020-11-27,13:47:15,5.00929985,9.001200104,163.8492584,165.8925934,161.1462097,159.9880829,277.6094666,143.2508698,144.0536346,0,0,0.001566433,0.000179859
2020-11-27,13:47:16,5.009400177,9.001000214,163.8492584,165.9003754,161.146698,159.9878235,277.6101074,143.2541962,144.0505676,0,0,0.001580683,0.000179859
2020-11-27,13:47:17,5.00909996,9.000900269,163.8492584,165.9085541,161.1462402,159.9878235,277.6100159,143.2575836,144.0475159,0,0,0.001580683,0.000179859
2020-11-27,13:47:18,5.00929985,9.00059967,163.8492584,165.9164429,161.1450653,159.9873199,277.6116333,143.260376,144.0449982,0,0,0.001580683,0.000179798
2020-11-27,13:47:19,5.009000015,9.000700378,163.8492584,165.9238129,161.1461029,159.9871521,277.61203,143.2633362,144.0423279,0,0,0.001580683,0.000179798
2020-11-27,13:47:20,5.008800125,9.00019989,163.8492584,165.9312286,161.1463623,159.9875488,277.6109924,143.2662659,144.0396118,0,0,0.001580683,0.000179798
2020-11-27,13:47:21,5.00890007,9.0,163.8482513,165.9391632,161.1465912,159.9868774,277.612793,143.2701721,144.0361023,0,0,0.001580683,0.000179798
2020-11-27,13:47:22,5.008800125,8.99980011,163.8482513,165.9456177,161.1455383,159.9873199,277.6116638,143.2726135,144.0338287,0,0,0.001615912,0.000179798
2020-11-27,13:47:23,5.00890007,8.99960022,163.8482513,165.9533997,161.1467743,159.9866638,277.6134949,143.2764587,144.0303802,0,0,0.001615912,0.000179798
2020-11-27,13:47:24,5.008599854,8.99940033,163.8482513,165.960022,161.1471558,159.9867249,277.6131592,143.279068,144.0279694,0,0,0.001615912,0.000179798
2020-11-27,13:47:25,5.008800125,8.999099731,163.8482513,165.9670258,161.1466217,159.986557,277.613739,143.2817383,144.0254974,0,0,0.001615912,0.000179798
2020-11-27,13:47:26,5.008499908,8.998799896,163.8482513,165.9746094,161.1471863,159.9864807,277.6138611,143.2846222,144.0229034,0,0,0.001615912,0.000179798
2020-11-27,13:47:27,5.008300018,8.998600006,163.8482513,165.9811249,161.1484375,159.9868164,277.612915,143.2872314,144.0205383,0,0,0.001592834,0.000179798
2020-11-27,13:47:28,5.008499908,8.998300171,163.8482513,165.9879303,161.1479187,159.986557,277.613678,143.2897491,144.0181885,0,0,0.001592834,0.000179798
2020-11-27,13:47:29,5.008300018,8.998000336,163.8492889,165.9944305,161.1473846,159.9862061,277.614624,143.2928772,144.0154114,0,0,0.001592834,0.000179798
2020-11-27,13:47:30,5.008100128,8.997699738,163.8492889,166.0011444,161.1485443,159.9866638,277.6134949,143.2950592,144.013382,0,0,0.001586102,0.000179798
2020-11-27,13:47:31,5.008200073,8.997499847,163.8492889,166.0079651,161.1497192,159.9862671,277.6143494,143.2986298,144.0101471,0,0,0.001595281,0.000179747
2020-11-27,13:47:32,5.008100128,8.997200012,163.8492889,166.0145264,161.1507416,159.985733,277.6158447,143.300705,144.008316,0,0,0.001595281,0.000179747
2020-11-27,13:47:33,5.007899857,8.997100067,163.8492889,166.0218048,161.151413,159.9858704,277.6156311,143.3034668,144.0057983,0,0,0.001567133,0.000179747
2020-11-27,13:47:34,5.008000183,8.997100067,163.8492889,166.0285492,161.1510315,159.9855804,277.616272,143.3052979,144.0040283,0,0,0.001559965,0.000179809
2020-11-27,13:47:35,5.007799911,8.997200012,163.8492889,166.0342255,161.150528,159.9859772,277.6151733,143.3079224,144.001709,0,0,0.001581295,0.000179809
2020-11-27,13:47:36,5.007699966,8.997499847,163.8482819,166.0402222,161.1526794,159.9854126,277.6167603,143.3112183,143.9986877,0,0,0.001581295,0.000179809
2020-11-27,13:47:37,5.007899857,8.997799683,163.8482819,166.0473938,161.1536407,159.98526,277.6171265,143.3132324,143.9970093,0,0,0.001581295,0.000179809
2020-11-27,13:47:38,5.007600021,8.998100281,163.8492889,166.0537415,161.1531525,159.9854126,277.6167908,143.3150635,143.995285,0,0,0.001581295,0.000179809
2020-11-27,13:47:39,5.007799911,8.998400116,163.8492889,166.0598755,161.1538849,159.9855804,277.6161804,143.3174744,143.9930267,0,0,0.001581295,0.000179809
2020-11-27,13:47:40,5.007300186,8.998600006,163.8492889,166.0657196,161.155014,159.9848633,277.6181946,143.319931,143.9908447,0,0,0.001581295,0.000179809
2020-11-27,13:47:41,5.007500076,8.998799896,163.8492889,166.072052,161.1543884,159.9850922,277.6177368,143.3220825,143.9888458,0,0,0.001581295,0.000179854
2020-11-27,13:47:42,5.007400131,8.998999786,163.8492889,166.0787964,161.155426,159.9847565,277.6185913,143.3240967,143.9870758,0,0,0.001581295,0.000179854
2020-11-27,13:47:43,5.007699966,8.999099731,163.8492889,166.0832062,161.1550598,159.984375,277.6197205,143.3261871,143.9851227,0,0,0.001581295,0.000179854
2020-11-27,13:47:44,5.007300186,8.999299622,163.8482513,166.0899811,161.1554108,159.9849091,277.6181641,143.3286285,143.9829407,0,0,0.001581295,0.000179854
2020-11-27,13:47:45,5.00719986,8.999500275,163.8482513,166.0953827,161.1560059,159.9842072,277.6201477,143.3311462,143.9806824,0,0,0.001581295,0.000179854
2020-11-27,13:47:46,5.007099915,8.99960022,163.8492889,166.1004944,161.1553802,159.9846344,277.6188965,143.3328857,143.9790649,0,0,0.001581295,0.000179854
2020-11-27,13:47:47,5.00719986,8.99980011,163.8492889,166.1064148,161.1567383,159.984314,277.619873,143.3349762,143.9772034,0,0,0.001581295,0.000179854
2020-11-27,13:47:48,5.007400131,8.999700165,163.8492889,166.1129761,161.1572266,159.9845428,277.6192017,143.3373108,143.9750671,0,0,0.001581295,0.000179854
2020-11-27,13:47:49,5.006999969,8.99980011,163.8492889,166.1184387,161.156723,159.9841003,277.6203308,143.3387756,143.9736938,0,0,0.001581295,0.000179854
2020-11-27,13:47:50,5.006800079,8.99980011,163.8492889,166.1233978,161.1570435,159.984314,277.619873,143.3408661,143.9717407,0,0,0.001581295,0.000179854
2020-11-27,13:47:51,5.006900024,8.999700165,163.8492889,166.1291351,161.1578827,159.9837189,277.621582,143.3422546,143.9705505,0,0,0.001581295,0.000179854
2020-11-27,13:47:52,5.006800079,8.999700165,163.8492889,166.1345978,161.1582642,159.9840393,277.620636,143.3442535,143.9687805,0,0,0.00153339,0.000179854
2020-11-27,13:47:53,5.007099915,8.99960022,163.8492889,166.1397247,161.1576385,159.9837189,277.621582,143.3456421,143.9674072,0,0,0.001539072,0.000179702
2020-11-27,13:47:54,5.006800079,8.999500275,163.8492889,166.145462,161.1585083,159.983551,277.6218567,143.3477478,143.9655457,0,0,0.001539072,0.000179702
2020-11-27,13:47:55,5.006700134,8.99940033,163.8492889,166.1493225,161.1572876,159.9838104,277.6211853,143.3495636,143.9638824,0,0,0.001539072,0.000179702
2020-11-27,13:47:56,5.006800079,8.999299622,163.8492889,166.1549377,161.1592102,159.9833984,277.622345,143.3513031,143.9623108,0,0,0.001539072,0.000179968
2020-11-27,13:47:57,5.006499863,8.999099731,163.8492889,166.1613159,161.1577454,159.9833221,277.6225891,143.3531342,143.9606323,0,0,0.001539072,0.000179968
2020-11-27,13:47:58,5.006700134,8.998899841,163.8492889,166.1665649,161.160141,159.9830933,277.6231384,143.3551331,143.9588165,0,0,0.001539072,0.000179968
2020-11-27,13:47:59,5.006399918,8.998699951,163.8492889,166.1713104,161.1590118,159.9837189,277.6215515,143.3559265,143.9581604,0,0,0.001539072,0.000179968
2020-11-27,13:48:00,5.006499863,8.998500061,163.8492889,166.1750793,161.1583862,159.9833221,277.6225586,143.3575745,143.9566803,0,0,0.001618534,0.000179968
2020-11-27,13:48:01,5.006600189,8.998200226,163.8492889,166.1815338,161.1597595,159.9830627,277.6231995,143.3592377,143.9551544,0,0,0.001618534,0.000179968
2020-11-27,13:48:02,5.006299973,8.998000336,163.8482666,166.1856689,161.16008,159.9828796,277.6238403,143.360611,143.9538574,0,0,0.001618534,0.000179968
2020-11-27,13:48:03,5.006299973,8.997799683,163.8482666,166.189743,161.1607819,159.9830627,277.62323,143.3618317,143.9527435,0,0,0.001618534,0.000179968
2020-11-27,13:48:04,5.006000137,8.997499847,163.8492737,166.1952362,161.1596222,159.9830017,277.6233826,143.3639069,143.9509125,0,0,0.001618534,0.000179968
2020-11-27,13:48:05,5.006299973,8.997200012,163.8482361,166.1990967,161.1613617,159.9826202,277.6244507,143.3654785,143.9494476,0,0,0.001618534,0.000179968
2020-11-27,13:48:06,5.006000137,8.997000122,163.8482361,166.2048187,161.1616211,159.9830017,277.6235046,143.3670807,143.9480438,0,0,0.001618534,0.000179769
2020-11-27,13:48:07,5.006100082,8.996700287,163.8492432,166.2088928,161.1604767,159.9828796,277.6238403,143.368103,143.9470367,0,0,0.001618534,0.000179769
2020-11-27,13:48:08,5.005899811,8.996399689,163.8492432,166.2130127,161.1601868,159.9826202,277.6245117,143.3692169,143.9459991,0,0,0.001618534,0.000179769
2020-11-27,13:48:09,5.006000137,8.996099854,163.8482361,166.2186127,161.1612549,159.9827728,277.624054,143.3713226,143.9441681,0,0,0.001618534,0.000179769
2020-11-27,13:48:10,5.005899811,8.995800018,163.8482361,166.222229,161.1613922,159.9830017,277.6234131,143.3723755,143.943222,0,0,0.001611978,0.000179769
2020-11-27,13:48:11,5.006000137,8.995500183,163.8482361,166.2275848,161.1618652,159.982254,277.6253357,143.3738403,143.9418335,0,0,0.001611978,0.000179769
2020-11-27,13:48:12,5.005599976,8.995300293,163.8482361,166.2310028,161.1608887,159.982193,277.6257019,143.3749695,143.9407959,0,0,0.001611978,0.000179858
2020-11-27,13:48:13,5.005500031,8.99489975,163.8482361,166.2361603,161.1611328,159.9819794,277.6262207,143.3766937,143.9391937,0,0,0.001611978,0.000179858
2020-11-27,13:48:14,5.005400085,8.994599915,163.8482361,166.2401276,161.1624451,159.9821472,277.625824,143.3780365,143.9380646,0,0,0.001611978,0.000179858
2020-11-27,13:48:15,5.00530014,8.994300079,163.8482361,166.2439575,161.1611176,159.9818726,277.6265869,143.3792267,143.9369354,0,0,0.001611978,0.000179858
2020-11-27,13:48:16,5.005500031,8.994000244,163.8492889,166.2487946,161.1612854,159.9815826,277.6271973,143.3806305,143.9356232,0,0,0.001611978,0.000179858
2020-11-27,13:48:17,5.005400085,8.993599701,163.8492889,166.2518158,161.1623535,159.9820251,277.6260376,143.3815765,143.9347992,0,0,0.001611978,0.000179858
2020-11-27,13:48:18,5.005199814,8.993299866,163.8492889,166.2562408,161.1629181,159.9818115,277.626709,143.383316,143.9332886,0,0,0.001611978,0.000179858
2020-11-27,13:48:19,5.005199814,8.993000031,163.8482819,166.2600403,161.1618652,159.9816284,277.6270447,143.3843536,143.9322968,0,0,0.001611978,0.000179858
2020-11-27,13:48:20,5.004999924,8.992700195,163.8482819,166.2648621,161.1627197,159.9820251,277.6260376,143.385498,143.9312592,0,0,0.001611978,0.000179858
2020-11-27,13:48:21,5.005199814,8.992299652,163.8482819,166.2674866,161.1630859,159.9814301,277.6277771,143.3863525,143.9304047,0,0,0.001611978,0.000179858
2020-11-27,13:48:22,5.004899979,8.991999817,163.8493195,166.2723083,161.1621399,159.9814758,277.627594,143.3875732,143.9293518,0,0,0.001611978,0.000179858
2020-11-27,13:48:23,5.004999924,8.991699982,163.8493195,166.2762451,161.162735,159.9812012,277.6283264,143.3890686,143.9279938,0,0,0.001611978,0.000179858
2020-11-27,13:48:24,5.004800034,8.991300201,163.8493195,166.2796173,161.1632996,159.9811554,277.6286011,143.3908081,143.9264526,0,0,0.001611978,0.000179858
2020-11-27,13:48:25,5.004600143,8.991000366,163.8493195,166.2835999,161.1628571,159.981308,277.6279907,143.3910828,143.926239,0,0,0.001606733,0.000179858
2020-11-27,13:48:26,5.004800034,8.990599823,163.8482971,166.2874603,161.1625824,159.9808044,277.6293335,143.3922882,143.9250946,0,0,0.001609268,0.000179858
2020-11-27,13:48:27,5.004499817,8.990299988,163.8482971,166.2913666,161.1632233,159.9809113,277.6290588,143.3937683,143.9236755,0,0,0.001609268,0.000179858
2020-11-27,13:48:28,5.004399872,8.989900208,163.8482971,166.2946014,161.1628113,159.9807587,277.6296387,143.3948975,143.9227753,0,0,0.001609268,0.000179858
2020-11-27,13:48:29,5.004199982,8.989600372,163.8482971,166.2977905,161.1629486,159.9805908,277.6300354,143.3956604,143.9219666,0,0,0.001609268,0.000179858
2020-11-27,13:48:30,5.004399872,8.985900116,163.8482971,166.3023529,161.1633301,159.9809113,277.6290894,143.3969879,143.9208069,0,0,0.001609268,0.000179858
2020-11-27,13:48:31,5.004100037,8.984100342,163.8482971,166.3051605,161.1636963,159.9801025,277.6311951,143.3977966,143.920105,0,0,0.001609268,0.000179858
2020-11-27,13:48:32,5.004000092,8.983100128,163.8482971,166.3085022,161.1632996,159.9806519,277.6298523,143.3987274,143.91922,0,0,0.001609268,0.000179858
2020-11-27,13:48:33,5.004100037,8.981999969,163.8482971,166.3125305,161.1646118,159.9808655,277.6292725,143.399765,143.9182739,0,0,0.001609268,0.000179858
2020-11-27,13:48:34,5.003900146,8.982099915,163.8493652,166.3165741,161.1638794,159.9802094,277.6309204,143.4007111,143.9173584,0,0,0.001609268,0.000179858
2020-11-27,13:48:35,5.003699875,8.981700134,163.8483124,166.3206024,161.1642914,159.9799347,277.6317749,143.4018707,143.9164429,0,0,0.001609268,0.000179858
2020-11-27,13:48:36,5.003900146,8.981199646,163.8483124,166.3229828,161.1640167,159.9797668,277.6321106,143.4024658,143.9158478,0,0,0.001609268,0.000179858
2020-11-27,13:48:37,5.00359993,8.919000244,163.8483124,166.3256378,161.1637878,159.9800415,277.6313782,143.4037781,143.9146576,0,0,0.001609268,0.000179858
2020-11-27,13:48:38,5.002999878,8.82009964,163.8483124,166.3302917,161.1639709,159.9796753,277.6325378,143.4049835,143.913559,0,0,0.001630336,0.000179823
2020-11-27,13:48:39,5.001900101,8.743299866,163.8483124,166.3332367,161.1647186,159.9793091,277.6333008,143.4058685,143.912735,0,0,0.001630336,0.000179852
2020-11-27,13:48:40,5.000299835,8.676300049,163.8483124,166.3362427,161.1651764,159.978775,277.6349182,143.4075165,143.9112854,0,0,0.001630336,0.000179904
2020-11-27,13:48:41,4.999000168,8.618299866,163.8483124,166.3391266,161.1634827,159.9781494,277.6367188,143.4087219,143.9101715,0,0,0.001630336,0.000179904
2020-11-27,13:48:42,5.053300095,8.56190033,163.8483124,166.3427887,161.164444,159.9764862,277.6411438,143.4103088,143.9087372,0,0,0.001630336,0.000179904
2020-11-27,13:48:43,5.09659996,8.506099701,163.8493195,166.3453979,161.1646729,159.9749146,277.6454163,143.4124756,143.9067078,0,0,0.001630336,0.000179904
2020-11-27,13:48:44,5.132400131,8.456300354,163.8493195,166.348526,161.1641388,159.9730988,277.6503906,143.4162903,143.9032135,0,0,0.001630336,0.000179904
2020-11-27,13:48:45,5.163999939,8.406099701,163.8493195,166.3522797,161.1645966,159.9706573,277.6572266,143.421875,143.8982544,0,0,0.001630336,0.000179904
2020-11-27,13:48:46,5.195999908,8.357700348,163.8493195,166.3552856,161.1651154,159.9682007,277.6639709,143.4286499,143.8920288,0,0,0.001630336,0.000179904
2020-11-27,13:48:47,5.224300003,8.312400055,163.8493195,166.3583679,161.1644745,159.9653931,277.6715698,143.4361267,143.8852692,0,0,0.001253916,0.000179967
2020-11-27,13:48:48,5.251900101,8.268000031,163.8483124,166.3626099,161.1651917,159.9625702,277.6793823,143.4463348,143.8759613,0,0,0.001253916,0.000179967
2020-11-27,13:48:49,5.279299927,8.222599792,163.8483124,166.3669739,161.1641693,159.959198,277.6887207,143.4572906,143.8660583,0,0,0.001253916,0.000179967
2020-11-27,13:48:50,5.307400131,8.170400238,163.849411,166.3731689,161.1650543,159.9554596,277.6988831,143.4712067,143.8535004,0,0,0.001253916,0.000179967
2020-11-27,13:48:51,5.331399918,8.12460022,163.849411,166.3777008,161.1639862,159.9518127,277.7090759,143.4852295,143.8407745,0,0,0.001253916,0.000179967
2020-11-27,13:48:52,5.357799911,8.077200317,163.849411,166.3826752,161.1636505,159.9477692,277.7201233,143.502533,143.8249969,0,0,0.002121622,0.000179844
2020-11-27,13:48:53,5.381800079,8.029399872,163.849411,166.3892365,161.1642609,159.943573,277.7315979,143.5217743,143.8075562,0,0,0.002121622,0.000179822
2020-11-27,13:48:54,5.405599976,7.984600067,163.849411,166.3956299,161.1637115,159.9396973,277.7422485,143.5432739,143.7880859,0,0,0.002121622,0.000179766
2020-11-27,13:48:55,5.430199814,7.944100189,163.849411,166.4040375,161.1629333,159.934494,277.7567139,143.5651398,143.7682495,0,0,0.002121622,0.000179766
2020-11-27,13:48:56,5.454499817,7.901100159,163.84729,166.4120789,161.1625366,159.9299774,277.7689819,143.5894623,143.7461548,0,0,0.002121622,0.000179522
2020-11-27,13:48:57,5.478499985,7.858899689,163.8483429,166.4208069,161.1616669,159.9246521,277.7835693,143.6164398,143.7216797,0,0,0.002121622,0.000179522
2020-11-27,13:48:58,5.500500107,7.819300079,163.8483429,166.4282379,161.1626434,159.9198456,277.7969971,143.6442413,143.6965942,0,0,0.002121622,0.000179522
2020-11-27,13:48:59,5.523199844,7.778500366,163.8483429,166.4374542,161.1598053,159.9143829,277.8119812,143.6739655,143.6697845,0,0,0.002121622,0.000179522
2020-11-27,13:49:00,5.54620018,7.73710022,163.8483429,166.4473724,161.1602783,159.9095154,277.8253174,143.7060394,143.6407013,0,0,0.002121622,0.000179522
2020-11-27,13:49:01,5.568899918,7.698600006,163.8483429,166.4571838,161.1599426,159.9034271,277.8421631,143.7388916,143.6109467,0,0,0.002121622,0.000179522
2020-11-27,13:49:02,5.588999939,7.660099792,163.8483429,166.4675751,161.1576233,159.897934,277.8571777,143.771759,143.5812225,0,0,0.000930821,0.000179522
2020-11-27,13:49:03,5.612200165,7.623799896,163.8483429,166.478241,161.1574402,159.892334,277.8726807,143.8065491,143.5498505,0,0,0.000930821,0.000179239
2020-11-27,13:49:04,5.632300186,7.588899994,163.8483429,166.4890442,161.1560516,159.8868408,277.8877869,143.8420715,143.5177765,0,0,0.000930821,0.000179239
2020-11-27,13:49:05,5.653300095,7.552400208,163.8483429,166.5000153,161.1547546,159.8805084,277.9049988,143.879303,143.484024,0,0,0.000930821,0.000179239
2020-11-27,13:49:06,5.674399948,7.517700195,163.8483429,166.5110321,161.1535645,159.8744049,277.9216919,143.9173737,143.4496765,0,0,0.000930821,0.000179239
2020-11-27,13:49:07,5.694599915,7.481099701,163.8483429,166.5235291,161.1529541,159.8684692,277.9381714,143.9589996,143.4121857,0,0,0.000930821,0.000179107
2020-11-27,13:49:08,5.714099884,7.446600342,163.8473206,166.5345001,161.1517639,159.8623199,277.954895,143.9998627,143.3753967,0,0,0.000930821,0.000179107
2020-11-27,13:49:09,5.735300064,7.411499786,163.8473206,166.5477753,161.1511688,159.8554382,277.973938,144.0412598,143.3380432,0,0,0.000930821,0.000179107
2020-11-27,13:49:10,5.754600143,7.379499817,163.8473206,166.5608368,161.1488037,159.8495026,277.9902039,144.0830078,143.3004456,0,0,0.000930821,0.000179107
2020-11-27,13:49:11,5.773600006,7.348200226,163.8473206,166.5724792,161.1469116,159.8435211,278.0067749,144.1280212,143.2599945,0,0,0.000930821,0.000179107
2020-11-27,13:49:12,5.793199921,7.315499878,163.849411,166.5846558,161.1464996,159.8368073,278.0252075,144.1720581,143.2202911,0,0,0.000930821,0.000179107
2020-11-27,13:49:13,5.811600113,7.285299683,163.8484039,166.5976868,161.1450653,159.8307648,278.0419617,144.2159424,143.1807556,0,0,0.000930821,0.000179107
2020-11-27,13:49:14,5.829899979,7.254000092,163.8484039,166.6111908,161.1434479,159.8239441,278.06073,144.2623749,143.1391144,0,0,0.000930821,0.000179107
2020-11-27,13:49:15,5.847900009,7.223300171,163.8484039,166.6239319,161.144043,159.8178864,278.0763245,144.3095093,143.0968018,0,0,0.000930821,0.000179107
2020-11-27,13:49:16,5.867100143,7.194799805,163.8484039,166.6376038,161.1410522,159.8116302,278.094696,144.354599,143.0562439,0,0,0.000930821,0.000179107
2020-11-27,13:49:17,5.884199905,7.166799927,163.8484039,166.6513824,161.1394043,159.8051453,278.1124878,144.4028168,143.0130157,0,0,0.000930821,0.000179107
2020-11-27,13:49:18,5.902199936,7.13789978,163.8484039,166.6648407,161.1383057,159.7985382,278.1306763,144.4516754,142.9692841,0,0,0.000930821,0.000179107
2020-11-27,13:49:19,5.919499969,7.111000061,163.8484039,166.6788483,161.135849,159.7923584,278.1477661,144.5010529,142.924942,0,0,0.000930821,0.000179167
2020-11-27,13:49:20,5.936500168,7.084999847,163.8484039,166.692337,161.1342163,159.7867432,278.163208,144.5477295,142.8831329,0,0,0.000930821,0.000179167
2020-11-27,13:49:21,5.952999878,7.057700348,163.8484039,166.7074127,161.1333313,159.7797394,278.182373,144.59935,142.8370209,0,0,0.000930821,0.000179167
2020-11-27,13:49:22,5.96969986,7.031900024,163.8484039,166.7209167,161.1316376,159.7736816,278.1988831,144.6494141,142.7921448,0,0,0.000930821,0.000179167
2020-11-27,13:49:23,5.985599899,7.00490036,163.8484039,166.7352142,161.1290894,159.7677765,278.2153015,144.7016602,142.7455139,0,0,0.000930821,0.000179167
2020-11-27,13:49:24,6.002299881,6.981900024,163.8484039,166.7500153,161.1281281,159.7616272,278.2322693,144.7505188,142.7018738,0,0,0.000930821,0.000179167
2020-11-27,13:49:25,6.017599869,6.956900024,163.8484039,166.7645569,161.1269226,159.7555847,278.2490234,144.8011322,142.6566162,0,0,0.000930821,0.000179167
2020-11-27,13:49:26,6.034000015,6.93259964,163.8484039,166.7787628,161.125473,159.7490845,278.2667847,144.8547668,142.6088257,0,0,0.000930821,0.000179167
2020-11-27,13:49:27,6.049399948,6.910099792,163.8484039,166.7934723,161.1233826,159.7431335,278.2833557,144.9048004,142.5641937,0,0,0.000930821,0.000179167
2020-11-27,13:49:28,6.064400101,6.888200378,163.8484039,166.8078766,161.1209717,159.7373505,278.2992554,144.9566956,142.5179291,0,0,0.000930821,0.000179167
2020-11-27,13:49:29,6.079100037,6.865100098,163.8484039,166.8228149,161.1203461,159.7315369,278.3153076,145.0087891,142.4715729,0,0,0.000930821,0.000179167
2020-11-27,13:49:30,6.093799973,6.844200134,163.8484039,166.8373566,161.1181793,159.7251587,278.3328857,145.0602722,142.4256744,0,0,0.000410075,0.000179031
2020-11-27,13:49:31,6.107500076,6.823200226,163.8484039,166.8529968,161.1165161,159.7198334,278.3475342,145.1102142,142.3812408,0,0,0.000410075,0.000179031
2020-11-27,13:49:32,6.12140007,6.802200317,163.8484039,166.8683319,161.1146698,159.713913,278.3638611,145.1632233,142.334198,0,0,0.000410075,0.000179037
2020-11-27,13:49:33,6.136000061,6.78259964,163.8484039,166.8822174,161.1139526,159.7081146,278.3800049,145.2153168,142.2879333,0,0,0.000410075,0.000179037
2020-11-27,13:49:34,6.147900009,6.764299774,163.8484039,166.8977051,161.1117554,159.7031555,278.3935852,145.2632599,142.2453461,0,0,0.000410075,0.000179037
2020-11-27,13:49:35,6.161899948,6.745600128,163.8484039,166.9140015,161.1106873,159.6972351,278.4098511,145.3146515,142.1997986,0,0,0.000410075,0.000179037
2020-11-27,13:49:36,6.174100113,6.727500153,163.8484039,166.9286804,161.1081848,159.6919556,278.42453,145.3657837,142.1544342,0,0,0.000410075,0.000179037
2020-11-27,13:49:37,6.187099838,6.709400177,163.8484039,166.9441833,161.1060181,159.6862335,278.4403381,145.4180145,142.1081696,0,0,0.000410075,0.00017912
2020-11-27,13:49:38,6.199599838,6.693000031,163.8484039,166.9590607,161.1052704,159.6811829,278.4541016,145.4654999,142.0661163,0,0,0.000410075,0.00017912
2020-11-27,13:49:39,6.211700058,6.67539978,163.8484039,166.9742279,161.1037903,159.6763,278.4676208,145.5174866,142.0201111,0,0,0.000410075,0.00017912
2020-11-27,13:49:40,6.224200058,6.659799957,163.8484039,166.9901123,161.1009216,159.6707001,278.4829407,145.5677338,141.9756775,0,0,0.000410075,0.00017912
2020-11-27,13:49:41,6.234600067,6.642900085,163.8484039,167.0051117,161.0998993,159.666153,278.4955444,145.6177216,141.9315186,0,0,0.000410075,0.00017912
2020-11-27,13:49:42,6.24640007,6.62990036,163.8473816,167.0215454,161.0983582,159.6613007,278.5090027,145.6654358,141.8893433,0,0,0.000410075,0.00017912
2020-11-27,13:49:43,6.258399963,6.614600372,163.8473816,167.0372314,161.0960083,159.6559753,278.5237122,145.7140503,141.8464355,0,0,0.000397662,0.00017912
2020-11-27,13:49:44,6.269100189,6.600900269,163.8484955,167.0530853,161.095459,159.651001,278.5375366,145.7628326,141.8034058,0,0,0.000397662,0.00017912
2020-11-27,13:49:45,6.278699875,6.58730011,163.8484955,167.068634,161.093399,159.6463318,278.5503235,145.809021,141.7626343,0,0,0.000397662,0.00017912
2020-11-27,13:49:46,6.289300156,6.574900055,163.8484955,167.0861816,161.09198,159.6412201,278.5644836,145.8562469,141.7210083,0,0,0.000397662,0.00017912
2020-11-27,13:49:47,6.298600006,6.562999725,163.8484955,167.0997925,161.0902252,159.6374359,278.5749817,145.9032288,141.6821442,0,0,0.000397662,0.00017912
2020-11-27,13:49:48,6.309899902,6.550700378,163.8474579,167.1172333,161.0896606,159.6318817,278.5894775,145.9494476,141.6389313,0,0,0.000397662,0.00017912
2020-11-27,13:49:49,6.317599869,6.539700317,163.8474579,167.1309967,161.087326,159.6278229,278.6016235,145.993103,141.6006317,0,0,0.000397662,0.000178981
2020-11-27,13:49:50,6.326800156,6.528900146,163.8474579,167.1478882,161.086319,159.623291,278.6139832,146.0373077,141.561676,0,0,0.00039233,0.000178981
2020-11-27,13:49:51,6.336199951,6.517700195,163.8474579,167.1645966,161.0848083,159.6192017,278.6253357,146.0811768,141.5231781,0,0,0.00039233,0.000178981
2020-11-27,13:49:52,6.345199966,6.508399963,163.8484802,167.1806335,161.0835419,159.6145325,278.6382751,146.1247711,141.484848,0,0,0.00039233,0.000178981
2020-11-27,13:49:53,6.353099823,6.50019989,163.8484802,167.1953583,161.0814209,159.6103821,278.6496582,146.1649017,141.4496307,0,0,0.00039233,0.000178981
2020-11-27,13:49:54,6.361199951,6.491999817,163.8484802,167.211792,161.0807495,159.60672,278.659729,146.2062531,141.4133301,0,0,0.00039233,0.000178981
2020-11-27,13:49:55,6.369599915,6.483300018,163.8474121,167.22789,161.0786133,159.6026917,278.6708679,146.2464294,141.3780823,0,0,0.00039233,0.000178981
2020-11-27,13:49:56,6.375899887,6.477300262,163.8474121,167.243515,161.0775452,159.5989227,278.6813965,146.2845764,141.3446655,0,0,0.00039233,0.000178981
2020-11-27,13:49:57,6.382899857,6.46969986,163.8474121,167.259613,161.0760956,159.595108,278.6918945,146.3221283,141.3117523,0,0,0.00039233,0.000178981
2020-11-27,13:49:58,6.390499878,6.464199829,163.8474121,167.2754364,161.0744476,159.5913391,278.70224,146.3594208,141.2790375,0,0,0.00039233,0.000178981
2020-11-27,13:49:59,6.396500015,6.458599854,163.8474121,167.2931976,161.0736542,159.5876465,278.712677,146.395752,141.2472992,0,0,0.00039233,0.000178981
2020-11-27,13:50:00,6.403199768,6.453800201,163.8474121,167.3080597,161.0722351,159.5841064,278.7222595,146.4285126,141.2185974,0,0,0.00039233,0.000178981
2020-11-27,13:50:01,6.408300018,6.44940033,163.8474121,167.3241425,161.0701599,159.5813293,278.7298889,146.4628296,141.1885986,0,0,0.00039233,0.000178981
2020-11-27,13:50:02,6.414199829,6.445400238,163.8474121,167.3416138,161.0697784,159.577713,278.7398987,146.4958038,141.15979,0,0,0.00039233,0.000178981
2020-11-27,13:50:03,6.419400024,6.442299652,163.8484192,167.357132,161.068512,159.5744629,278.7489624,146.5238342,141.1352692,0,0,0.00039233,0.000178981
2020-11-27,13:50:04,6.42460022,6.439700317,163.8473816,167.3729706,161.0673523,159.5718994,278.756012,146.5536041,141.1093445,0,0,0.00039233,0.000178981
2020-11-27,13:50:05,6.429599762,6.437599945,163.8473816,167.3895569,161.0652161,159.5680237,278.7666321,146.5821838,141.0843353,0,0,0.00039233,0.000178981
2020-11-27,13:50:06,6.433799744,6.436299896,163.8473816,167.4058685,161.0642548,159.565094,278.7747498,146.6091156,141.0608215,0,0,0.00039233,0.000178981
2020-11-27,13:50:07,6.43769989,6.436100006,163.8484955,167.4213867,161.0638885,159.5627594,278.781189,146.6322021,141.0406494,0,0,0.00039233,0.000179206
2020-11-27,13:50:08,6.441000366,6.437000275,163.8474426,167.4382324,161.0621033,159.5600739,278.7887878,146.6556396,141.0202179,0,0,0.000380878,0.000179206
2020-11-27,13:50:09,6.444000244,6.438500214,163.8474426,167.455368,161.0621796,159.5571899,278.7967224,146.6773682,141.0012665,0,0,0.000380878,0.000179206
2020-11-27,13:50:10,6.447000122,6.440200043,163.8474426,167.4706116,161.059967,159.5545807,278.8038635,146.6970825,140.9840698,0,0,0.000379654,0.000179206
2020-11-27,13:50:11,6.45,6.441999817,163.8474426,167.4862518,161.0588837,159.5524139,278.8099365,146.7139435,140.9693451,0,0,0.000379654,0.000179206
2020-11-27,13:50:12,6.452799988,6.444100189,163.8474426,167.5026398,161.058609,159.5501404,278.8161926,146.730072,140.9553223,0,0,0.000379654,0.000179206
2020-11-27,13:50:13,6.455799866,6.446299744,163.8474426,167.5202026,161.0570374,159.5482178,278.8215027,146.7443695,140.9428711,0,0,0.000379654,0.000179206
2020-11-27,13:50:14,6.458399963,6.448300171,163.8474426,167.5361938,161.0553741,159.546051,278.8274536,146.7566223,140.9322052,0,0,0.000379654,0.000179206
2020-11-27,13:50:15,6.461499786,6.450499725,163.8474426,167.5520172,161.0548706,159.5440216,278.8332214,146.7679901,140.922287,0,0,0.000379654,0.000179206
2020-11-27,13:50:16,6.464299774,6.452799988,163.8474426,167.5685425,161.0535736,159.5422974,278.8378906,146.778656,140.9129791,0,0,0.000376507,0.000179013
2020-11-27,13:50:17,6.466799927,6.45510025,163.8474426,167.5839081,161.0520325,159.5404053,278.8432007,146.7875519,140.9052277,0,0,0.000376507,0.000179013
2020-11-27,13:50:18,6.469499969,6.457299805,163.8474426,167.6006012,161.0509644,159.5384827,278.8484497,146.7953644,140.8984375,0,0,0.000375371,0.000179037
2020-11-27,13:50:19,6.472399902,6.459700012,163.8474426,167.6170349,161.0506134,159.537262,278.8518066,146.8022919,140.8924255,0,0,0.000373972,0.000179037
2020-11-27,13:50:20,6.475099945,6.46210022,163.8474426,167.6347961,161.0487671,159.5353394,278.8570557,146.8088531,140.8866577,0,0,0.000373972,0.000179037
2020-11-27,13:50:21,6.477700043,6.464399719,163.8474426,167.6514893,161.0495605,159.533844,278.8613892,146.815155,140.8811798,0,0,0.000373972,0.000179037
2020-11-27,13:50:22,6.480400085,6.466699982,163.8474426,167.6679535,161.0479279,159.532547,278.8647766,146.8203125,140.8766479,0,0,0.000373972,0.000179037
2020-11-27,13:50:23,6.483000183,6.469000244,163.8474426,167.6847229,161.0483246,159.5315094,278.8677063,146.8243256,140.8731537,0,0,0.000373972,0.000179037
2020-11-27,13:50:24,6.485600281,6.471299744,163.8484955,167.7003937,161.0465698,159.5301208,278.8716736,146.828949,140.869339,0,0,0.000373972,0.000179037
2020-11-27,13:50:25,6.488300323,6.473699951,163.8462982,167.7169952,161.0461731,159.5281982,278.8769226,146.8326569,140.8658752,0,0,0.000373972,0.000179208
2020-11-27,13:50:26,6.491100311,6.476100159,163.8473206,167.7332458,161.0447083,159.5273438,278.8792114,146.8361053,140.8628693,0,0,0.000373972,0.000179208
2020-11-27,13:50:27,6.493800354,6.478500366,163.8473206,167.750473,161.0440216,159.5258636,278.8833313,146.8388824,140.8605194,0,0,0.000373972,0.000179208
2020-11-27,13:50:28,6.496299744,6.480999756,163.8473206,167.7680969,161.044632,159.5252075,278.8852539,146.8419037,140.8578186,0,0,0.000373972,0.000179208
2020-11-27,13:50:29,6.498899841,6.483300018,163.8473206,167.7845306,161.0431061,159.5243073,278.8876648,146.8441162,140.8559418,0,0,0.000373972,0.000179208
2020-11-27,13:50:30,6.501499939,6.485700226,163.8473206,167.8014069,161.0413513,159.5230865,278.8909912,146.8463287,140.8540344,0,0,0.000373972,0.000179208
2020-11-27,13:50:31,6.503900146,6.488200378,163.8473206,167.8177032,161.0418396,159.5220337,278.8939209,146.848114,140.8525085,0,0,0.000373972,0.000179208
2020-11-27,13:50:32,6.506400299,6.490599823,163.8473206,167.8337708,161.0413818,159.520813,278.8973389,146.8500824,140.8507538,0,0,0.000373972,0.000179208
2020-11-27,13:50:33,6.509100342,6.493000031,163.8473206,167.8510895,161.040451,159.5197144,278.9003906,146.8508759,140.8500214,0,0,0.000373972,0.000179208
2020-11-27,13:50:34,6.511799622,6.495600128,163.8462524,167.868515,161.0403442,159.5187225,278.9031372,146.8527527,140.8484039,0,0,0.000373972,0.000179208
2020-11-27,13:50:35,6.514499664,6.498100281,163.8462524,167.885788,161.0397491,159.5184174,278.9039612,146.8532715,140.8479919,0,0,0.000366804,0.000179208
2020-11-27,13:50:36,6.516799927,6.500499725,163.8462524,167.9020691,161.0390167,159.5174408,278.9065857,146.8544159,140.8469238,0,0,0.000366804,0.000179208
2020-11-27,13:50:37,6.519200134,6.502899933,163.8473511,167.9190063,161.0374603,159.5165558,278.9091492,146.8546295,140.8471527,0,0,0.000366804,0.000179208
2020-11-27,13:50:38,6.521900177,6.505500031,163.8473511,167.9369507,161.0379791,159.5157318,278.9114075,146.8557587,140.8458405,0,0,0.000366804,0.000179208
2020-11-27,13:50:39,6.524500275,6.508000183,163.8473511,167.9543457,161.0373077,159.5144501,278.9149475,146.855423,140.8462219,0,0,0.000366804,0.000179208
2020-11-27,13:50:40,6.526899719,6.510399628,163.8473511,167.9709625,161.0362854,159.5141296,278.9157104,146.8565521,140.8451691,0,0,0.000366804,0.000179208
2020-11-27,13:50:41,6.529499817,6.512999725,163.8473511,167.9885254,161.0371552,159.5132904,278.9181824,146.85672,140.8449707,0,0,0.000366804,0.000179015
2020-11-27,13:50:42,6.531900024,6.515499878,163.8473511,168.0058136,161.0349884,159.5131226,278.9185791,146.8571777,140.8445892,0,0,0.000366804,0.000179015
2020-11-27,13:50:43,6.534300232,6.518000031,163.8473511,168.0218658,161.0363617,159.512207,278.9212036,146.8568268,140.8449097,0,0,0.000364269,0.000179098
2020-11-27,13:50:44,6.53690033,6.520500183,163.8473511,168.0399475,161.0352936,159.5118408,278.9221191,146.8565521,140.8451538,0,0,0.000364269,0.000179098
2020-11-27,13:50:45,6.539399719,6.523000336,163.846344,168.058075,161.0343781,159.5105896,278.9255981,146.8562012,140.8454132,0,0,0.000364269,0.000179098
2020-11-27,13:50:46,6.541799927,6.52539978,163.846344,168.0741577,161.033432,159.5101776,278.9266357,146.8570709,140.8447113,0,0,0.000364269,0.000179098
2020-11-27,13:50:47,6.544400024,6.527899933,163.846344,168.0918427,161.0337067,159.5097046,278.9281311,146.8561096,140.8455048,0,0,0.000364269,0.000179098
2020-11-27,13:50:48,6.546900177,6.530400085,163.8473511,168.1090393,161.033783,159.5088654,278.9304199,146.8556671,140.8459473,0,0,0.000364269,0.000179098
2020-11-27,13:50:49,6.549299622,6.533000183,163.8473511,168.1261444,161.0326996,159.5084534,278.9316406,146.8552399,140.846283,0,0,0.000361734,0.000179098
2020-11-27,13:50:50,6.551899719,6.535600281,163.8473511,168.1442719,161.0324097,159.5081024,278.9325562,146.8543396,140.8469849,0,0,0.000361734,0.000179098
2020-11-27,13:50:51,6.554299927,6.537999725,163.8473511,168.161499,161.0328674,159.5073853,278.9345398,146.8540649,140.8472748,0,0,0.000361734,0.000179098
2020-11-27,13:50:52,6.556500244,6.540499878,163.8473511,168.1795044,161.0324097,159.5067139,278.9363708,146.853363,140.8478851,0,0,0.000361734,0.000179098
2020-11-27,13:50:53,6.559300232,6.543000031,163.8473511,168.1955872,161.0312195,159.5065918,278.9367065,146.8527527,140.8484344,0,0,0.000361734,0.000179098
2020-11-27,13:50:54,6.561599731,6.545500183,163.8463135,168.2140961,161.0319824,159.5067596,278.9362183,146.851944,140.8490906,0,0,0.000361734,0.000179098
2020-11-27,13:50:55,6.563999939,6.548000336,163.8463135,168.2311707,161.0323029,159.5063324,278.9374695,146.8522034,140.8488922,0,0,0.000361734,0.000179098
2020-11-27,13:50:56,6.566500092,6.550499725,163.8463135,168.2486572,161.0316925,159.5053406,278.9402161,146.8499908,140.8508301,0,0,0.000361734,0.000179098
2020-11-27,13:50:57,6.569000244,6.553199768,163.8463135,168.2657318,161.0306396,159.5052795,278.9403381,146.8501587,140.8506927,0,0,0.000361734,0.000179098
2020-11-27,13:50:58,6.571399689,6.555400085,163.8463135,168.2832642,161.030426,159.5047607,278.9417114,146.8492584,140.8514709,0,0,0.000361734,0.000179098
2020-11-27,13:50:59,6.573999786,6.558000183,163.8463135,168.3012085,161.030838,159.5042877,278.9429932,146.8480377,140.8525085,0,0,0.000361734,0.000179098
2020-11-27,13:51:00,6.576200104,6.560500336,163.8473511,168.3191986,161.030365,159.5038452,278.9444275,146.8471527,140.853302,0,0,0.000361734,0.000179069
2020-11-27,13:51:01,6.578600311,6.56289978,163.8473511,168.3359985,161.0296783,159.5034943,278.9453125,146.8465881,140.853775,0,0,0.000361734,0.000179069
2020-11-27,13:51:02,6.581099701,6.565299988,163.8473511,168.3537292,161.0303345,159.503006,278.9466248,146.845459,140.8547821,0,0,0.000361734,0.000179069
2020-11-27,13:51:03,6.583699799,6.56780014,163.846344,168.3717041,161.0292816,159.5028381,278.947052,146.8440247,140.8560028,0,0,0.000361734,0.000179069
2020-11-27,13:51:04,6.585900116,6.570300293,163.8473511,168.3903351,161.0295868,159.5025635,278.9478149,146.8429565,140.8569489,0,0,0.000361734,0.000179069
2020-11-27,13:51:05,6.588500214,6.572899628,163.8473511,168.4065094,161.0287476,159.502121,278.9490051,146.842514,140.8573303,0,0,0.000361734,0.000179069
2020-11-27,13:51:06,6.590899658,6.575299835,163.8473511,168.4247437,161.0294952,159.5019684,278.9495239,146.8412628,140.8584137,0,0,0.000356576,0.000179069
2020-11-27,13:51:07,6.593299866,6.577799988,163.8463287,168.4425812,161.0301819,159.5015717,278.9506836,146.840744,140.8588562,0,0,0.000356576,0.000178987
2020-11-27,13:51:08,6.595800018,6.580200195,163.8463287,168.4606018,161.0299225,159.5011749,278.9517517,146.8395996,140.8598328,0,0,0.000356576,0.000178987
2020-11-27,13:51:09,6.598000336,6.58259964,163.8463287,168.478302,161.0290985,159.5013733,278.9511108,146.8385162,140.8608246,0,0,0.000356576,0.000178987
2020-11-27,13:51:10,6.60039978,6.585099792,163.8463287,168.4962616,161.0297546,159.5009003,278.9525146,146.8372803,140.861908,0,0,0.000356576,0.000178987
2020-11-27,13:51:11,6.602700043,6.5875,163.8463287,168.5135345,161.0292511,159.500473,278.9537048,146.8365784,140.8625183,0,0,0.000356576,0.000178987
2020-11-27,13:51:12,6.60530014,6.590100098,163.8463287,168.5314789,161.02948,159.5008392,278.9526367,146.8348694,140.8639984,0,0,0.00035509,0.000178987
2020-11-27,13:51:13,6.607700348,6.592500305,163.8463287,168.5491638,161.0300446,159.5006256,278.9532166,146.8346252,140.8641968,0,0,0.00035509,0.000178987
2020-11-27,13:51:14,6.609999847,6.59489975,163.8463287,168.5677032,161.0292358,159.5002747,278.9540405,146.8327484,140.8658447,0,0,0.00035509,0.000178987
2020-11-27,13:51:15,6.612400055,6.597399902,163.8463287,168.5844879,161.0287476,159.5001831,278.9544373,146.8320465,140.8664398,0,0,0.00035509,0.000178987
2020-11-27,13:51:16,6.614800262,6.599900055,163.8463287,168.6022644,161.0298462,159.4997406,278.9556885,146.8309479,140.8673859,0,0,0.00035509,0.000178987
2020-11-27,13:51:17,6.617299652,6.602500153,163.8463287,168.6212921,161.0289459,159.499527,278.9562378,146.8296509,140.8684845,0,0,0.00035509,0.000178987
2020-11-27,13:51:18,6.619599915,6.604499817,163.8463287,168.6369324,161.0294037,159.4993439,278.9567871,146.828949,140.8692169,0,0,0.00035509,0.000178987
2020-11-27,13:51:19,6.622100067,6.60739975,163.8463287,168.6573334,161.0292969,159.4997406,278.9556885,146.8272247,140.8706818,0,0,0.00035509,0.000178987
2020-11-27,13:51:20,6.624500275,6.609600067,163.8463287,168.6726074,161.0297546,159.4991302,278.9573364,146.8263702,140.8713989,0,0,0.00035509,0.000178987
2020-11-27,13:51:21,6.626799774,6.61210022,163.8453217,168.6930847,161.0288849,159.4992371,278.9570618,146.8247681,140.8728485,0,0,0.00035509,0.000178987
2020-11-27,13:51:22,6.629199982,6.614399719,163.846405,168.7107544,161.0300446,159.4993896,278.9565735,146.8239441,140.8734741,0,0,0.00035509,0.000178987
2020-11-27,13:51:23,6.631500244,6.616799927,163.8453979,168.7274628,161.0296021,159.4991913,278.9572144,146.8231506,140.8741913,0,0,0.000351068,0.000178987
2020-11-27,13:51:24,6.634100342,6.619300079,163.8453979,168.7462158,161.0295258,159.4991302,278.9573669,146.8213959,140.8757629,0,0,0.000350806,0.000178987
2020-11-27,13:51:25,6.636199951,6.621800232,163.8453979,168.7637329,161.0293121,159.4990234,278.9576721,146.8200378,140.8768921,0,0,0.000350806,0.000178987
2020-11-27,13:51:26,6.638800049,6.624299622,163.8453979,168.7827148,161.0305939,159.4987488,278.9585266,146.8191833,140.877655,0,0,0.000350806,0.0001791
2020-11-27,13:51:27,6.641100311,6.626699829,163.8453979,168.7999725,161.0296631,159.4992371,278.9570007,146.8183899,140.8783722,0,0,0.000350806,0.0001791
2020-11-27,13:51:28,6.643499756,6.629000092,163.8453979,168.8174133,161.0310059,159.4987488,278.9584045,146.8164978,140.8800049,0,0,0.000350806,0.0001791
2020-11-27,13:51:29,6.645700073,6.631400299,163.8464203,168.8362885,161.0311279,159.4985809,278.9588928,146.8156128,140.8807678,0,0,0.000350806,0.0001791
2020-11-27,13:51:30,6.648000336,6.633899689,163.8464203,168.852829,161.030899,159.4983521,278.9593506,146.81427,140.8820038,0,0,0.000350806,0.000179323
2020-11-27,13:51:31,6.65039978,6.636199951,163.8454132,168.871109,161.0300598,159.4984741,278.9591675,146.812851,140.8831482,0,0,0.000350806,0.000179323
2020-11-27,13:51:32,6.652899933,6.638600159,163.8443604,168.8888702,161.0313568,159.4981995,278.9599915,146.8119659,140.8839111,0,0,0.000350806,0.000179323
2020-11-27,13:51:33,6.655200195,6.641100311,163.8454742,168.9070129,161.0307465,159.4979401,278.9607239,146.8108063,140.885025,0,0,0.000350806,0.000179212
2020-11-27,13:51:34,6.657499695,6.643499756,163.8454742,168.9246063,161.0310059,159.4986725,278.9586487,146.8096619,140.8859558,0,0,0.000350806,0.000179212
2020-11-27,13:51:35,6.660099792,6.645800018,163.8454742,168.9443207,161.0317841,159.4985199,278.9589844,146.8080597,140.8873291,0,0,0.000350806,0.000179212
2020-11-27,13:51:36,6.662200165,6.648300171,163.8454742,168.9611053,161.0327759,159.4987488,278.958313,146.8069,140.8883667,0,0,0.000350806,0.000179212
2020-11-27,13:51:37,6.664600372,6.650700378,163.8454742,168.980011,161.0332184,159.4985809,278.9588928,146.805481,140.8896332,0,0,0.000350806,0.000179212
2020-11-27,13:51:38,6.666999817,6.653199768,163.8454742,168.9977264,161.0323334,159.4986725,278.9585876,146.8044128,140.8904877,0,0,0.000350806,0.000178936
2020-11-27,13:51:39,6.669300079,6.655400085,163.8454742,169.0155182,161.0320435,159.4981537,278.9600525,146.8037872,140.8911438,0,0,0.000350806,0.000178936
2020-11-27,13:51:40,6.671700287,6.657900238,163.8454742,169.0340576,161.0323334,159.4984131,278.9593201,146.8013916,140.8932343,0,0,0.000350806,0.000178936
2020-11-27,13:51:41,6.673799896,6.660199738,163.8454742,169.0515594,161.0328522,159.4983063,278.9596252,146.8002319,140.8941345,0,0,0.000350806,0.000178936
2020-11-27,13:51:42,6.676300049,6.662599945,163.8454742,169.0694885,161.0326538,159.4989166,278.9580078,146.7990875,140.8951263,0,0,0.000350806,0.000178936
2020-11-27,13:51:43,6.678600311,6.665000153,163.8454742,169.0887299,161.0339813,159.4985809,278.9589539,146.7979279,140.8961792,0,0,0.000350806,0.000178936
2020-11-27,13:51:44,6.680699921,6.667299652,163.8454742,169.1060333,161.0343018,159.4990692,278.9575195,146.7966766,140.8973236,0,0,0.000350806,0.000178936
2020-11-27,13:51:45,6.683000183,6.669799805,163.8454742,169.123642,161.0339203,159.4992371,278.9570007,146.7962341,140.8976135,0,0,0.000350806,0.000178936
2020-11-27,13:51:46,6.685399628,6.672200012,163.8454742,169.1416931,161.0346527,159.4987488,278.9584656,146.7939148,140.8996429,0,0,0.000350806,0.000178936
2020-11-27,13:51:47,6.687799835,6.67460022,163.8454742,169.1618042,161.0349579,159.4991302,278.957489,146.793045,140.9004211,0,0,0.000350806,0.000178936
2020-11-27,13:51:48,6.690000153,6.676899719,163.8454742,169.1790161,161.0345612,159.4988708,278.9580994,146.7917023,140.9015808,0,0,0.000350806,0.000178936
2020-11-27,13:51:49,6.692299652,6.679199982,163.8454742,169.1972198,161.0356598,159.4992828,278.9568787,146.7904663,140.9026642,0,0,0.000350806,0.000178936
2020-11-27,13:51:50,6.694599915,6.681600189,163.8454742,169.215271,161.035965,159.4994507,278.9564209,146.7895813,140.9035034,0,0,0.000350806,0.000178936
2020-11-27,13:51:51,6.697000122,6.683899689,163.8454742,169.2337494,161.0349731,159.4992371,278.9570313,146.788147,140.9046936,0,0,0.000350806,0.000178936
2020-11-27,13:51:52,6.699299622,6.686299896,163.8454742,169.2509308,161.0372009,159.4991913,278.9571838,146.7869263,140.905777,0,0,0.0003446,0.000178936
2020-11-27,13:51:53,6.701599884,6.688700104,163.8444366,169.2688599,161.0373993,159.4991302,278.9570618,146.7855835,140.9068756,0,0,0.0003446,0.00017899
2020-11-27,13:51:54,6.704000092,6.691100311,163.8444366,169.2878723,161.0370178,159.4996796,278.9558716,146.7844238,140.9079285,0,0,0.0003446,0.00017899
2020-11-27,13:51:55,6.706199646,6.693399811,163.8444366,169.3058014,161.0366058,159.499527,278.9562683,146.7834473,140.9087982,0,0,0.0003446,0.00017899
2020-11-27,13:51:56,6.708399963,6.695700073,163.8444366,169.3246765,161.037323,159.500061,278.9547424,146.7823029,140.9098053,0,0,0.0003446,0.00017899
2020-11-27,13:51:57,6.710800171,6.698100281,163.8444366,169.3416748,161.0386658,159.499527,278.9561768,146.7803345,140.911499,0,0,0.0003446,0.00017899
2020-11-27,13:51:58,6.713200378,6.700299835,163.8444366,169.3610382,161.0383148,159.5,278.9548645,146.77948,140.9122772,0,0,0.0003446,0.00017899
2020-11-27,13:51:59,6.715299988,6.702600098,163.8444366,169.3783569,161.0393066,159.4995728,278.9560547,146.7783966,140.9132538,0,0,0.0003446,0.00017899
2020-11-27,13:52:00,6.717500305,6.705000305,163.8444366,169.3969421,161.0400543,159.5002747,278.95401,146.7773438,140.914093,0,0,0.0003446,0.00017899
2020-11-27,13:52:01,6.719799805,6.70739975,163.8444366,169.4151611,161.0382385,159.5005188,278.9535828,146.7757568,140.9155121,0,0,0.0003446,0.00017899
2020-11-27,13:52:02,6.722200012,6.709700012,163.8444366,169.4331055,161.0402069,159.5007324,278.9529724,146.7750092,140.916153,0,0,0.0003446,0.00017899
2020-11-27,13:52:03,6.72440033,6.712000275,163.8444366,169.4508972,161.0410461,159.5006256,278.9534607,146.7733307,140.9176025,0,0,0.0003446,0.00017899
2020-11-27,13:52:04,6.726699829,6.714299774,163.8444366,169.4699249,161.0415802,159.5009003,278.9525146,146.7720947,140.9187469,0,0,0.0003446,0.00017899
2020-11-27,13:52:05,6.729100037,6.716600037,163.8444366,169.4890289,161.0418549,159.5011292,278.9518738,146.7713928,140.9193573,0,0,0.0003446,0.00017899
2020-11-27,13:52:06,6.731500244,6.719000244,163.8444366,169.5075073,161.0413666,159.5015259,278.9507446,146.7704773,140.920105,0,0,0.0003446,0.00017899
2020-11-27,13:52:07,6.733699799,6.721199799,163.8444366,169.5244904,161.0426025,159.5013123,278.9514771,146.7687378,140.9216309,0,0,0.0003446,0.00017899
2020-11-27,13:52:08,6.736000061,6.723600006,163.8444366,169.5429688,161.0430756,159.501236,278.9516296,146.7673035,140.9228973,0,0,0.0003446,0.00017913
2020-11-27,13:52:09,6.738200378,6.725900269,163.8444366,169.5611572,161.043335,159.5013733,278.9511414,146.7664948,140.9235992,0,0,0.0003446,0.00017913
2020-11-27,13:52:10,6.740299988,6.728099823,163.8434296,169.5804291,161.0428009,159.5013123,278.9515076,146.7644501,140.9253235,0,0,0.0003446,0.00017913
2020-11-27,13:52:11,6.742500305,6.730400085,163.8434296,169.5986176,161.0447998,159.5019073,278.9497681,146.7642822,140.9255524,0,0,0.0003446,0.00017913
2020-11-27,13:52:12,6.744799805,6.732700348,163.8434296,169.6179199,161.0446472,159.5017242,278.9491272,146.7631226,140.9265137,0,0,0.0003446,0.00017913
2020-11-27,13:52:13,6.747000122,6.734799957,163.8434296,169.6347656,161.0448761,159.502182,278.9496765,146.7622375,140.9273071,0,0,0.0003446,0.00017913
2020-11-27,13:52:14,6.749299622,6.73710022,163.8434296,169.6529236,161.0456696,159.5017853,278.9490662,146.7610016,140.9283752,0,0,0.0003446,0.000179102
2020-11-27,13:52:15,6.751499939,6.739600372,163.8434296,169.6716003,161.0467529,159.5024414,278.9481506,146.7601013,140.9291687,0,0,0.0003446,0.000179102
2020-11-27,13:52:16,6.753800201,6.741899872,163.8434296,169.6902161,161.0474701,159.5026855,278.9475708,146.7579651,140.9310608,0,0,0.0003446,0.000179102
2020-11-27,13:52:17,6.756099701,6.744200134,163.8434296,169.7090149,161.0477448,159.5028992,278.9468994,146.7570038,140.9318542,0,0,0.0003446,0.000179102
2020-11-27,13:52:18,6.758200073,6.746299744,163.8434296,169.7265625,161.0479431,159.5032196,278.9459534,146.7557678,140.9329529,0,0,0.0003446,0.000179102
2020-11-27,13:52:19,6.760500336,6.748699951,163.8434296,169.7455444,161.0485077,159.5034332,278.9454956,146.7550354,140.933548,0,0,0.0003446,0.000179102
2020-11-27,13:52:20,6.76269989,6.751100159,163.8434296,169.7637329,161.0491943,159.5033264,278.9451294,146.753891,140.9346008,0,0,0.0003446,0.000179102
2020-11-27,13:52:21,6.764700317,6.753199768,163.8424072,169.7818756,161.049881,159.5032196,278.9460449,146.7523651,140.9358978,0,0,0.000340316,0.000179102
2020-11-27,13:52:22,6.767199707,6.755400085,163.8434143,169.8002167,161.0500336,159.5037842,278.9445801,146.751236,140.9368896,0,0,0.000340316,0.000179102
2020-11-27,13:52:23,6.769300079,6.757700348,163.8423615,169.8190002,161.0507507,159.503891,278.9441833,146.7503357,140.9376526,0,0,0.000340316,0.000179102
2020-11-27,13:52:24,6.771499634,6.759899902,163.8434143,169.8371429,161.05159,159.5042877,278.9430542,146.7493591,140.938446,0,0,0.000339442,0.00017899
2020-11-27,13:52:25,6.773699951,6.762200165,163.8434143,169.8556824,161.0519409,159.5041046,278.943573,146.7480316,140.939682,0,0,0.000339442,0.00017899
2020-11-27,13:52:26,6.776100159,6.764600372,163.8434143,169.874176,161.0531769,159.5042877,278.9430542,146.7473907,140.9402771,0,0,0.000339442,0.00017899
2020-11-27,13:52:27,6.778299713,6.766899872,163.8434143,169.8937531,161.0512848,159.505127,278.9407959,146.745636,140.9417419,0,0,0.000339442,0.000179078
2020-11-27,13:52:28,6.78030014,6.768900299,163.8424072,169.9098816,161.0540161,159.5054474,278.9399109,146.7443695,140.9428406,0,0,0.000339442,0.00017916
2020-11-27,13:52:29,6.78259964,6.771299744,163.8424072,169.9292908,161.0541534,159.5049438,278.9412537,146.7438354,140.9433441,0,0,0.000338743,0.00017916
2020-11-27,13:52:30,6.784799957,6.773500061,163.8424072,169.9488373,161.0546265,159.5057831,278.9389038,146.7428741,140.9441681,0,0,0.000338743,0.00017916
2020-11-27,13:52:31,6.787200165,6.775700378,163.8424072,169.9672699,161.0554352,159.505661,278.9393616,146.7417145,140.9451752,0,0,0.000338743,0.00017916
2020-11-27,13:52:32,6.789199829,6.777899933,163.8424072,169.9851227,161.056488,159.5056152,278.9395142,146.7410889,140.9456787,0,0,0.000338743,0.00017916
2020-11-27,13:52:33,6.791300201,6.780200195,163.8424072,170.0033875,161.0562286,159.5058136,278.9388123,146.7397614,140.9468384,0,0,0.000338743,0.00017916
2020-11-27,13:52:34,6.793699646,6.782499695,163.8424072,170.0232391,161.0569,159.5062103,278.9377747,146.7383423,140.9481354,0,0,0.000338743,0.00017916
2020-11-27,13:52:35,6.795999908,6.784600067,163.8413544,170.0407257,161.0574951,159.5067139,278.9363708,146.7371826,140.9491272,0,0,0.000338743,0.00017916
2020-11-27,13:52:36,6.798300171,6.78690033,163.8413544,170.0592804,161.0581055,159.506424,278.9370117,146.7360382,140.9501343,0,0,0.000338743,0.00017916
2020-11-27,13:52:37,6.80059967,6.789099884,163.8413544,170.0784302,161.0586853,159.5070038,278.9356384,146.7359467,140.9502411,0,0,0.000338743,0.00017916
2020-11-27,13:52:38,6.802600098,6.791400146,163.8413544,170.0979156,161.0597382,159.5071106,278.9353638,146.7342682,140.9516754,0,0,0.000337257,0.00017916
2020-11-27,13:52:39,6.804699707,6.793499756,163.8423615,170.1154785,161.0607758,159.5073853,278.9344788,146.7333527,140.9524841,0,0,0.000337257,0.000178908
2020-11-27,13:52:40,6.806900024,6.795800018,163.8413544,170.1338501,161.0604553,159.5075989,278.9338379,146.7322083,140.9534149,0,0,0.000337257,0.000178908
2020-11-27,13:52:41,6.808999634,6.798000336,163.8413544,170.1533051,161.0615234,159.5071106,278.9353333,146.7315063,140.9541016,0,0,0.000337257,0.000178908
2020-11-27,13:52:42,6.811199951,6.8,163.8423615,170.1710358,161.0610046,159.5079803,278.9327393,146.7308044,140.9547119,0,0,0.000337257,0.000178908
2020-11-27,13:52:43,6.813400269,6.802300262,163.8423615,170.1898193,161.0619202,159.5077667,278.9335327,146.7292023,140.9560852,0,0,0.000337257,0.000178908
2020-11-27,13:52:44,6.815599823,6.804599762,163.8413391,170.2082062,161.0629425,159.5084991,278.9315186,146.728302,140.9568634,0,0,0.000337257,0.000178908
2020-11-27,13:52:45,6.817700195,6.806800079,163.8413391,170.2285614,161.0639191,159.5086517,278.9309387,146.7269897,140.9580231,0,0,0.000337606,0.000178967
2020-11-27,13:52:46,6.81989975,6.808999634,163.8413391,170.2458038,161.0647583,159.5089874,278.9300232,146.726532,140.9584198,0,0,0.000337257,0.00017902
2020-11-27,13:52:47,6.822100067,6.811100006,163.8413391,170.2648315,161.0644836,159.5091705,278.9296875,146.7253876,140.9594269,0,0,0.000337257,0.00017902
2020-11-27,13:52:48,6.82440033,6.813300323,163.8413391,170.282547,161.0662384,159.5093689,278.9289856,146.7241516,140.960495,0,0,0.000337257,0.00017902
2020-11-27,13:52:49,6.826699829,6.815499878,163.8413391,170.3021851,161.0656128,159.5099182,278.9274597,146.7236176,140.9609375,0,0,0.000337257,0.00017902
2020-11-27,13:52:50,6.828700256,6.81760025,163.8413391,170.3210907,161.0678253,159.5099792,278.9276123,146.7227325,140.9617462,0,0,0.000337257,0.00017902
2020-11-27,13:52:51,6.830899811,6.81989975,163.8403168,170.3386688,161.0674286,159.5100708,278.9269714,146.7215729,140.962738,0,0,0.000337257,0.00017902
2020-11-27,13:52:52,6.833300018,6.822200012,163.8393097,170.3592682,161.0675354,159.5101776,278.9266357,146.7209625,140.9633026,0,0,0.000337257,0.00017902
2020-11-27,13:52:53,6.835199738,6.824299622,163.8403168,170.3767395,161.0693207,159.5108032,278.9250488,146.7192688,140.964798,0,0,0.000337257,0.00017902
2020-11-27,13:52:54,6.837200165,6.826399994,163.8403168,170.3957367,161.0690155,159.5105286,278.9257813,146.7181091,140.9656982,0,0,0.000337257,0.00017902
2020-11-27,13:52:55,6.839600372,6.828600311,163.8403168,170.4135437,161.0702057,159.5103455,278.926239,146.7183685,140.9655609,0,0,0.000337257,0.00017902
2020-11-27,13:52:56,6.841699982,6.830799866,163.8403168,170.4344177,161.0707703,159.511673,278.9226074,146.7167816,140.9669342,0,0,0.000337257,0.000179161
2020-11-27,13:52:57,6.843800354,6.832900238,163.8403168,170.4507751,161.0716553,159.5111389,278.9242249,146.7159882,140.9676514,0,0,0.000337257,0.000179132
2020-11-27,13:52:58,6.845899963,6.835099792,163.8403168,170.4694672,161.0720215,159.5112915,278.9237061,146.7150116,140.9685059,0,0,0.000337257,0.000179132
2020-11-27,13:52:59,6.848100281,6.837400055,163.8403168,170.4891357,161.0725403,159.5118408,278.9221497,146.7136688,140.969635,0,0,0.000337257,0.00017905
2020-11-27,13:53:00,6.850299835,6.839399719,163.8392944,170.5083313,161.0740662,159.5120239,278.9226074,146.7141113,140.9692078,0,0,0.000337257,0.00017905
2020-11-27,13:53:01,6.852400208,6.841500092,163.840332,170.5269623,161.0744934,159.5122528,278.921051,146.712265,140.9708862,0,0,0.000337257,0.00017905
2020-11-27,13:53:02,6.854399872,6.843800354,163.840332,170.5450134,161.0748291,159.5118408,278.9221191,146.7117462,140.9713135,0,0,0.000337257,0.00017902
2020-11-27,13:53:03,6.856700134,6.845999908,163.8392792,170.5652466,161.0742188,159.512619,278.9198303,146.7104797,140.9724579,0,0,0.000337257,0.00017902
2020-11-27,13:53:04,6.858899689,6.848100281,163.8382721,170.5848846,161.0766754,159.5130157,278.9190063,146.7097778,140.9730835,0,0,0.000337257,0.000179103
2020-11-27,13:53:05,6.860900116,6.85019989,163.8382721,170.6021729,161.0761871,159.5127869,278.9194946,146.7089691,140.9737396,0,0,0.000337257,0.000179103
2020-11-27,13:53:06,6.863200378,6.852400208,163.8392792,170.6205292,161.077774,159.5125732,278.9201965,146.7085114,140.9741211,0,0,0.000337257,0.000179132
2020-11-27,13:53:07,6.865399933,6.854599762,163.8392792,170.6401672,161.0782318,159.513855,278.916626,146.7070923,140.9753571,0,0,0.000337257,0.000179132
2020-11-27,13:53:08,6.86740036,6.856700134,163.8392792,170.6588745,161.0795135,159.5132446,278.9182434,146.7065735,140.9757843,0,0,0.000337257,0.000179132
2020-11-27,13:53:09,6.869499969,6.858799744,163.8392792,170.6773071,161.079895,159.5137177,278.9169922,146.7059479,140.9763794,0,0,0.000337257,0.000179103
2020-11-27,13:53:10,6.871299744,6.860800171,163.8382111,170.6956329,161.0793457,159.5140076,278.9161682,146.7050629,140.9771423,0,0,0.000337257,0.000179103
2020-11-27,13:53:11,6.873600006,6.862999725,163.8382111,170.7145233,161.0814819,159.514389,278.9151001,146.7047272,140.9774475,0,0,0.000337257,0.000179103
2020-11-27,13:53:12,6.875800323,6.865100098,163.8382111,170.7335358,161.0808411,159.5145111,278.9147339,146.7033539,140.9786377,0,0,0.000337257,0.000179103
2020-11-27,13:53:13,6.877899933,6.867299652,163.8392181,170.7524719,161.0823822,159.5145569,278.9145813,146.7026672,140.9792175,0,0,0.000337257,0.000179103
2020-11-27,13:53:14,6.88030014,6.869400024,163.8392181,170.7715302,161.0830383,159.5151672,278.9129944,146.7021332,140.9797516,0,0,0.000337257,0.000179103
2020-11-27,13:53:15,6.882299805,6.871700287,163.8382111,170.7913361,161.0829926,159.5153351,278.9124756,146.7014313,140.9802856,0,0,0.000337257,0.000179103
2020-11-27,13:53:16,6.884500122,6.873699951,163.8382111,170.8093872,161.0835114,159.5150452,278.9132996,146.7000732,140.9814606,0,0,0.000337257,0.000179103
2020-11-27,13:53:17,6.886599731,6.875800323,163.8382111,170.8281403,161.0849915,159.5158997,278.9110107,146.6996307,140.9818573,0,0,0.000337257,0.000179103
2020-11-27,13:53:18,6.888600159,6.877999878,163.8382111,170.8480682,161.0847015,159.5154572,278.9121399,146.6994629,140.9819946,0,0,0.000337257,0.000179103
2020-11-27,13:53:19,6.890799713,6.88010025,163.8382111,170.8664246,161.0863495,159.5157318,278.911377,146.6979675,140.9833679,0,0,0.000337257,0.000179103
2020-11-27,13:53:20,6.89280014,6.882299805,163.8382111,170.8855286,161.0869598,159.5162354,278.9101257,146.6968079,140.9842834,0,0,0.000337257,0.000179103
2020-11-27,13:53:21,6.894799805,6.884300232,163.8382111,170.9038239,161.0878601,159.5163422,278.9096069,146.6971588,140.9840088,0,0,0.000337257,0.000179103
2020-11-27,13:53:22,6.897000122,6.886299896,163.8382111,170.9226227,161.0887146,159.5160522,278.9105225,146.6955566,140.9853668,0,0,0.000337257,0.000179103
2020-11-27,13:53:23,6.899099731,6.888600159,163.8382111,170.9421234,161.0892181,159.5162964,278.90979,146.6947632,140.9860687,0,0,0.00033341,0.000179103
2020-11-27,13:53:24,6.901200104,6.890699768,163.8382111,170.9615784,161.0886536,159.5167694,278.9085083,146.6946716,140.9861145,0,0,0.00033341,0.000179103
2020-11-27,13:53:25,6.903299713,6.89280014,163.8360901,170.9806213,161.0904846,159.5174408,278.9065552,146.6950378,140.9858551,0,0,0.00033341,0.000179132
2020-11-27,13:53:26,6.90530014,6.89489975,163.8370972,170.999176,161.0907288,159.5178986,278.9054871,146.6932526,140.9873962,0,0,0.00033341,0.000179132
2020-11-27,13:53:27,6.90719986,6.896900177,163.8370972,171.0188751,161.0911865,159.5175018,278.9064026,146.6923523,140.9881287,0,0,0.00033341,0.000179132
2020-11-27,13:53:28,6.909400177,6.899099731,163.8370972,171.0378418,161.0918884,159.5172882,278.907196,146.6918182,140.9886017,0,0,0.00033341,0.000179132
2020-11-27,13:53:29,6.911599731,6.901200104,163.8370972,171.0562134,161.0934448,159.5178375,278.9055481,146.6909485,140.9893799,0,0,0.00033341,0.000179132
2020-11-27,13:53:30,6.913500214,6.903199768,163.8360291,171.0749054,161.0936432,159.518219,278.9045105,146.690506,140.9897003,0,0,0.00033341,0.000179132
2020-11-27,13:53:31,6.915799713,6.90530014,163.8360291,171.0948486,161.0941315,159.5183868,278.9040527,146.6898804,140.9903259,0,0,0.00033341,0.000179132
2020-11-27,13:53:32,6.917900085,6.907499695,163.8360291,171.1144714,161.0945282,159.5188751,278.9025879,146.6889038,140.9911194,0,0,0.00033341,0.000179132
2020-11-27,13:53:33,6.919999695,6.909600067,163.8360291,171.1335297,161.0954895,159.5183258,278.9041748,146.6887207,140.9913635,0,0,0.00033341,0.000179132
2020-11-27,13:53:34,6.922100067,6.911599731,163.8370514,171.1521454,161.0962067,159.5186615,278.9032288,146.6880188,140.9919586,0,0,0.00033341,0.000179132
2020-11-27,13:53:35,6.924199677,6.913800049,163.8359375,171.1703033,161.0967712,159.5189362,278.9025269,146.6875763,140.9922943,0,0,0.00033341,0.000179132
2020-11-27,13:53:36,6.926200104,6.915899658,163.8359375,171.1904755,161.0980988,159.5187225,278.9031677,146.6865997,140.9931946,0,0,0.00033341,0.000179132
2020-11-27,13:53:37,6.928199768,6.91780014,163.8359375,171.2101746,161.0987091,159.5195465,278.9008789,146.6863403,140.993454,0,0,0.00033341,0.000179132
2020-11-27,13:53:38,6.930200195,6.919999695,163.8359375,171.2277527,161.098587,159.5201111,278.8993225,146.6858063,140.9938507,0,0,0.000332536,0.000179079
2020-11-27,13:53:39,6.932299805,6.921900177,163.8359375,171.2458801,161.0998535,159.5203247,278.8987427,146.6850586,140.9944916,0,0,0.000332536,0.000179162
2020-11-27,13:53:40,6.934100342,6.924099731,163.8359375,171.265564,161.1004181,159.5201111,278.8993225,146.6848145,140.9947357,0,0,0.000332536,0.000178938
2020-11-27,13:53:41,6.936299896,6.926100159,163.8359375,171.2854156,161.1016388,159.5204926,278.8982849,146.6833954,140.9960022,0,0,0.000332536,0.000178938
2020-11-27,13:53:42,6.938400269,6.928199768,163.8348999,171.3049622,161.1027222,159.520874,278.8971252,146.6829376,140.9963379,0,0,0.000332536,0.000178938
2020-11-27,13:53:43,6.940499878,6.930400085,163.8348999,171.3250122,161.102478,159.5202637,278.8988342,146.6826935,140.9965973,0,0,0.000332536,0.000178938
2020-11-27,13:53:44,6.94260025,6.93239975,163.8348999,171.3430634,161.1023254,159.520813,278.8972473,146.6823273,140.9968872,0,0,0.000332536,0.000178909
2020-11-27,13:53:45,6.944499969,6.934400177,163.8348999,171.3611755,161.103241,159.5211182,278.8964233,146.6814423,140.9976807,0,0,0.000332536,0.000178909
2020-11-27,13:53:46,6.946600342,6.936699677,163.8348999,171.3813934,161.1052094,159.5212708,278.8960876,146.6805573,140.9983978,0,0,0.000332536,0.00017905
2020-11-27,13:53:47,6.948799896,6.938700104,163.8338928,171.4009399,161.1047058,159.521637,278.8950806,146.6809082,140.9981689,0,0,0.000332536,0.00017905
2020-11-27,13:53:48,6.95059967,6.940599823,163.8338928,171.4195251,161.106308,159.5218201,278.8945313,146.6804657,140.9985504,0,0,0.000332536,0.00017905
2020-11-27,13:53:49,6.952799988,6.942700195,163.8338928,171.4389801,161.1053925,159.5220337,278.8939819,146.6799316,140.9989319,0,0,0.000332536,0.00017905
2020-11-27,13:53:50,6.954799652,6.944799805,163.8348999,171.4585571,161.1064606,159.5219269,278.8942566,146.67836,141.0003662,0,0,0.000332536,0.00017905
2020-11-27,13:53:51,6.956800079,6.946800232,163.8338165,171.4763641,161.1070557,159.521637,278.8950195,146.6779938,141.0007019,0,0,0.000332536,0.00017905
2020-11-27,13:53:52,6.958799744,6.948899841,163.8327789,171.497345,161.10849,159.5223541,278.8929749,146.6785278,141.0002441,0,0,0.000331837,0.00017905
2020-11-27,13:53:53,6.960900116,6.951000214,163.8327789,171.5151672,161.1097565,159.5227051,278.8920593,146.677597,141.000946,0,0,0.000331837,0.000178939
2020-11-27,13:53:54,6.962799835,6.952999878,163.8327789,171.5361328,161.1087646,159.5224915,278.8927307,146.6770935,141.0014801,0,0,0.000331837,0.000178939
2020-11-27,13:53:55,6.964800262,6.95510025,163.8327789,171.5536346,161.1099091,159.5224152,278.8928223,146.6767578,141.0018158,0,0,0.000331837,0.000178939
2020-11-27,13:53:56,6.967099762,6.957099915,163.8327789,171.5737762,161.1098022,159.5228271,278.8918152,146.676651,141.0016937,0,0,0.000331837,0.000179021
2020-11-27,13:53:57,6.969100189,6.959100342,163.8327789,171.593338,161.1113892,159.5232544,278.8905945,146.675415,141.0029144,0,0,0.0003314,0.000179021
2020-11-27,13:53:58,6.971199799,6.961299896,163.8327789,171.6124573,161.1118164,159.5233154,278.8903809,146.6755066,141.0030212,0,0,0.0003314,0.000179021
2020-11-27,13:53:59,6.973100281,6.963200378,163.8327789,171.6300201,161.1124573,159.5235901,278.8895874,146.6748047,141.0034637,0,0,0.0003314,0.000179021
2020-11-27,13:54:00,6.975099945,6.965200043,163.8327789,171.6514435,161.1127319,159.5236359,278.8894043,146.67453,141.0037537,0,0,0.0003314,0.000179021
2020-11-27,13:54:01,6.977300262,6.967299652,163.8317413,171.6714935,161.1133881,159.5234222,278.8900757,146.6743622,141.003891,0,0,0.0003314,0.000179021
2020-11-27,13:54:02,6.979299927,6.969300079,163.830719,171.6885834,161.1150665,159.5239563,278.8884583,146.6729279,141.0050507,0,0,0.0003314,0.000179021
2020-11-27,13:54:03,6.981199646,6.971299744,163.830719,171.7094116,161.1155243,159.5240173,278.8886108,146.6730194,141.005127,0,0,0.0003314,0.000179021
2020-11-27,13:54:04,6.983300018,6.973400116,163.830719,171.7287292,161.1161194,159.5246887,278.8866272,146.6726532,141.0053558,0,0,0.0003314,0.000179021
2020-11-27,13:54:05,6.985299683,6.97539978,163.830719,171.7489471,161.1155548,159.5245819,278.8869019,146.6724854,141.0054474,0,0,0.0003314,0.000179021
2020-11-27,13:54:06,6.98730011,6.977400208,163.8317719,171.7681885,161.1151581,159.5250244,278.8856506,146.6719513,141.0059357,0,0,0.0003314,0.000179021
2020-11-27,13:54:07,6.989299774,6.979499817,163.8307343,171.788208,161.1179352,159.5252991,278.8848877,146.6717834,141.0060883,0,0,0.0003314,0.000179021
2020-11-27,13:54:08,6.991100311,6.981600189,163.8307343,171.8067017,161.1177521,159.5249176,278.8859253,146.6709137,141.0068817,0,0,0.0003314,0.000179021
2020-11-27,13:54:09,6.993299866,6.983499908,163.8307343,171.8252411,161.1180573,159.5250854,278.8855286,146.6707306,141.0070343,0,0,0.0003314,0.000179021
2020-11-27,13:54:10,6.995300293,6.985500336,163.8307343,171.8452454,161.1205444,159.5254669,278.8843384,146.6703491,141.0073547,0,0,0.0003314,0.000179021
2020-11-27,13:54:11,6.997299957,6.9875,163.8307343,171.8648834,161.1201172,159.5258026,278.8835144,146.6707306,141.0070648,0,0,0.000330263,0.000179021
2020-11-27,13:54:12,6.999500275,6.989700317,163.8297272,171.8858337,161.1199188,159.5259094,278.8831787,146.6698151,141.0078125,0,0,0.000330438,0.000179021
2020-11-27,13:54:13,7.001399994,6.991699982,163.8307953,171.9049988,161.1210022,159.5257416,278.8836365,146.6702576,141.007431,0,0,0.000330438,0.000179021
2020-11-27,13:54:14,7.003399658,6.993499756,163.8307953,171.9243774,161.1205444,159.5262604,278.8823242,146.6693726,141.0081635,0,0,0.000330438,0.000179021
2020-11-27,13:54:15,7.00530014,6.995600128,163.8297882,171.9427032,161.1222992,159.526413,278.8819275,146.6692963,141.0082855,0,0,0.000330438,0.000179021
2020-11-27,13:54:16,7.00739975,6.997599792,163.8297882,171.9636841,161.1226196,159.5268555,278.8806458,146.6689453,141.0085449,0,0,0.000330438,0.000179021
2020-11-27,13:54:17,7.009200287,6.999700165,163.8287659,171.9819641,161.1242676,159.5269165,278.8804016,146.6685944,141.0088959,0,0,0.000330438,0.000179021
2020-11-27,13:54:18,7.011299896,7.001699829,163.8287659,172.0028229,161.1248322,159.5267944,278.8807678,146.6686859,141.0088348,0,0,0.000330438,0.000179021
2020-11-27,13:54:19,7.013300323,7.003800201,163.8287659,172.0220032,161.1240845,159.5271301,278.8798523,146.6676025,141.0097046,0,0,0.000330613,0.000178856
2020-11-27,13:54:20,7.015200043,7.005599976,163.8287659,172.0403442,161.1255341,159.5275116,278.8788147,146.6678772,141.0099487,0,0,0.000330351,0.000178856
2020-11-27,13:54:21,7.017199707,7.00759964,163.8287659,172.0608978,161.1260223,159.5278625,278.8778992,146.6674347,141.0093536,0,0,0.000330351,0.000178856
2020-11-27,13:54:22,7.019300079,7.009600067,163.8287659,172.0811462,161.1270752,159.5270691,278.8799744,146.6668243,141.0104523,0,0,0.000330351,0.000178856
2020-11-27,13:54:23,7.021399689,7.011599731,163.8287659,172.1009521,161.1266022,159.5275726,278.8786926,146.6669922,141.0103149,0,0,0.000330351,0.000178856
2020-11-27,13:54:24,7.023300171,7.013600159,163.8287659,172.120285,161.1275482,159.5276489,278.8783569,146.6661987,141.0110016,0,0,0.000330351,0.000178856
2020-11-27,13:54:25,7.02519989,7.015699768,163.8287659,172.1390991,161.1279144,159.5280457,278.8774719,146.6668243,141.0104828,0,0,0.000330351,0.000178856
2020-11-27,13:54:26,7.027200317,7.017700195,163.8287659,172.1597443,161.1283417,159.5279083,278.8777466,146.6658478,141.011322,0,0,0.000330351,0.000178856
2020-11-27,13:54:27,7.029199982,7.01969986,163.827713,172.1803741,161.1291809,159.5283508,278.8764954,146.6652832,141.011795,0,0,0.000330351,0.000178856
2020-11-27,13:54:28,7.031199646,7.021600342,163.827713,172.1995239,161.1294556,159.5286865,278.8755493,146.6655731,141.0115051,0,0,0.000330351,0.000178856
2020-11-27,13:54:29,7.033100128,7.023600006,163.827713,172.2202606,161.1300964,159.5283508,278.8765869,146.6656647,141.0114441,0,0,0.000330351,0.000178856
2020-11-27,13:54:30,7.034999847,7.025499725,163.8266602,172.2410736,161.1308289,159.5293427,278.8736877,146.665741,141.0114899,0,0,0.000330351,0.000178856
2020-11-27,13:54:31,7.037000275,7.027500153,163.8266602,172.259903,161.1327209,159.5287781,278.8752441,146.6663666,141.0108948,0,0,0.000330351,0.000178856
2020-11-27,13:54:32,7.039099884,7.029399872,163.8266602,172.2797852,161.1319275,159.5292358,278.8740234,146.6649323,141.0121002,0,0,0.000330351,0.00017905
2020-11-27,13:54:33,7.041100311,7.031400299,163.8266602,172.2995911,161.1322632,159.5290833,278.8744812,146.664856,141.0121613,0,0,0.000330351,0.00017905
2020-11-27,13:54:34,7.043000031,7.033300018,163.8266602,172.3201599,161.1320343,159.5298462,278.872345,146.6645966,141.0124207,0,0,0.000330351,0.00017905
2020-11-27,13:54:35,7.04489975,7.035399628,163.8266602,172.3396759,161.1340027,159.5298004,278.8725891,146.6638794,141.0130005,0,0,0.000330351,0.000179051
2020-11-27,13:54:36,7.046800232,7.03730011,163.8266602,172.3594513,161.1343079,159.5296478,278.8729858,146.6641541,141.0127411,0,0,0.000330351,0.000179051
2020-11-27,13:54:37,7.048899841,7.039299774,163.8256531,172.3794861,161.1346893,159.5301819,278.8713074,146.6640625,141.0128632,0,0,0.000330351,0.000179051
2020-11-27,13:54:38,7.050499725,7.041200256,163.8256531,172.3992767,161.134201,159.5297394,278.8726501,146.6637115,141.0131836,0,0,0.000329739,0.000179051
2020-11-27,13:54:39,7.052600098,7.043099976,163.8256531,172.4199066,161.1358337,159.5301208,278.871582,146.6638794,141.0130463,0,0,0.000329739,0.000179051
2020-11-27,13:54:40,7.054499817,7.04509964,163.8256531,172.4411163,161.1360168,159.5307312,278.8699341,146.6637115,141.0131378,0,0,0.000329476,0.000178992
2020-11-27,13:54:41,7.056400299,7.047000122,163.8256531,172.4598541,161.1373749,159.530838,278.8696289,146.6641541,141.0128021,0,0,0.000329564,0.000179021
2020-11-27,13:54:42,7.058399963,7.048999786,163.8256531,172.4799805,161.1383514,159.5302277,278.8712463,146.6635284,141.0132751,0,0,0.000329564,0.000179021
2020-11-27,13:54:43,7.060199738,7.051000214,163.824646,172.5003052,161.1364441,159.530838,278.8696899,146.6633606,141.0134735,0,0,0.000329564,0.000179021
2020-11-27,13:54:44,7.062400055,7.052899933,163.824646,172.5210571,161.1379547,159.5309448,278.8691711,146.6638031,141.0130768,0,0,0.000329564,0.000179021
2020-11-27,13:54:45,7.064299774,7.05490036,163.824646,172.5412903,161.138443,159.5313568,278.8681946,146.6629944,141.0137482,0,0,0.000329564,0.000179021
2020-11-27,13:54:46,7.066000366,7.056800079,163.824646,172.5600433,161.1391754,159.5309448,278.8692322,146.6637115,141.0131226,0,0,0.000329564,0.000179021
2020-11-27,13:54:47,7.067900085,7.058699799,163.824646,172.579834,161.139267,159.5310822,278.868988,146.6629181,141.0138092,0,0,0.000329564,0.000179021
2020-11-27,13:54:48,7.069999695,7.060700226,163.8236389,172.6018066,161.1402283,159.5318298,278.8668518,146.6631927,141.0136261,0,0,0.000329564,0.000179021
2020-11-27,13:54:49,7.071900177,7.062599945,163.8236389,172.6212158,161.1408691,159.5316772,278.8672485,146.66362,141.0132141,0,0,0.000329564,0.000179021
2020-11-27,13:54:50,7.073799896,7.064600372,163.8226166,172.6418152,161.1411896,159.5315704,278.8676758,146.6633606,141.0134888,0,0,0.000329564,0.000179021
2020-11-27,13:54:51,7.075700378,7.066500092,163.8226166,172.6612091,161.1407928,159.5324554,278.8651428,146.6631012,141.0136871,0,0,0.000329564,0.000179021
2020-11-27,13:54:52,7.077500153,7.068499756,163.8226166,172.6815643,161.1421509,159.5320129,278.8664246,146.6622772,141.0144348,0,0,0.000329564,0.000179021
2020-11-27,13:54:53,7.079299927,7.070300293,163.8236237,172.7030182,161.1424713,159.5323944,278.8652649,146.662796,141.0139313,0,0,0.000329564,0.000179021
2020-11-27,13:54:54,7.081400299,7.072100067,163.8236237,172.7235107,161.1434631,159.5321198,278.8659973,146.6629181,141.0140076,0,0,0.000329564,0.000179021
2020-11-27,13:54:55,7.083300018,7.074099731,163.8226166,172.7436829,161.1431427,159.5323944,278.865448,146.662796,141.0138092,0,0,0.000329564,0.000179021
2020-11-27,13:54:56,7.085199738,7.076000214,163.8226166,172.7647095,161.1443939,159.5328827,278.8639221,146.6629181,141.0139008,0,0,0.000329564,0.000179133
2020-11-27,13:54:57,7.087000275,7.077999878,163.8215637,172.7850952,161.1446228,159.5327148,278.8644714,146.6629181,141.0137939,0,0,0.000329564,0.000179133
2020-11-27,13:54:58,7.088999939,7.07990036,163.8215637,172.8048401,161.144928,159.5330505,278.8635559,146.6629944,141.0137329,0,0,0.000329564,0.000179133
2020-11-27,13:54:59,7.090899658,7.081999969,163.8215637,172.8265076,161.1455994,159.5329437,278.863739,146.662796,141.0139618,0,0,0.000329564,0.000179133
2020-11-27,13:55:00,7.092700195,7.083699799,163.8215637,172.8465271,161.1459808,159.5332794,278.8628235,146.6631927,141.0136414,0,0,0.000329564,0.000179133
2020-11-27,13:55:01,7.094799805,7.085700226,163.8215637,172.8669739,161.1469269,159.5330505,278.8635559,146.6633606,141.0135193,0,0,0.000329039,0.000179133
2020-11-27,13:55:02,7.096800232,7.087599945,163.8215637,172.8871307,161.1472168,159.5333862,278.8626404,146.6629181,141.0138245,0,0,0.000329039,0.000179133
2020-11-27,13:55:03,7.098500061,7.089499664,163.8205414,172.9066925,161.1473846,159.5336151,278.8619385,146.6634521,141.013443,0,0,0.000329039,0.000179133
2020-11-27,13:55:04,7.10039978,7.091300201,163.8205414,172.9280396,161.1475525,159.5334473,278.8624573,146.6633606,141.0134888,0,0,0.000329039,0.000179051
2020-11-27,13:55:05,7.102300262,7.093299866,163.8205414,172.9491119,161.1473694,159.5336761,278.8618164,146.6631927,141.0136414,0,0,0.000329039,0.000179051
2020-11-27,13:55:06,7.104499817,7.095300293,163.8205414,172.9701233,161.1488495,159.5338898,278.861145,146.66362,141.0132141,0,0,0.000329039,0.000179051
2020-11-27,13:55:07,7.106300354,7.097100067,163.8205414,172.9896698,161.1492004,159.5342102,278.860321,146.6633606,141.013504,0,0,0.00032834,0.000179051
2020-11-27,13:55:08,7.108000183,7.098999786,163.8205414,173.0115509,161.1498566,159.5344543,278.8596497,146.6640625,141.0128784,0,0,0.00032834,0.000179051
2020-11-27,13:55:09,7.110099792,7.100900269,163.819519,173.032196,161.1493835,159.534317,278.8599243,146.6629944,141.0137329,0,0,0.00032834,0.000179051
2020-11-27,13:55:10,7.112000275,7.102899933,163.819519,173.0528717,161.1503143,159.5340576,278.8607178,146.6635284,141.0132904,0,0,0.00032834,0.000179051
2020-11-27,13:55:11,7.113899994,7.104799652,163.819519,173.0736694,161.1510315,159.5346222,278.8591003,146.6642303,141.0126953,0,0,0.00032834,0.000179051
2020-11-27,13:55:12,7.115699768,7.106600189,163.819519,173.0940094,161.1506958,159.534729,278.8594666,146.6640625,141.0128937,0,0,0.00032834,0.000179051
2020-11-27,13:55:13,7.11760025,7.108499908,163.819519,173.1148987,161.1517944,159.5344543,278.8583679,146.6638794,141.0127106,0,0,0.00032834,0.000179051
2020-11-27,13:55:14,7.119400024,7.110500336,163.8184967,173.1360474,161.1513367,159.5350494,278.8579712,146.6647644,141.0121918,0,0,0.00032834,0.000179051
2020-11-27,13:55:15,7.121299744,7.11230011,163.8184967,173.1552582,161.1528778,159.534729,278.8588867,146.6644897,141.0125122,0,0,0.00032834,0.000179051
2020-11-27,13:55:16,7.123200226,7.114199829,163.8184967,173.1764984,161.1525726,159.5351868,278.8576355,146.6645966,141.0124054,0,0,0.00032834,0.000179051
2020-11-27,13:55:17,7.124900055,7.116100311,163.8174896,173.1970825,161.1529846,159.5353394,278.8572693,146.6646729,141.0123291,0,0,0.00032834,0.000179051
2020-11-27,13:55:18,7.126699829,7.117900085,163.8174896,173.2185516,161.1526489,159.5351868,278.8575745,146.6652832,141.0117188,0,0,0.00032834,0.000179051
2020-11-27,13:55:19,7.128600311,7.119799805,163.8174896,173.2388916,161.1530457,159.5356598,278.8562012,146.6654053,141.0119019,0,0,0.00032834,0.000179051
2020-11-27,13:55:20,7.130500031,7.121700287,163.8174896,173.2606354,161.154129,159.5355988,278.8564453,146.6655731,141.0115509,0,0,0.00032834,0.000179051
2020-11-27,13:55:21,7.132499695,7.123500061,163.8174896,173.2817841,161.1547241,159.5356598,278.8562317,146.6651154,141.0119324,0,0,0.00032834,0.000179051
2020-11-27,13:55:22,7.134200287,7.12539978,163.8174896,173.3013306,161.1554565,159.5352325,278.8574829,146.665741,141.0113983,0,0,0.00032834,0.000179051
2020-11-27,13:55:23,7.136000061,7.127200317,163.8174896,173.3237305,161.1549683,159.5356598,278.8561401,146.6655731,141.0115051,0,0,0.000328165,0.000179162
2020-11-27,13:55:24,7.137999725,7.129199982,163.816452,173.3435974,161.1562195,159.5359955,278.8554077,146.6663666,141.0108948,0,0,0.000328165,0.000179162
2020-11-27,13:55:25,7.139900208,7.130999756,163.816452,173.365036,161.1567841,159.5356598,278.8562317,146.6666412,141.0105896,0,0,0.000328165,0.000179162
2020-11-27,13:55:26,7.141699982,7.132900238,163.816452,173.3851776,161.1560059,159.5358734,278.8556519,146.6664429,141.0107574,0,0,0.000328165,0.000179075
2020-11-27,13:55:27,7.143599701,7.134799957,163.816452,173.4069366,161.1569519,159.5363617,278.8543701,146.6670837,141.0102234,0,0,0.000328165,0.000179075
2020-11-27,13:55:28,7.145500183,7.136699677,163.816452,173.4276886,161.1578522,159.5360565,278.8552246,146.6668243,141.010437,0,0,0.000328165,0.000179022
2020-11-27,13:55:29,7.147299957,7.138400269,163.8154449,173.4475098,161.1573334,159.5367584,278.8531189,146.6682281,141.0092773,0,0,0.000328165,0.000179022
2020-11-27,13:55:30,7.149199677,7.140299988,163.8154449,173.4698029,161.1589966,159.5363617,278.8542786,146.6685028,141.0089874,0,0,0.000328165,0.000179022
2020-11-27,13:55:31,7.150900269,7.142199707,163.8154449,173.4916382,161.1581573,159.5360565,278.8551941,146.6678772,141.0095215,0,0,0.000328165,0.000179022
2020-11-27,13:55:32,7.152899933,7.144100189,163.8144379,173.511261,161.157608,159.5357056,278.8560181,146.6680603,141.0093842,0,0,0.000328165,0.000179022
2020-11-27,13:55:33,7.154699707,7.145999908,163.8144379,173.5326233,161.1593628,159.5366974,278.8533325,146.6681519,141.0094604,0,0,0.000328165,0.000179022
2020-11-27,13:55:34,7.156500244,7.147799683,163.8144379,173.5539093,161.1603088,159.5366211,278.8535767,146.6688538,141.0086517,0,0,0.000328165,0.000179022
2020-11-27,13:55:35,7.158399963,7.14960022,163.8134308,173.57547,161.1592865,159.5362396,278.8545532,146.6687622,141.0088043,0,0,0.000328165,0.000179022
2020-11-27,13:55:36,7.159999847,7.151300049,163.8144379,173.594574,161.1605225,159.5368195,278.8530273,146.6693726,141.008255,0,0,0.000328165,0.000179022
2020-11-27,13:55:37,7.16190033,7.153199768,163.8134003,173.6164246,161.1608276,159.5366211,278.8534851,146.6698151,141.0078278,0,0,0.000328165,0.000179022
2020-11-27,13:55:38,7.163700104,7.15510025,163.8134003,173.6384888,161.1597137,159.5364685,278.8538818,146.6699219,141.0077515,0,0,0.000328165,0.000179022
2020-11-27,13:55:39,7.165699768,7.156999969,163.8134003,173.6589355,161.161499,159.5371399,278.8522339,146.6702576,141.0074158,0,0,0.000328165,0.000179022
2020-11-27,13:55:40,7.167500305,7.158899689,163.8134003,173.6811371,161.1609192,159.5372925,278.851593,146.6705627,141.0071564,0,0,0.000328165,0.000179022
2020-11-27,13:55:41,7.169300079,7.160600281,163.8134003,173.7025146,161.1618347,159.5365601,278.8536682,146.6700897,141.0075684,0,0,0.000327815,0.000179022
2020-11-27,13:55:42,7.171199799,7.162400055,163.8134003,173.7231445,161.1631775,159.5371399,278.8522644,146.67099,141.0068207,0,0,0.000327728,0.000179022
2020-11-27,13:55:43,7.173000336,7.164299774,163.8134003,173.7449341,161.1625977,159.5369263,278.8526611,146.6716156,141.0062866,0,0,0.000327728,0.000179022
2020-11-27,13:55:44,7.17460022,7.166100311,163.8123627,173.7647858,161.1628113,159.5371399,278.8521423,146.6723175,141.0056305,0,0,0.000327728,0.000178969
2020-11-27,13:55:45,7.176499939,7.167900085,163.8123627,173.785553,161.1620178,159.5367584,278.8531494,146.6728516,141.0052338,0,0,0.000327641,0.000179133
2020-11-27,13:55:46,7.178399658,7.169799805,163.8113251,173.8068695,161.1634369,159.5370941,278.8523254,146.6726532,141.0053406,0,0,0.000327641,0.000179133
2020-11-27,13:55:47,7.18030014,7.171499634,163.8113251,173.8283691,161.1638794,159.5367584,278.8531494,146.6727448,141.0052948,0,0,0.000327641,0.000179133
2020-11-27,13:55:48,7.181999969,7.173400116,163.8113251,173.8492584,161.1637573,159.5372009,278.8519287,146.6729279,141.0050812,0,0,0.000327641,0.000179133
2020-11-27,13:55:49,7.183799744,7.175299835,163.8113251,173.8707428,161.1647034,159.5368195,278.8529663,146.6739044,141.0042419,0,0,0.000327641,0.000179133
2020-11-27,13:55:50,7.185600281,7.177100372,163.8113251,173.8921509,161.164856,159.537262,278.8518372,146.6748962,141.0033875,0,0,0.000327641,0.000179133
2020-11-27,13:55:51,7.187400055,7.178800201,163.810318,173.9139862,161.1644745,159.5368195,278.8529358,146.6750793,141.0032806,0,0,0.000327641,0.000179133
2020-11-27,13:55:52,7.189399719,7.180599976,163.810318,173.9345398,161.1660919,159.5374146,278.8514404,146.6748962,141.0034027,0,0,0.000327641,0.00017908
2020-11-27,13:55:53,7.191100311,7.182499695,163.810318,173.9556274,161.1648254,159.537262,278.8517456,146.6756897,141.0027161,0,0,0.000327641,0.00017908
2020-11-27,13:55:54,7.193000031,7.184300232,163.810318,173.977417,161.1652679,159.536972,278.8526306,146.6757813,141.0027771,0,0,0.000327641,0.00017908
2020-11-27,13:55:55,7.194799805,7.186199951,163.8093109,173.9980011,161.1659851,159.5366974,278.853363,146.6758728,141.0025024,0,0,0.000327641,0.00017908
2020-11-27,13:55:56,7.196600342,7.187999725,163.8093109,174.0186462,161.1655884,159.5370331,278.8525085,146.6764069,141.0020447,0,0,0.000327641,0.00017908
2020-11-27,13:55:57,7.198300171,7.189800262,163.8093109,174.0415039,161.1663208,159.5368805,278.8528442,146.6768341,141.001709,0,0,0.000327641,0.00017908
2020-11-27,13:55:58,7.200099945,7.191500092,163.8093109,174.0617065,161.1668549,159.5367584,278.8532104,146.6779022,141.0007782,0,0,0.000327641,0.00017908
2020-11-27,13:55:59,7.201999664,7.193299866,163.8083038,174.0831604,161.1676331,159.5371399,278.8521423,146.6773682,141.0012207,0,0,0.000327641,0.000178969
2020-11-27,13:56:00,7.203600311,7.19509964,163.8083038,174.1045074,161.167984,159.5368195,278.8530273,146.6788025,140.999939,0,0,0.000326766,0.000178969
2020-11-27,13:56:01,7.205400085,7.196900177,163.8083038,174.1259613,161.1669617,159.5367584,278.8531494,146.6786194,141.0001678,0,0,0.000326766,0.000178969
2020-11-27,13:56:02,7.20719986,7.198699951,163.8083038,174.1461334,161.1686707,159.5366211,278.8535156,146.679657,140.9992523,0,0,0.000326766,0.000179051
2020-11-27,13:56:03,7.209100342,7.20059967,163.8071899,174.1687469,161.1678619,159.5364075,278.854187,146.6804657,140.9985352,0,0,0.000326766,0.00017894
2020-11-27,13:56:04,7.210900116,7.202300262,163.8071899,174.1894379,161.167572,159.5367584,278.8530884,146.6802826,140.9987183,0,0,0.000326766,0.00017894
2020-11-27,13:56:05,7.212599945,7.204000092,163.8071899,174.2103119,161.1683502,159.5364685,278.8539124,146.6811066,140.9979401,0,0,0.000326941,0.00017894
2020-11-27,13:56:06,7.214399719,7.205799866,163.8071899,174.2315216,161.1693878,159.5362091,278.8547058,146.6816101,140.9975433,0,0,0.000326941,0.00017894
2020-11-27,13:56:07,7.216300201,7.207700348,163.8071899,174.2536926,161.1687927,159.5361023,278.8550415,146.6820831,140.9971619,0,0,0.000326941,0.00017894
2020-11-27,13:56:08,7.217900085,7.209500122,163.8071899,174.2743378,161.1691589,159.5360565,278.8551331,146.6825256,140.9967194,0,0,0.000326941,0.00017894
2020-11-27,13:56:09,7.21989975,7.211299896,163.8071899,174.2964325,161.169632,159.5363007,278.8544312,146.6830444,140.9962769,0,0,0.000326941,0.00017894
2020-11-27,13:56:10,7.221499634,7.212999725,163.8061523,174.3177032,161.1691589,159.5355377,278.8566589,146.6828766,140.9964294,0,0,0.000326941,0.00017894
2020-11-27,13:56:11,7.223300171,7.214800262,163.8050079,174.3395844,161.1700134,159.5357056,278.8560486,146.6835785,140.9957581,0,0,0.000326941,0.00017894
2020-11-27,13:56:12,7.225,7.216600037,163.806015,174.3611908,161.1703796,159.5355377,278.8565979,146.6846313,140.994873,0,0,0.000326941,0.00017894
2020-11-27,13:56:13,7.226699829,7.218399811,163.806015,174.3813934,161.1701965,159.5350494,278.8578491,146.6854401,140.9941406,0,0,0.000326941,0.00017894
2020-11-27,13:56:14,7.228700256,7.220200348,163.8050079,174.4027252,161.1706085,159.5345612,278.8594055,146.6858673,140.9937439,0,0,0.000326941,0.00017894
2020-11-27,13:56:15,7.230400085,7.222000122,163.8050079,174.4247894,161.1711273,159.5349426,278.8581543,146.6864319,140.9933777,0,0,0.000326941,0.00017894
2020-11-27,13:56:16,7.231900024,7.223699951,163.8040009,174.4455566,161.1714478,159.5346222,278.8592834,146.6867828,140.9930267,0,0,0.000326941,0.00017894
2020-11-27,13:56:17,7.233799744,7.22539978,163.8040009,174.4675903,161.1700592,159.5343933,278.8597717,146.6872253,140.9926605,0,0,0.000326941,0.00017894
2020-11-27,13:56:18,7.235600281,7.227200317,163.8040009,174.4881897,161.1716309,159.534256,278.8600159,146.687912,140.9919891,0,0,0.000326941,0.00017894
2020-11-27,13:56:19,7.2375,7.229000092,163.8040009,174.5114899,161.1717682,159.533844,278.8613586,146.6885529,140.9914856,0,0,0.000326941,0.00017894
2020-11-27,13:56:20,7.238999939,7.230699921,163.8040009,174.5317688,161.1723175,159.5342102,278.8602905,146.6880188,140.9919586,0,0,0.000326941,0.00017894
2020-11-27,13:56:21,7.240799713,7.232499695,163.8040009,174.5541534,161.173172,159.5333862,278.8626099,146.6895447,140.9906158,0,0,0.000326941,0.00017894
2020-11-27,13:56:22,7.242500305,7.234100342,163.8029175,174.5731201,161.1725006,159.5335541,278.8619995,146.6899719,140.9902191,0,0,0.000326941,0.00017894
2020-11-27,13:56:23,7.244400024,7.236100006,163.8029175,174.59729,161.1725922,159.5330048,278.8635864,146.6908417,140.989502,0,0,0.000326941,0.00017894
2020-11-27,13:56:24,7.245999908,7.23769989,163.8029175,174.6172791,161.1732788,159.5327911,278.8643188,146.6914825,140.9889526,0,0,0.000326941,0.00017894
2020-11-27,13:56:25,7.248000336,7.239499664,163.8029175,174.6397858,161.1724701,159.5324554,278.8650208,146.692276,140.988205,0,0,0.000326941,0.00017894
2020-11-27,13:56:26,7.249700165,7.241200256,163.8018951,174.6603699,161.173584,159.5320129,278.8662415,146.6933289,140.987381,0,0,0.000326941,0.00017894
2020-11-27,13:56:27,7.251300049,7.243000031,163.8018951,174.6828003,161.1739807,159.5321655,278.8659668,146.6941376,140.9865417,0,0,0.000326941,0.00017894
2020-11-27,13:56:28,7.253099823,7.24469986,163.8029327,174.7037201,161.1730652,159.5312958,278.8682251,146.6940613,140.9866638,0,0,0.000326941,0.00017894
2020-11-27,13:56:29,7.25490036,7.246499634,163.8029327,174.7260895,161.1734467,159.5308838,278.8694153,146.6944122,140.9863892,0,0,0.000326941,0.00017894
2020-11-27,13:56:30,7.256500244,7.248300171,163.8019104,174.7479095,161.1729431,159.5311279,278.8688049,146.6952057,140.9856873,0,0,0.000325455,0.00017894
2020-11-27,13:56:31,7.258399963,7.25,163.8008575,174.7699127,161.1747284,159.5300751,278.8717041,146.695816,140.9851837,0,0,0.000325368,0.00017894
2020-11-27,13:56:32,7.259999847,7.251799774,163.8018646,174.7906189,161.174942,159.5298462,278.8722534,146.6966248,140.9844208,0,0,0.000325368,0.00017894
2020-11-27,13:56:33,7.26190033,7.253600311,163.8008575,174.8130798,161.1740875,159.5294952,278.8731079,146.697525,140.9836578,0,0,0.00032563,0.00017894
2020-11-27,13:56:34,7.263400269,7.25510025,163.7997589,174.8343048,161.1746826,159.5287781,278.8751831,146.6982269,140.9830933,0,0,0.00032563,0.00017894
2020-11-27,13:56:35,7.265100098,7.256800079,163.7997589,174.8559113,161.1744537,159.5283966,278.8762207,146.6983948,140.9829559,0,0,0.00032563,0.00017894
2020-11-27,13:56:36,7.266899872,7.258599854,163.7997589,174.8775635,161.1751709,159.5284576,278.8764038,146.6999054,140.9815979,0,0,0.00032563,0.00017894
2020-11-27,13:56:37,7.268599701,7.260299683,163.7987366,174.9003754,161.1755829,159.52771,278.8783264,146.6997375,140.9818115,0,0,0.00032563,0.00017894
2020-11-27,13:56:38,7.270400238,7.262200165,163.7987366,174.9219513,161.1749878,159.5272369,278.8794556,146.7010498,140.980545,0,0,0.00032563,0.00017894
2020-11-27,13:56:39,7.272200012,7.263899994,163.7987366,174.9427795,161.1752472,159.526535,278.8815002,146.7017822,140.9799652,0,0,0.00032563,0.000178998
2020-11-27,13:56:40,7.273899841,7.265599823,163.7987366,174.9651184,161.1750183,159.5260925,278.882843,146.7020569,140.9798126,0,0,0.00032563,0.000178998
2020-11-27,13:56:41,7.27539978,7.267199707,163.7997437,174.9870453,161.1757355,159.5254059,278.8845215,146.7028351,140.9790497,0,0,0.00032563,0.000178998
2020-11-27,13:56:42,7.277200317,7.268900299,163.7997437,175.007431,161.1754761,159.5253601,278.8847961,146.7033539,140.9786072,0,0,0.00032563,0.000178998
2020-11-27,13:56:43,7.278900146,7.270700073,163.7986603,175.0300293,161.1763,159.5243073,278.8877258,146.7046204,140.9775848,0,0,0.00032563,0.000178998
2020-11-27,13:56:44,7.280599976,7.272399902,163.7986603,175.0522766,161.175354,159.5235901,278.889679,146.705246,140.9769592,0,0,0.00032563,0.000178998
2020-11-27,13:56:45,7.28239975,7.274099731,163.7976532,175.0733643,161.1764374,159.5229187,278.8913879,146.70578,140.9765015,0,0,0.00032563,0.000178998
2020-11-27,13:56:46,7.284100342,7.275800323,163.7976532,175.0957336,161.1762543,159.5219269,278.894165,146.706665,140.975769,0,0,0.00032563,0.000178998
2020-11-27,13:56:47,7.285600281,7.277600098,163.7976532,175.116684,161.1766968,159.5214386,278.8955383,146.7063904,140.9760437,0,0,0.00032563,0.000179081
2020-11-27,13:56:48,7.2875,7.279299927,163.7966309,175.140213,161.1761169,159.5202026,278.8990784,146.7080078,140.9746094,0,0,0.00032563,0.000179081
2020-11-27,13:56:49,7.289199829,7.280899811,163.7966309,175.1607361,161.1765747,159.5196686,278.9004822,146.7088776,140.9738159,0,0,0.00032563,0.000179081
2020-11-27,13:56:50,7.291000366,7.28259964,163.7966309,175.1837311,161.1770325,159.5191193,278.9020386,146.7092438,140.973526,0,0,0.00032563,0.000179081
2020-11-27,13:56:51,7.292500305,7.284300232,163.7966309,175.2051239,161.1769409,159.5186615,278.9032898,146.7103882,140.9725037,0,0,0.00032563,0.000179081
2020-11-27,13:56:52,7.294200134,7.286100006,163.7966309,175.2276764,161.1763611,159.5176086,278.9061279,146.7112732,140.9716797,0,0,0.00032563,0.000179081
2020-11-27,13:56:53,7.295999908,7.287799835,163.7966309,175.249054,161.1776123,159.5166626,278.9088135,146.7121735,140.9710083,0,0,0.00032563,0.000179081
2020-11-27,13:56:54,7.297699738,7.289499664,163.7955322,175.2717743,161.1772614,159.5159912,278.910614,146.7124329,140.9707031,0,0,0.00032563,0.000179081
2020-11-27,13:56:55,7.29940033,7.291100311,163.7955322,175.291626,161.178894,159.5148926,278.9136658,146.7133942,140.9698639,0,0,0.000324668,0.000178998
2020-11-27,13:56:56,7.300900269,7.29280014,163.7955322,175.3149872,161.1774902,159.5141296,278.9157104,146.7145538,140.9688873,0,0,0.000325018,0.000178998
2020-11-27,13:56:57,7.302600098,7.294599915,163.7955322,175.3375092,161.178833,159.5129547,278.9190979,146.7148285,140.9686584,0,0,0.000325018,0.000178887
2020-11-27,13:56:58,7.304299927,7.296199799,163.7955322,175.3599548,161.1773071,159.5120697,278.9215393,146.7159882,140.9676514,0,0,0.000325018,0.000178887
2020-11-27,13:56:59,7.306099701,7.297899628,163.7944794,175.3832397,161.1790619,159.5112305,278.9235229,146.7166901,140.967041,0,0,0.000325018,0.000178887
2020-11-27,13:57:00,7.307800293,7.299500275,163.7944794,175.4032898,161.1783752,159.5096436,278.9282837,146.7174072,140.9664154,0,0,0.000325018,0.000178998
2020-11-27,13:57:01,7.309400177,7.301300049,163.7944794,175.4266357,161.1779022,159.5090485,278.9299316,146.7180328,140.9658508,0,0,0.000325018,0.000178969
2020-11-27,13:57:02,7.311100006,7.302999878,163.7944794,175.4481354,161.1774902,159.5076599,278.9337158,146.7193451,140.9646454,0,0,0.000325018,0.000178969
2020-11-27,13:57:03,7.31269989,7.304599762,163.7944794,175.4707031,161.1785431,159.5065918,278.9367065,146.719986,140.9641266,0,0,0.000325018,0.000178969
2020-11-27,13:57:04,7.314399719,7.306300354,163.7934723,175.4921875,161.1778107,159.5055542,278.9396667,146.7204285,140.9638062,0,0,0.000324231,0.000178969
2020-11-27,13:57:05,7.316200256,7.307900238,163.7934723,175.515274,161.1784973,159.5046082,278.9421997,146.721756,140.9625549,0,0,0.000324581,0.000178969
2020-11-27,13:57:06,7.317700195,7.309700012,163.7934723,175.5384369,161.1775208,159.5031128,278.9462891,146.7221985,140.9622498,0,0,0.000324581,0.000179081
2020-11-27,13:57:07,7.319499969,7.311399841,163.7934723,175.5598602,161.1793671,159.5014038,278.9509888,146.7238007,140.9608612,0,0,0.000324668,0.000179051
2020-11-27,13:57:08,7.320999908,7.312999725,163.7923584,175.5811768,161.178772,159.5001831,278.9545593,146.7243195,140.9603271,0,0,0.000324668,0.000179051
2020-11-27,13:57:09,7.322699738,7.314700317,163.7933807,175.6043701,161.179306,159.4991302,278.957489,146.7250366,140.9597168,0,0,0.000324668,0.000179051
2020-11-27,13:57:10,7.32440033,7.316400146,163.7923737,175.6274719,161.1784515,159.4980316,278.9604492,146.7259216,140.9589386,0,0,0.000324668,0.000179051
2020-11-27,13:57:11,7.325900269,7.317900085,163.7913666,175.6481018,161.1798553,159.4963684,278.9649963,146.7278137,140.9573364,0,0,0.000324668,0.000179051
2020-11-27,13:57:12,7.327700043,7.319599915,163.7913666,175.6716309,161.1785889,159.4948273,278.9692993,146.7275391,140.9575653,0,0,0.000324668,0.000179051
2020-11-27,13:57:13,7.329299927,7.321399689,163.7913666,175.6941986,161.1790161,159.4936523,278.9725037,146.7287598,140.9564362,0,0,0.000324668,0.000179051
2020-11-27,13:57:14,7.330699921,7.322899628,163.7913666,175.7164459,161.1794586,159.4921417,278.9766846,146.7295532,140.9557953,0,0,0.000324668,0.000178998
2020-11-27,13:57:15,7.332499695,7.324700165,163.790329,175.7395325,161.1791382,159.4905396,278.9811096,146.7304382,140.9550018,0,0,0.000324668,0.000178998
2020-11-27,13:57:16,7.333999634,7.326300049,163.790329,175.7599487,161.1788788,159.48909,278.9850769,146.7312469,140.9543152,0,0,0.000324581,0.000178998
2020-11-27,13:57:17,7.335900116,7.327999878,163.790329,175.784668,161.1797028,159.4873352,278.9898071,146.7328339,140.9528809,0,0,0.000324581,0.000178998
2020-11-27,13:57:18,7.337400055,7.329599762,163.790329,175.8055267,161.179245,159.4856262,278.9944153,146.7331848,140.9526215,0,0,0.000324581,0.000178998
2020-11-27,13:57:19,7.339099884,7.331300354,163.790329,175.8285675,161.1799011,159.4842682,278.9983826,146.734436,140.9515686,0,0,0.000325018,0.000178969
2020-11-27,13:57:20,7.340899658,7.333000183,163.790329,175.8514252,161.1797638,159.4828491,279.0022278,146.7352448,140.9507904,0,0,0.000324931,0.000178969
2020-11-27,13:57:21,7.342500305,7.334700012,163.7892609,175.8740234,161.1791534,159.4806671,279.0083313,146.7361145,140.9500732,0,0,0.000324931,0.000178998
2020-11-27,13:57:22,7.343900299,7.336299896,163.7881927,175.8967438,161.1787872,159.4792633,279.0122375,146.7363129,140.9498749,0,0,0.000324931,0.000178998
2020-11-27,13:57:23,7.345700073,7.33789978,163.7892609,175.9193115,161.1802368,159.4776154,279.0167847,146.7375488,140.9487762,0,0,0.000324931,0.000178998
2020-11-27,13:57:24,7.347299957,7.339600372,163.7892609,175.9416046,161.178894,159.4750671,279.0237427,146.7383423,140.9481354,0,0,0.000324931,0.000178945
2020-11-27,13:57:25,7.349099731,7.341100311,163.7892609,175.9644775,161.1801605,159.4736328,279.0278015,146.7395782,140.9470367,0,0,0.000324931,0.000178945
2020-11-27,13:57:26,7.350499725,7.342700195,163.7871704,175.9862671,161.1805725,159.4723816,279.031189,146.7399292,140.946701,0,0,0.000324931,0.000178945
2020-11-27,13:57:27,7.352200317,7.344400024,163.7871704,176.0095367,161.1800995,159.4701996,279.0374146,146.7414398,140.9453888,0,0,0.000324931,0.000178945
2020-11-27,13:57:28,7.353900146,7.346099854,163.7871704,176.0317078,161.1799164,159.4680328,279.0432739,146.7422485,140.9447174,0,0,0.000324931,0.000178945
2020-11-27,13:57:29,7.355400085,7.347599792,163.7871704,176.0534058,161.1805725,159.4657593,279.0496826,146.7441101,140.9430695,0,0,0.000324931,0.000178945
2020-11-27,13:57:30,7.357099915,7.349199677,163.7871704,176.0772247,161.1797943,159.4643707,279.0534363,146.7443695,140.9428406,0,0,0.000324931,0.000178945
2020-11-27,13:57:31,7.358799744,7.350900269,163.7871704,176.1008148,161.1793976,159.4619293,279.0600891,146.744812,140.9424744,0,0,0.000324931,0.000178945
2020-11-27,13:57:32,7.360199738,7.352400208,163.7871704,176.1212921,161.1804199,159.4597321,279.0662842,146.746521,140.9409943,0,0,0.000324931,0.000178887
2020-11-27,13:57:33,7.361799622,7.354199982,163.7861481,176.1446686,161.1808014,159.4577942,279.0716858,146.7472229,140.9403687,0,0,0.000324931,0.000178887
2020-11-27,13:57:34,7.363400269,7.355799866,163.7861481,176.1685791,161.1795044,159.4554749,279.0781555,146.7485657,140.9392242,0,0,0.000323882,0.000178887
2020-11-27,13:57:35,7.365000153,7.357499695,163.7861481,176.1913452,161.1807861,159.4533844,279.0839233,146.7494507,140.938446,0,0,0.000323882,0.00017894
2020-11-27,13:57:36,7.366600037,7.358999634,163.7861481,176.2114716,161.1794739,159.4513702,279.089447,146.7498779,140.9380035,0,0,0.000323882,0.00017894
2020-11-27,13:57:37,7.368299866,7.360700226,163.785141,176.2365417,161.1805115,159.4487762,279.0965881,146.7513123,140.9368439,0,0,0.000323882,0.00017894
2020-11-27,13:57:38,7.369799805,7.36230011,163.785141,176.2581177,161.181076,159.4467316,279.102356,146.7525482,140.93573,0,0,0.000323882,0.00017894
2020-11-27,13:57:39,7.371399689,7.363899994,163.785141,176.2824097,161.1808777,159.4438019,279.1104431,146.7531128,140.9352875,0,0,0.000323882,0.00017894
2020-11-27,13:57:40,7.373000336,7.365499878,163.785141,176.3039246,161.1805115,159.4420319,279.1152344,146.7544098,140.9341125,0,0,0.000323882,0.00017894
2020-11-27,13:57:41,7.374700165,7.367099762,163.785141,176.3278046,161.179718,159.4392242,279.1231384,146.755661,140.9330139,0,0,0.000323882,0.00017894
2020-11-27,13:57:42,7.376300049,7.368800354,163.7841339,176.3503113,161.1805573,159.4369354,279.1293945,146.7564545,140.9323425,0,0,0.000323882,0.00017894
2020-11-27,13:57:43,7.378099823,7.370400238,163.7841339,176.3734894,161.1799622,159.4343567,279.1367188,146.7577972,140.9311981,0,0,0.000323882,0.00017894
2020-11-27,13:57:44,7.379699707,7.372000122,163.7841339,176.3958282,161.1795959,159.4317017,279.1439819,146.7588806,140.9302673,0,0,0.000323882,0.00017894
2020-11-27,13:57:45,7.381099701,7.373600006,163.7831116,176.4183044,161.1806183,159.4294281,279.1503601,146.759491,140.9296875,0,0,0.000323882,0.00017894
2020-11-27,13:57:46,7.382800293,7.375099945,163.7831116,176.4425964,161.181076,159.4267731,279.1575928,146.7603607,140.9289093,0,0,0.000324231,0.000178998
2020-11-27,13:57:47,7.384200287,7.376699829,163.7831116,176.4633942,161.1799316,159.4245605,279.1636963,146.7615356,140.9278564,0,0,0.000324231,0.000178998
2020-11-27,13:57:48,7.386000061,7.378299713,163.7831116,176.4865265,161.1795807,159.4217224,279.1715698,146.7627716,140.9267883,0,0,0.000324231,0.000178998
2020-11-27,13:57:49,7.387400055,7.380000305,163.7821045,176.5112152,161.181015,159.418869,279.1796265,146.7640991,140.925705,0,0,0.000324231,0.000178998
2020-11-27,13:57:50,7.388999939,7.381600189,163.7821045,176.5335846,161.179657,159.4165039,279.1859436,146.7648163,140.9250793,0,0,0.000324231,0.000178969
2020-11-27,13:57:51,7.390599823,7.383200073,163.7821045,176.5566406,161.1800385,159.4136047,279.1940613,146.7660675,140.923996,0,0,0.000324231,0.000178969
2020-11-27,13:57:52,7.39240036,7.384799957,163.7821045,176.579071,161.1791382,159.410553,279.2026672,146.7673798,140.9228363,0,0,0.000324231,0.000178969
2020-11-27,13:57:53,7.393900299,7.386399841,163.7821045,176.6037445,161.1805725,159.4084167,279.2086182,146.7693481,140.9211121,0,0,0.000324231,0.000178969
2020-11-27,13:57:54,7.395400238,7.38789978,163.7821045,176.625824,161.1799164,159.405838,279.2158508,146.7691803,140.9213257,0,0,0.000324231,0.000178969
2020-11-27,13:57:55,7.397000122,7.389499664,163.7810516,176.6488037,161.1793823,159.4026184,279.2246704,146.7703094,140.9202576,0,0,0.000323707,0.000178858
2020-11-27,13:57:56,7.398699951,7.391100311,163.7800293,176.6721191,161.180603,159.3991852,279.2341919,146.7717438,140.9190369,0,0,0.000323707,0.000178858
2020-11-27,13:57:57,7.40019989,7.392700195,163.7800293,176.697052,161.1811676,159.3967896,279.2406921,146.7727203,140.9181366,0,0,0.000323707,0.000178858
2020-11-27,13:57:58,7.401999664,7.394300079,163.7800293,176.7182465,161.1802216,159.3934784,279.249939,146.7736816,140.9173431,0,0,0.000323707,0.000178858
2020-11-27,13:57:59,7.403500366,7.395899963,163.7810364,176.7406158,161.180954,159.3907013,279.2575684,146.7749329,140.9162292,0,0,0.000323707,0.000178858
2020-11-27,13:58:00,7.40510025,7.397599792,163.7800293,176.7647858,161.1805725,159.3873749,279.2666931,146.7762604,140.9150848,0,0,0.000323707,0.000178858
2020-11-27,13:58:01,7.406700134,7.399099731,163.7800293,176.7863159,161.181076,159.3843689,279.2751465,146.7776947,140.9138489,0,0,0.000323794,0.000178858
2020-11-27,13:58:02,7.408300018,7.40059967,163.7789917,176.8097687,161.180069,159.3811035,279.2842102,146.7791138,140.9125671,0,0,0.000323794,0.000178858
2020-11-27,13:58:03,7.409899902,7.402400208,163.7789917,176.8329315,161.1806183,159.3781128,279.2923889,146.7802582,140.9116364,0,0,0.000323794,0.000178858
2020-11-27,13:58:04,7.411199951,7.403900146,163.7789917,176.8577118,161.1803741,159.3748016,279.3013611,146.7798157,140.911972,0,0,0.000323794,0.000178858
2020-11-27,13:58:05,7.412799835,7.405400085,163.7789917,176.8796539,161.180603,159.3717041,279.3102417,146.7823029,140.9098358,0,0,0.000323794,0.000178858
2020-11-27,13:58:06,7.414399719,7.406999969,163.7789917,176.9027252,161.1800537,159.3678741,279.3209839,146.7837219,140.9086151,0,0,0.000323794,0.000179022
2020-11-27,13:58:07,7.416100311,7.408499908,163.7789917,176.9278259,161.1812592,159.3647308,279.3295593,146.7849731,140.9074554,0,0,0.000323794,0.000179052
2020-11-27,13:58:08,7.417500305,7.410199738,163.7789917,176.9487305,161.1795959,159.3620148,279.3371887,146.7858276,140.9066925,0,0,0.000323794,0.000179052
2020-11-27,13:58:09,7.419100189,7.411799622,163.7789917,176.973587,161.1799011,159.3588104,279.3459473,146.7864532,140.9061432,0,0,0.000323794,0.000179052
2020-11-27,13:58:10,7.420800018,7.413300323,163.7779388,176.995697,161.1807709,159.3554535,279.3554993,146.7884216,140.9044952,0,0,0.000323794,0.000179052
2020-11-27,13:58:11,7.422399902,7.414800262,163.7779388,177.0190887,161.1803284,159.3516388,279.3660278,146.7893982,140.9036255,0,0,0.000323794,0.000179052
2020-11-27,13:58:12,7.423899841,7.416400146,163.7779388,177.0431671,161.1806946,159.3488159,279.3738403,146.7905731,140.9026031,0,0,0.000323794,0.000179052
2020-11-27,13:58:13,7.425499725,7.418000031,163.7779388,177.0661621,161.1801605,159.345047,279.3841858,146.7918701,140.901474,0,0,0.000323794,0.000179052
2020-11-27,13:58:14,7.426899719,7.419499969,163.7769012,177.0908661,161.1795502,159.3414459,279.3942261,146.7932281,140.9003143,0,0,0.000323794,0.000179052
2020-11-27,13:58:15,7.428500366,7.421099854,163.7758484,177.1112518,161.1806335,159.3383179,279.4028931,146.794281,140.8993683,0,0,0.000323794,0.000179052
2020-11-27,13:58:16,7.430000305,7.422699738,163.7758484,177.1362305,161.1795654,159.3343201,279.4139404,146.7961426,140.8977966,0,0,0.000323794,0.000179052
2020-11-27,13:58:17,7.431600189,7.424199677,163.7758484,177.158905,161.1801453,159.3308868,279.4235535,146.7968597,140.8970795,0,0,0.000323794,0.000179052
2020-11-27,13:58:18,7.433200073,7.425800323,163.7758484,177.1825714,161.1808624,159.327301,279.4334106,146.7974854,140.8965912,0,0,0.000323794,0.000179052
2020-11-27,13:58:19,7.434600067,7.427400208,163.7758484,177.2061768,161.1796112,159.3241119,279.4422913,146.7998962,140.894455,0,0,0.000323794,0.000179052
2020-11-27,13:58:20,7.436199951,7.428800201,163.7758484,177.2297821,161.1807556,159.3202209,279.4530945,146.8005981,140.8938446,0,0,0.000323794,0.000178858
2020-11-27,13:58:21,7.43769989,7.430500031,163.7747192,177.2537384,161.1812439,159.3162384,279.4642639,146.8022919,140.8923798,0,0,0.000323794,0.000178858
2020-11-27,13:58:22,7.439299774,7.431999969,163.7736816,177.27565,161.1805115,159.3129272,279.4734192,146.8034515,140.8914032,0,0,0.000323794,0.000178858
2020-11-27,13:58:23,7.440799713,7.433499908,163.7736816,177.2982483,161.1793976,159.3090515,279.4840393,146.8038788,140.8909454,0,0,0.000323357,0.000179081
2020-11-27,13:58:24,7.442500305,7.435099792,163.7747345,177.3217926,161.1810913,159.3057556,279.4933777,146.8058319,140.889328,0,0,0.000323357,0.000179081
2020-11-27,13:58:25,7.444100189,7.436699677,163.7747345,177.3462677,161.1799622,159.3017273,279.504425,146.8070068,140.8883057,0,0,0.000323357,0.000179081
2020-11-27,13:58:26,7.445500183,7.438200378,163.7726593,177.3687134,161.1799316,159.297348,279.5166626,146.8085022,140.8869629,0,0,0.000323357,0.000179081
2020-11-27,13:58:27,7.446900177,7.439700317,163.7736816,177.3913727,161.1805878,159.2940979,279.5256958,146.8103638,140.8853455,0,0,0.00032257,0.000179081
2020-11-27,13:58:28,7.448600006,7.441200256,163.7736816,177.4151611,161.179245,159.2901154,279.5366211,146.811264,140.8845673,0,0,0.00032257,0.000179081
2020-11-27,13:58:29,7.45019989,7.44280014,163.772644,177.4386597,161.1797791,159.286026,279.5480957,146.8121338,140.8837585,0,0,0.00032257,0.000179081
2020-11-27,13:58:30,7.451599884,7.444200134,163.772644,177.4606323,161.180954,159.2831116,279.5562439,146.8135834,140.8825836,0,0,0.00032257,0.000179081
2020-11-27,13:58:31,7.452999878,7.445800018,163.772644,177.4852905,161.1797333,159.2789154,279.5678406,146.8149872,140.8813019,0,0,0.00032257,0.000179081
2020-11-27,13:58:32,7.454599762,7.447299957,163.772644,177.5074463,161.1787567,159.2746429,279.5798035,146.8163147,140.880127,0,0,0.00032257,0.000178887
2020-11-27,13:58:33,7.456099701,7.448999786,163.772644,177.5310669,161.1793823,159.2706451,279.5906677,146.8184509,140.8783112,0,0,0.00032257,0.000178887
2020-11-27,13:58:34,7.457499695,7.45039978,163.771637,177.5528412,161.1786652,159.2674103,279.5997925,146.8195953,140.8773651,0,0,0.00032257,0.000178887
2020-11-27,13:58:35,7.459300232,7.451799774,163.7706299,177.5754547,161.1789856,159.2634125,279.6108704,146.8203888,140.8766022,0,0,0.00032257,0.000178887
2020-11-27,13:58:36,7.460900116,7.453399658,163.771637,177.5985718,161.1782227,159.2592621,279.6224976,146.8223572,140.874939,0,0,0.00032257,0.000178858
2020-11-27,13:58:37,7.462400055,7.455000305,163.771637,177.6219635,161.1787415,159.2552032,279.6337585,146.8229675,140.8743744,0,0,0.000322833,0.000178858
2020-11-27,13:58:38,7.463700104,7.456500244,163.7706299,177.6455231,161.1795197,159.2514343,279.6442261,146.8246918,140.8729248,0,0,0.000322833,0.000178858
2020-11-27,13:58:39,7.465499878,7.458000183,163.7706299,177.6691284,161.1779785,159.2470856,279.6563416,146.8264465,140.8713684,0,0,0.000322833,0.000178858
2020-11-27,13:58:40,7.466799927,7.459600067,163.7706299,177.690567,161.1790771,159.242981,279.6676941,146.8271637,140.8707275,0,0,0.000322745,0.000178805
2020-11-27,13:58:41,7.468299866,7.461100006,163.7706299,177.7124481,161.1787872,159.2393036,279.6781006,146.828598,140.8694305,0,0,0.00032257,0.000178805
2020-11-27,13:58:42,7.469799805,7.4625,163.771637,177.7373352,161.1781921,159.235321,279.6890564,146.8306122,140.867691,0,0,0.000322745,0.000178805
2020-11-27,13:58:43,7.471399689,7.464199829,163.7706299,177.7597351,161.1791534,159.2308807,279.701416,146.8315735,140.8668213,0,0,0.000322745,0.000178969
2020-11-27,13:58:44,7.472699738,7.465599823,163.7695923,177.7821045,161.1777191,159.2269135,279.7124023,146.8328247,140.8657837,0,0,0.000322745,0.000178999
2020-11-27,13:58:45,7.474299622,7.467099762,163.7695923,177.8053284,161.1782227,159.2227783,279.723877,146.8345184,140.8642883,0,0,0.000322745,0.000178999
2020-11-27,13:58:46,7.475700378,7.468599701,163.7695923,177.8274994,161.1785278,159.2188416,279.7348022,146.8358612,140.8631134,0,0,0.000322745,0.000178999
2020-11-27,13:58:47,7.477200317,7.47009964,163.7695923,177.851593,161.1780548,159.2142639,279.7475586,146.8382416,140.8610535,0,0,0.000322745,0.000178999
2020-11-27,13:58:48,7.478900146,7.471700287,163.7675018,177.8745117,161.1781769,159.2097778,279.7600098,146.8393402,140.8601074,0,0,0.000322745,0.000178999
2020-11-27,13:58:49,7.480400085,7.473100281,163.7685089,177.8963013,161.1777649,159.2061005,279.7703247,146.8401947,140.8593292,0,0,0.000322745,0.000178999
2020-11-27,13:58:50,7.481900024,7.474700165,163.7674866,177.919754,161.1791687,159.2016144,279.7827454,146.8420715,140.8576965,0,0,0.000322745,0.000178916
2020-11-27,13:58:51,7.483399963,7.476200104,163.7674866,177.9422302,161.1787262,159.1976929,279.7936707,146.843689,140.8563232,0,0,0.000322745,0.000178916
2020-11-27,13:58:52,7.484799957,7.477700043,163.7674866,177.9640198,161.1791229,159.1940002,279.8038635,146.8445587,140.8555603,0,0,0.000322745,0.000178916
2020-11-27,13:58:53,7.486399841,7.479100037,163.7674866,177.9884796,161.1785583,159.1890106,279.8175659,146.8461456,140.8541412,0,0,0.000322745,0.000178969
2020-11-27,13:58:54,7.487999725,7.480699921,163.7674866,178.0106201,161.1794128,159.1846619,279.8297424,146.8474121,140.8530426,0,0,0.000322745,0.000178969
2020-11-27,13:58:55,7.489600372,7.48219986,163.7674866,178.0331421,161.1779633,159.180191,279.8422546,146.8492584,140.8514404,0,0,0.000322745,0.000178969
2020-11-27,13:58:56,7.490899658,7.483799744,163.7664795,178.0559692,161.1787262,159.1764832,279.8526306,146.8504181,140.8504486,0,0,0.000322745,0.000178916
2020-11-27,13:58:57,7.492500305,7.485299683,163.7664795,178.0787201,161.1796722,159.1723022,279.8642273,146.851944,140.8490753,0,0,0.000322745,0.000178916
2020-11-27,13:58:58,7.494000244,7.486699677,163.7664795,178.1013947,161.1785889,159.16716,279.8786011,146.8537903,140.8474884,0,0,0.000322745,0.000178916
2020-11-27,13:58:59,7.495400238,7.488200378,163.7664795,178.1234589,161.1795654,159.1628418,279.8905029,146.855423,140.8462067,0,0,0.000322745,0.000178916
2020-11-27,13:59:00,7.496800232,7.489600372,163.7654572,178.1471405,161.1789398,159.1585999,279.9023743,146.85672,140.8449402,0,0,0.000322745,0.000178916
2020-11-27,13:59:01,7.498300171,7.491200256,163.7654572,178.1699371,161.1782532,159.1549377,279.9126587,146.858078,140.8438263,0,0,0.000322745,0.000178916
2020-11-27,13:59:02,7.499700165,7.492700195,163.7644348,178.1923523,161.1780853,159.1501007,279.9260254,146.859848,140.8422852,0,0,0.000322745,0.000178916
2020-11-27,13:59:03,7.501200104,7.494100189,163.7644348,178.2145538,161.1784973,159.145462,279.9389343,146.8618927,140.8404694,0,0,0.000322745,0.000178916
2020-11-27,13:59:04,7.502600098,7.495600128,163.7644348,178.2364655,161.1792145,159.1413269,279.9504395,146.863327,140.8392792,0,0,0.000322745,0.000178916
2020-11-27,13:59:05,7.504100037,7.497100067,163.7644348,178.260849,161.178009,159.1366272,279.9635315,146.8644714,140.8382568,0,0,0.000322745,0.000178916
2020-11-27,13:59:06,7.505799866,7.498699951,163.7644348,178.2835236,161.1790161,159.1323242,279.9756775,146.865448,140.8374329,0,0,0.000322745,0.000178916
2020-11-27,13:59:07,7.507099915,7.500099945,163.7634277,178.3057404,161.1797333,159.1275635,279.9887085,146.8677673,140.8353882,0,0,0.000322745,0.000178916
2020-11-27,13:59:08,7.508699799,7.501599884,163.7634277,178.328064,161.178772,159.1234283,280.0003357,146.8688354,140.8345337,0,0,0.000322396,0.000178916
2020-11-27,13:59:09,7.510099792,7.503099823,163.7634277,178.3511047,161.1784058,159.1191864,280.0120239,146.8702393,140.833252,0,0,0.000322396,0.000178916
2020-11-27,13:59:10,7.511399841,7.504499817,163.7634277,178.3736572,161.1792145,159.1148682,280.0241394,146.8721924,140.8315582,0,0,0.000322396,0.000178916
2020-11-27,13:59:11,7.516999817,7.660800171,163.7634277,178.3947754,161.1797791,159.109726,280.0385132,146.8739014,140.8300476,0,0,0.000322396,0.000178916
2020-11-27,13:59:12,7.526100159,7.616300201,163.7634277,178.4182587,161.1786041,159.1051025,280.0513306,146.8755798,140.8285675,0,0,0.000322396,0.000178916
2020-11-27,13:59:13,7.533999634,7.858000183,163.7634277,178.4405975,161.177887,159.1018524,280.0604858,146.8768463,140.8275146,0,0,0.000322396,0.000178916
2020-11-27,13:59:14,7.555999756,8.867299652,163.7634277,178.4629059,161.1786194,159.0989075,280.0685425,146.8785248,140.8260193,0,0,0.000322396,0.000178916
2020-11-27,13:59:15,7.582900238,8.835700226,163.7624054,178.4858093,161.178894,159.0977173,280.071991,146.8806305,140.8242188,0,0,0.000322396,0.000178916
2020-11-27,13:59:16,7.609899902,8.821499634,163.7624054,178.5091248,161.1785278,159.1053009,280.0508423,146.883194,140.8219604,0,0,0.000322396,0.000178916
2020-11-27,13:59:17,7.635099792,8.811599731,163.7624054,178.5311432,161.1779022,159.1112366,280.0342102,146.888092,140.817688,0,0,0.000322396,0.000178916
2020-11-27,13:59:18,7.659300232,8.804000092,163.7613831,178.554306,161.1785431,159.11763,280.0164795,146.8942261,140.8123016,0,0,0.000322396,0.000178999
2020-11-27,13:59:19,7.685800171,8.797299957,163.7613831,178.57724,161.1773071,159.1240997,279.9984436,146.9036407,140.804184,0,0,0.000322396,0.00017897
2020-11-27,13:59:20,7.709400177,8.791699982,163.7613831,178.6006622,161.1785278,159.1307678,279.9799194,146.9143982,140.7948151,0,0,0.000322396,0.00017897
2020-11-27,13:59:21,7.429000092,8.78710022,163.7603302,178.6222992,161.1792908,159.1374664,279.9611816,146.926239,140.7845459,0,0,0.000322396,0.00017897
2020-11-27,13:59:22,7.324299622,8.782499695,163.7603302,178.6468048,161.1779327,159.1437378,279.9436646,146.9392853,140.7731934,0,0,0.00020412,0.00017897
2020-11-27,13:59:23,7.201999664,8.777899933,163.7603302,178.6688385,161.1796417,159.1507263,279.9243774,146.9514618,140.7625732,0,0,0.00020412,0.00017897
2020-11-27,13:59:24,7.094799805,8.773500061,163.7603302,178.6933594,161.1803131,159.1571808,279.9062805,146.9656219,140.7502594,0,0,0.00020412,0.00017897
2020-11-27,13:59:25,6.997599792,8.769400024,163.7603302,178.7180481,161.1798401,159.1641693,279.8868408,146.9782257,140.7392426,0,0,0.00020412,0.00017897
2020-11-27,13:59:26,6.901699829,8.765100098,163.7603302,178.7469635,161.1816711,159.1715851,279.8663025,146.9932709,140.7262268,0,0,0.00020412,0.00017897
2020-11-27,13:59:27,6.809600067,8.760900116,163.7603302,178.7799072,161.1822357,159.1790771,279.8453369,147.0093536,140.712204,0,0,0.00020412,0.00017897
2020-11-27,13:59:28,6.724500275,8.756900024,163.7592926,178.8145752,161.1833801,159.186615,279.8244934,147.0258026,140.6979675,0,0,0.001152599,0.00017897
2020-11-27,13:59:29,6.640200043,8.752700043,163.7592926,178.8549347,161.1845703,159.1946564,279.802002,147.0434113,140.682724,0,0,0.001152599,0.00017897
2020-11-27,13:59:30,6.556800079,8.748400116,163.7592926,178.9016571,161.1859131,159.2027283,279.7796936,147.0608521,140.6676025,0,0,0.001152599,0.000179327
2020-11-27,13:59:31,6.475900269,8.744100189,163.7582855,178.9499664,161.186264,159.210907,279.756958,147.0792694,140.6515961,0,0,0.001152599,0.000179327
2020-11-27,13:59:32,6.40059967,8.739900208,163.7582855,179.001297,161.1874237,159.218689,279.735321,147.0967865,140.6363983,0,0,0.001152599,0.000179327
2020-11-27,13:59:33,6.322499847,8.735500336,163.7582855,179.058197,161.1894379,159.2272339,279.7114563,147.1153717,140.620224,0,0,0.001812514,0.000179327
2020-11-27,13:59:34,6.248099899,8.730999756,163.7582855,179.1181641,161.1899261,159.2355499,279.6885376,147.1339722,140.6040192,0,0,0.001812514,0.000179327
2020-11-27,13:59:35,6.176599884,8.726599884,163.7582855,179.1812744,161.191391,159.2444763,279.6635437,147.1541901,140.5865479,0,0,0.001812514,0.000179327
2020-11-27,13:59:36,6.109799957,8.722100067,163.7582855,179.2436981,161.1927795,159.2527161,279.6407471,147.1751099,140.5685272,0,0,0.001812514,0.000179327
2020-11-27,13:59:37,6.039400101,8.71740036,163.7572784,179.3108978,161.1941071,159.2619324,279.6151428,147.1979828,140.5486298,0,0,0.001812514,0.000179327
2020-11-27,13:59:38,5.972200012,8.71289978,163.7572784,179.3808441,161.1954041,159.2707672,279.5903625,147.2241516,140.5259399,0,0,0.001812514,0.000179327
2020-11-27,13:59:39,5.909799957,8.708399963,163.7572784,179.4477234,161.1970215,159.2789154,279.5679321,147.2513275,140.5024109,0,0,0.001812514,0.000179406
2020-11-27,13:59:40,5.844800186,8.703600311,163.7572784,179.518631,161.1971741,159.287674,279.5434875,147.2805328,140.4770966,0,0,0.001559615,0.000179528
2020-11-27,13:59:41,5.78429985,8.698699951,163.7562714,179.5915375,161.1967621,159.2969818,279.5176086,147.3120422,140.4497986,0,0,0.001382944,0.000179528
2020-11-27,13:59:42,5.724000168,8.694200134,163.7562714,179.661438,161.197998,159.3050385,279.4954529,147.3426208,140.4233856,0,0,0.001382944,0.00017955
2020-11-27,13:59:43,5.664099884,8.689299774,163.7562714,179.736557,161.2000732,159.3137665,279.4710388,147.3758545,140.3946838,0,0,0.001382944,0.000179609
2020-11-27,13:59:44,5.605899811,8.684300232,163.7562714,179.8106079,161.201828,159.3232727,279.4448242,147.4090424,140.3659515,0,0,0.001487408,0.000179688
2020-11-27,13:59:45,5.546300125,8.679100037,163.7562714,179.8868713,161.2021942,159.3319702,279.4206543,147.441925,140.3375092,0,0,0.001487408,0.000179688
2020-11-27,13:59:46,5.489500046,8.674299622,163.7562714,179.9624634,161.2029114,159.3416138,279.3937073,147.4733887,140.3102722,0,0,0.001482688,0.000179688
2020-11-27,13:59:47,5.438600159,8.669400024,163.7562714,180.0345917,161.2039795,159.3503113,279.369751,147.5018463,140.2857971,0,0,0.001482688,0.000179688
2020-11-27,13:59:48,5.38390007,8.664199829,163.7562714,180.1100006,161.2042389,159.3590698,279.3453979,147.5303955,140.2611084,0,0,0.001340634,0.000179688
2020-11-27,13:59:49,5.329399872,8.658999634,163.7552185,180.1849976,161.2055817,159.3683777,279.319519,147.5574036,140.2377777,0,0,0.001340634,0.000179583
2020-11-27,13:59:50,5.281499863,8.653600311,163.7552185,180.2563171,161.2076263,159.3768311,279.296051,147.5803528,140.2179871,0,0,0.001340634,0.000179666
2020-11-27,13:59:51,5.230099869,8.648799896,163.7552185,180.3301849,161.2080536,159.3858948,279.270874,147.6014099,140.1997681,0,0,0.001340634,0.000179666
2020-11-27,13:59:52,5.177399826,8.643599701,163.7552185,180.404129,161.2072906,159.3948517,279.2462158,147.6200562,140.1837006,0,0,0.001340634,0.000179666
2020-11-27,13:59:53,5.130799866,8.638600159,163.7541962,180.473465,161.2092133,159.4029999,279.2235107,147.6338196,140.171875,0,0,0.001340634,0.000179666
2020-11-27,13:59:54,5.085300064,8.633200073,163.7541962,180.5473938,161.2111053,159.41185,279.1990356,147.6464844,140.1609802,0,0,0.001340634,0.000179666
2020-11-27,13:59:55,5.03730011,8.628099823,163.7531281,180.6203766,161.2115784,159.4206848,279.174469,147.6560211,140.1527863,0,0,0.001594669,0.000179666
2020-11-27,13:59:56,4.995199966,8.622599792,163.7531281,180.6927032,161.212677,159.4285431,279.1528931,147.6619263,140.1476898,0,0,0.00161836,0.000179666
2020-11-27,13:59:57,4.949399948,8.61760025,163.7542114,180.7576904,161.2129211,159.4377289,279.1272278,147.6653137,140.1447296,0,0,0.001652977,0.000179746
2020-11-27,13:59:58,4.905899811,8.612200165,163.7542114,180.829422,161.2150574,159.445816,279.10495,147.6648865,140.1451263,0,0,0.001652977,0.000179746
2020-11-27,13:59:59,4.862599945,8.606800079,163.7531738,180.898407,161.2140503,159.454422,279.0811157,147.6612091,140.1483154,0,0,0.001652977,0.000179746
2020-11-27,14:00:00,4.820000076,8.601499939,163.7531738,180.9678192,161.2154388,159.4620361,279.059906,147.6542358,140.1543427,0,0,0.001441077,0.000179746
2020-11-27,14:00:01,4.779199982,8.596199799,163.7531738,181.0329285,161.2158356,159.4702606,279.0371094,147.6452179,140.1620636,0,0,0.001441077,0.000179746
2020-11-27,14:00:02,4.740200043,8.590799713,163.7531738,181.0999756,161.2171326,159.4782715,279.0149841,147.6319427,140.1734467,0,0,0.001441077,0.000179746
2020-11-27,14:00:03,4.698300171,8.585199738,163.7521515,181.1674652,161.2182465,159.4865723,278.9919128,147.6159515,140.1872101,0,0,0.001424293,0.000179746
2020-11-27,14:00:04,4.663399887,8.58030014,163.7521515,181.2265015,161.2184601,159.4935913,278.9725647,147.5990906,140.201828,0,0,0.001424293,0.000179746
2020-11-27,14:00:05,4.623799896,8.57440033,163.7510834,181.2957001,161.2187347,159.5014038,278.9509583,147.5766144,140.2211761,0,0,0.001424293,0.000179746
2020-11-27,14:00:06,4.585599899,8.597699738,163.7521057,181.3614807,161.2209778,159.509491,278.9287109,147.5525055,140.2420502,0,0,0.001424293,0.000179746
2020-11-27,14:00:07,4.548500061,8.633000183,163.7521057,181.4250488,161.2211609,159.5173492,278.9069824,147.5246887,140.2660065,0,0,0.001424293,0.000179746
2020-11-27,14:00:08,4.513199997,8.670200348,163.7521057,181.48349,161.2215424,159.5243683,278.8874207,147.4962311,140.2906036,0,0,0.001424293,0.000179746
2020-11-27,14:00:09,4.479299927,8.71289978,163.7510834,181.5478973,161.2225342,159.5322266,278.8657837,147.4630432,140.3192444,0,0,0.001424293,0.000179746
2020-11-27,14:00:10,4.445000076,8.767099762,163.7510834,181.6096039,161.2234802,159.5404053,278.8430481,147.4268494,140.3505096,0,0,0.001424293,0.000179746
2020-11-27,14:00:11,4.414400101,8.816799927,163.7510834,181.6668549,161.2255096,159.5478973,278.8223877,147.3898621,140.3825226,0,0,0.001424293,0.000179746
2020-11-27,14:00:12,4.38219986,8.866600037,163.7510834,181.7278595,161.2247467,159.5565796,278.7982788,147.348587,140.4182587,0,0,0.001424293,0.000179746
2020-11-27,14:00:13,4.351599884,8.914700317,163.7500458,181.7880554,161.225708,159.565155,278.7746887,147.3019104,140.4585419,0,0,0.001424293,0.000179746
2020-11-27,14:00:14,4.320500183,8.959100342,163.7500458,181.8463287,161.2264557,159.5744019,278.7490234,147.2537384,140.500351,0,0,0.001424293,0.000179746
2020-11-27,14:00:15,4.290499878,9.005500031,163.7500458,181.9069672,161.2280731,159.5843201,278.7217712,147.2003326,140.5466614,0,0,0.001571679,0.000179675
2020-11-27,14:00:16,4.264699936,9.038600159,163.7500458,181.9618225,161.2281952,159.5940704,278.6947632,147.1463623,140.5933533,0,0,0.001556206,0.00017964
2020-11-27,14:00:17,4.236700058,9.064499664,163.7500458,182.019104,161.2292023,159.6043701,278.6663513,147.0863953,140.6454468,0,0,0.001556206,0.000179646
2020-11-27,14:00:18,4.208499908,9.078099823,163.7489624,182.0763702,161.2305756,159.615387,278.6359253,147.0218964,140.7013855,0,0,0.001556206,0.000179673
2020-11-27,14:00:19,4.182099915,9.080899811,163.7489624,182.1305084,161.2303314,159.6254578,278.6080933,146.9568939,140.7578888,0,0,0.001556206,0.000179673
2020-11-27,14:00:20,4.157899857,9.06269989,163.7489624,182.1853333,161.2315216,159.636322,278.5780945,146.885437,140.8200531,0,0,0.001556206,0.000179673
2020-11-27,14:00:21,4.131399918,9.05059967,163.7489624,182.2415619,161.2337494,159.6472626,278.5476685,146.8092041,140.8863373,0,0,0.001626315,0.000179673
2020-11-27,14:00:22,4.10719986,9.036599731,163.7479553,182.2933502,161.2335052,159.6574249,278.5198364,146.733902,140.9519958,0,0,0.001626315,0.000179673
2020-11-27,14:00:23,4.083200073,9.023100281,163.7479553,182.3471375,161.2357025,159.6677094,278.491333,146.651886,141.023468,0,0,0.001626315,0.000179699
2020-11-27,14:00:24,4.058200073,9.012200165,163.7479553,182.401123,161.2364502,159.6773376,278.4646606,146.567276,141.0973969,0,0,0.001626315,0.000179699
2020-11-27,14:00:25,4.03429985,9.001100159,163.7479553,182.4548645,161.2376099,159.6876526,278.4363403,146.4803772,141.1732788,0,0,0.001657435,0.000179699
2020-11-27,14:00:26,4.012599945,8.992099762,163.7479553,182.5028992,161.2394104,159.6965179,278.4119568,146.3965454,141.2466431,0,0,0.001657435,0.000179715
2020-11-27,14:00:27,3.988199997,8.982499695,163.7479553,182.5553436,161.2404633,159.7057037,278.3865356,146.306366,141.3255768,0,0,0.001657435,0.000179715
2020-11-27,14:00:28,3.965100098,8.973000336,163.7469177,182.6062469,161.2418671,159.7146301,278.3619385,146.2145691,141.4060059,0,0,0.001657435,0.000179638
2020-11-27,14:00:29,3.943700027,8.963300323,163.7469177,182.6592865,161.242691,159.7234344,278.3375854,146.1212158,141.4879608,0,0,0.001657435,0.000179638
2020-11-27,14:00:30,3.922200012,8.953800201,163.7469177,182.7066193,161.2435913,159.7316437,278.3150024,146.0312195,141.5671082,0,0,0.001657435,0.000179888
2020-11-27,14:00:31,3.90019989,8.945600128,163.7469177,182.7563782,161.246521,159.7398529,278.2923889,145.9352264,141.6515045,0,0,0.001657435,0.000179888
2020-11-27,14:00:32,3.877899933,8.93710022,163.7459106,182.806366,161.2473297,159.7479858,278.2698975,145.8388519,141.7363586,0,0,0.001657435,0.000179914
2020-11-27,14:00:33,3.858100128,8.929699707,163.7459106,182.8554077,161.2488403,159.7552948,278.2498474,145.7416687,141.8220825,0,0,0.001609093,0.000179755
2020-11-27,14:00:34,3.838700104,8.921399689,163.7459106,182.9022064,161.2508545,159.7623444,278.2302551,145.6475372,141.9051666,0,0,0.001609093,0.000179755
2020-11-27,14:00:35,3.818299866,8.915399933,163.7469177,182.9501495,161.2513428,159.7698212,278.2097168,145.5488586,141.9923096,0,0,0.001609093,0.000179755
2020-11-27,14:00:36,3.798500061,8.908699799,163.7469177,182.9972229,161.2536011,159.7767944,278.1904602,145.450058,142.0797882,0,0,0.001609093,0.000179755
2020-11-27,14:00:37,3.779499817,8.902899933,163.7459106,183.042984,161.253952,159.7832947,278.1724854,145.354248,142.1646423,0,0,0.001609093,0.000179755
2020-11-27,14:00:38,3.759600067,8.896900177,163.7448578,183.0897827,161.2559509,159.7899628,278.1543274,145.2527924,142.2546234,0,0,0.001609093,0.000179755
2020-11-27,14:00:39,3.743399811,8.90719986,163.7448578,183.1359406,161.2578888,159.7961884,278.138092,145.1513672,142.344696,0,0,0.001609093,0.000179755
2020-11-27,14:00:40,3.723899841,8.922000122,163.7448578,183.1794281,161.259201,159.802124,278.1207886,145.0545807,142.4307861,0,0,0.001609093,0.000179755
2020-11-27,14:00:41,3.705400085,8.937200165,163.7448578,183.2247772,161.2602997,159.8080902,278.1044922,144.951355,142.5227203,0,0,0.001609093,0.000179755
2020-11-27,14:00:42,3.688399887,8.951300049,163.7448578,183.2694702,161.2613983,159.8144073,278.0869751,144.8475494,142.6152649,0,0,0.001609093,0.000179755
2020-11-27,14:00:43,3.671900177,8.963400269,163.7448578,183.3142395,161.2634277,159.8202209,278.0709534,144.7433319,142.7082825,0,0,0.001609093,0.000179755
2020-11-27,14:00:44,3.655400085,8.975299835,163.7448578,183.356308,161.264267,159.8263702,278.0540161,144.639328,142.8011932,0,0,0.001609093,0.000179755
2020-11-27,14:00:45,3.639199829,8.986299896,163.7437897,183.4002991,161.2657471,159.8318329,278.039032,144.5335541,142.8957825,0,0,0.001609093,0.000179755
2020-11-27,14:00:46,3.623899841,8.997000122,163.7437897,183.4447632,161.2670593,159.8378601,278.0223694,144.423111,142.9948273,0,0,0.001609093,0.000179755
2020-11-27,14:00:47,3.60719986,9.006099701,163.7437897,183.4869995,161.2677307,159.8436279,278.0065613,144.3133698,143.093338,0,0,0.001609093,0.000179755
2020-11-27,14:00:48,3.592300034,9.015699768,163.7437897,183.5278931,161.2694702,159.8491669,277.9911804,144.2066956,143.1891327,0,0,0.001609093,0.000179755
2020-11-27,14:00:49,3.577199936,9.023999786,163.7427826,183.5712433,161.2723083,159.8549957,277.9752502,144.094986,143.2896729,0,0,0.001609093,0.000179755
2020-11-27,14:00:50,3.563899994,9.030999756,163.7427826,183.6130676,161.2728271,159.8610992,277.9584045,143.9816132,143.3917847,0,0,0.001609093,0.000179755
2020-11-27,14:00:51,3.550500107,9.038300323,163.7438354,183.6514587,161.2733002,159.8660736,277.9446716,143.8718872,143.4907684,0,0,0.001609093,0.000179755
2020-11-27,14:00:52,3.535300064,9.04489975,163.7427979,183.692688,161.2749329,159.8720703,277.9281311,143.7559662,143.5954895,0,0,0.001609093,0.000179755
2020-11-27,14:00:53,3.522100067,9.051499939,163.7427979,183.7332458,161.2760925,159.8773956,277.9134827,143.6393738,143.7010651,0,0,0.001629549,0.000179755
2020-11-27,14:00:54,3.533499908,9.05759964,163.7427979,183.7737122,161.2770538,159.882843,277.8985901,143.5210114,143.8082886,0,0,0.001629549,0.000179755
2020-11-27,14:00:55,3.552299881,9.062999725,163.7416992,183.8114471,161.2791443,159.888443,277.8832703,143.4105682,143.908432,0,0,0.001629549,0.000179755
2020-11-27,14:00:56,3.570100021,9.068399811,163.7416992,183.8510437,161.2789917,159.8939972,277.8679504,143.2925415,144.0157623,0,0,0.001629549,0.000179845
2020-11-27,14:00:57,3.586800003,9.073400116,163.7416992,183.890976,161.280365,159.8993683,277.8531189,143.1724243,144.1250916,0,0,0.001629549,0.000179845
2020-11-27,14:00:58,3.603300095,9.078099823,163.7406769,183.9295197,161.2824097,159.9045715,277.8388977,143.0529327,144.2340088,0,0,0.001629549,0.000179661
2020-11-27,14:00:59,3.618299866,9.082299805,163.7406769,183.9659729,161.282959,159.9099121,277.8243103,142.937912,144.3388824,0,0,0.001589512,0.000179716
2020-11-27,14:01:00,3.63409996,9.086399841,163.7406769,184.0039063,161.284256,159.9149323,277.8103638,142.8180695,144.4484253,0,0,0.001589512,0.000179716
2020-11-27,14:01:01,3.648300171,9.090100098,163.7417297,184.0415649,161.2854919,159.9199524,277.7966003,142.6981506,144.5583038,0,0,0.001589512,0.000179716
2020-11-27,14:01:02,3.663999939,9.093699646,163.7417297,184.0781555,161.2862854,159.9253082,277.7818604,142.5794373,144.6670685,0,0,0.001536886,0.000179716
2020-11-27,14:01:03,3.725999832,9.097000122,163.7406921,184.1121368,161.2881927,159.9300385,277.7688599,142.4664154,144.770874,0,0,0.001536886,0.000179595
2020-11-27,14:01:04,3.780500031,9.100099945,163.7406921,184.1482544,161.2890625,159.9351044,277.7549438,142.3494873,144.8782959,0,0,0.001536886,0.000179595
2020-11-27,14:01:05,3.827099991,9.103099823,163.7406921,184.1839447,161.2899628,159.9395905,277.7426147,142.234314,144.984375,0,0,0.001102072,0.000179595
2020-11-27,14:01:06,3.870999908,9.105799866,163.7406921,184.2168884,161.2907104,159.9442444,277.7297363,142.1256256,145.0847015,0,0,0.001102072,0.000179595
2020-11-27,14:01:07,3.918600082,9.108499908,163.7396393,184.2497406,161.2918243,159.9492645,277.716156,142.0156708,145.1861267,0,0,0.001102072,0.000179595
2020-11-27,14:01:08,3.962400055,9.111000061,163.7396393,184.2842865,161.2930603,159.9538422,277.7033691,141.9068604,145.2867279,0,0,0.001247709,0.000179954
2020-11-27,14:01:09,4.004800034,9.113300323,163.7406616,184.315979,161.2936859,159.9578094,277.6925964,141.8058472,145.380249,0,0,0.001247709,0.000179954
2020-11-27,14:01:10,4.048699951,9.115499878,163.7406616,184.3487549,161.2956543,159.9624481,277.6796875,141.702774,145.4758911,0,0,0.001247709,0.000180046
2020-11-27,14:01:11,4.090000153,9.11760025,163.7396545,184.3794556,161.2963409,159.9667206,277.6680908,141.6040497,145.5674591,0,0,0.001247709,0.000180046
2020-11-27,14:01:12,4.134899902,9.119599915,163.7396545,184.4108887,161.2975616,159.9715424,277.6547546,141.5086517,145.6561584,0,0,0.001247709,0.000179861
2020-11-27,14:01:13,4.177600098,9.121600342,163.7396545,184.4412231,161.2967072,159.9750977,277.64505,141.4182892,145.7401886,0,0,0.002179579,0.000179729
2020-11-27,14:01:14,4.218299866,9.123200226,163.7386322,184.4701691,161.2989807,159.9793091,277.6333618,141.3361816,145.8167725,0,0,0.002179579,0.000179621
2020-11-27,14:01:15,4.259600067,9.12480011,163.7396545,184.4989624,161.300415,159.9838715,277.6210632,141.2553711,145.8920898,0,0,0.002179579,0.000179621
2020-11-27,14:01:16,4.301499939,9.126399994,163.7385559,184.5274658,161.3014679,159.9875946,277.6108398,141.1784363,145.9638519,0,0,0.002179579,0.000179621
2020-11-27,14:01:17,4.341999817,9.127899933,163.7385559,184.5550842,161.3024445,159.9914246,277.6003418,141.1096649,146.0280914,0,0,0.002179579,0.000179621
2020-11-27,14:01:18,4.382500076,9.129399872,163.7385559,184.5830078,161.3031158,159.995697,277.5885315,141.0427551,146.0906525,0,0,0.002179579,0.000179246
2020-11-27,14:01:19,4.423799896,9.130699921,163.7385559,184.6112366,161.3041992,159.9994659,277.578064,140.9800262,146.1493683,0,0,0.002179579,0.000179246
2020-11-27,14:01:20,4.462900162,9.131999969,163.7385559,184.636322,161.3039398,160.002594,277.5696411,140.9255829,146.2003632,0,0,0.002179579,0.000179246
2020-11-27,14:01:21,4.504299927,9.133200073,163.7385559,184.6643372,161.3064575,160.0061493,277.5598145,140.872467,146.25,0,0,0.002179579,0.000179285
2020-11-27,14:01:22,4.543799973,9.134500122,163.7385559,184.6906738,161.3073883,160.0101929,277.5487366,140.8256989,146.2939148,0,0,0.002179579,0.000179285
2020-11-27,14:01:23,4.584700012,9.135700226,163.7375488,184.7184448,161.3069458,160.0129852,277.5412292,140.7813568,146.3356018,0,0,0.002179579,0.000179285
2020-11-27,14:01:24,4.622299957,9.136699677,163.7375488,184.7429962,161.3087616,160.0165558,277.53125,140.744751,146.3699493,0,0,0.002179579,0.000179285
2020-11-27,14:01:25,4.661500168,9.137799835,163.7375488,184.7686462,161.3099823,160.0203857,277.5206299,140.7112122,146.4014435,0,0,0.002179579,0.000179285
2020-11-27,14:01:26,4.702399826,9.138800049,163.7375488,184.7961578,161.3108521,160.0236053,277.5119629,140.6818542,146.4290161,0,0,0.002179579,0.000179285
2020-11-27,14:01:27,4.741799927,9.139800262,163.7364807,184.8219299,161.3098145,160.0267181,277.5033569,140.6569366,146.4523773,0,0,0.002179579,0.000179285
2020-11-27,14:01:28,4.77859993,9.140599823,163.7364807,184.8461151,161.312149,160.0299377,277.4945679,140.6378784,146.4703674,0,0,0.002179579,0.000179285
2020-11-27,14:01:29,4.818399811,9.141500092,163.7364807,184.8722992,161.3135223,160.0329437,277.4862671,140.6219025,146.4854279,0,0,0.002179579,0.000179285
2020-11-27,14:01:30,4.855599976,9.142299652,163.7354736,184.8969727,161.3139191,160.0355072,277.479187,140.6105957,146.4960632,0,0,0.002179579,0.000179285
2020-11-27,14:01:31,4.89469986,9.143199921,163.7354736,184.9233398,161.3132629,160.0391388,277.4693298,140.6026306,146.50354,0,0,0.002179579,0.000179285
2020-11-27,14:01:32,4.930799866,9.143900299,163.7364807,184.947525,161.3144226,160.0419922,277.4614258,140.5999756,146.5059509,0,0,0.002179579,0.000179285
2020-11-27,14:01:33,4.969100189,9.14469986,163.7354736,184.9740906,161.3157043,160.0446167,277.4541321,140.600769,146.5052795,0,0,0.002179579,0.000179285
2020-11-27,14:01:34,5.006999969,9.141999817,163.7354736,184.9995422,161.3166504,160.0475006,277.4464111,140.6054688,146.500824,0,0,0.002179579,0.000179285
2020-11-27,14:01:35,5.043199921,9.132499695,163.7344208,185.0238037,161.3170776,160.0496826,277.4403992,140.6139221,146.4928894,0,0,0.002179579,0.000179285
2020-11-27,14:01:36,5.080899811,9.122899628,163.7344208,185.0482941,161.3161316,160.0528717,277.4315491,140.6257782,146.4816284,0,0,0.002179579,0.000179285
2020-11-27,14:01:37,5.118199921,9.113400269,163.7344208,185.0743103,161.3178711,160.0556641,277.4240112,140.6419678,146.4664764,0,0,0.002179579,0.000179285
2020-11-27,14:01:38,5.153900146,9.104199982,163.7344208,185.0973053,161.3183746,160.0575562,277.4186707,140.660202,146.4494019,0,0,0.002179579,0.000179285
2020-11-27,14:01:39,5.191600037,9.095899963,163.7344208,185.1225281,161.3193359,160.0598907,277.412384,140.6825409,146.42836,0,0,0.002179579,0.000179285
2020-11-27,14:01:40,5.226900101,9.086399841,163.7344208,185.1481018,161.3191528,160.0621338,277.40625,140.709137,146.4033051,0,0,0.002179579,0.000178953
2020-11-27,14:01:41,5.263999939,9.078099823,163.7344208,185.1727905,161.3195953,160.0647125,277.3990784,140.738739,146.3755951,0,0,0.002179579,0.000178953
2020-11-27,14:01:42,5.3,9.069799805,163.7333984,185.1972504,161.3207397,160.0668793,277.3931274,140.7711792,146.3450623,0,0,0.002179579,0.000178953
2020-11-27,14:01:43,5.334899902,9.061299896,163.7344055,185.2220306,161.3210144,160.0682526,277.3893738,140.8056793,146.3127594,0,0,0.002179579,0.000179095
2020-11-27,14:01:44,5.370299911,9.054199982,163.7344055,185.2462921,161.3203278,160.0703735,277.3835754,140.8441925,146.2765656,0,0,0.002179579,0.000179095
2020-11-27,14:01:45,5.406399918,9.045899963,163.7333984,185.2717438,161.3217773,160.0716553,277.3800354,140.8861847,146.2371979,0,0,0.002179579,0.000179095
2020-11-27,14:01:46,5.440599823,9.03769989,163.7333984,185.2965088,161.3227997,160.0731354,277.3759155,140.9287415,146.1973267,0,0,0.002179579,0.000179095
2020-11-27,14:01:47,5.476300049,9.030699921,163.7333984,185.3193359,161.321579,160.0746918,277.3715515,140.9758759,146.1532288,0,0,0.002179579,0.000179095
2020-11-27,14:01:48,5.511000061,9.022100067,163.7333984,185.3448639,161.3207245,160.0760193,277.368042,141.0257874,146.1065216,0,0,0.002179579,0.000179095
2020-11-27,14:01:49,5.545299911,9.015499878,163.7333984,185.3697205,161.3222809,160.0775299,277.3639221,141.0771484,146.0584717,0,0,0.002179579,0.000179095
2020-11-27,14:01:50,5.579199982,9.008200073,163.7333984,185.3932343,161.3228302,160.0784302,277.3613586,141.1313477,146.007843,0,0,0.000390232,0.000179095
2020-11-27,14:01:51,5.613600159,9.000700378,163.7333984,185.4178162,161.3223114,160.0795288,277.358429,141.1881256,145.9548492,0,0,0.000390232,0.000178928
2020-11-27,14:01:52,5.647600174,8.993299866,163.7323914,185.4441833,161.3220215,160.080658,277.3553772,141.2465057,145.9002686,0,0,0.000390232,0.000178928
2020-11-27,14:01:53,5.679999924,8.986199951,163.7323914,185.4668274,161.3216858,160.081543,277.3530884,141.3041382,145.8465576,0,0,0.000390232,0.000178928
2020-11-27,14:01:54,5.714099884,8.978900146,163.7323914,185.4923706,161.3232269,160.0825348,277.3502808,141.3672028,145.7878571,0,0,0.000390232,0.000178928
2020-11-27,14:01:55,5.636700058,8.971499634,163.7323914,185.5168915,161.3226166,160.0834656,277.3477173,141.4310303,145.728363,0,0,0.000390232,0.000178928
2020-11-27,14:01:56,5.669300079,8.965000153,163.7323914,185.5419769,161.3219452,160.0836487,277.347168,141.4973145,145.6667328,0,0,0.000390232,0.000178928
2020-11-27,14:01:57,5.659799957,8.958000183,163.7313843,185.5657196,161.3215942,160.0847015,277.3442688,141.5613098,145.6071472,0,0,0.000390232,0.000178928
2020-11-27,14:01:58,5.669400024,8.95019989,163.7313843,185.5894165,161.3219452,160.0848083,277.3445435,141.6297913,145.5435181,0,0,0.000390232,0.000178928
2020-11-27,14:01:59,5.671699905,8.944100189,163.7313843,185.6152191,161.3215942,160.0852661,277.342804,141.6971893,145.4810638,0,0,0.000390232,0.000178928
2020-11-27,14:02:00,5.670700073,8.9375,163.7313843,185.6416473,161.3222961,160.0859985,277.3409119,141.766922,145.4163513,0,0,0.000390232,0.000178928
2020-11-27,14:02:01,5.673699951,8.930799866,163.7313843,185.6665497,161.322403,160.0860901,277.3405762,141.8339386,145.3542786,0,0,0.000390232,0.000178928
2020-11-27,14:02:02,5.680599976,8.924199677,163.7303314,185.6930084,161.321991,160.0865784,277.3391418,141.9038391,145.2895355,0,0,0.000390232,0.000178928
2020-11-27,14:02:03,5.686100006,8.91760025,163.7303314,185.721344,161.3228302,160.0868073,277.3385925,141.9752197,145.223526,0,0,0.000390232,0.000178928
2020-11-27,14:02:04,5.692499924,8.911799622,163.7303314,185.7501068,161.3206787,160.0870361,277.3380127,142.0433655,145.160614,0,0,0.000390232,0.000178928
2020-11-27,14:02:05,5.697600174,8.918399811,163.7303314,185.7792358,161.3199463,160.0871887,277.3374023,142.1135254,145.0958252,0,0,0.001326036,0.000179466
2020-11-27,14:02:06,5.703099823,8.925900269,163.7303314,185.8076324,161.3198395,160.0870361,277.3379822,142.1806946,145.033844,0,0,0.001353659,0.000179466
2020-11-27,14:02:07,5.709799957,8.934400177,163.7303314,185.8395386,161.3196106,160.0867157,277.3388672,142.2506561,144.9693146,0,0,0.001353659,0.000179466
2020-11-27,14:02:08,5.714799881,8.94960022,163.7303314,185.8709106,161.3192139,160.0868683,277.3383179,142.3206329,144.904953,0,0,0.001353659,0.000179466
2020-11-27,14:02:09,5.721300125,8.96989975,163.7303314,185.9033356,161.3194275,160.0871887,277.337616,142.3905945,144.8405304,0,0,0.001353659,0.000179466
2020-11-27,14:02:10,5.726900101,8.990799713,163.7303314,185.9369812,161.3183746,160.0874634,277.3368225,142.4611359,144.7757111,0,0,0.001353659,0.000179466
2020-11-27,14:02:11,5.734899902,9.012599945,163.7303314,185.9698029,161.3178864,160.0873566,277.3370972,142.5289001,144.7134857,0,0,0.001353659,0.000179466
2020-11-27,14:02:12,5.745600128,9.033799744,163.7303314,186.0032196,161.3158875,160.0876923,277.3361206,142.5965729,144.6513367,0,0,0.001353659,0.000179466
2020-11-27,14:02:13,5.756499863,9.053299713,163.7303314,186.0369415,161.3153687,160.0883179,277.3343506,142.6651611,144.5884094,0,0,0.001353659,0.000179466
2020-11-27,14:02:14,5.766999817,9.072200012,163.7303314,186.0718384,161.3173828,160.0888672,277.3328857,142.7340088,144.5253754,0,0,0.001353659,0.000179466
2020-11-27,14:02:15,5.777500153,9.090000153,163.7293091,186.1056519,161.3154449,160.0891571,277.3322144,142.7997131,144.46521,0,0,0.001353659,0.000179466
2020-11-27,14:02:16,5.786800003,9.106300354,163.7293091,186.140274,161.314743,160.0905762,277.3281555,142.8676758,144.4031067,0,0,0.001353659,0.000179466
2020-11-27,14:02:17,5.798199844,9.121800232,163.728302,186.1768646,161.3143768,160.0911865,277.3265686,142.9367065,144.3399506,0,0,0.001353659,0.000179466
2020-11-27,14:02:18,5.807400131,9.136599731,163.728302,186.209259,161.313446,160.0920868,277.3240662,142.9995422,144.2826385,0,0,0.001353659,0.000179466
2020-11-27,14:02:19,5.816600037,9.15059967,163.728302,186.2456665,161.3133087,160.0929718,277.3217163,143.0676727,144.22052,0,0,0.001353659,0.000179466
2020-11-27,14:02:20,5.826300049,9.164099884,163.728302,186.2817383,161.311615,160.0939789,277.3189087,143.1329041,144.161087,0,0,0.001353659,0.000179466
2020-11-27,14:02:21,5.836600113,9.176100159,163.728302,186.3161163,161.3131561,160.0953522,277.315033,143.1939697,144.1054688,0,0,0.001436007,0.000179612
2020-11-27,14:02:22,5.846099854,9.188700104,163.728302,186.352417,161.3104095,160.0970306,277.3106384,143.2588959,144.0463562,0,0,0.001436007,0.000179612
2020-11-27,14:02:23,5.855799866,9.19980011,163.728302,186.3891144,161.3092194,160.0993042,277.3042297,143.3221741,143.9888153,0,0,0.001436007,0.000179612
2020-11-27,14:02:24,5.865399933,9.210600281,163.728302,186.4254456,161.309967,160.1003265,277.3016052,143.3853149,143.9313965,0,0,0.001436007,0.000179612
2020-11-27,14:02:25,5.875400162,9.219999695,163.728302,186.4607391,161.3095551,160.101532,277.2984314,143.4495544,143.8731079,0,0,0.001436007,0.000179612
2020-11-27,14:02:26,5.885599899,9.229599762,163.728302,186.4955902,161.3085175,160.1035004,277.2928772,143.5090942,143.8190613,0,0,0.001436007,0.000179612
2020-11-27,14:02:27,5.89469986,9.237799835,163.728302,186.5317535,161.3076019,160.1049652,277.2887268,143.5706329,143.7632751,0,0,0.001436007,0.000179612
2020-11-27,14:02:28,5.90359993,9.246099854,163.728302,186.567215,161.3074493,160.1072693,277.2825317,143.6296234,143.7099304,0,0,0.001436007,0.000179474
2020-11-27,14:02:29,5.914199829,9.254199982,163.7271881,186.6044464,161.3071747,160.1090393,277.2776489,143.6907806,143.6545563,0,0,0.001436007,0.000179535
2020-11-27,14:02:30,5.923099899,9.261299896,163.7271881,186.6405334,161.3061981,160.1112061,277.271637,143.7514496,143.5995789,0,0,0.001436007,0.000179535
2020-11-27,14:02:31,5.932699966,9.268099976,163.7271881,186.6757813,161.306427,160.1132202,277.2663269,143.8119659,143.5448914,0,0,0.001436007,0.000179535
2020-11-27,14:02:32,5.920600128,9.27460022,163.7282104,186.7133789,161.3055725,160.114975,277.2613525,143.8725128,143.4902191,0,0,0.001489157,0.000179535
2020-11-27,14:02:33,5.915000153,9.280400085,163.7271729,186.7474976,161.3045807,160.1173096,277.2548523,143.9286346,143.439621,0,0,0.001489157,0.000179535
2020-11-27,14:02:34,5.910699844,9.286299896,163.72612,186.7825165,161.3052673,160.1191864,277.2497253,143.9878082,143.3862,0,0,0.001489157,0.000179535
2020-11-27,14:02:35,5.906800079,9.291899872,163.72612,186.8193207,161.3043213,160.1210327,277.244751,144.0460358,143.3337097,0,0,0.001419048,0.000179535
2020-11-27,14:02:36,5.904000092,9.296900177,163.72612,186.8536377,161.3025665,160.122818,277.2398376,144.1004028,143.2847595,0,0,0.001419048,0.000179535
2020-11-27,14:02:37,5.90359993,9.301999664,163.72612,186.8895874,161.3035126,160.1253662,277.2329102,144.1568298,143.2340088,0,0,0.001419048,0.000179535
2020-11-27,14:02:38,5.903300095,9.306700134,163.72612,186.9257507,161.3032837,160.1273346,277.2275696,144.2133331,143.1831512,0,0,0.001419048,0.000179535
2020-11-27,14:02:39,5.904399872,9.311100006,163.72612,186.9651337,161.3011932,160.1291199,277.2224731,144.2701569,143.1320801,0,0,0.001419048,0.000179535
2020-11-27,14:02:40,5.905099869,9.314499664,163.72612,187.0012817,161.3021393,160.131424,277.2163086,144.3244781,143.0833282,0,0,0.001419048,0.000179535
2020-11-27,14:02:41,5.905699921,9.303199768,163.72612,187.0368652,161.3008118,160.1335144,277.2104187,144.3767242,143.0363617,0,0,0.001419048,0.000179535
2020-11-27,14:02:42,5.906100082,9.293199921,163.72612,187.0731354,161.3014832,160.1359711,277.2037964,144.4310913,142.9877014,0,0,0.001419048,0.000179535
2020-11-27,14:02:43,5.906600189,9.282299805,163.7250519,187.1099548,161.3018646,160.1378479,277.1985779,144.4839783,142.9402924,0,0,0.001419048,0.000179535
2020-11-27,14:02:44,5.906499863,9.274099731,163.726059,187.1451721,161.2995148,160.1398468,277.1931763,144.5340881,142.89534,0,0,0.001419048,0.000179535
2020-11-27,14:02:45,5.907099915,9.264399719,163.726059,187.1830139,161.3001709,160.1417084,277.1880798,144.5859375,142.848999,0,0,0.001419048,0.000179535
2020-11-27,14:02:46,5.907300186,9.255200195,163.726059,187.220108,161.2992096,160.143219,277.1839905,144.6342468,142.8056793,0,0,0.001419048,0.000179535
2020-11-27,14:02:47,5.907500076,9.246600342,163.726059,187.2581024,161.298233,160.1453552,277.1780396,144.6832428,142.7619629,0,0,0.001419048,0.000179535
2020-11-27,14:02:48,5.907600021,9.236799622,163.7249603,187.2975922,161.2985229,160.1468048,277.1740723,144.7338562,142.7167664,0,0,0.001419048,0.000179535
2020-11-27,14:02:49,5.907500076,9.228900146,163.7249603,187.3355865,161.2975616,160.1477966,277.1714172,144.7814178,142.6742859,0,0,0.001419048,0.000179535
2020-11-27,14:02:50,5.907799911,9.220400238,163.7249603,187.3747711,161.2970734,160.1496582,277.1666565,144.8289642,142.631897,0,0,0.001419048,0.000179535
2020-11-27,14:02:51,5.907500076,9.2125,163.7249603,187.4107971,161.2973022,160.150528,277.1638794,144.8736267,142.592041,0,0,0.001419048,0.000179535
2020-11-27,14:02:52,5.907699966,9.204100037,163.7239227,187.451355,161.2966614,160.1520538,277.15979,144.9202423,142.5503845,0,0,0.001419048,0.000179535
2020-11-27,14:02:53,5.907799911,9.195300293,163.7250214,187.4916687,161.296524,160.1531677,277.1568298,144.9663544,142.5093079,0,0,0.001464505,0.000179535
2020-11-27,14:02:54,5.907600021,9.18809967,163.7260742,187.531311,161.2954559,160.1547546,277.1524048,145.0114288,142.469223,0,0,0.001464505,0.000179574
2020-11-27,14:02:55,5.907500076,9.180799866,163.7227631,187.5697784,161.294754,160.1556549,277.1499329,145.0542145,142.4310913,0,0,0.001492915,0.000179574
2020-11-27,14:02:56,5.907300186,9.172499847,163.7238007,187.6088715,161.2946625,160.1559296,277.1490479,145.0983429,142.3918762,0,0,0.001492915,0.000179574
2020-11-27,14:02:57,5.907099915,9.163999939,163.7238007,187.6500397,161.2949982,160.1577759,277.144104,145.1421356,142.3529358,0,0,0.001492915,0.000179574
2020-11-27,14:02:58,5.906800079,9.15739975,163.7238007,187.6881866,161.2924805,160.1579285,277.1436462,145.1829376,142.3166809,0,0,0.001492915,0.000179574
2020-11-27,14:02:59,5.906700134,9.149900055,163.7238007,187.7281189,161.2928925,160.1577148,277.144165,145.224884,142.2794342,0,0,0.001455064,0.000179802
2020-11-27,14:03:00,5.906499863,9.14240036,163.7238007,187.7672882,161.2921448,160.1590271,277.1406555,145.2672882,142.2417755,0,0,0.001455064,0.000179802
2020-11-27,14:03:01,5.906000137,9.134500122,163.7227783,187.8067169,161.2925415,160.1593323,277.139801,145.3084259,142.2069855,0,0,0.001455064,0.000179793
2020-11-27,14:03:02,5.905699921,9.127300262,163.7227783,187.8460236,161.2906342,160.1596527,277.138916,145.3469543,142.1711426,0,0,0.001455064,0.000179793
2020-11-27,14:03:03,5.90530014,9.12009964,163.7227783,187.8861694,161.2896118,160.1603088,277.1371155,145.3890381,142.1338806,0,0,0.001455064,0.000179793
2020-11-27,14:03:04,5.904800034,9.11269989,163.7237854,187.9263458,161.2905273,160.1606445,277.1361389,145.4282227,142.0990601,0,0,0.001455064,0.000179685
2020-11-27,14:03:05,5.904499817,9.105500031,163.7237854,187.9647217,161.2882233,160.1599884,277.1380005,145.4658508,142.0658569,0,0,0.001455064,0.000179685
2020-11-27,14:03:06,5.904000092,9.097599792,163.7237854,188.0036011,161.2878418,160.1606445,277.1362,145.5042572,142.0318451,0,0,0.001540995,0.000179685
2020-11-27,14:03:07,5.903699875,9.090299988,163.7227631,188.0436249,161.2871094,160.1602631,277.137146,145.54216,141.9983215,0,0,0.001548775,0.000179685
2020-11-27,14:03:08,5.903099823,9.084300232,163.7227631,188.0832062,161.2873535,160.1605835,277.1364136,145.5793762,141.9653931,0,0,0.001527096,0.00017968
2020-11-27,14:03:09,5.902500153,9.077100372,163.7216339,188.1228638,161.2856293,160.1608887,277.1355591,145.6174622,141.9317169,0,0,0.001517829,0.000179568
2020-11-27,14:03:10,5.902000046,9.070200348,163.7226868,188.1609955,161.2840729,160.1597595,277.1386414,145.6525726,141.9006805,0,0,0.001517829,0.000179599
2020-11-27,14:03:11,5.901300049,9.06309967,163.7226868,188.199234,161.2835388,160.160202,277.1374817,145.6883545,141.8691101,0,0,0.001517829,0.000179599
2020-11-27,14:03:12,5.900600052,9.055400085,163.7226868,188.2388,161.282135,160.1596985,277.138855,145.7242889,141.837326,0,0,0.001517829,0.000179599
2020-11-27,14:03:13,5.900099945,9.049900055,163.7226868,188.2756195,161.2807159,160.1593781,277.1397095,145.7580109,141.8076782,0,0,0.00152832,0.000179709
2020-11-27,14:03:14,5.899200058,9.043299866,163.7226868,188.3156891,161.2792969,160.1589203,277.1409912,145.7937469,141.776123,0,0,0.001537848,0.000179814
2020-11-27,14:03:15,5.898600006,9.036299896,163.7216797,188.3549347,161.2780914,160.1585846,277.1418152,145.8277435,141.7461853,0,0,0.001537848,0.000179814
2020-11-27,14:03:16,5.897999954,9.02990036,163.7216797,188.391861,161.2761078,160.1578217,277.1439209,145.8604126,141.7173767,0,0,0.001537848,0.000179814
2020-11-27,14:03:17,5.897299957,9.023300171,163.7216797,188.4310303,161.2731934,160.157486,277.1448059,145.8934479,141.6882477,0,0,0.001537848,0.000179814
2020-11-27,14:03:18,5.89659996,9.016699982,163.7216797,188.4693604,161.2719879,160.156662,277.1470947,145.9274597,141.6583862,0,0,0.001537848,0.000179814
2020-11-27,14:03:19,5.895899963,9.010299683,163.7216797,188.5079498,161.2701263,160.1559296,277.1490479,145.9597778,141.6299438,0,0,0.001537848,0.000179814
2020-11-27,14:03:20,5.895199966,9.004299927,163.7216797,188.5449524,161.2665253,160.1553192,277.1507874,145.9912567,141.6022339,0,0,0.001537848,0.000179814
2020-11-27,14:03:21,5.894599915,8.998100281,163.7216797,188.5819397,161.2649384,160.1551056,277.1514893,146.0225372,141.5746155,0,0,0.001537848,0.000179814
2020-11-27,14:03:22,5.893700027,8.992199707,163.7216797,188.6208954,161.2616119,160.1539764,277.154541,146.0546265,141.5464478,0,0,0.001537848,0.000179814
2020-11-27,14:03:23,5.893099976,8.990100098,163.7216797,188.6572723,161.2592163,160.1535034,277.1558533,146.0845337,141.5202179,0,0,0.001523337,0.000179814
2020-11-27,14:03:24,5.892300034,8.987999725,163.7216797,188.6951752,161.256485,160.15242,277.1587219,146.1159973,141.4925995,0,0,0.001523337,0.000179814
2020-11-27,14:03:25,5.891400146,8.994100189,163.7206421,188.7331543,161.2533722,160.151413,277.1615601,146.1462402,141.4660339,0,0,0.001557867,0.000179787
2020-11-27,14:03:26,5.890499878,9.002600098,163.7206421,188.7702942,161.2505188,160.1501007,277.1651306,146.1766815,141.4393158,0,0,0.001529456,0.000179787
2020-11-27,14:03:27,5.890599823,9.009400177,163.7206421,188.8071136,161.2479401,160.1496124,277.166626,146.2061462,141.4133759,0,0,0.001529456,0.000179787
2020-11-27,14:03:28,5.889799881,9.015899658,163.7206421,188.844162,161.2451935,160.1487122,277.1689453,146.2356415,141.3875885,0,0,0.001529456,0.000179787
2020-11-27,14:03:29,5.889199829,9.022299957,163.7206421,188.8815155,161.2418213,160.1478424,277.1712646,146.2651215,141.3617401,0,0,0.001529456,0.000179787
2020-11-27,14:03:30,5.888700104,9.027999878,163.7206421,188.9192352,161.2382202,160.1470337,277.1734314,146.295639,141.3349304,0,0,0.001529456,0.000179787
2020-11-27,14:03:31,5.888299942,9.033300018,163.7206421,188.9551086,161.2345276,160.1464233,277.1751709,146.3220673,141.3118134,0,0,0.001527183,0.000179787
2020-11-27,14:03:32,5.8875,9.038300323,163.7206421,188.9913635,161.2319946,160.1455383,277.1776733,146.3508148,141.2866211,0,0,0.001527183,0.000179787
2020-11-27,14:03:33,5.887599945,9.04280014,163.7206421,189.0289917,161.2275696,160.1448517,277.1794739,146.3790741,141.2618866,0,0,0.001527183,0.000179787
2020-11-27,14:03:34,5.887099838,9.046700287,163.7216797,189.0637512,161.2246857,160.1444092,277.1806641,146.4045258,141.2396698,0,0,0.001527183,0.000179787
2020-11-27,14:03:35,5.886800003,9.05059967,163.7216797,189.1001129,161.2226563,160.1434784,277.1832886,146.4324036,141.21521,0,0,0.001527183,0.000179787
2020-11-27,14:03:36,5.886700058,9.054100037,163.7216797,189.1366577,161.2181396,160.1428528,277.184906,146.4589081,141.1920319,0,0,0.001527183,0.000179787
2020-11-27,14:03:37,5.886399841,9.05719986,163.7206573,189.1730194,161.2147369,160.1429138,277.1847839,146.486145,141.1682281,0,0,0.001527183,0.000179787
2020-11-27,14:03:38,5.886199951,9.060299683,163.7206573,189.2099609,161.2120514,160.1423798,277.1861877,146.5117493,141.1457977,0,0,0.001527183,0.000179787
2020-11-27,14:03:39,5.887200165,9.06289978,163.7206573,189.2437592,161.2089539,160.1421356,277.1869507,146.5348663,141.1256104,0,0,0.001527183,0.000179787
2020-11-27,14:03:40,5.888600159,9.065399933,163.7206573,189.2797546,161.2062836,160.1411896,277.1896362,146.5605316,141.1032257,0,0,0.001527183,0.000179787
2020-11-27,14:03:41,5.889400101,9.067700195,163.7206573,189.3167725,161.2029572,160.1408691,277.1903076,146.585434,141.0814972,0,0,0.001527183,0.000179787
2020-11-27,14:03:42,5.890299988,9.06969986,163.719635,189.351181,161.2004089,160.140625,277.1910706,146.6081543,141.0616608,0,0,0.001527183,0.000179787
2020-11-27,14:03:43,5.891199875,9.071600342,163.7206421,189.3862,161.1963806,160.1400299,277.192749,146.6322784,141.0406189,0,0,0.001527183,0.000179787
2020-11-27,14:03:44,5.892399979,9.073300171,163.7206421,189.4221344,161.1925659,160.1400909,277.1925964,146.6551971,141.0205994,0,0,0.001527183,0.000179787
2020-11-27,14:03:45,5.893399811,9.07480011,163.719635,189.4557953,161.1896667,160.139801,277.1932983,146.677597,141.0009613,0,0,0.001527183,0.000179787
2020-11-27,14:03:46,5.894200134,9.076300049,163.719635,189.4913177,161.1867218,160.1389618,277.1954956,146.6999969,140.9815063,0,0,0.001527183,0.000179787
2020-11-27,14:03:47,5.895100021,9.077400208,163.719635,189.5267334,161.1833191,160.1387482,277.196228,146.7221069,140.962326,0,0,0.001527183,0.000179787
2020-11-27,14:03:48,5.895600128,9.070500183,163.719635,189.5611725,161.1798248,160.1394653,277.1942444,146.7449036,140.9424133,0,0,0.001527183,0.000179787
2020-11-27,14:03:49,5.896500015,9.063600159,163.719635,189.595459,161.1773682,160.1389618,277.1954956,146.7649994,140.9249573,0,0,0.001545628,0.000179787
2020-11-27,14:03:50,5.897399902,9.056300354,163.7206879,189.630249,161.1737671,160.1384888,277.1969299,146.7864532,140.9061584,0,0,0.001545628,0.000179787
2020-11-27,14:03:51,5.897999954,9.050800323,163.7206879,189.6646729,161.1717834,160.1382141,277.1978149,146.8071747,140.8881378,0,0,0.001545628,0.000179787
2020-11-27,14:03:52,5.898699951,9.045700073,163.719635,189.6989441,161.1680756,160.1384277,277.1970825,146.8278503,140.8700562,0,0,0.001545628,0.000179787
2020-11-27,14:03:53,5.899499893,9.040899658,163.719635,189.7325287,161.1659241,160.1374969,277.1996765,146.8475037,140.8529968,0,0,0.001545628,0.000179787
2020-11-27,14:03:54,5.90019989,9.036000061,163.719635,189.7664032,161.1628723,160.1371155,277.2006836,146.8679352,140.8352661,0,0,0.001545628,0.000179757
2020-11-27,14:03:55,5.900999832,9.031400299,163.719635,189.8009186,161.1594849,160.1378479,277.198761,146.8872986,140.8183746,0,0,0.001545628,0.000179757
2020-11-27,14:03:56,5.901499939,9.028700256,163.719635,189.8349457,161.1573181,160.1364136,277.2026367,146.9075623,140.800766,0,0,0.001569843,0.000179757
2020-11-27,14:03:57,5.902000046,9.026399994,163.719635,189.8688202,161.1539764,160.1357422,277.2043457,146.9276581,140.7833099,0,0,0.001569843,0.000179757
2020-11-27,14:03:58,5.902700043,9.024199677,163.7186127,189.9011688,161.151413,160.1361389,277.2032776,146.946579,140.7668304,0,0,0.001569843,0.00017986
2020-11-27,14:03:59,5.90320015,9.022299957,163.7197266,189.9350586,161.1490173,160.1353607,277.2055054,146.9663086,140.7496643,0,0,0.001569843,0.00017986
2020-11-27,14:04:00,5.90379982,9.020500183,163.7186737,189.9679108,161.1459808,160.1347046,277.2073364,146.9845581,140.7338257,0,0,0.001569843,0.00017986
2020-11-27,14:04:01,5.904100037,9.018699646,163.7186737,190.0021515,161.1438904,160.1341858,277.2086182,147.0049133,140.7160797,0,0,0.001569843,0.00017986
2020-11-27,14:04:02,5.904600143,9.017099762,163.7196808,190.0357513,161.1404266,160.1338501,277.2095032,147.0236816,140.6998444,0,0,0.001569843,0.00017986
2020-11-27,14:04:03,5.904999924,9.015699768,163.7186737,190.0665741,161.1378174,160.133194,277.2113342,147.0405579,140.6851654,0,0,0.001569843,0.00017986
2020-11-27,14:04:04,5.905599976,9.014099884,163.7186737,190.0997467,161.1348114,160.1327362,277.2125244,147.0597839,140.6685181,0,0,0.001569843,0.00017986
2020-11-27,14:04:05,5.906200027,9.01269989,163.7196808,190.1322479,161.1322632,160.132309,277.2139282,147.0778503,140.6528473,0,0,0.001569843,0.000179631
2020-11-27,14:04:06,5.906800079,9.011199951,163.7196808,190.1665497,161.1296082,160.1316833,277.2155457,147.096405,140.6366577,0,0,0.001569843,0.000179631
2020-11-27,14:04:07,5.907600021,9.009899902,163.7196808,190.1999512,161.1270905,160.131134,277.2170715,147.1147461,140.6207428,0,0,0.001569843,0.000179695
2020-11-27,14:04:08,5.908000183,9.008599854,163.7196808,190.2308502,161.1252594,160.1303558,277.2191467,147.1318512,140.605957,0,0,0.001569843,0.00017956
2020-11-27,14:04:09,5.908499908,9.00739975,163.7186279,190.2641449,161.1216888,160.130127,277.219696,147.1500854,140.5900879,0,0,0.001569843,0.00017956
2020-11-27,14:04:10,5.908800125,9.006300354,163.7186279,190.296402,161.1197662,160.1292419,277.222229,147.1679688,140.5746765,0,0,0.001569843,0.00017956
2020-11-27,14:04:11,5.909199905,9.005200195,163.7186279,190.3282013,161.1173553,160.1283722,277.2246094,147.1846466,140.5602112,0,0,0.001569843,0.00017956
2020-11-27,14:04:12,5.909600067,9.004100037,163.7196655,190.360672,161.1147308,160.127655,277.226593,147.201889,140.5452728,0,0,0.001569843,0.00017956
2020-11-27,14:04:13,5.909999847,9.003099823,163.7196655,190.3939209,161.1124878,160.127182,277.2278748,147.2195435,140.5299377,0,0,0.001569843,0.00017956
2020-11-27,14:04:14,5.910300064,9.002200317,163.7186279,190.4239349,161.1097412,160.1266022,277.2295532,147.235199,140.5164032,0,0,0.001569843,0.000179782
2020-11-27,14:04:15,5.910599899,9.001200104,163.7186279,190.4564514,161.1078949,160.1261292,277.230835,147.2520447,140.5018005,0,0,0.001569843,0.000179782
2020-11-27,14:04:16,5.910900116,9.000299835,163.7186279,190.4886932,161.105011,160.1249237,277.2341919,147.2687836,140.4872742,0,0,0.001569843,0.000179782
2020-11-27,14:04:17,5.911500168,8.999500275,163.7186279,190.5175018,161.102417,160.1248169,277.2344055,147.2838287,140.4742279,0,0,0.001569843,0.000179782
2020-11-27,14:04:18,5.912200165,8.998699951,163.7186279,190.550354,161.1007385,160.1239319,277.2367554,147.3002319,140.4600525,0,0,0.001569843,0.000179782
2020-11-27,14:04:19,5.912599945,9.002700043,163.7186279,190.5835724,161.0989075,160.1233063,277.2384338,147.3164215,140.4460297,0,0,0.001569843,0.000179782
2020-11-27,14:04:20,5.913199997,9.006999969,163.7186279,190.6146545,161.0962219,160.1224823,277.2408142,147.3317413,140.4328003,0,0,0.001569843,0.000179782
2020-11-27,14:04:21,5.913600159,9.007900238,163.7186279,190.6462097,161.0940552,160.1218109,277.2426453,147.3478851,140.4188538,0,0,0.001569843,0.000179782
2020-11-27,14:04:22,5.913999939,9.005899811,163.7186279,190.6764526,161.0919037,160.1213074,277.2440186,147.3620453,140.4065857,0,0,0.001569843,0.000179782
2020-11-27,14:04:23,5.914400101,9.004399872,163.7186279,190.7083893,161.0889435,160.1204224,277.2463989,147.3775482,140.393158,0,0,0.001569843,0.000179782
2020-11-27,14:04:24,5.914899826,9.002999878,163.7196655,190.7413025,161.0861359,160.1200256,277.2475281,147.3931732,140.3796692,0,0,0.001569843,0.000179782
2020-11-27,14:04:25,5.915200043,9.001699829,163.7196655,190.7710266,161.084137,160.1196899,277.2484741,147.407135,140.3675079,0,0,0.001569843,0.000179683
2020-11-27,14:04:26,5.915499878,9.00039978,163.7186584,190.8026886,161.0822754,160.1187592,277.2510376,147.4225769,140.3542023,0,0,0.001569843,0.000179683
2020-11-27,14:04:27,5.91609993,8.999199677,163.7186584,190.8327026,161.0805664,160.1181946,277.2525024,147.4361267,140.342514,0,0,0.001569843,0.000179661
2020-11-27,14:04:28,5.916600037,8.997899628,163.7186584,190.8648224,161.0783691,160.1173096,277.2548523,147.4525146,140.3283691,0,0,0.001650179,0.000179661
2020-11-27,14:04:29,5.916899872,8.996700287,163.7186584,190.8955383,161.0763702,160.1165161,277.2571411,147.4655457,140.3171082,0,0,0.001650179,0.000179661
2020-11-27,14:04:30,5.917100143,8.995500183,163.7196808,190.9258575,161.0746155,160.1160278,277.2585449,147.4790192,140.305542,0,0,0.001650179,0.000179661
2020-11-27,14:04:31,5.91780014,8.994400024,163.7196808,190.9564209,161.0709839,160.1153717,277.2603149,147.4931946,140.2931976,0,0,0.001650179,0.000179661
2020-11-27,14:04:32,5.918099976,8.993399811,163.7186737,190.9854431,161.0693359,160.1144714,277.2627869,147.5059357,140.282196,0,0,0.001631997,0.000179661
2020-11-27,14:04:33,5.918700027,8.992900085,163.7186737,191.016449,161.0671234,160.1138153,277.2646179,147.5196838,140.2703857,0,0,0.001631997,0.000179661
2020-11-27,14:04:34,5.919200134,8.994999695,163.7186737,191.0476074,161.0653687,160.1128082,277.267395,147.5339508,140.2580261,0,0,0.001631997,0.000179661
2020-11-27,14:04:35,5.919400024,8.996700287,163.7186737,191.0787659,161.0637512,160.1125488,277.2679443,147.5477753,140.2461243,0,0,0.001648956,0.000179661
2020-11-27,14:04:36,5.919900131,8.998300171,163.7186737,191.1095734,161.0623169,160.1118774,277.2698669,147.5605316,140.2350464,0,0,0.001648956,0.000179661
2020-11-27,14:04:37,5.920299911,8.99980011,163.7176666,191.1372681,161.0602875,160.1110992,277.2720642,147.5730438,140.2242584,0,0,0.001648956,0.000179661
2020-11-27,14:04:38,5.920700073,9.001300049,163.7187347,191.1687317,161.0577545,160.1102142,277.2744751,147.5862427,140.2128906,0,0,0.001648956,0.000179661
2020-11-27,14:04:39,5.92120018,9.002600098,163.7187347,191.1998291,161.0562744,160.1099854,277.2750854,147.5995178,140.2014008,0,0,0.001648956,0.000179661
2020-11-27,14:04:40,5.921699905,9.003800201,163.7187347,191.2280884,161.0538483,160.1092529,277.2770386,147.6112213,140.1912994,0,0,0.001648956,0.000179661
2020-11-27,14:04:41,5.922100067,9.005000305,163.7187347,191.2572174,161.0527649,160.1082153,277.2799072,147.6245422,140.1798401,0,0,0.001648956,0.000179661
2020-11-27,14:04:42,5.922600174,9.006099701,163.7187347,191.288147,161.0511017,160.1075592,277.2817688,147.6371155,140.1690674,0,0,0.001648956,0.000179661
2020-11-27,14:04:43,5.923099899,9.007099915,163.7187347,191.3162994,161.0487061,160.1067657,277.283844,147.6485443,140.1591797,0,0,0.001648956,0.000179661
2020-11-27,14:04:44,5.923400116,9.008000183,163.7187347,191.3463287,161.0466156,160.1063232,277.2850647,147.6613007,140.1482544,0,0,0.001648956,0.000179661
2020-11-27,14:04:45,5.924200058,9.008899689,163.7187347,191.3753204,161.0448303,160.1055908,277.2871399,147.6725616,140.1384735,0,0,0.001645371,0.000179767
2020-11-27,14:04:46,5.924700165,9.009700012,163.7187347,191.4056549,161.0435333,160.1052094,277.2882996,147.6854095,140.1274414,0,0,0.001645371,0.000179713
2020-11-27,14:04:47,5.925099945,9.010399628,163.7187347,191.434433,161.0410461,160.1042175,277.290863,147.6965027,140.1179199,0,0,0.001645371,0.000179713
2020-11-27,14:04:48,5.925699997,9.011100006,163.7187347,191.4626923,161.0403442,160.1038666,277.2917786,147.7083588,140.1076965,0,0,0.001645371,0.000179713
2020-11-27,14:04:49,5.926100159,9.011699677,163.7187347,191.4920807,161.0380859,160.1031342,277.2937927,147.7196808,140.0979156,0,0,0.001645371,0.000179743
2020-11-27,14:04:50,5.926699829,9.01230011,163.7187347,191.5221405,161.0373077,160.1026001,277.2953796,147.7310333,140.088089,0,0,0.001653676,0.000179743
2020-11-27,14:04:51,5.927099991,9.01289978,163.7187347,191.5494537,161.0356293,160.1019287,277.2971191,147.7412262,140.0793152,0,0,0.001653676,0.000179743
2020-11-27,14:04:52,5.927799988,9.013300323,163.7187347,191.57901,161.033783,160.1014862,277.2984314,147.7528534,140.0693054,0,0,0.001653676,0.000179743
2020-11-27,14:04:53,5.928099823,9.013800049,163.7187347,191.6072083,161.0321045,160.1011658,277.2991638,147.7637024,140.059967,0,0,0.001653676,0.000179798
2020-11-27,14:04:54,5.92859993,9.014199829,163.7187347,191.6361542,161.0296631,160.1001434,277.302002,147.7744446,140.0507202,0,0,0.001653676,0.000179796
2020-11-27,14:04:55,5.929199982,9.014499664,163.7187347,191.665741,161.0288391,160.0996552,277.3034058,147.7843628,140.0421448,0,0,0.001653676,0.000179796
2020-11-27,14:04:56,5.929700089,9.014800262,163.7187347,191.6930084,161.0262909,160.0990143,277.3050232,147.7949982,140.0331116,0,0,0.001653676,0.000179796
2020-11-27,14:04:57,5.93030014,9.015100098,163.7187347,191.7229919,161.0251007,160.0983582,277.3068848,147.8058319,140.0238037,0,0,0.001653676,0.000179796
2020-11-27,14:04:58,5.930699921,9.015399933,163.7187347,191.7505646,161.0248108,160.0978699,277.3083801,147.8156433,140.0153656,0,0,0.001653676,0.000179796
2020-11-27,14:04:59,5.931299973,9.015599823,163.7187347,191.7773438,161.0225677,160.0971527,277.3102722,147.8252869,140.0070648,0,0,0.001653676,0.000179796
2020-11-27,14:05:00,5.931800079,9.015799713,163.7187347,191.8044739,161.0214233,160.0966949,277.311554,147.8354034,139.9991302,0,0,0.001653676,0.000179796
2020-11-27,14:05:01,5.932300186,9.016000366,163.7187347,191.8334656,161.019455,160.0957184,277.3141174,147.8454742,139.989624,0,0,0.001653676,0.000179796
2020-11-27,14:05:02,5.932899857,9.016100311,163.7187347,191.861908,161.0178833,160.095459,277.3148193,147.8544312,139.9819794,0,0,0.001653676,0.000179796
2020-11-27,14:05:03,5.933300018,9.016300201,163.7187347,191.8907318,161.0161285,160.0947571,277.3167419,147.8638763,139.9738159,0,0,0.001653676,0.000179796
2020-11-27,14:05:04,5.93370018,9.016400146,163.7187347,191.9176331,161.0164948,160.0942078,277.3183594,147.8739319,139.9652557,0,0,0.001653676,0.000179796
2020-11-27,14:05:05,5.934400177,9.016500092,163.7187347,191.9444275,161.0140076,160.0935822,277.3199158,147.8830109,139.9573517,0,0,0.001653676,0.000179796
2020-11-27,14:05:06,5.935100174,9.016500092,163.7187347,191.9729767,161.0134888,160.092865,277.3219299,147.8922424,139.9494476,0,0,0.001652627,0.000179796
2020-11-27,14:05:07,5.935599899,9.016500092,163.7187347,191.9996643,161.0116272,160.0922546,277.3237,147.9016113,139.9414215,0,0,0.001652627,0.000179796
2020-11-27,14:05:08,5.935900116,9.016600037,163.7197876,192.0281982,161.0101318,160.0914001,277.3258667,147.9108429,139.9334259,0,0,0.001652627,0.000179796
2020-11-27,14:05:09,5.936299896,9.016500092,163.7197876,192.0544128,161.0093384,160.0908661,277.3275452,147.9189758,139.9264374,0,0,0.001652627,0.000179796
2020-11-27,14:05:10,5.937099838,9.016500092,163.7197876,192.0808411,161.0074615,160.0905304,277.3283997,147.9278259,139.9188538,0,0,0.001652627,0.000179796
2020-11-27,14:05:11,5.9375,9.016400146,163.7187805,192.1086121,161.005722,160.0898743,277.3301086,147.9376526,139.9104004,0,0,0.001652627,0.000179796
2020-11-27,14:05:12,5.938000107,9.016400146,163.7187805,192.1352234,161.0041962,160.0892639,277.3319092,147.9455261,139.903595,0,0,0.001652627,0.000179796
2020-11-27,14:05:13,5.938600159,9.016300201,163.7187805,192.1632538,161.0028992,160.0884247,277.334198,147.9545593,139.8959198,0,0,0.001652627,0.000179796
2020-11-27,14:05:14,5.939199829,9.016200256,163.7187805,192.1901398,161.0015564,160.0879059,277.3355713,147.9627686,139.8888397,0,0,0.001652627,0.000179796
2020-11-27,14:05:15,5.939500046,9.016100311,163.7187805,192.2161865,161.0010376,160.0869141,277.3381042,147.9711914,139.8816986,0,0,0.001652627,0.000179796
2020-11-27,14:05:16,5.940100098,9.016000366,163.7197876,192.2414246,160.9996033,160.0870361,277.3382568,147.9794312,139.874588,0,0,0.001652627,0.000179836
2020-11-27,14:05:17,5.940599823,9.015899658,163.7197876,192.2679291,160.9998779,160.0857544,277.3415527,147.9871063,139.8679657,0,0,0.001652627,0.000179836
2020-11-27,14:05:18,5.94129982,9.015799713,163.7197876,192.2961273,160.9984436,160.0852203,277.3430176,147.9953461,139.8609161,0,0,0.001652627,0.000179836
2020-11-27,14:05:19,5.941600037,9.015599823,163.7197876,192.321701,160.9963074,160.0843048,277.3453979,148.0039368,139.8534851,0,0,0.001652627,0.000179836
2020-11-27,14:05:20,5.942100143,9.015399933,163.7197876,192.3468933,160.9960327,160.083847,277.3466797,148.0112762,139.8472443,0,0,0.001652627,0.000179728
2020-11-27,14:05:21,5.942499924,9.015299988,163.7197876,192.3723602,160.9942627,160.0830841,277.3488159,148.0193329,139.8403625,0,0,0.001652627,0.000179728
2020-11-27,14:05:22,5.94280014,9.015100098,163.7197876,192.400116,160.993927,160.0820923,277.351593,148.0278168,139.8330536,0,0,0.001652627,0.000179728
2020-11-27,14:05:23,5.943500137,9.014900208,163.7197876,192.4256744,160.9914398,160.0817108,277.3526917,148.0349731,139.8268738,0,0,0.001652627,0.000179728
2020-11-27,14:05:24,5.943999863,9.014700317,163.7197876,192.4518433,160.990097,160.0809784,277.3544617,148.0429382,139.8200836,0,0,0.001652627,0.000179728
2020-11-27,14:05:25,5.944599915,9.014499664,163.7197876,192.4768829,160.989975,160.0799255,277.3573914,148.0500946,139.8139038,0,0,0.001716792,0.000179731
2020-11-27,14:05:26,5.945299911,9.014299774,163.7197876,192.5037231,160.98909,160.0795898,277.3583374,148.057785,139.8072968,0,0,0.001716792,0.000179731
2020-11-27,14:05:27,5.945700073,9.014099884,163.7197876,192.5280151,160.9883423,160.0787659,277.3604431,148.0648499,139.8011932,0,0,0.001716792,0.000179781
2020-11-27,14:05:28,5.946099854,9.013899994,163.7197876,192.5534821,160.9870148,160.0783691,277.3616333,148.0723724,139.7948456,0,0,0.001709274,0.000179781
2020-11-27,14:05:29,5.946900177,9.013700104,163.7197876,192.5776367,160.9866638,160.0776825,277.3633728,148.0789948,139.7896271,0,0,0.001709274,0.000179781
2020-11-27,14:05:30,5.947299957,9.013400269,163.7197876,192.6029663,160.9844818,160.0769196,277.3655396,148.0867767,139.7824249,0,0,0.001709274,0.000179731
2020-11-27,14:05:31,5.947700119,9.013200378,163.7197876,192.6283875,160.9833221,160.0759125,277.3683167,148.0935974,139.7765808,0,0,0.001709274,0.000179731
2020-11-27,14:05:32,5.948099899,9.01289978,163.7197876,192.6537933,160.9831238,160.0750885,277.3705139,148.1012115,139.7700348,0,0,0.001709274,0.000179731
2020-11-27,14:05:33,5.948600006,9.01269989,163.7197876,192.6805725,160.9821014,160.0743713,277.3726501,148.1082764,139.7639618,0,0,0.001709274,0.000179731
2020-11-27,14:05:34,5.948899841,9.012400055,163.7197876,192.702713,160.9799805,160.0736389,277.3745422,148.1145477,139.7586365,0,0,0.001709274,0.000179755
2020-11-27,14:05:35,5.949200058,9.01210022,163.7197876,192.7272491,160.9794312,160.0726929,277.3771973,148.1209869,139.7531281,0,0,0.001709274,0.000179755
2020-11-27,14:05:36,5.950099945,9.01190033,163.7197876,192.7534485,160.9785919,160.0722961,277.3782959,148.1283112,139.7468567,0,0,0.001709274,0.000179671
2020-11-27,14:05:37,5.950400162,9.011599731,163.7197876,192.7763214,160.9782257,160.071228,277.3813171,148.1353912,139.7410126,0,0,0.001709274,0.000179671
2020-11-27,14:05:38,5.950999832,9.011299896,163.7207947,192.8009186,160.9773102,160.0704346,277.3834534,148.1411438,139.7359467,0,0,0.001709274,0.000179671
2020-11-27,14:05:39,5.951399994,9.011100006,163.7207947,192.8243408,160.9759216,160.0692291,277.3866577,148.1476746,139.7302246,0,0,0.001709274,0.000179671
2020-11-27,14:05:40,5.951800156,9.010800171,163.7207947,192.848938,160.9754639,160.0689087,277.3875427,148.1547546,139.7242126,0,0,0.001709274,0.000179699
2020-11-27,14:05:41,5.952399826,9.010600281,163.7207947,192.8726501,160.9749603,160.0683594,277.3890991,148.1611786,139.7187195,0,0,0.001709274,0.000179893
2020-11-27,14:05:42,5.952799988,9.010299683,163.7207947,192.8977051,160.9736328,160.067276,277.3920898,148.1671753,139.7135315,0,0,0.001721774,0.000179973
2020-11-27,14:05:43,5.95340004,9.010099792,163.7207947,192.9196167,160.973114,160.0663147,277.3945618,148.1737366,139.7082672,0,0,0.001721774,0.000179973
2020-11-27,14:05:44,5.95359993,9.009799957,163.7207947,192.9439087,160.9732819,160.065506,277.3970032,148.1792603,139.7031708,0,0,0.001711634,0.000179753
2020-11-27,14:05:45,5.953900146,9.009600067,163.7207947,192.966217,160.9706268,160.065033,277.3981628,148.1855469,139.6978149,0,0,0.001711634,0.000179753
2020-11-27,14:05:46,5.954600143,9.009300232,163.7207947,192.9916992,160.9701385,160.06427,277.4002991,148.1915436,139.692627,0,0,0.001711634,0.000179753
2020-11-27,14:05:47,5.954999924,9.009100342,163.7207947,193.0145111,160.969696,160.0635986,277.4021912,148.1982422,139.6869354,0,0,0.001711634,0.000179753
2020-11-27,14:05:48,5.95530014,9.008799744,163.7207947,193.0379486,160.9690857,160.0625153,277.4051819,148.2041626,139.681839,0,0,0.001711634,0.000179753
2020-11-27,14:05:49,5.955699921,9.008599854,163.7207947,193.0611572,160.9692993,160.0618286,277.407074,148.2092743,139.677475,0,0,0.001711634,0.000179753
2020-11-27,14:05:50,5.956299973,9.008300018,163.7207947,193.0849152,160.969223,160.0610046,277.4093018,148.2157135,139.6720123,0,0,0.001711634,0.000179753
2020-11-27,14:05:51,5.956700134,9.008000183,163.7207947,193.1062164,160.9681549,160.0599976,277.4120483,148.2219238,139.6666718,0,0,0.001722386,0.000179833
2020-11-27,14:05:52,5.957099915,9.007800293,163.7218018,193.1285706,160.9689331,160.0593262,277.4140015,148.2270966,139.6621704,0,0,0.001722386,0.000179833
2020-11-27,14:05:53,5.957500076,9.00759964,163.7218018,193.151123,160.9685059,160.0581818,277.4171753,148.2332001,139.6570282,0,0,0.001722386,0.000179833
2020-11-27,14:05:54,5.958000183,9.007299805,163.7218018,193.1745148,160.9686737,160.0575104,277.4189148,148.2387238,139.6522369,0,0,0.001722386,0.000179833
2020-11-27,14:05:55,5.958399963,9.007099915,163.7218018,193.1983185,160.9693604,160.0566559,277.4212646,148.2441101,139.6475983,0,0,0.001722386,0.000179833
2020-11-27,14:05:56,5.958800125,9.006800079,163.7207031,193.2196045,160.9696045,160.0557404,277.4237366,148.2492218,139.6432648,0,0,0.001722386,0.000179833
2020-11-27,14:05:57,5.959400177,9.006600189,163.7207031,193.2417145,160.9689636,160.0542908,277.4276733,148.2555847,139.6378021,0,0,0.001722386,0.000179833
2020-11-27,14:05:58,5.959899902,9.006300354,163.7207031,193.2644653,160.9707947,160.053833,277.4289856,148.2610474,139.6331482,0,0,0.001722386,0.000179833
2020-11-27,14:05:59,5.960100174,9.006099701,163.7207031,193.2845917,160.9714203,160.0532227,277.4306641,148.265625,139.6292572,0,0,0.001722386,0.000179833
2020-11-27,14:06:00,5.960499954,9.005799866,163.7217255,193.3070679,160.9703369,160.0519867,277.4339294,148.2717896,139.6240082,0,0,0.001722386,0.000179833
2020-11-27,14:06:01,5.960800171,9.005599976,163.7217255,193.3288116,160.9714508,160.0507355,277.4375916,148.2776337,139.6190338,0,0,0.001722386,0.000179833
2020-11-27,14:06:02,5.961299896,9.005400085,163.7217255,193.3517914,160.9710999,160.0502319,277.4388733,148.282547,139.6148071,0,0,0.001722386,0.000179748
2020-11-27,14:06:03,5.961600113,9.00510025,163.7207184,193.3719635,160.9730682,160.0491486,277.4417725,148.287674,139.6104431,0,0,0.001722386,0.000179748
2020-11-27,14:06:04,5.962099838,9.00490036,163.7217712,193.3946228,160.9737091,160.0484314,277.4437866,148.2925262,139.606308,0,0,0.001722386,0.000179748
2020-11-27,14:06:05,5.96269989,9.004599762,163.7217712,193.4151001,160.974472,160.0474396,277.4465027,148.2980652,139.601532,0,0,0.001722386,0.000179748
2020-11-27,14:06:06,5.963100052,9.004399872,163.7217712,193.4361877,160.974762,160.0465088,277.4490967,148.3031616,139.5972137,0,0,0.001722386,0.000179748
2020-11-27,14:06:07,5.963399887,9.004100037,163.7217712,193.4562225,160.9744263,160.0456543,277.4515076,148.3083496,139.5927429,0,0,0.001722386,0.000179748
2020-11-27,14:06:08,5.963999939,9.003900146,163.7217712,193.4776611,160.9762268,160.0446167,277.4541626,148.312912,139.5887604,0,0,0.001722386,0.000179748
2020-11-27,14:06:09,5.964300156,9.003700256,163.7217712,193.499649,160.9767914,160.0437927,277.4566345,148.318924,139.5836792,0,0,0.001722386,0.000179748
2020-11-27,14:06:10,5.964500046,9.003500366,163.7217712,193.519577,160.9784393,160.0430145,277.4587097,148.3227997,139.5804138,0,0,0.001722386,0.000179748
2020-11-27,14:06:11,5.965000153,9.003199768,163.7217712,193.5404205,160.9780426,160.0413971,277.4630737,148.3275452,139.5763702,0,0,0.001722386,0.000179804
2020-11-27,14:06:12,5.965499878,9.002999878,163.7217712,193.5611877,160.9798889,160.0410004,277.4641113,148.3326721,139.5719299,0,0,0.001722386,0.000179804
2020-11-27,14:06:13,5.96570015,9.002799988,163.7217712,193.5809326,160.9797058,160.0400543,277.4667664,148.3377686,139.567627,0,0,0.001722386,0.000179804
2020-11-27,14:06:14,5.96629982,9.002500153,163.7217712,193.6005859,160.9806061,160.0393524,277.4688416,148.3419647,139.5639648,0,0,0.001741706,0.000179752
2020-11-27,14:06:15,5.966500092,9.002300262,163.7217712,193.6206818,160.9812775,160.0379944,277.4724731,148.3473511,139.5593719,0,0,0.001741706,0.000179752
2020-11-27,14:06:16,5.967100143,9.001999664,163.7217712,193.6421509,160.9820404,160.0374451,277.473877,148.3522949,139.5551453,0,0,0.001741706,0.000179779
2020-11-27,14:06:17,5.967399979,9.001799774,163.7227936,193.6618347,160.9836121,160.0362244,277.4772644,148.3564911,139.5515594,0,0,0.001741706,0.000179779
2020-11-27,14:06:18,5.96780014,9.001599884,163.7227936,193.6807861,160.9842682,160.0351105,277.4802856,148.3613434,139.5474243,0,0,0.001741706,0.000179779
2020-11-27,14:06:19,5.968199921,9.001399994,163.7227936,193.7005157,160.9847107,160.0343323,277.4824219,148.366272,139.5431824,0,0,0.001741706,0.000179779
2020-11-27,14:06:20,5.968700027,9.001200104,163.7227936,193.7196808,160.9858704,160.0337219,277.4841919,148.370285,139.5397797,0,0,0.001741706,0.000179779
2020-11-27,14:06:21,5.968899918,9.001000214,163.7227936,193.7383118,160.986969,160.0326843,277.48703,148.3750458,139.5357513,0,0,0.001741706,0.000179779
2020-11-27,14:06:22,5.969300079,9.000800323,163.7227936,193.7582397,160.9878082,160.0316162,277.4898987,148.3789825,139.5323181,0,0,0.001741706,0.000179779
2020-11-27,14:06:23,5.970000076,9.00059967,163.7227936,193.7771759,160.9883118,160.0310516,277.4915466,148.3833008,139.528717,0,0,0.001741706,0.000179779
2020-11-27,14:06:24,5.970299911,9.00039978,163.7227936,193.7961426,160.9889679,160.0295105,277.4957275,148.3883209,139.524353,0,0,0.001741706,0.000179779
2020-11-27,14:06:25,5.970500183,9.00019989,163.7227936,193.8141327,160.9899445,160.0287323,277.4979248,148.3926392,139.5206757,0,0,0.001741706,0.000179779
2020-11-27,14:06:26,5.97120018,9.0,163.7227936,193.8344421,160.9909973,160.0277252,277.5005188,148.3972931,139.5166931,0,0,0.001741706,0.000179779
2020-11-27,14:06:27,5.97140007,8.99980011,163.7227936,193.8518677,160.9921112,160.0266113,277.5036621,148.4013214,139.5131989,0,0,0.001741706,0.000179779
2020-11-27,14:06:28,5.972000122,8.99960022,163.7227936,193.8690948,160.9932709,160.0259857,277.5053101,148.4049988,139.5100708,0,0,0.001741706,0.000179779
2020-11-27,14:06:29,5.972299957,8.99940033,163.7227936,193.8860779,160.9937134,160.0250092,277.5081177,148.4090424,139.5066528,0,0,0.001741706,0.000179779
2020-11-27,14:06:30,5.972800064,8.999299622,163.7227936,193.9063263,160.9944153,160.0241241,277.510498,148.4136353,139.5027466,0,0,0.001741706,0.000179779
2020-11-27,14:06:31,5.973300171,8.999099731,163.7227936,193.9246826,160.9960785,160.0231171,277.5132446,148.417572,139.4993591,0,0,0.001741706,0.000179779
2020-11-27,14:06:32,5.973600006,8.998899841,163.7227936,193.9413147,160.9970856,160.0223999,277.5152283,148.4219818,139.4955597,0,0,0.001741706,0.000179779
2020-11-27,14:06:33,5.973899841,8.998699951,163.7227936,193.9588318,160.9974518,160.0216827,277.5171814,148.425705,139.4925079,0,0,0.001741706,0.000179779
2020-11-27,14:06:34,5.974300003,8.998500061,163.7239227,193.9771118,160.9980469,160.0203857,277.5206299,148.4297485,139.4889984,0,0,0.001741706,0.000179779
2020-11-27,14:06:35,5.974599838,8.998300171,163.7239227,193.9937286,160.9993591,160.019104,277.5242615,148.4336853,139.4857025,0,0,0.001741706,0.000179779
2020-11-27,14:06:36,5.97519989,8.998100281,163.7239227,194.0101013,160.9987793,160.0185089,277.526001,148.4376373,139.4823151,0,0,0.001741706,0.000179779
2020-11-27,14:06:37,5.975500107,8.998000336,163.7239227,194.0281982,161.0007935,160.0175629,277.5285339,148.4423065,139.4782867,0,0,0.001741706,0.000179779
2020-11-27,14:06:38,5.975899887,8.997799683,163.7239227,194.0449829,161.0011292,160.0165558,277.5313416,148.4455414,139.4755859,0,0,0.001741706,0.000179779
2020-11-27,14:06:39,5.976200104,8.997599792,163.7239227,194.0619354,161.0015717,160.0154114,277.5344849,148.4492035,139.4723816,0,0,0.001741706,0.000179779
2020-11-27,14:06:40,5.976699829,8.997399902,163.7239227,194.0787506,161.0030823,160.0143585,277.537323,148.453598,139.468689,0,0,0.001759364,0.000179744
2020-11-27,14:06:41,5.977099991,8.997299957,163.7239227,194.0966797,161.0045929,160.0138092,277.5388489,148.4576569,139.4651947,0,0,0.001759364,0.000179829
2020-11-27,14:06:42,5.977399826,8.997100067,163.7239227,194.1106415,161.0049133,160.0129852,277.5411987,148.4612579,139.4621582,0,0,0.001759364,0.000179829
2020-11-27,14:06:43,5.977999878,8.996900177,163.7249603,194.1277008,161.0061188,160.0117493,277.5444336,148.4650269,139.4589844,0,0,0.001759364,0.000179829
2020-11-27,14:06:44,5.977899933,8.996800232,163.7249603,194.1436157,161.0065765,160.0119019,277.5447083,148.4680481,139.4563904,0,0,0.001759364,0.000179829
2020-11-27,14:06:45,5.978499985,8.996600342,163.7249603,194.1599579,161.00737,160.0101318,277.5489502,148.4720917,139.4529266,0,0,0.001759364,0.000179748
2020-11-27,14:06:46,5.979000092,8.996399689,163.7249603,194.176178,161.0078278,160.0094757,277.5507507,148.4758453,139.4496918,0,0,0.001759364,0.000179748
2020-11-27,14:06:47,5.979399872,8.996299744,163.7239532,194.1916962,161.0097198,160.0079193,277.5549622,148.4799042,139.4462433,0,0,0.001759364,0.000179748
2020-11-27,14:06:48,5.979800034,8.996099854,163.7239532,194.2067261,161.0100708,160.0068054,277.558197,148.4829254,139.443573,0,0,0.001722474,0.000179748
2020-11-27,14:06:49,5.980199814,8.995999908,163.7239532,194.2228394,161.0104218,160.006485,277.5589905,148.4874573,139.4398041,0,0,0.001748437,0.000179748
2020-11-27,14:06:50,5.980500031,8.995800018,163.7249603,194.2368622,161.0112305,160.0050964,277.5627747,148.4904633,139.4372101,0,0,0.001748437,0.000179748
2020-11-27,14:06:51,5.981100082,8.995700073,163.7249603,194.2535553,161.0117645,160.0046387,277.5639038,148.4942474,139.4339447,0,0,0.001748437,0.000179748
2020-11-27,14:06:52,5.981499863,8.995500183,163.7249603,194.2670898,161.0126495,160.0035706,277.566803,148.4972839,139.4313354,0,0,0.001748437,0.000179881
2020-11-27,14:06:53,5.981299973,8.995400238,163.7249603,194.2819824,161.0145111,160.002533,277.5696411,148.5007935,139.42836,0,0,0.001748437,0.000179881
2020-11-27,14:06:54,5.981900024,8.995200348,163.7249603,194.2971497,161.0138702,160.0013275,277.5730896,148.5050049,139.4247894,0,0,0.001748437,0.000179881
2020-11-27,14:06:55,5.982099915,8.99509964,163.7259827,194.3113556,161.0158081,160.0009308,277.5743408,148.5078888,139.422287,0,0,0.001748437,0.000179881
2020-11-27,14:06:56,5.982500076,8.994999695,163.7259827,194.3251953,161.0160675,159.9999084,277.5769043,148.511734,139.4190216,0,0,0.001748437,0.000179829
2020-11-27,14:06:57,5.983000183,8.995500183,163.7249603,194.3394165,161.0168457,159.9990387,277.5793762,148.5143433,139.4167786,0,0,0.001748437,0.000179829
2020-11-27,14:06:58,5.983300018,8.997799683,163.7249603,194.3534088,161.0177002,159.9983826,277.5812073,148.5181122,139.4135895,0,0,0.001748437,0.000179829
2020-11-27,14:06:59,5.983800125,9.00019989,163.7249603,194.3675232,161.0187073,159.996933,277.5852356,148.5220642,139.4102478,0,0,0.001748437,0.000179829
2020-11-27,14:07:00,5.98429985,9.002700043,163.7249603,194.3820801,161.0203552,159.9962463,277.5869751,148.5248413,139.4078674,0,0,0.001748437,0.000179829
2020-11-27,14:07:01,5.984600067,9.004799652,163.7249603,194.3926849,161.0197144,159.9959106,277.5879517,148.5279846,139.4051514,0,0,0.001748437,0.000179829
2020-11-27,14:07:02,5.985200119,9.006999969,163.7259827,194.4081726,161.0215149,159.9947052,277.591217,148.5315094,139.4021912,0,0,0.001778771,0.000179829
2020-11-27,14:07:03,5.985499954,9.009100342,163.7259827,194.4211273,161.021225,159.993927,277.5934753,148.5348816,139.3992767,0,0,0.001793369,0.000179829
2020-11-27,14:07:04,5.986000061,9.011000061,163.7259827,194.4343109,161.0222931,159.9928436,277.5960693,148.5378571,139.3967438,0,0,0.001793369,0.000179792
2020-11-27,14:07:05,5.986500168,9.012799835,163.7259827,194.4468231,161.0232849,159.9922028,277.598114,148.541275,139.3938293,0,0,0.001793369,0.000179792
2020-11-27,14:07:06,5.987200165,9.014600372,163.7259827,194.4610138,161.0225677,159.9916992,277.5996094,148.5449371,139.3907318,0,0,0.001793369,0.000179792
2020-11-27,14:07:07,5.987599945,9.016300201,163.7259827,194.472641,161.0246124,159.9905548,277.6026917,148.5479126,139.3881378,0,0,0.001793369,0.000179792
2020-11-27,14:07:08,5.988100052,9.01780014,163.7259827,194.484848,161.0255737,159.9896393,277.6051025,148.5511475,139.3854523,0,0,0.001793369,0.000179792
2020-11-27,14:07:09,5.988700104,9.019300079,163.7259827,194.4965363,161.0260468,159.9892578,277.6062012,148.5540161,139.3829803,0,0,0.001793369,0.000179792
2020-11-27,14:07:10,5.989300156,9.020800018,163.7259827,194.5092468,161.0270081,159.9884796,277.60849,148.5565033,139.3808441,0,0,0.001793369,0.000179792
2020-11-27,14:07:11,5.989599991,9.022200012,163.7259827,194.5208435,161.0281982,159.9877625,277.610321,148.5592957,139.3784943,0,0,0.001793369,0.000179792
2020-11-27,14:07:12,5.990100098,9.023400116,163.7259827,194.5338898,161.0285645,159.9871979,277.6118774,148.5619202,139.3761749,0,0,0.001793369,0.000179792
2020-11-27,14:07:13,5.99070015,9.024700165,163.7259827,194.5444946,161.0281982,159.9864349,277.6139526,148.5648651,139.3736725,0,0,0.001793369,0.000179792
2020-11-27,14:07:14,5.991400146,9.025900269,163.7259827,194.5553589,161.0296326,159.986084,277.6149902,148.5683899,139.3707123,0,0,0.001793369,0.000179792
2020-11-27,14:07:15,5.991799927,9.027100372,163.7259827,194.5688629,161.0311127,159.9848175,277.6184998,148.5710602,139.3684387,0,0,0.001793369,0.000179792
2020-11-27,14:07:16,5.992200089,9.028099823,163.7259827,194.578125,161.0315857,159.9844818,277.6192932,148.5731354,139.3666077,0,0,0.001793369,0.000179792
2020-11-27,14:07:17,5.992900085,9.029100037,163.7259827,194.58815,161.0327301,159.9837189,277.6215515,148.5757446,139.3644257,0,0,0.001793369,0.000180046
2020-11-27,14:07:18,5.993299866,9.030000305,163.7270203,194.6006012,161.0328827,159.9830017,277.6235657,148.5787811,139.3618164,0,0,0.001793369,0.000179939
2020-11-27,14:07:19,5.993899918,9.030899811,163.7270203,194.6109772,161.0339203,159.9824066,277.625,148.5814667,139.3595123,0,0,0.001793369,0.000179939
2020-11-27,14:07:20,5.994599915,9.031800079,163.7270203,194.6205292,161.0335236,159.9819336,277.6262512,148.5840759,139.3574066,0,0,0.001793369,0.000179939
2020-11-27,14:07:21,5.995299911,9.03259964,163.7270203,194.6309052,161.035202,159.9818115,277.6266785,148.5862274,139.355545,0,0,0.001793369,0.000179939
2020-11-27,14:07:22,5.995999908,9.033399963,163.7270203,194.6419525,161.0364227,159.9806519,277.6296997,148.5886688,139.3534393,0,0,0.001793369,0.000179939
2020-11-27,14:07:23,5.996500015,9.034100342,163.7270203,194.6513214,161.0368652,159.9799957,277.6316528,148.5910034,139.3515015,0,0,0.001793369,0.000179939
2020-11-27,14:07:24,5.997000122,9.034799957,163.7259979,194.6604156,161.0372925,159.9791565,277.6338196,148.5932465,139.3495636,0,0,0.001793369,0.000179939
2020-11-27,14:07:25,5.997700119,9.035500336,163.7271118,194.6701965,161.0375519,159.9794922,277.6328735,148.5962067,139.3470154,0,0,0.001793369,0.000179939
2020-11-27,14:07:26,5.998199844,9.036100006,163.7271118,194.6788788,161.0385437,159.9786987,277.6350708,148.5987396,139.3448639,0,0,0.001793369,0.000179822
2020-11-27,14:07:27,5.998799896,9.036699677,163.7271118,194.6887512,161.0394135,159.9779816,277.6369629,148.6003418,139.3435974,0,0,0.001793369,0.000179822
2020-11-27,14:07:28,5.999399948,9.037200165,163.7271118,194.6979675,161.0395813,159.9774933,277.6383057,148.6028595,139.3413849,0,0,0.001793369,0.000179936
2020-11-27,14:07:29,6.000099945,9.03769989,163.7271118,194.7065887,161.0407715,159.9768066,277.6401672,148.6051025,139.3395081,0,0,0.001777372,0.000179936
2020-11-27,14:07:30,6.000799942,9.038300323,163.7281799,194.716095,161.0418701,159.9764862,277.6411743,148.6068115,139.338028,0,0,0.001777372,0.000179936
2020-11-27,14:07:31,6.001399994,9.038700104,163.7281799,194.7237549,161.0428009,159.9761505,277.6420898,148.6096802,139.3355713,0,0,0.001777372,0.000179936
2020-11-27,14:07:32,6.002199936,9.039199829,163.7281799,194.7324829,161.0438385,159.9754486,277.644043,148.6116638,139.3339691,0,0,0.001777372,0.000179936
2020-11-27,14:07:33,6.002799988,9.039600372,163.7271423,194.7398071,161.0440216,159.974823,277.6458435,148.6143341,139.3316345,0,0,0.001777372,0.000179702
2020-11-27,14:07:34,6.003300095,9.040000153,163.7281647,194.7473602,161.0438385,159.9741974,277.6473999,148.6169434,139.3293915,0,0,0.001777372,0.000179702
2020-11-27,14:07:35,6.003900146,9.040399933,163.7281647,194.7559204,161.044342,159.9738159,277.6484985,148.6181946,139.3283691,0,0,0.001777372,0.000179702
2020-11-27,14:07:36,6.004600143,9.040699768,163.7271271,194.7632599,161.0455933,159.9736023,277.6491394,148.6205292,139.3263245,0,0,0.001777372,0.000179702
2020-11-27,14:07:37,6.005199814,9.041000366,163.7271271,194.7705841,161.0461578,159.9730988,277.6504517,148.6229553,139.3243256,0,0,0.001777372,0.000179702
2020-11-27,14:07:38,6.005699921,9.041300201,163.7281494,194.776535,161.0465698,159.972702,277.6517029,148.624939,139.3225861,0,0,0.001777372,0.000179702
2020-11-27,14:07:39,6.006399918,9.041600037,163.7281494,194.7836914,161.0480957,159.972168,277.6531067,148.6270752,139.3207397,0,0,0.001777372,0.000179702
2020-11-27,14:07:40,6.00719986,9.041899872,163.7281494,194.7907562,161.0484009,159.9716034,277.6545105,148.6289673,139.3190918,0,0,0.001777372,0.000179702
2020-11-27,14:07:41,6.007799911,9.042099762,163.7281494,194.7963257,161.0493317,159.9708252,277.6567688,148.6314087,139.3170624,0,0,0.001777372,0.000179702
2020-11-27,14:07:42,6.008499908,9.04240036,163.7281494,194.8028412,161.050766,159.9709778,277.6562805,148.6334534,139.3153076,0,0,0.001777372,0.000179882
2020-11-27,14:07:43,6.009199905,9.042500305,163.7291565,194.8087158,161.0511627,159.9702148,277.6583557,148.6349792,139.3140106,0,0,0.001777372,0.000179882
2020-11-27,14:07:44,6.009899902,9.042700195,163.7291565,194.8148346,161.0520172,159.9698792,277.6593628,148.6378632,139.3115082,0,0,0.001777372,0.000179882
2020-11-27,14:07:45,6.010300064,9.043000031,163.7281036,194.8200378,161.0535431,159.9693451,277.6608276,148.6395569,139.3100891,0,0,0.001777372,0.000179882
2020-11-27,14:07:46,6.010900116,9.042900085,163.7281036,194.8255463,161.0536499,159.9688873,277.6620178,148.6418915,139.3080902,0,0,0.001777372,0.000179882
2020-11-27,14:07:47,6.011600113,9.043199921,163.7281036,194.8309479,161.0547791,159.9683228,277.6635742,148.6441345,139.3062134,0,0,0.001777372,0.000179882
2020-11-27,14:07:48,6.012200165,9.043399811,163.7281036,194.8362427,161.0554504,159.9682007,277.6639404,148.6464844,139.304245,0,0,0.001788299,0.000179882
2020-11-27,14:07:49,6.012799835,9.043499756,163.7281036,194.8406677,161.0574036,159.9678802,277.6648865,148.6478424,139.303009,0,0,0.001788299,0.000179882
2020-11-27,14:07:50,6.013399887,9.043599701,163.7281036,194.8452759,161.0582733,159.9672546,277.6664429,148.6507111,139.3006439,0,0,0.001788299,0.000179882
2020-11-27,14:07:51,6.014099884,9.043699646,163.7281036,194.8493042,161.0587769,159.9667206,277.6679993,148.6522369,139.2993317,0,0,0.001788299,0.000179882
2020-11-27,14:07:52,6.014599991,9.043800354,163.7281036,194.8528595,161.0602417,159.9665985,277.6682434,148.6545715,139.2973328,0,0,0.001788299,0.000179882
2020-11-27,14:07:53,6.015299988,9.043900299,163.7281036,194.8571014,161.0615387,159.9660492,277.6698303,148.6568146,139.2954407,0,0,0.001788299,0.000179882
2020-11-27,14:07:54,6.015999985,9.044000244,163.7281036,194.8616638,161.0631104,159.9657593,277.6705933,148.6583405,139.2940979,0,0,0.001778333,0.000179882
2020-11-27,14:07:55,6.016600037,9.044100189,163.7281036,194.8647919,161.0641327,159.9649353,277.6729736,148.6607666,139.292099,0,0,0.001778333,0.000179882
2020-11-27,14:07:56,6.017300034,9.044200134,163.7281036,194.8679504,161.0659637,159.9647675,277.6733704,148.6628418,139.2902527,0,0,0.001778333,0.0001801
2020-11-27,14:07:57,6.017900085,9.044200134,163.7281036,194.8717957,161.0661621,159.9640961,277.6752319,148.6649933,139.2884827,0,0,0.001778333,0.0001801
2020-11-27,14:07:58,6.018700027,9.044300079,163.7291412,194.8745422,161.0679169,159.9637756,277.6760559,148.6671295,139.2866516,0,0,0.001778333,0.0001801
2020-11-27,14:07:59,6.019200134,9.044300079,163.7291412,194.8758698,161.0690918,159.9632721,277.6774902,148.6688538,139.2851257,0,0,0.001778333,0.0001801
2020-11-27,14:08:00,6.020000076,9.044300079,163.7291412,194.8786774,161.06987,159.9629517,277.6783447,148.6705627,139.2837372,0,0,0.001778333,0.0001801
2020-11-27,14:08:01,6.020600128,9.044400024,163.7291412,194.8806458,161.0716095,159.9624481,277.6799011,148.6734314,139.2812042,0,0,0.001778333,0.0001801
2020-11-27,14:08:02,6.021300125,9.044400024,163.7291412,194.8827972,161.0727844,159.9620667,277.6808472,148.6753235,139.2796478,0,0,0.001778333,0.0001801
2020-11-27,14:08:03,6.021900177,9.044400024,163.7291412,194.8835907,161.0740967,159.961731,277.6816711,148.6772003,139.2780151,0,0,0.001778333,0.0001801
2020-11-27,14:08:04,6.022600174,9.044400024,163.7291412,194.8859863,161.0749054,159.9613495,277.6828003,148.6793671,139.2762451,0,0,0.001778333,0.0001801
2020-11-27,14:08:05,6.023099899,9.044400024,163.7291412,194.8871613,161.0769501,159.9607544,277.6845398,148.6817932,139.2741394,0,0,0.001778333,0.0001801
2020-11-27,14:08:06,6.023500061,9.044300079,163.7291412,194.8877563,161.0781555,159.9606323,277.6849365,148.6834717,139.2727509,0,0,0.001778333,0.0001801
2020-11-27,14:08:07,6.024100113,9.044400024,163.7291412,194.8887177,161.0812378,159.9600677,277.6863403,148.6852722,139.2711945,0,0,0.001778333,0.0001801
2020-11-27,14:08:08,6.024599838,9.044300079,163.7291412,194.8904266,161.0822754,159.9597015,277.6873474,148.6874237,139.2693176,0,0,0.001778333,0.0001801
2020-11-27,14:08:09,6.02480011,9.044300079,163.7291412,194.8894501,161.0827789,159.9595795,277.6876526,148.6901398,139.266983,0,0,0.001778333,0.0001801
2020-11-27,14:08:10,6.024900055,9.044200134,163.7291412,194.8887482,161.085495,159.9585724,277.6905212,148.692276,139.2651978,0,0,0.001778333,0.000179793
2020-11-27,14:08:11,6.025099945,9.044200134,163.7301483,194.8891144,161.086853,159.959137,277.6889343,148.6941681,139.2636414,0,0,0.001778333,0.000179793
2020-11-27,14:08:12,6.024599838,9.044200134,163.7301483,194.8885956,161.0887604,159.9580383,277.691925,148.6967621,139.2613983,0,0,0.00178419,0.00017977
2020-11-27,14:08:13,6.02480011,9.044100189,163.7301483,194.8880157,161.0904236,159.9574127,277.6936646,148.6983185,139.260025,0,0,0.00178419,0.00017977
2020-11-27,14:08:14,6.024499893,9.044100189,163.7301483,194.8867188,161.0919189,159.9570313,277.6946716,148.7004547,139.258255,0,0,0.00178419,0.000179844
2020-11-27,14:08:15,6.024700165,9.044000244,163.7301483,194.8858337,161.0935516,159.9569092,277.6950989,148.7030487,139.2560272,0,0,0.00178419,0.000179844
2020-11-27,14:08:16,6.02480011,9.043900299,163.7301483,194.8843536,161.0950928,159.9567108,277.6955566,148.7047882,139.2545624,0,0,0.00178419,0.000179844
2020-11-27,14:08:17,6.024900055,9.044000244,163.7301483,194.8821716,161.0973511,159.9559631,277.6975708,148.7063751,139.2532196,0,0,0.00178419,0.000179844
2020-11-27,14:08:18,6.02480011,9.043800354,163.7301483,194.8811798,161.0985107,159.9558563,277.6979675,148.7089996,139.2509918,0,0,0.00178419,0.000179844
2020-11-27,14:08:19,6.025,9.043800354,163.7301483,194.8773651,161.0999146,159.9556274,277.6984863,148.7111359,139.249115,0,0,0.00178419,0.000179844
2020-11-27,14:08:20,6.024900055,9.043699646,163.7301483,194.8760071,161.1023407,159.9551392,277.6999207,148.7131195,139.247467,0,0,0.00178419,0.000179844
2020-11-27,14:08:21,6.02519989,9.043599701,163.7301483,194.8724213,161.1046753,159.9548645,277.7006226,148.715744,139.2452393,0,0,0.001869073,0.000179844
2020-11-27,14:08:22,6.025,9.043499756,163.7301483,194.8697968,161.1064453,159.9542542,277.7023926,148.7177887,139.2434692,0,0,0.001835854,0.000180004
2020-11-27,14:08:23,6.025299835,9.043399811,163.7301483,194.8662872,161.1078186,159.9537964,277.7035217,148.7198792,139.2416992,0,0,0.001835854,0.000179894
2020-11-27,14:08:24,6.025400162,9.043299866,163.7301483,194.8627167,161.1103973,159.9540405,277.7029114,148.7218475,139.2400513,0,0,0.001835854,0.000179894
2020-11-27,14:08:25,6.025299835,9.043299866,163.7301483,194.8577423,161.1122742,159.9536438,277.7041321,148.7241821,139.2380066,0,0,0.001835854,0.000179894
2020-11-27,14:08:26,6.025600052,9.043199921,163.7301483,194.8538666,161.1133728,159.9528046,277.7064209,148.725708,139.2367249,0,0,0.001835854,0.000179894
2020-11-27,14:08:27,6.025699997,9.043099976,163.7301483,194.8498993,161.1147766,159.9524689,277.7073364,148.7274323,139.2352295,0,0,0.001835854,0.000179894
2020-11-27,14:08:28,6.025799942,9.043000031,163.7301483,194.8440552,161.1164551,159.9520721,277.708313,148.7292938,139.2336578,0,0,0.001835854,0.000179894
2020-11-27,14:08:29,6.026100159,9.042900085,163.7301483,194.8392639,161.1181335,159.9515686,277.7097168,148.7321014,139.2313385,0,0,0.001833057,0.000179894
2020-11-27,14:08:30,6.026399994,9.04280014,163.7301483,194.8330078,161.1193848,159.9518127,277.7089233,148.7341461,139.2295227,0,0,0.001833057,0.000179894
2020-11-27,14:08:31,6.026300049,9.042900085,163.7301483,194.8289337,161.1214752,159.9510345,277.7112122,148.7355957,139.2283173,0,0,0.001833057,0.000179894
2020-11-27,14:08:32,6.026499939,9.04260025,163.7301483,194.8218994,161.1228943,159.9506989,277.7120361,148.73703,139.227066,0,0,0.001833057,0.000179894
2020-11-27,14:08:33,6.026699829,9.042500305,163.7311707,194.8161011,161.1255951,159.9505768,277.7124023,148.7399139,139.2246552,0,0,0.001833057,0.000179894
2020-11-27,14:08:34,6.026800156,9.042500305,163.7311707,194.8094635,161.1265564,159.9501038,277.7137146,148.7414093,139.2233276,0,0,0.001833057,0.000179894
2020-11-27,14:08:35,6.027000046,9.042299652,163.7311707,194.8029938,161.128418,159.9499664,277.7139893,148.7428741,139.2221527,0,0,0.001833057,0.000179894
2020-11-27,14:08:36,6.026900101,9.042199707,163.7301178,194.7957001,161.1303711,159.9497986,277.7145996,148.7452087,139.2202148,0,0,0.001833057,0.000179894
2020-11-27,14:08:37,6.027399826,9.042199707,163.7301178,194.7881317,161.1306763,159.9494171,277.7155762,148.7470093,139.2187042,0,0,0.001833057,0.000179894
2020-11-27,14:08:38,6.027600098,9.042099762,163.7301178,194.7802887,161.1330261,159.9490204,277.7166443,148.7484436,139.2174377,0,0,0.001833057,0.000179894
2020-11-27,14:08:39,6.027899933,9.041999817,163.7301178,194.7731323,161.1338654,159.9485321,277.7181091,148.7505798,139.2155304,0,0,0.001833057,0.000179809
2020-11-27,14:08:40,6.027799988,9.041899872,163.7312164,194.7647247,161.1362762,159.9485321,277.7179565,148.7520142,139.2144012,0,0,0.001864177,0.000179834
2020-11-27,14:08:41,6.02820015,9.041799927,163.7312164,194.7563629,161.1377716,159.9481506,277.7191162,148.7545319,139.2122345,0,0,0.001864177,0.000179834
2020-11-27,14:08:42,6.02840004,9.041699982,163.7312164,194.7466431,161.1387329,159.9477692,277.7200928,148.7554474,139.2114258,0,0,0.001864177,0.000179834
2020-11-27,14:08:43,6.02859993,9.041600037,163.7312164,194.7378082,161.1411438,159.947464,277.7209473,148.7576904,139.20961,0,0,0.001864177,0.000179834
2020-11-27,14:08:44,6.02879982,9.041500092,163.7312164,194.7279663,161.1431885,159.946701,277.7229614,148.759491,139.2079773,0,0,0.001864177,0.000179834
2020-11-27,14:08:45,6.028900146,9.041400146,163.7312164,194.718399,161.1424866,159.9470367,277.7222595,148.7611847,139.2066345,0,0,0.001864177,0.000179834
2020-11-27,14:08:46,6.029100037,9.041200256,163.7312164,194.7080383,161.1452789,159.9468689,277.7218628,148.7626343,139.2053375,0,0,0.001864177,0.000179834
2020-11-27,14:08:47,6.029299927,9.041100311,163.7312164,194.6970367,161.1473694,159.9461517,277.7246094,148.7645111,139.2037354,0,0,0.001864177,0.000179834
2020-11-27,14:08:48,6.029499817,9.041000366,163.7312164,194.6869659,161.1476898,159.94664,277.7232971,148.7661438,139.2023468,0,0,0.001820906,0.000179834
2020-11-27,14:08:49,6.029899979,9.041000366,163.7312164,194.6764832,161.1496735,159.9459229,277.7253113,148.7676697,139.2010956,0,0,0.001820906,0.000179834
2020-11-27,14:08:50,6.030199814,9.040799713,163.7312164,194.6649323,161.1513672,159.945755,277.7256775,148.7701721,139.1989594,0,0,0.001820906,0.000179834
2020-11-27,14:08:51,6.030599976,9.040699768,163.7312164,194.6530609,161.1532745,159.9453735,277.7267151,148.771698,139.1976776,0,0,0.001820906,0.000179834
2020-11-27,14:08:52,6.030400085,9.040599823,163.7322235,194.641037,161.1535645,159.9454803,277.7264404,148.7726898,139.1967926,0,0,0.001847743,0.000179834
2020-11-27,14:08:53,6.030799866,9.040499878,163.7322235,194.6287537,161.1531219,159.94487,277.7282104,148.7745819,139.1952057,0,0,0.001847743,0.000179834
2020-11-27,14:08:54,6.031200027,9.040399933,163.7312012,194.6168365,161.1566315,159.944809,277.728302,148.776123,139.1938477,0,0,0.001847743,0.000180011
2020-11-27,14:08:55,6.031399918,9.040200043,163.7312012,194.6034698,161.1576691,159.9443054,277.7297058,148.7779083,139.1924286,0,0,0.001847743,0.000179923
2020-11-27,14:08:56,6.031600189,9.040299988,163.7323303,194.5902863,161.1592102,159.9438171,277.730957,148.7805328,139.1901398,0,0,0.001847743,0.000179979
2020-11-27,14:08:57,6.031900024,9.040000153,163.731308,194.577713,161.1600647,159.943985,277.7306213,148.7816772,139.1891479,0,0,0.001847743,0.000179979
2020-11-27,14:08:58,6.032300186,9.039900208,163.731308,194.5622406,161.1616058,159.9437103,277.7313538,148.7837524,139.1874084,0,0,0.001847743,0.000179979
2020-11-27,14:08:59,6.032500076,9.039800262,163.731308,194.5498199,161.1631775,159.9433594,277.7321472,148.784729,139.1865387,0,0,0.001847743,0.000179979
2020-11-27,14:09:00,6.032799911,9.039700317,163.731308,194.5334778,161.1645508,159.9433594,277.7323303,148.7867279,139.1849365,0,0,0.001847743,0.000179979
2020-11-27,14:09:01,6.03219986,9.039600372,163.731308,194.5205688,161.1656799,159.9433594,277.7321777,148.7879791,139.1837463,0,0,0.001847743,0.000179979
2020-11-27,14:09:02,6.031000137,9.039499664,163.731308,194.5048065,161.1665344,159.942749,277.7339478,148.7901459,139.1819916,0,0,0.001847743,0.000179979
2020-11-27,14:09:03,6.029999924,9.039399719,163.731308,194.4898376,161.1689758,159.9425354,277.7345276,148.7917633,139.1805573,0,0,0.001847743,0.000179979
2020-11-27,14:09:04,6.029299927,9.039299774,163.731308,194.4755859,161.1691742,159.9423676,277.7348938,148.7935486,139.1790619,0,0,0.00178996,0.000179979
2020-11-27,14:09:05,6.028699875,9.039199829,163.731308,194.4592438,161.1697998,159.942749,277.7339478,148.795166,139.1776886,0,0,0.00178996,0.000179979
2020-11-27,14:09:06,6.027999878,9.038999939,163.731308,194.4419708,161.171402,159.9418793,277.7364197,148.7969055,139.176239,0,0,0.00178996,0.000179979
2020-11-27,14:09:07,6.027500153,9.038899994,163.7323456,194.4255066,161.1724243,159.9416504,277.7369385,148.7976074,139.1756287,0,0,0.00178996,0.000179979
2020-11-27,14:09:08,6.026699829,9.038800049,163.7323456,194.4086914,161.1731873,159.9419098,277.7361145,148.7992249,139.1742554,0,0,0.00178996,0.000179979
2020-11-27,14:09:09,6.026200104,9.038700104,163.7323456,194.3911591,161.1751099,159.942215,277.7355042,148.802002,139.1719055,0,0,0.00178996,0.000179979
2020-11-27,14:09:10,6.025600052,9.038600159,163.7323456,194.374054,161.1761475,159.9415436,277.7372131,148.8031769,139.1708832,0,0,0.00178996,0.000179979
2020-11-27,14:09:11,6.025299835,9.038500214,163.7312469,194.3563232,161.1775665,159.9418182,277.7365112,148.8041687,139.1700287,0,0,0.00178996,0.000179979
2020-11-27,14:09:12,6.024700165,9.038400269,163.7312469,194.3389435,161.1787567,159.9413757,277.7377014,148.8055878,139.1688232,0,0,0.00178996,0.000179979
2020-11-27,14:09:13,6.024200058,9.038300323,163.7312469,194.3190308,161.1792603,159.9406586,277.7397766,148.8070374,139.1676025,0,0,0.00178996,0.000179979
2020-11-27,14:09:14,6.023699951,9.038200378,163.7302399,194.3002777,161.1813049,159.9413757,277.737793,148.8087463,139.1661987,0,0,0.00178996,0.000179979
2020-11-27,14:09:15,6.023199844,9.037999725,163.7312469,194.2810516,161.1818237,159.9411469,277.7384644,148.8106384,139.164566,0,0,0.00178996,0.000179979
2020-11-27,14:09:16,6.022800064,9.03789978,163.7312469,194.2606049,161.1829987,159.9408569,277.7390442,148.8117981,139.1635437,0,0,0.00178996,0.000179979
2020-11-27,14:09:17,6.022399902,9.037799835,163.7323456,194.239975,161.1838226,159.940506,277.7401123,148.8131714,139.1623688,0,0,0.00178996,0.000179979
2020-11-27,14:09:18,6.021900177,9.03769989,163.7313385,194.2215576,161.1835785,159.9405975,277.7398987,148.8140564,139.1616516,0,0,0.00178996,0.000179979
2020-11-27,14:09:19,6.021500015,9.0375,163.7313385,194.2000885,161.1856537,159.9403687,277.7405701,148.8152008,139.1606903,0,0,0.00178996,0.000179979
2020-11-27,14:09:20,6.020999908,9.037400055,163.7323456,194.1781921,161.1875305,159.9402008,277.7408752,148.8161926,139.1598053,0,0,0.00178996,0.000179979
2020-11-27,14:09:21,6.020700073,9.03730011,163.7323456,194.1574402,161.1882324,159.9404297,277.7404175,148.817627,139.1585846,0,0,0.00178996,0.000179979
2020-11-27,14:09:22,6.020299911,9.037200165,163.7323456,194.1374969,161.1894989,159.9406586,277.7397766,148.8188782,139.1574554,0,0,0.00178996,0.000179979
2020-11-27,14:09:23,6.019900131,9.037000275,163.7323456,194.1135864,161.190033,159.9402008,277.7409058,148.8204346,139.1562347,0,0,0.00178996,0.000179979
2020-11-27,14:09:24,6.019499969,9.03690033,163.7323456,194.0907898,161.1912384,159.9404297,277.7402039,148.8209534,139.1557312,0,0,0.00178996,0.000179862
2020-11-27,14:09:25,6.019200134,9.036799622,163.7323456,194.0673065,161.1923828,159.9401398,277.7410889,148.8220367,139.1548157,0,0,0.00178996,0.000179862
2020-11-27,14:09:26,6.018700027,9.03690033,163.7323456,194.0446167,161.1919556,159.9402008,277.7409668,148.8230438,139.1539764,0,0,0.00178996,0.000179862
2020-11-27,14:09:27,6.018399811,9.036599731,163.7323456,194.0215149,161.1931763,159.9399261,277.7417297,148.8241119,139.1530914,0,0,0.00178996,0.000179862
2020-11-27,14:09:28,6.018199921,9.036399841,163.7323456,193.9975586,161.1950531,159.9396973,277.7422485,148.8251038,139.1522369,0,0,0.00178996,0.000179862
2020-11-27,14:09:29,6.01780014,9.036499786,163.7323456,193.973938,161.1958618,159.940033,277.7414246,148.8263702,139.1511688,0,0,0.00178996,0.000179862
2020-11-27,14:09:30,6.017399979,9.036199951,163.7323456,193.9490356,161.1970673,159.9401398,277.7411194,148.8267975,139.1508026,0,0,0.00178996,0.000179862
2020-11-27,14:09:31,6.017200089,9.036299896,163.7323456,193.9252167,161.1966705,159.9401093,277.7413635,148.8278809,139.149826,0,0,0.00178996,0.000179862
2020-11-27,14:09:32,6.016799927,9.036000061,163.7323456,193.8989105,161.1976471,159.9404297,277.7403259,148.828949,139.1489563,0,0,0.00178996,0.000179862
2020-11-27,14:09:33,6.016400146,9.035900116,163.7323456,193.8756256,161.1994629,159.9402008,277.7409363,148.8294067,139.1485748,0,0,0.00178996,0.000179862
2020-11-27,14:09:34,6.016199875,9.035800171,163.7323456,193.8492279,161.2000732,159.9395294,277.7427979,148.8300476,139.148056,0,0,0.00178996,0.000179862
2020-11-27,14:09:35,6.01590004,9.035600281,163.7323456,193.8222351,161.2009125,159.9399719,277.7416382,148.8313904,139.1469269,0,0,0.00178996,0.000179862
2020-11-27,14:09:36,6.015800095,9.035500336,163.7323456,193.7974854,161.2012787,159.9395905,277.7426453,148.8318329,139.1465607,0,0,0.00178996,0.000179862
2020-11-27,14:09:37,6.015499878,9.035399628,163.7323456,193.7719727,161.2021484,159.9398651,277.7418823,148.8321991,139.1461792,0,0,0.00178996,0.000179862
2020-11-27,14:09:38,6.015200043,9.035299683,163.7323456,193.7441254,161.2038422,159.9403076,277.7406616,148.8331757,139.1453247,0,0,0.00178996,0.000179862
2020-11-27,14:09:39,6.015000153,9.035199738,163.7323456,193.7169952,161.2034302,159.9399719,277.7415466,148.8340149,139.1446686,0,0,0.001816185,0.000179862
2020-11-27,14:09:40,6.014699936,9.034999847,163.7323456,193.6893311,161.2047424,159.940033,277.7412109,148.8343658,139.1444092,0,0,0.001816185,0.000179862
2020-11-27,14:09:41,6.014500046,9.034899902,163.7323456,193.6624451,161.2059174,159.9401093,277.7416077,148.8356171,139.1432495,0,0,0.001816185,0.000180087
2020-11-27,14:09:42,6.014199829,9.034799957,163.7323456,193.6342316,161.2055206,159.9403687,277.7405701,148.8361511,139.1428833,0,0,0.001816185,0.000180087
2020-11-27,14:09:43,6.013899994,9.034700012,163.7323456,193.6044006,161.2073517,159.9396362,277.7425232,148.8365021,139.1425629,0,0,0.001816185,0.000180087
2020-11-27,14:09:44,6.013999939,9.034600067,163.7323456,193.576889,161.2076416,159.9402008,277.7409058,148.8366852,139.1424255,0,0,0.001816185,0.000180087
2020-11-27,14:09:45,6.013499832,9.034500122,163.7323456,193.5489807,161.2087708,159.9401093,277.741394,148.8377991,139.1414948,0,0,0.001816185,0.000180087
2020-11-27,14:09:46,6.013299942,9.034400177,163.7323456,193.5191498,161.2084198,159.940033,277.741333,148.8375092,139.1417084,0,0,0.001816185,0.000180087
2020-11-27,14:09:47,6.013199997,9.034300232,163.7323456,193.4901733,161.2091064,159.9402008,277.7409363,148.8389435,139.1405029,0,0,0.001816185,0.000180087
2020-11-27,14:09:48,6.013299942,9.034100342,163.7323456,193.4610443,161.2098083,159.9403076,277.7406311,148.8387756,139.1406097,0,0,0.001816185,0.000180087
2020-11-27,14:09:49,6.012900162,9.033999634,163.7323456,193.4291687,161.2113342,159.940506,277.7413635,148.8396606,139.1398621,0,0,0.001816185,0.000180087
2020-11-27,14:09:50,6.01269989,9.033899689,163.7323456,193.3994293,161.2125702,159.9407043,277.7395935,148.8392944,139.140152,0,0,0.001816185,0.000180087
2020-11-27,14:09:51,6.012799835,9.033799744,163.7323456,193.3696747,161.2132416,159.9404297,277.740448,148.8401184,139.1395111,0,0,0.001795904,0.000180087
2020-11-27,14:09:52,6.012400055,9.033699799,163.7323456,193.3392029,161.2127075,159.9401398,277.7411194,148.8410187,139.1386719,0,0,0.001795904,0.000179868
2020-11-27,14:09:53,6.0125,9.033599854,163.7323456,193.3074799,161.2136536,159.9411469,277.7383728,148.8414764,139.1383667,0,0,0.001795904,0.000179868
2020-11-27,14:09:54,6.012200165,9.033499908,163.7323456,193.2770081,161.2145386,159.940918,277.7389832,148.8418121,139.1380157,0,0,0.001795904,0.000179868
2020-11-27,14:09:55,6.012099838,9.033399963,163.7323456,193.2453308,161.2154694,159.9407043,277.7395935,148.8421783,139.1376648,0,0,0.001795904,0.000179868
2020-11-27,14:09:56,6.012200165,9.033300018,163.7323456,193.2138214,161.2158508,159.9413147,277.737854,148.8419952,139.1379089,0,0,0.001795904,0.00018
2020-11-27,14:09:57,6.011800003,9.033200073,163.7323456,193.1830292,161.2161255,159.9415436,277.7372437,148.8434448,139.1366882,0,0,0.001795904,0.00018
2020-11-27,14:09:58,6.011600113,9.033100128,163.7323456,193.1477661,161.2171326,159.9411469,277.7383118,148.8437958,139.1363983,0,0,0.001795904,0.000179971
2020-11-27,14:09:59,6.011500168,9.033000183,163.7323456,193.1163788,161.2176208,159.9410858,277.7385864,148.8436127,139.1365051,0,0,0.001795904,0.000179971
2020-11-27,14:10:00,6.011299896,9.032900238,163.7323456,193.0839081,161.2189178,159.9417114,277.7367859,148.8445129,139.1357269,0,0,0.001795904,0.000179971
2020-11-27,14:10:01,6.011399841,9.032800293,163.7323456,193.0506287,161.2186584,159.9414215,277.7376709,148.8448029,139.135498,0,0,0.001795904,0.000179971
2020-11-27,14:10:02,6.011500168,9.032700348,163.7323456,193.0174103,161.2199707,159.9418182,277.7365112,148.8448944,139.1355896,0,0,0.001795904,0.000179971
2020-11-27,14:10:03,6.011299896,9.032800293,163.7333679,192.9832306,161.2197876,159.9415741,277.7370605,148.8452454,139.1350708,0,0,0.001795904,0.000179971
2020-11-27,14:10:04,6.011000061,9.03259964,163.7323608,192.9484406,161.2215881,159.9423065,277.7350769,148.8457031,139.1347656,0,0,0.001795904,0.000179971
2020-11-27,14:10:05,6.011199951,9.032499695,163.7323608,192.916275,161.2213745,159.9424286,277.7347717,148.8460541,139.1344604,0,0,0.001795904,0.000179973
2020-11-27,14:10:06,6.010900116,9.03239975,163.7323608,192.8816223,161.2224884,159.9423676,277.7350769,148.8467712,139.1338501,0,0,0.001795904,0.000179973
2020-11-27,14:10:07,6.011199951,9.032299805,163.7333984,192.8467865,161.2228394,159.9426422,277.734314,148.8461456,139.1343384,0,0,0.001795904,0.000180033
2020-11-27,14:10:08,6.010900116,9.032299805,163.7323608,192.810257,161.2222137,159.9430847,277.7329712,148.8468628,139.1336975,0,0,0.001835767,0.000180033
2020-11-27,14:10:09,6.010800171,9.032099915,163.733429,192.7759705,161.2236328,159.9431915,277.732666,148.84758,139.1331482,0,0,0.001835767,0.000180033
2020-11-27,14:10:10,6.010900116,9.03219986,163.733429,192.7422333,161.2234955,159.9427948,277.7337952,148.848114,139.1326904,0,0,0.001835767,0.000180033
2020-11-27,14:10:11,6.010800171,9.031999969,163.733429,192.7055511,161.225174,159.9434052,277.7321167,148.8485718,139.1323242,0,0,0.001835767,0.000180033
2020-11-27,14:10:12,6.010599899,9.031900024,163.7324219,192.6691895,161.2250977,159.9432526,277.732605,148.848114,139.1326447,0,0,0.001835767,0.000180033
2020-11-27,14:10:13,6.010800171,9.031900024,163.7324219,192.6337128,161.2254028,159.9436646,277.7315063,148.8485718,139.132309,0,0,0.001835767,0.000180033
2020-11-27,14:10:14,6.010699844,9.031800079,163.733429,192.5980682,161.2259674,159.9441528,277.7300415,148.8490295,139.1319122,0,0,0.001835767,0.000180033
2020-11-27,14:10:15,6.010900116,9.031700134,163.733429,192.5604095,161.2262726,159.943924,277.7307129,148.8495483,139.131485,0,0,0.001835767,0.000180033
2020-11-27,14:10:16,6.010499954,9.031800079,163.733429,192.5257263,161.2273407,159.9444122,277.7293701,148.849823,139.1312256,0,0,0.001835767,0.000180033
2020-11-27,14:10:17,6.010900116,9.031600189,163.733429,192.4880524,161.2267303,159.9447632,277.7284851,148.8500061,139.1310883,0,0,0.001835767,0.000180033
2020-11-27,14:10:18,6.010599899,9.031500244,163.7324066,192.4501801,161.2272339,159.94487,277.7281494,148.8503571,139.1307068,0,0,0.001835767,0.000180033
2020-11-27,14:10:19,6.010400009,9.031500244,163.7324066,192.4137573,161.2273712,159.9453735,277.7267151,148.8510895,139.130127,0,0,0.001835767,0.000180033
2020-11-27,14:10:20,6.010699844,9.031400299,163.7334442,192.376358,161.2291412,159.9456635,277.7259521,148.8509979,139.1302643,0,0,0.001835767,0.000180033
2020-11-27,14:10:21,6.010499954,9.031300354,163.7334442,192.3381958,161.2286987,159.9450836,277.727478,148.8519897,139.1293793,0,0,0.001835767,0.000179929
2020-11-27,14:10:22,6.010800171,9.031199646,163.7323914,192.2994232,161.2293396,159.9458618,277.7254639,148.8516083,139.1296692,0,0,0.001835767,0.000179929
2020-11-27,14:10:23,6.010400009,9.031199646,163.7323914,192.2599792,161.2294159,159.9456635,277.7259521,148.8525238,139.1289673,0,0,0.001835767,0.000179948
2020-11-27,14:10:24,6.010800171,9.031099701,163.7323914,192.2236023,161.2298431,159.9461517,277.7246704,148.8524323,139.1289215,0,0,0.001835767,0.00017986
2020-11-27,14:10:25,6.010499954,9.030999756,163.7323914,192.1845245,161.2302246,159.946579,277.7234802,148.852356,139.1290436,0,0,0.001878164,0.00017986
2020-11-27,14:10:26,6.010800171,9.030899811,163.7334442,192.1457367,161.230957,159.946701,277.7229919,148.8527069,139.12883,0,0,0.001878164,0.000179973
2020-11-27,14:10:27,6.010599899,9.030899811,163.7324219,192.1082458,161.2310791,159.9469757,277.7224121,148.8538818,139.1277771,0,0,0.001867499,0.000179949
2020-11-27,14:10:28,6.010800171,9.030799866,163.7335052,192.0672913,161.2318268,159.9472656,277.7215881,148.8534241,139.1281128,0,0,0.001867499,0.000179949
2020-11-27,14:10:29,6.010699844,9.030699921,163.7335052,192.0279388,161.2307587,159.9474335,277.7209778,148.853775,139.1278381,0,0,0.001867499,0.000179949
2020-11-27,14:10:30,6.010800171,9.030599976,163.7335052,191.9879456,161.2321014,159.9477692,277.7202759,148.8545837,139.1271973,0,0,0.001867499,0.000179949
2020-11-27,14:10:31,6.010900116,9.030699921,163.7324371,191.950531,161.2325897,159.948349,277.7185364,148.8548737,139.1269073,0,0,0.001867499,0.000179949
2020-11-27,14:10:32,6.011000061,9.030500031,163.7324371,191.9095001,161.2327271,159.9479675,277.719635,148.8552246,139.1265869,0,0,0.001867499,0.000179949
2020-11-27,14:10:33,6.010900116,9.030500031,163.7335052,191.8698883,161.2334442,159.9484253,277.7184753,148.8549347,139.1268921,0,0,0.001867499,0.000179952
2020-11-27,14:10:34,6.011199951,9.030400085,163.7335052,191.8305511,161.233551,159.9489594,277.7167969,148.856308,139.1257477,0,0,0.001867499,0.000179952
2020-11-27,14:10:35,6.010900116,9.03030014,163.7335052,191.7903442,161.2333527,159.9493713,277.7158203,148.8559418,139.1260376,0,0,0.001867499,0.000179952
2020-11-27,14:10:36,6.011199951,9.03030014,163.7335052,191.748703,161.2340546,159.949585,277.7151489,148.8565674,139.1255035,0,0,0.001867499,0.000180031
2020-11-27,14:10:37,6.011399841,9.030200195,163.7335052,191.7080994,161.233429,159.9494781,277.7155151,148.8570099,139.1251068,0,0,0.001867499,0.000180057
2020-11-27,14:10:38,6.011199951,9.030200195,163.7335052,191.6694641,161.2326813,159.949585,277.7151489,148.8573761,139.1248322,0,0,0.001867499,0.000180057
2020-11-27,14:10:39,6.011399841,9.03010025,163.7335052,191.6266632,161.2346191,159.9504547,277.7126465,148.856842,139.1252594,0,0,0.001867499,0.000180057
2020-11-27,14:10:40,6.011500168,9.030000305,163.7335052,191.5862274,161.2329407,159.9506989,277.7121582,148.8580933,139.1241455,0,0,0.001867499,0.000180057
2020-11-27,14:10:41,6.011700058,9.030000305,163.7335052,191.5452118,161.2334137,159.9505157,277.7125244,148.8586426,139.123764,0,0,0.001867499,0.000180057
2020-11-27,14:10:42,6.011500168,9.02990036,163.7335052,191.5041962,161.2341156,159.951416,277.7100525,148.8587189,139.123642,0,0,0.001867499,0.000180057
2020-11-27,14:10:43,6.011700058,9.029799652,163.7335052,191.4618225,161.2336884,159.9510956,277.7111511,148.8585358,139.1238556,0,0,0.001867499,0.000180057
2020-11-27,14:10:44,6.011600113,9.02990036,163.7335052,191.4203339,161.2330322,159.951416,277.7100525,148.8605347,139.1220856,0,0,0.001867499,0.000180057
2020-11-27,14:10:45,6.011999893,9.029699707,163.7335052,191.3795319,161.2332916,159.9515228,277.7098389,148.8609619,139.1217499,0,0,0.001867499,0.000179986
2020-11-27,14:10:46,6.011800003,9.029699707,163.7335052,191.3374023,161.2324677,159.952301,277.7076111,148.8599091,139.1226349,0,0,0.001804296,0.000179986
2020-11-27,14:10:47,6.011999893,9.029599762,163.7335052,191.2953796,161.2328796,159.9525299,277.7071838,148.8616943,139.12117,0,0,0.001804296,0.000179986
2020-11-27,14:10:48,6.012200165,9.029499817,163.7324829,191.253479,161.2319794,159.9530182,277.7055969,148.8608856,139.1218109,0,0,0.001804296,0.000179986
2020-11-27,14:10:49,6.012099838,9.029499817,163.7324829,191.213089,161.2328491,159.953476,277.7044678,148.8620453,139.1208191,0,0,0.001804296,0.000179986
2020-11-27,14:10:50,6.01230011,9.029399872,163.7324829,191.1696014,161.2318726,159.9532013,277.7052612,148.8623199,139.1206055,0,0,0.001804296,0.000180136
2020-11-27,14:10:51,6.012400055,9.029399872,163.7324829,191.1264038,161.2310638,159.9543762,277.7020264,148.862854,139.1201324,0,0,0.001804296,0.000180136
2020-11-27,14:10:52,6.0125,9.029299927,163.73349,191.0840454,161.2301636,159.9546967,277.7012329,148.8634949,139.1195984,0,0,0.001804296,0.000180136
2020-11-27,14:10:53,6.012400055,9.029399872,163.73349,191.0441132,161.2316589,159.9542542,277.7023926,148.8643799,139.1188507,0,0,0.001804296,0.000180136
2020-11-27,14:10:54,6.01269989,9.029299927,163.73349,191.000061,161.2297821,159.9551392,277.6998596,148.8634949,139.1196136,0,0,0.001804296,0.000180136
2020-11-27,14:10:55,6.012599945,9.029199982,163.73349,190.9568176,161.2296295,159.9552917,277.6994324,148.8643036,139.1189117,0,0,0.001804296,0.000180136
2020-11-27,14:10:56,6.012799835,9.029199982,163.73349,190.9139557,161.2293701,159.9558563,277.6979675,148.8650208,139.1183167,0,0,0.001804296,0.000180138
2020-11-27,14:10:57,6.012900162,9.029100037,163.73349,190.8721313,161.2286682,159.9554596,277.6989136,148.8652954,139.1181335,0,0,0.001804296,0.000180138
2020-11-27,14:10:58,6.013100052,9.029100037,163.73349,190.8278809,161.2280273,159.9563446,277.6965332,148.8657532,139.1177063,0,0,0.001804296,0.000180138
2020-11-27,14:10:59,6.013199997,9.029000092,163.73349,190.7849884,161.2275238,159.9565887,277.6958618,148.8668213,139.116806,0,0,0.001804296,0.000180138
2020-11-27,14:11:00,6.013100052,9.029100037,163.73349,190.7423401,161.2279663,159.9568634,277.6951599,148.8670044,139.1165771,0,0,0.001804296,0.000179841
2020-11-27,14:11:01,6.013499832,9.029000092,163.73349,190.6984863,161.2256165,159.9574127,277.6936951,148.8673553,139.1163483,0,0,0.001804296,0.000179841
2020-11-27,14:11:02,6.013700104,9.028900146,163.73349,190.6555634,161.2255554,159.9571228,277.6944275,148.8683472,139.1154938,0,0,0.001804296,0.000179808
2020-11-27,14:11:03,6.013800049,9.028900146,163.73349,190.6134796,161.2252808,159.9579163,277.6923218,148.8688049,139.1150818,0,0,0.001804296,0.000179808
2020-11-27,14:11:04,6.013700104,9.028800201,163.7324829,190.56987,161.2256012,159.9582062,277.6914673,148.8690796,139.1148834,0,0,0.001795642,0.000179808
2020-11-27,14:11:05,6.014099884,9.028800201,163.7324829,190.5265045,161.2243805,159.9588165,277.6899109,148.8693237,139.1146393,0,0,0.001795642,0.000179808
2020-11-27,14:11:06,6.013899994,9.028700256,163.7335358,190.4819336,161.2233734,159.959198,277.6887512,148.8704071,139.1137085,0,0,0.001795642,0.000180031
2020-11-27,14:11:07,6.014300156,9.028700256,163.7335358,190.4372559,161.2238159,159.9594574,277.6879883,148.8706055,139.1135864,0,0,0.001795642,0.000180031
2020-11-27,14:11:08,6.014099884,9.028600311,163.7335358,190.3956909,161.222641,159.9597931,277.6871033,148.8714142,139.1128998,0,0,0.001795642,0.000180031
2020-11-27,14:11:09,6.014500046,9.028700256,163.7335358,190.3511658,161.2217865,159.9600677,277.6863098,148.8717804,139.1125488,0,0,0.001795642,0.000180031
2020-11-27,14:11:10,6.014699936,9.028500366,163.7335358,190.3068542,161.221344,159.960434,277.6854248,148.8725891,139.111908,0,0,0.001795642,0.000179838
2020-11-27,14:11:11,6.014899826,9.028600311,163.7335358,190.2650299,161.2205353,159.9611359,277.6834717,148.8735657,139.1110382,0,0,0.001795642,0.000179838
2020-11-27,14:11:12,6.015100098,9.028500366,163.7335358,190.2201538,161.2212372,159.9612274,277.6831665,148.8746338,139.1101227,0,0,0.001795642,0.000179838
2020-11-27,14:11:13,6.015000153,9.028399658,163.7335358,190.174881,161.2204285,159.9615631,277.6821594,148.874939,139.1098938,0,0,0.001795642,0.000179838
2020-11-27,14:11:14,6.015200043,9.028500366,163.7324677,190.1329956,161.2189178,159.961792,277.6815491,148.8744659,139.1103668,0,0,0.001795642,0.000179838
2020-11-27,14:11:15,6.015399933,9.028299713,163.7324677,190.0884094,161.2176971,159.9625702,277.6794434,148.8754578,139.1094208,0,0,0.001795642,0.000179838
2020-11-27,14:11:16,6.01570015,9.028399658,163.7334747,190.0436707,161.217453,159.9623871,277.6799622,148.8764343,139.1086426,0,0,0.001795642,0.000179838
2020-11-27,14:11:17,6.015800095,9.028199768,163.7334747,189.9988708,161.2177277,159.962616,277.6793518,148.8765411,139.1084747,0,0,0.001795642,0.000179838
2020-11-27,14:11:18,6.01590004,9.028299713,163.7334747,189.9572906,161.2172394,159.9631042,277.678009,148.8776093,139.1076202,0,0,0.001795642,0.000179838
2020-11-27,14:11:19,6.015999985,9.028199768,163.7323914,189.9120789,161.2165985,159.963562,277.6767883,148.8778839,139.1073761,0,0,0.001795642,0.000179838
2020-11-27,14:11:20,6.01609993,9.028099823,163.733551,189.8692932,161.2156525,159.9641418,277.6751404,148.878891,139.1065826,0,0,0.001795642,0.000179838
2020-11-27,14:11:21,6.01629982,9.028199768,163.733551,189.822464,161.2159882,159.9642639,277.6746521,148.8800354,139.1055603,0,0,0.001795642,0.000179838
2020-11-27,14:11:22,6.016500092,9.027999878,163.733551,189.7813568,161.21521,159.9646606,277.6736145,148.8801422,139.1054688,0,0,0.001795642,0.000179838
2020-11-27,14:11:23,6.016600037,9.027999878,163.7325287,189.7362823,161.2136383,159.965332,277.671936,148.8807526,139.1049805,0,0,0.001795642,0.000179838
2020-11-27,14:11:24,6.016799927,9.027899933,163.7335663,189.6911163,161.2134094,159.9658966,277.6703491,148.882309,139.1036835,0,0,0.001795642,0.000179838
2020-11-27,14:11:25,6.016899872,9.027999878,163.7335663,189.6473999,161.2131653,159.9656525,277.6710205,148.8817596,139.104126,0,0,0.001795642,0.000179838
2020-11-27,14:11:26,6.016799927,9.027899933,163.7325592,189.6034546,161.2118073,159.9664307,277.6687622,148.8834686,139.1026611,0,0,0.001795642,0.000179838
2020-11-27,14:11:27,6.016999817,9.027899933,163.7325592,189.5581207,161.2122803,159.9665985,277.6682739,148.8836975,139.102356,0,0,0.001795642,0.000179838
2020-11-27,14:11:28,6.017300034,9.027799988,163.7325592,189.5132446,161.2116394,159.9675293,277.6656189,148.8830872,139.1029968,0,0,0.001795642,0.000179838
2020-11-27,14:11:29,6.017399979,9.027700043,163.7325592,189.4711761,161.2103882,159.9678345,277.6649475,148.8847046,139.1015778,0,0,0.001795642,0.000179838
2020-11-27,14:11:30,6.017599869,9.027700043,163.7325592,189.4263916,161.2111816,159.9676056,277.6655273,148.885437,139.1009369,0,0,0.001795642,0.000179838
2020-11-27,14:11:31,6.017699814,9.027700043,163.7325592,189.3822327,161.2096863,159.9681549,277.6640625,148.8866882,139.0999146,0,0,0.001832795,0.000180063
2020-11-27,14:11:32,6.018000031,9.027600098,163.7335663,189.3390808,161.2101288,159.9690552,277.661499,148.8868561,139.0997467,0,0,0.001832795,0.000180028
2020-11-27,14:11:33,6.017900085,9.027600098,163.7335663,189.2950745,161.2080536,159.9686584,277.6625977,148.8875885,139.0991364,0,0,0.001864702,0.000180028
2020-11-27,14:11:34,6.018299866,9.027600098,163.7335663,189.2506104,161.2076874,159.9692841,277.6609802,148.888382,139.0984497,0,0,0.001864702,0.000180028
2020-11-27,14:11:35,6.018199921,9.027600098,163.7335663,189.2060089,161.2081604,159.9697571,277.6596069,148.8891144,139.0978088,0,0,0.001864702,0.000180028
2020-11-27,14:11:36,6.018399811,9.027500153,163.7335663,189.1613007,161.2063446,159.9699402,277.6591797,148.8904724,139.0966644,0,0,0.001864702,0.000180028
2020-11-27,14:11:37,6.018700027,9.027500153,163.7325439,189.119278,161.2068939,159.9704285,277.6578064,148.8913574,139.095871,0,0,0.001864702,0.000180028
2020-11-27,14:11:38,6.018899918,9.027500153,163.7325439,189.0737915,161.2062683,159.9711914,277.6557312,148.8916168,139.0956879,0,0,0.001864702,0.000180028
2020-11-27,14:11:39,6.018700027,9.027500153,163.7335663,189.0290375,161.2055817,159.9711914,277.6555176,148.8921814,139.0952454,0,0,0.001864702,0.000180028
2020-11-27,14:11:40,6.018999863,9.027400208,163.7335663,188.9864807,161.2057648,159.9714966,277.6548767,148.893158,139.0943909,0,0,0.001864702,0.000180028
2020-11-27,14:11:41,6.018899918,9.027400208,163.7335663,188.943222,161.2043915,159.9720459,277.6533203,148.8943176,139.0934296,0,0,0.001864702,0.000180028
2020-11-27,14:11:42,6.019300079,9.027400208,163.7335663,188.8969269,161.2046967,159.9720001,277.6536255,148.8945923,139.0931549,0,0,0.001864702,0.000180028
2020-11-27,14:11:43,6.019200134,9.027300262,163.7335663,188.8556671,161.2031708,159.9726563,277.6517334,148.8956757,139.0922394,0,0,0.001864702,0.000179959
2020-11-27,14:11:44,6.019599915,9.027300262,163.7335663,188.811142,161.2028961,159.9729919,277.6507874,148.8967743,139.0913086,0,0,0.001864702,0.000179924
2020-11-27,14:11:45,6.019800186,9.027200317,163.7335663,188.7654419,161.2022705,159.9734802,277.6493835,148.8971252,139.0910492,0,0,0.001821081,0.000179839
2020-11-27,14:11:46,6.020100021,9.027300262,163.7335663,188.7226868,161.2025909,159.9737091,277.6488342,148.8978424,139.0904541,0,0,0.001821081,0.000179839
2020-11-27,14:11:47,6.020000076,9.027200317,163.7335663,188.6792755,161.2017517,159.9741364,277.647644,148.8989105,139.0894928,0,0,0.001821081,0.000179839
2020-11-27,14:11:48,6.020299911,9.027200317,163.7335663,188.635437,161.200882,159.9744263,277.6468811,148.8996277,139.0889282,0,0,0.001821081,0.000179839
2020-11-27,14:11:49,6.019900131,9.027200317,163.7335663,188.5905151,161.2008362,159.9749146,277.6455383,148.9006195,139.0880432,0,0,0.001821081,0.000179839
2020-11-27,14:11:50,6.019599915,9.027100372,163.7335663,188.5476227,161.1994476,159.974823,277.645813,148.9009094,139.0878601,0,0,0.001821081,0.000179839
2020-11-27,14:11:51,6.019200134,9.027100372,163.7325439,188.5044861,161.1987152,159.9751587,277.6448669,148.9015961,139.087204,0,0,0.001821081,0.000179839
2020-11-27,14:11:52,6.018799973,9.027100372,163.7336578,188.459137,161.1993866,159.9757233,277.6433105,148.90242,139.0865021,0,0,0.001821081,0.000179839
2020-11-27,14:11:53,6.018500137,9.027100372,163.7336578,188.418457,161.1986237,159.9760437,277.6423035,148.9034119,139.0857239,0,0,0.001821081,0.000179839
2020-11-27,14:11:54,6.018099976,9.026999664,163.7336578,188.3733826,161.1977844,159.9764862,277.6411133,148.9042358,139.085083,0,0,0.001821081,0.000179839
2020-11-27,14:11:55,6.017699814,9.026999664,163.7326508,188.3291168,161.1982574,159.9764862,277.6411743,148.9049377,139.0844421,0,0,0.001821081,0.000179839
2020-11-27,14:11:56,6.017499924,9.026999664,163.7326508,188.2852478,161.1971588,159.9766541,277.6408081,148.9052124,139.0841827,0,0,0.001821081,0.000180037
2020-11-27,14:11:57,6.017100143,9.026999664,163.7337189,188.2413635,161.1974792,159.9770508,277.6396484,148.906311,139.0833588,0,0,0.001821081,0.000180065
2020-11-27,14:11:58,6.016600037,9.026899719,163.7337189,188.2005005,161.1964417,159.9780426,277.6368713,148.9070892,139.0825806,0,0,0.001821081,0.000180065
2020-11-27,14:11:59,6.01609993,9.026899719,163.7337189,188.1563873,161.1968842,159.9782104,277.6364441,148.9085388,139.0814209,0,0,0.001877989,0.000180065
2020-11-27,14:12:00,6.015499878,9.026899719,163.7337189,188.1123199,161.1940765,159.9780426,277.6369629,148.9090729,139.0809784,0,0,0.001877989,0.000180065
2020-11-27,14:12:01,6.014799881,9.026799774,163.7337189,188.0707397,161.1943359,159.9788818,277.6346436,148.9098053,139.0802612,0,0,0.001877989,0.000180065
2020-11-27,14:12:02,6.014099884,9.026799774,163.7337189,188.0284424,161.193924,159.9792175,277.633728,148.9099884,139.0801544,0,0,0.001877989,0.000180065
2020-11-27,14:12:03,6.013600159,9.026799774,163.7337189,187.9834747,161.1933136,159.9798279,277.632019,148.9116211,139.0787811,0,0,0.001877989,0.000180065
2020-11-27,14:12:04,6.012599945,9.026799774,163.7337189,187.9408112,161.1929016,159.9793701,277.6332092,148.9122314,139.0782623,0,0,0.001877989,0.000180065
2020-11-27,14:12:05,6.011999893,9.026699829,163.7337189,187.8993683,161.1931,159.9799957,277.6315918,148.9128723,139.0776672,0,0,0.001877989,0.000180065
2020-11-27,14:12:06,6.011500168,9.026699829,163.7337189,187.8567352,161.1920166,159.980545,277.630188,148.9133911,139.0773163,0,0,0.001877989,0.000180065
2020-11-27,14:12:07,6.011000061,9.026699829,163.7337189,187.8149261,161.1923981,159.9807129,277.6297913,148.9130554,139.0775757,0,0,0.001877989,0.000180065
2020-11-27,14:12:08,6.010100174,9.026599884,163.7337189,187.7712555,161.1909027,159.9811554,277.6285706,148.914032,139.0766907,0,0,0.001877989,0.000180065
2020-11-27,14:12:09,6.009400177,9.026599884,163.7337189,187.7317047,161.1921387,159.9816895,277.6270142,148.9144745,139.0763702,0,0,0.001852289,0.000180065
2020-11-27,14:12:10,6.00890007,9.026599884,163.7337189,187.6874847,161.1903229,159.9818726,277.6264343,148.9141083,139.0766144,0,0,0.001852289,0.000180002
2020-11-27,14:12:11,6.008399963,9.026499939,163.7337189,187.6444702,161.1905518,159.9823456,277.6250916,148.9163818,139.0747223,0,0,0.001852289,0.000180002
2020-11-27,14:12:12,6.007600021,9.026499939,163.7337189,187.6048279,161.1896973,159.9825439,277.6246948,148.9165497,139.0745392,0,0,0.001852289,0.000180002
2020-11-27,14:12:13,6.006800079,9.026499939,163.7337189,187.5626068,161.1884308,159.9832153,277.6228943,148.917099,139.0741425,0,0,0.001852289,0.000180002
2020-11-27,14:12:14,6.006299973,9.026399994,163.7337189,187.519165,161.1881714,159.9830627,277.6232605,148.9171753,139.0740662,0,0,0.001852289,0.000180002
2020-11-27,14:12:15,6.005799866,9.026399994,163.7337189,187.4767761,161.1887665,159.9835968,277.6217346,148.9175262,139.073761,0,0,0.001852289,0.000180002
2020-11-27,14:12:16,6.005199814,9.026399994,163.7337189,187.4381561,161.1883545,159.9838104,277.6211243,148.9176331,139.0736542,0,0,0.001889354,0.000180052
2020-11-27,14:12:17,6.004600143,9.026300049,163.7337189,187.3959961,161.187027,159.98349,277.6221008,148.918457,139.0729828,0,0,0.001889354,0.000180052
2020-11-27,14:12:18,6.004000092,9.026200104,163.7337189,187.3542328,161.1872864,159.984436,277.6195679,148.918808,139.0726471,0,0,0.001889354,0.000180052
2020-11-27,14:12:19,6.003499985,9.026300049,163.7337189,187.3119049,161.1871338,159.9846344,277.6188354,148.9185181,139.0729065,0,0,0.001889354,0.000180052
2020-11-27,14:12:20,6.002600098,9.026200104,163.7337189,187.2718048,161.18573,159.9849854,277.6179504,148.9188995,139.0725861,0,0,0.001889354,0.000180052
2020-11-27,14:12:21,6.002000046,9.026200104,163.7337189,187.2311401,161.1854248,159.985199,277.6175232,148.9190826,139.0727844,0,0,0.001889354,0.000179783
2020-11-27,14:12:22,6.001499939,9.026100159,163.7337189,187.1889038,161.1856537,159.9849854,277.6170654,148.918457,139.0724182,0,0,0.001889354,0.000179783
2020-11-27,14:12:23,6.001100159,9.026200104,163.7337189,187.1481934,161.1848297,159.985733,277.6158447,148.9194336,139.072998,0,0,0.001889354,0.000179945
2020-11-27,14:12:24,6.000500107,9.026100159,163.7337189,187.10672,161.1838989,159.9859161,277.615387,148.9197998,139.0718689,0,0,0.001889354,0.000179945
2020-11-27,14:12:25,6.000099945,9.026000214,163.7337189,187.064743,161.1834259,159.9864349,277.6140137,148.919342,139.0721893,0,0,0.001889354,0.000179945
2020-11-27,14:12:26,5.999499893,9.026000214,163.7337189,187.0251007,161.1842499,159.9868774,277.6128235,148.918808,139.0727234,0,0,0.001889354,0.000179945
2020-11-27,14:12:27,5.999000168,9.025900269,163.7337189,186.9843292,161.1833038,159.9867859,277.6130981,148.919342,139.0722809,0,0,0.001889354,0.000179945
2020-11-27,14:12:28,5.998500061,9.025900269,163.7337189,186.9440918,161.1825714,159.9866638,277.6134644,148.9198914,139.0718079,0,0,0.001889354,0.000179945
2020-11-27,14:12:29,5.998199844,9.025800323,163.734726,186.9030151,161.1827393,159.9873199,277.6116333,148.919342,139.0722351,0,0,0.001889354,0.000179945
2020-11-27,14:12:30,5.997900009,9.025900269,163.734726,186.8647308,161.1815186,159.987915,277.6099243,148.918808,139.0726776,0,0,0.001889354,0.000179945
2020-11-27,14:12:31,5.997999954,9.025700378,163.7336273,186.8227081,161.1812286,159.9878235,277.6101379,148.9186249,139.0728455,0,0,0.001889354,0.000179945
2020-11-27,14:12:32,5.997399902,9.025800323,163.7326202,186.7837677,161.1815948,159.9884796,277.608429,148.9181519,139.0731506,0,0,0.001889354,0.000179945
2020-11-27,14:12:33,5.997299957,9.025700378,163.7347107,186.7425079,161.1805115,159.9885406,277.6081543,148.918457,139.0729675,0,0,0.001889354,0.000179945
2020-11-27,14:12:34,5.997600174,9.02559967,163.7347107,186.7037048,161.1808167,159.9888611,277.6074219,148.9178162,139.0735474,0,0,0.001889354,0.000179948
2020-11-27,14:12:35,5.997399902,9.02559967,163.7347107,186.6626434,161.1793518,159.9886475,277.6079407,148.9181519,139.0732574,0,0,0.001889354,0.000179948
2020-11-27,14:12:36,5.997600174,9.025499725,163.7347107,186.6227722,161.1799011,159.9889832,277.6069336,148.9178162,139.0735474,0,0,0.001889354,0.000179948
2020-11-27,14:12:37,5.997100067,9.025499725,163.7347107,186.5828247,161.1779785,159.9890442,277.606842,148.9175262,139.0737152,0,0,0.001889354,0.000179948
2020-11-27,14:12:38,5.997299957,9.025499725,163.7347107,186.5446777,161.1790619,159.9899292,277.6045227,148.9176331,139.0736542,0,0,0.001889354,0.000179948
2020-11-27,14:12:39,5.997000122,9.02539978,163.7336731,186.504303,161.178299,159.9903717,277.6031799,148.916275,139.0748596,0,0,0.001889354,0.000179948
2020-11-27,14:12:40,5.996699905,9.02539978,163.7336731,186.4669647,161.1776581,159.9900513,277.6040344,148.9154663,139.0754852,0,0,0.001889354,0.000179948
2020-11-27,14:12:41,5.996900177,9.02539978,163.7336731,186.4276581,161.1774445,159.9907684,277.6020203,148.9157562,139.0752258,0,0,0.001889354,0.000179948
2020-11-27,14:12:42,5.996699905,9.025299835,163.7336731,186.3871307,161.1773834,159.990921,277.6016846,148.9148407,139.076004,0,0,0.001889354,0.000179948
2020-11-27,14:12:43,5.996900177,9.025299835,163.7346802,186.3490601,161.1763611,159.9912109,277.6008911,148.9148407,139.075943,0,0,0.001889354,0.000179948
2020-11-27,14:12:44,5.996500015,9.02519989,163.7346802,186.3083649,161.1749573,159.9907227,277.6022339,148.9145508,139.0762177,0,0,0.001889354,0.000179948
2020-11-27,14:12:45,5.99659996,9.02519989,163.7346802,186.2707825,161.1755524,159.9912109,277.6008911,148.9143829,139.0764618,0,0,0.001889354,0.000179948
2020-11-27,14:12:46,5.996500015,9.025099945,163.7346802,186.2334442,161.1748962,159.9914246,277.6002808,148.9133911,139.07724,0,0,0.001889354,0.000179948
2020-11-27,14:12:47,5.99659996,9.025099945,163.7346802,186.1932678,161.1745758,159.991806,277.5992126,148.9134979,139.0771942,0,0,0.001889354,0.000179948
2020-11-27,14:12:48,5.996300125,9.025099945,163.7346802,186.1574554,161.1752472,159.9923553,277.5976563,148.9129639,139.077652,0,0,0.001889354,0.000179948
2020-11-27,14:12:49,5.996500015,9.025,163.7335968,186.1188354,161.1739349,159.9919586,277.5988159,148.9124146,139.078064,0,0,0.001889354,0.000179948
2020-11-27,14:12:50,5.996300125,9.025,163.7335968,186.0795441,161.1732941,159.9925232,277.5971985,148.9122314,139.0782166,0,0,0.001889354,0.000179948
2020-11-27,14:12:51,5.99640007,9.025,163.7335968,186.0427551,161.1734009,159.9924164,277.5975647,148.9116974,139.0786896,0,0,0.001889354,0.000179948
2020-11-27,14:12:52,5.99620018,9.024900055,163.7335968,186.0067902,161.173172,159.9921417,277.5982666,148.9112396,139.079071,0,0,0.001889354,0.000179808
2020-11-27,14:12:53,5.99640007,9.024900055,163.7346497,185.9676514,161.1729126,159.9932098,277.595459,148.9105225,139.0796509,0,0,0.001889354,0.000179808
2020-11-27,14:12:54,5.99620018,9.024900055,163.7346497,185.9312897,161.1720581,159.9934692,277.594635,148.9107971,139.079483,0,0,0.001889354,0.000179808
2020-11-27,14:12:55,5.99620018,9.02480011,163.7335663,185.8919983,161.1730194,159.993576,277.5944214,148.9097137,139.0803833,0,0,0.001840575,0.000179808
2020-11-27,14:12:56,5.996099854,9.02480011,163.7346802,185.8555298,161.1708069,159.9938354,277.5937195,148.9085388,139.0814056,0,0,0.001840575,0.00017992
2020-11-27,14:12:57,5.996300125,9.02480011,163.7346802,185.8179779,161.1712036,159.993988,277.5933228,148.9082794,139.0816193,0,0,0.001831134,0.00017992
2020-11-27,14:12:58,5.99620018,9.024700165,163.7356873,185.7810669,161.1705475,159.9934692,277.594696,148.9086456,139.081192,0,0,0.001831134,0.00017992
2020-11-27,14:12:59,5.996300125,9.024700165,163.7346802,185.7455597,161.1699371,159.9947052,277.5912781,148.9080811,139.0818024,0,0,0.001838039,0.00017992
2020-11-27,14:13:00,5.996500015,9.024700165,163.7346802,185.7092438,161.1711731,159.9943695,277.5921021,148.9078369,139.082016,0,0,0.001838039,0.00017992
2020-11-27,14:13:01,5.99679985,9.024700165,163.7346802,185.6723633,161.1715088,159.994873,277.5908508,148.9069214,139.0827637,0,0,0.001838039,0.00017992
2020-11-27,14:13:02,5.996900177,9.02460022,163.7346802,185.6363068,161.1694031,159.9945526,277.5917053,148.9069214,139.0827026,0,0,0.001838039,0.000179857
2020-11-27,14:13:03,5.99679985,9.02460022,163.7346802,185.5998688,161.1692657,159.9950867,277.5903015,148.905838,139.0836487,0,0,0.001838039,0.000179857
2020-11-27,14:13:04,5.997100067,9.024500275,163.7346802,185.5632477,161.1687012,159.9950867,277.5900879,148.9055634,139.0839386,0,0,0.001838039,0.000179857
2020-11-27,14:13:05,5.996900177,9.024500275,163.7346802,185.5288086,161.1681061,159.9954834,277.5892639,148.9053802,139.0840607,0,0,0.001838039,0.000179857
2020-11-27,14:13:06,5.997299957,9.024500275,163.7346802,185.4915161,161.1682434,159.9955902,277.5887756,148.9046783,139.084671,0,0,0.001847568,0.000179857
2020-11-27,14:13:07,5.997100067,9.02440033,163.7346802,185.4572296,161.1688843,159.9954834,277.5890198,148.9044037,139.0849152,0,0,0.001847568,0.000179857
2020-11-27,14:13:08,5.997399902,9.024500275,163.7346802,185.4205017,161.1674347,159.9958038,277.5883179,148.9043274,139.0850067,0,0,0.001847568,0.000179857
2020-11-27,14:13:09,5.997499847,9.024299622,163.7346802,185.3845978,161.1665039,159.9961395,277.5874023,148.9038849,139.0853577,0,0,0.001847568,0.000179857
2020-11-27,14:13:10,5.997600174,9.02440033,163.7346802,185.3512878,161.1670685,159.995697,277.5885315,148.9034119,139.0856934,0,0,0.001847568,0.000179857
2020-11-27,14:13:11,5.997399902,9.024299622,163.7346802,185.3167572,161.1658478,159.9955902,277.5888672,148.90242,139.0865326,0,0,0.001847568,0.000179857
2020-11-27,14:13:12,5.997900009,9.024299622,163.7356873,185.2796173,161.1665649,159.9963684,277.586731,148.9020538,139.0868683,0,0,0.001847568,0.000180066
2020-11-27,14:13:13,5.997800064,9.024199677,163.7356873,185.245697,161.1657104,159.996521,277.5863647,148.9026031,139.08638,0,0,0.001833406,0.000179921
2020-11-27,14:13:14,5.997999954,9.024199677,163.7356873,185.2109375,161.164978,159.9971466,277.5846558,148.9017029,139.0870819,0,0,0.001852551,0.000179921
2020-11-27,14:13:15,5.997800064,9.024099731,163.7356873,185.1769257,161.1644135,159.9967041,277.5857544,148.9012604,139.0874939,0,0,0.001852551,0.000179921
2020-11-27,14:13:16,5.997999954,9.024099731,163.7346802,185.1407318,161.1647034,159.99646,277.5864563,148.9015961,139.087204,0,0,0.001852551,0.000179921
2020-11-27,14:13:17,5.998099899,9.024099731,163.7346802,185.1069183,161.1646576,159.9971466,277.5846558,148.9009094,139.0878143,0,0,0.001852551,0.000179921
2020-11-27,14:13:18,5.998199844,9.023999786,163.7346802,185.0736237,161.1641846,159.9977112,277.5830383,148.9005585,139.0881348,0,0,0.001852551,0.000179921
2020-11-27,14:13:19,5.998400116,9.023899841,163.7357178,185.0377655,161.1639709,159.9974976,277.5836182,148.8998108,139.0887299,0,0,0.001852551,0.000179921
2020-11-27,14:13:20,5.998199844,9.023899841,163.7357178,185.0071259,161.1628113,159.9971466,277.5845642,148.9003754,139.0882416,0,0,0.001852551,0.000179921
2020-11-27,14:13:21,5.998500061,9.023799896,163.7357178,184.970993,161.16362,159.9977112,277.5830383,148.8997345,139.0888519,0,0,0.001852551,0.000179921
2020-11-27,14:13:22,5.998300171,9.023699951,163.7357178,184.9378662,161.1629486,159.9980316,277.5820618,148.8991089,139.0893097,0,0,0.001852551,0.000179921
2020-11-27,14:13:23,5.998500061,9.023300171,163.7357178,184.903656,161.1626282,159.9977722,277.5828552,148.8991089,139.0893707,0,0,0.001852551,0.000179921
2020-11-27,14:13:24,5.998600006,9.022799683,163.7357178,184.8703156,161.16185,159.9974976,277.5837097,148.8992004,139.0892181,0,0,0.001852551,0.000179921
2020-11-27,14:13:25,5.998400116,9.022200012,163.7357178,184.8380585,161.1627808,159.9979858,277.5823975,148.898819,139.0895996,0,0,0.001852551,0.000179921
2020-11-27,14:13:26,5.998699951,9.021700287,163.7346954,184.8058472,161.1615448,159.9983826,277.5812073,148.8990173,139.089447,0,0,0.001852551,0.000179921
2020-11-27,14:13:27,5.998899841,9.021099854,163.7357178,184.7703094,161.1620331,159.9982605,277.5815125,148.8985443,139.089859,0,0,0.001852551,0.000179921
2020-11-27,14:13:28,5.998899841,9.020700073,163.7357178,184.740097,161.1616669,159.9985504,277.580719,148.897583,139.0906525,0,0,0.001852551,0.000179947
2020-11-27,14:13:29,5.999000168,9.020200348,163.7357178,184.7068329,161.1611481,159.9986572,277.5805359,148.8982086,139.0900726,0,0,0.001852551,0.000179947
2020-11-27,14:13:30,5.998699951,9.01969986,163.7357178,184.6724243,161.1605377,159.9987488,277.5802612,148.8974762,139.0907135,0,0,0.001852551,0.000179947
2020-11-27,14:13:31,5.998899841,9.019200134,163.7357178,184.6407776,161.1600647,159.9983215,277.5813599,148.8971252,139.0910645,0,0,0.001852551,0.000179947
2020-11-27,14:13:32,5.998699951,9.018800354,163.7357178,184.6095886,161.1596222,159.9987488,277.5802917,148.8973999,139.0908508,0,0,0.001852551,0.000179893
2020-11-27,14:13:33,5.998899841,9.018399811,163.7367249,184.5764008,161.1607819,159.9986572,277.5800171,148.8971252,139.0910645,0,0,0.001852551,0.000179893
2020-11-27,14:13:34,5.998699951,9.017900085,163.7367249,184.5438232,161.1598969,159.9987488,277.5802917,148.8973999,139.090744,0,0,0.001852551,0.000179893
2020-11-27,14:13:35,5.998899841,9.017500305,163.7356873,184.5115051,161.1595917,159.9991302,277.5790405,148.8967743,139.0912933,0,0,0.001852551,0.000179874
2020-11-27,14:13:36,5.998699951,9.017199707,163.7356873,184.4806671,161.1600647,159.9990387,277.5794983,148.8964996,139.0915222,0,0,0.001852551,0.000179822
2020-11-27,14:13:37,5.998799896,9.016799927,163.7356873,184.44841,161.1586151,159.9987488,277.5802002,148.8963165,139.0917053,0,0,0.001852551,0.000179822
2020-11-27,14:13:38,5.998699951,9.016500092,163.7356873,184.4159088,161.1593018,159.9991302,277.5791016,148.8967743,139.0912628,0,0,0.001852551,0.000179822
2020-11-27,14:13:39,5.998899841,9.016200256,163.7356873,184.3859253,161.1575623,159.9990387,277.5794678,148.8954926,139.0924377,0,0,0.001852551,0.000179822
2020-11-27,14:13:40,5.998600006,9.015799713,163.7356873,184.3544312,161.1580811,159.9991913,277.578949,148.8964081,139.0916138,0,0,0.001852551,0.000179822
2020-11-27,14:13:41,5.998899841,9.015499878,163.7367249,184.3246155,161.1584473,159.9989777,277.5795898,148.8955841,139.0923004,0,0,0.001852551,0.000179822
2020-11-27,14:13:42,5.999000168,9.015200043,163.7357025,184.2926025,161.1570435,159.9992523,277.5787659,148.8962097,139.0917358,0,0,0.001852551,0.000179822
2020-11-27,14:13:43,5.998899841,9.014900208,163.7357025,184.2607422,161.1567078,159.9994659,277.5782471,148.8964996,139.0915527,0,0,0.001852551,0.000179822
2020-11-27,14:13:44,5.999100113,9.014600372,163.7357025,184.2293701,161.1582642,159.9991302,277.5790405,148.8961334,139.0919189,0,0,0.001852551,0.000179822
2020-11-27,14:13:45,5.998799896,9.014399719,163.7357025,184.1981659,161.1569061,159.9994354,277.5784607,148.895874,139.0921021,0,0,0.001852551,0.000179948
2020-11-27,14:13:46,5.999000168,9.014099884,163.7357025,184.1673584,161.1559906,159.9998627,277.5770264,148.895874,139.0920563,0,0,0.001852551,0.000179948
2020-11-27,14:13:47,5.998899841,9.013800049,163.7357025,184.1380463,161.156723,159.9990387,277.5794373,148.8955841,139.0923462,0,0,0.001852551,0.000179948
2020-11-27,14:13:48,5.999000168,9.013600159,163.7357025,184.107193,161.1563873,159.9994659,277.578186,148.895874,139.0920868,0,0,0.001850366,0.000179948
2020-11-27,14:13:49,5.998699951,9.013400269,163.7357025,184.0761871,161.1556396,159.9991302,277.5791931,148.8961334,139.0918732,0,0,0.001850366,0.000179948
2020-11-27,14:13:50,5.998899841,9.01309967,163.7357025,184.0469971,161.1561279,159.999527,277.5779724,148.8956757,139.0922089,0,0,0.001850366,0.000179948
2020-11-27,14:13:51,5.998799896,9.01289978,163.7367249,184.0170898,161.1567688,159.9996948,277.5776062,148.8954926,139.0924377,0,0,0.001850366,0.000180007
2020-11-27,14:13:52,5.998699951,9.01269989,163.7367249,183.9872589,161.1560059,159.9993134,277.5787048,148.8954926,139.092453,0,0,0.001850366,0.000180007
2020-11-27,14:13:53,5.998600006,9.012400055,163.7367249,183.9561005,161.1551361,159.9991913,277.5783997,148.8957825,139.0921326,0,0,0.001850366,0.000179736
2020-11-27,14:13:54,5.998899841,9.012200165,163.7367249,183.9272614,161.1556091,159.9993134,277.579071,148.8961334,139.0918884,0,0,0.001850366,0.000179736
2020-11-27,14:13:55,5.998699951,9.012000275,163.7367249,183.8972931,161.1548004,159.9988708,277.579895,148.8955841,139.0923004,0,0,0.001850366,0.000179736
2020-11-27,14:13:56,5.998699951,9.011799622,163.7356873,183.8677368,161.1540222,159.9996948,277.5775452,148.8964996,139.0915375,0,0,0.001850366,0.000180025
2020-11-27,14:13:57,5.998799896,9.011599731,163.7367096,183.839035,161.1545105,159.9989777,277.5795288,148.8957825,139.0921783,0,0,0.001850366,0.000179916
2020-11-27,14:13:58,5.998699951,9.011499786,163.7377319,183.8092499,161.1533051,159.9991913,277.5789185,148.8954926,139.0924377,0,0,0.001850366,0.000179916
2020-11-27,14:13:59,5.998799896,9.011299896,163.7367096,183.7810059,161.1540985,159.9993744,277.5785522,148.8968658,139.091217,0,0,0.001850366,0.000179916
2020-11-27,14:14:00,5.998600006,9.011199951,163.7367096,183.7507019,161.1544037,159.9990692,277.5792847,148.8961334,139.0918274,0,0,0.001850366,0.000179916
2020-11-27,14:14:01,5.998799896,9.011000061,163.7367096,183.7224884,161.1536865,159.9994659,277.5782776,148.8957825,139.0921326,0,0,0.001850366,0.000179916
2020-11-27,14:14:02,5.998600006,9.010900116,163.7377167,183.6925507,161.1529694,159.9993744,277.5785522,148.8965912,139.091507,0,0,0.001850366,0.000179916
2020-11-27,14:14:03,5.998699951,9.010800171,163.7377167,183.6634521,161.152832,159.9990692,277.5793152,148.8967743,139.0913086,0,0,0.001850366,0.000179916
2020-11-27,14:14:04,5.998600006,9.010700226,163.7377167,183.6358185,161.1530762,159.9993134,277.5786133,148.8972168,139.0909424,0,0,0.001811902,0.000179872
2020-11-27,14:14:05,5.998799896,9.010600281,163.7366333,183.6076508,161.15271,159.9990387,277.5794983,148.8966675,139.0914001,0,0,0.001811902,0.000179872
2020-11-27,14:14:06,5.998500061,9.010500336,163.7366333,183.5786591,161.1521912,159.9991302,277.5790405,148.8967743,139.0912628,0,0,0.001811902,0.000179872
2020-11-27,14:14:07,5.998699951,9.010399628,163.7366333,183.5510254,161.1525116,159.9988708,277.579834,148.8966675,139.0914154,0,0,0.001833406,0.000179872
2020-11-27,14:14:08,5.998500061,9.010299683,163.7366333,183.5240021,161.151947,159.9993744,277.5785522,148.8968658,139.091217,0,0,0.001833406,0.000179872
2020-11-27,14:14:09,5.998799896,9.010199738,163.7366333,183.4958038,161.151535,159.9987183,277.5804138,148.8971252,139.0910034,0,0,0.001858233,0.000179872
2020-11-27,14:14:10,5.998400116,9.010299683,163.7376556,183.4670105,161.1506805,159.9989777,277.5795593,148.8972931,139.0909119,0,0,0.001858233,0.000179872
2020-11-27,14:14:11,5.998699951,9.010099792,163.7376556,183.4411621,161.1517639,159.9987183,277.5803833,148.8973999,139.090744,0,0,0.001858233,0.000179872
2020-11-27,14:14:12,5.998400116,9.009999847,163.7376556,183.4127502,161.1506805,159.9988708,277.579834,148.897644,139.0905609,0,0,0.001858233,0.000180006
2020-11-27,14:14:13,5.998699951,9.009999847,163.7376556,183.3847656,161.1518097,159.9987488,277.5802002,148.8978424,139.0906982,0,0,0.001858233,0.000180031
2020-11-27,14:14:14,5.998400116,9.009799957,163.7376556,183.3574982,161.1507263,159.9986572,277.5805054,148.8973999,139.0908661,0,0,0.001858233,0.000179902
2020-11-27,14:14:15,5.998500061,9.008799744,163.7376556,183.3301544,161.1502991,159.9987488,277.5801697,148.8982697,139.0900269,0,0,0.001858233,0.000179902
2020-11-27,14:14:16,5.998199844,9.007800293,163.7376556,183.3037415,161.1517487,159.9984741,277.5809021,148.8982086,139.0901184,0,0,0.001858233,0.000179902
2020-11-27,14:14:17,5.998400116,9.006700134,163.7376556,183.2767334,161.1507111,159.9986572,277.5805054,148.8985443,139.0898285,0,0,0.001858233,0.000179902
2020-11-27,14:14:18,5.998199844,9.005799866,163.7376556,183.2500458,161.1496887,159.9984741,277.5808716,148.8977509,139.0904694,0,0,0.001858233,0.000179902
2020-11-27,14:14:19,5.998300171,9.005200195,163.7376556,183.2223206,161.1503143,159.9984131,277.5811462,148.8980255,139.09021,0,0,0.001858233,0.000179815
2020-11-27,14:14:20,5.998199844,9.004699707,163.7376556,183.1954346,161.1494293,159.9985962,277.5805969,148.8991089,139.0893402,0,0,0.001858233,0.000179875
2020-11-27,14:14:21,5.997999954,9.004199982,163.7376556,183.1689148,161.1493683,159.9984131,277.5811462,148.8980255,139.0902252,0,0,0.001858233,0.000179875
2020-11-27,14:14:22,5.998199844,9.003700256,163.7376556,183.1417389,161.1493988,159.9989777,277.5796204,148.8991089,139.0893402,0,0,0.001858233,0.000179875
2020-11-27,14:14:23,5.997900009,9.003299713,163.7376556,183.1165009,161.1498413,159.9984131,277.5811157,148.8992004,139.0892487,0,0,0.001858233,0.000179875
2020-11-27,14:14:24,5.998099899,9.002899933,163.7366028,183.0910187,161.1488037,159.9980316,277.5821533,148.8989105,139.0894775,0,0,0.001858233,0.000179875
2020-11-27,14:14:25,5.997900009,9.002400208,163.7376404,183.0627289,161.1485443,159.9981995,277.5826416,148.8994598,139.0890198,0,0,0.001858233,0.000179875
2020-11-27,14:14:26,5.997999954,9.001999664,163.7376404,183.0387421,161.1483917,159.9983826,277.5812378,148.8993683,139.0890961,0,0,0.001858233,0.000179875
2020-11-27,14:14:27,5.997700119,9.001699829,163.7376404,183.0118713,161.1478882,159.9979401,277.582489,148.8994598,139.0890045,0,0,0.001858233,0.000179875
2020-11-27,14:14:28,5.997700119,9.001300049,163.7376404,182.9868317,161.1479492,159.9977112,277.5830383,148.8998108,139.0886993,0,0,0.001858233,0.000179875
2020-11-27,14:14:29,5.997499847,9.001000214,163.7376404,182.9605408,161.1471863,159.9976501,277.583252,148.8996277,139.088913,0,0,0.001853862,0.000179891
2020-11-27,14:14:30,5.997700119,9.000800323,163.7376404,182.9354858,161.1485443,159.9981537,277.5817871,148.8997345,139.088974,0,0,0.001853862,0.000179891
2020-11-27,14:14:31,5.997299957,9.000499725,163.7386475,182.9102478,161.1479034,159.9977112,277.5830994,148.9011841,139.0875397,0,0,0.001853862,0.000179896
2020-11-27,14:14:32,5.997499847,9.00019989,163.7386475,182.884613,161.1483307,159.9974976,277.5836182,148.9007263,139.0879517,0,0,0.001853862,0.000179896
2020-11-27,14:14:33,5.997200012,8.999900055,163.7386475,182.8585205,161.1474609,159.9972076,277.5845337,148.9006195,139.088028,0,0,0.001795992,0.000179896
2020-11-27,14:14:34,5.997299957,9.000700378,163.7386475,182.8356171,161.1480255,159.9976501,277.5832825,148.9009857,139.0877228,0,0,0.001803509,0.000179896
2020-11-27,14:14:35,5.997000122,9.003399658,163.7386475,182.8090973,161.1474152,159.9971008,277.5846863,148.9008026,139.0879059,0,0,0.001803509,0.000179896
2020-11-27,14:14:36,5.99679985,9.005400085,163.7386475,182.7850647,161.1476746,159.9972534,277.5843811,148.9010773,139.0876617,0,0,0.001814524,0.000179896
2020-11-27,14:14:37,5.997000122,9.006800079,163.7386475,182.7601471,161.1461792,159.9971466,277.5845947,148.9019623,139.0869141,0,0,0.001814524,0.000179896
2020-11-27,14:14:38,5.996900177,9.006700134,163.7386475,182.7352295,161.147049,159.9972992,277.5842285,148.9017029,139.0871124,0,0,0.001814524,0.000179896
2020-11-27,14:14:39,5.997100067,9.006300354,163.7386475,182.7107391,161.1460571,159.9969788,277.5849915,148.9020538,139.0868073,0,0,0.001814524,0.000179896
2020-11-27,14:14:40,5.99679985,9.005999756,163.7386475,182.6862335,161.1468048,159.9967041,277.5857544,148.9014282,139.0873871,0,0,0.001814524,0.000179896
2020-11-27,14:14:41,5.996900177,9.005699921,163.7386475,182.6625824,161.1465302,159.996521,277.5862122,148.9026947,139.0862579,0,0,0.001814524,0.000179896
2020-11-27,14:14:42,5.996900177,9.005400085,163.7386475,182.6382294,161.1464386,159.9969788,277.5849609,148.9035034,139.0856781,0,0,0.001814524,0.000179896
2020-11-27,14:14:43,5.99679985,9.00510025,163.7386475,182.6141205,161.1465759,159.996521,277.5861511,148.9026947,139.0862274,0,0,0.001814524,0.000179896
2020-11-27,14:14:44,5.996699905,9.004799652,163.7386475,182.589035,161.1461792,159.9968109,277.5855103,148.903244,139.0858612,0,0,0.001814524,0.000179896
2020-11-27,14:14:45,5.99679985,9.004599762,163.7386475,182.5662079,161.1452637,159.99646,277.5865173,148.9037018,139.085556,0,0,0.001814524,0.000179896
2020-11-27,14:14:46,5.997000122,9.004299927,163.7396698,182.5420074,161.1460114,159.9962463,277.5869446,148.9035034,139.0856476,0,0,0.001814524,0.000179896
2020-11-27,14:14:47,5.99659996,9.004100037,163.7396698,182.5180969,161.1465302,159.9966431,277.5859375,148.9035034,139.0856781,0,0,0.001814524,0.000179896
2020-11-27,14:14:48,5.996500015,9.003900146,163.7396698,182.495224,161.1453247,159.996521,277.5861511,148.9037018,139.0855408,0,0,0.001814524,0.00017996
2020-11-27,14:14:49,5.996699905,9.003700256,163.7396698,182.4714355,161.1465302,159.9962006,277.5871277,148.9033203,139.0857849,0,0,0.001814524,0.00017996
2020-11-27,14:14:50,5.99640007,9.003500366,163.7386627,182.4473724,161.1441345,159.9960938,277.5875854,148.9038849,139.0853271,0,0,0.001771165,0.000179933
2020-11-27,14:14:51,5.996500015,9.003299713,163.7386627,182.4236603,161.1456604,159.9962006,277.5870667,148.9037781,139.085434,0,0,0.001771165,0.000179933
2020-11-27,14:14:52,5.996300125,9.003099823,163.7386627,182.4011993,161.1452484,159.9958649,277.5880127,148.904129,139.085144,0,0,0.001771165,0.000179933
2020-11-27,14:14:53,5.996500015,9.002899933,163.7386627,182.3780975,161.1458893,159.9960938,277.5875549,148.9038849,139.0854187,0,0,0.001771165,0.000179933
2020-11-27,14:14:54,5.99620018,9.002799988,163.7386627,182.3546448,161.1448517,159.9958649,277.5880432,148.9044037,139.0849457,0,0,0.001771165,0.000180069
2020-11-27,14:14:55,5.996300125,9.002600098,163.7397003,182.3331757,161.1441193,159.9956512,277.5887451,148.9037781,139.085434,0,0,0.001770116,0.000180069
2020-11-27,14:14:56,5.99659996,9.002500153,163.7397003,182.3106995,161.1446075,159.9953308,277.5896301,148.9046783,139.0846558,0,0,0.001770116,0.000180069
2020-11-27,14:14:57,6.000299835,9.002300262,163.7397003,182.2863464,161.1450348,159.9956512,277.5887451,148.9048615,139.0848846,0,0,0.001770116,0.000180069
2020-11-27,14:14:58,6.007899857,9.002200317,163.7397003,182.2641907,161.144043,159.9958649,277.5880737,148.904129,139.085144,0,0,0.001770116,0.000180069
2020-11-27,14:14:59,6.01570015,9.002100372,163.7397003,182.2422791,161.1443024,159.9961395,277.5874329,148.9042358,139.085022,0,0,0.001770116,0.000180069
2020-11-27,14:15:00,6.025799942,9.001999664,163.7397003,182.2197876,161.144165,159.9951935,277.5899353,148.9050293,139.0843506,0,0,0.001770116,0.000180069
2020-11-27,14:15:01,6.037200165,9.001899719,163.7397003,182.197113,161.1446686,159.9952545,277.5898132,148.9053192,139.0841064,0,0,0.001770116,0.000180069
2020-11-27,14:15:02,6.049700165,9.001799774,163.7397003,182.1759644,161.144043,159.9955292,277.5889893,148.9059448,139.0835571,0,0,0.001770116,0.000180069
2020-11-27,14:15:03,6.061100006,9.001799774,163.7397003,182.1539001,161.1436005,159.9950256,277.5903625,148.9061127,139.0834351,0,0,0.001770116,0.000179895
2020-11-27,14:15:04,6.074700165,9.001699829,163.7397003,182.1322174,161.1445007,159.9947052,277.5913391,148.9067383,139.0829468,0,0,0.001770116,0.000179895
2020-11-27,14:15:05,6.088299942,9.001599884,163.7397003,182.1117706,161.1428528,159.9945526,277.5917969,148.9077301,139.082077,0,0,0.001771165,0.000179895
2020-11-27,14:15:06,6.103099823,9.001699829,163.7397003,182.0900574,161.1444702,159.9950867,277.590332,148.9087067,139.081192,0,0,0.001771165,0.000179895
2020-11-27,14:15:07,6.147100067,9.001699829,163.7397003,182.0690765,161.1430817,159.9946442,277.5914307,148.9110565,139.0792542,0,0,0.001771165,0.000179895
2020-11-27,14:15:08,6.188999939,9.001799774,163.7397003,182.0497437,161.1439667,159.9944916,277.5918274,148.911972,139.0784912,0,0,0.001771165,0.000179895
2020-11-27,14:15:09,6.222100067,9.001899719,163.7407227,182.031189,161.1434326,159.9947052,277.5911865,148.9144745,139.0763397,0,0,0.001771165,0.000179895
2020-11-27,14:15:10,6.258599854,9.001999664,163.7407227,182.0121307,161.1423492,159.9949341,277.5907288,148.9171753,139.0740356,0,0,0.001679552,0.000179983
2020-11-27,14:15:11,6.290299988,9.002200317,163.7407227,181.9927979,161.1433411,159.9943695,277.5921021,148.921051,139.0708008,0,0,0.001679552,0.000179983
2020-11-27,14:15:12,6.321099854,9.002300262,163.7407227,181.975235,161.1427917,159.9946136,277.5916748,148.9254456,139.0669861,0,0,0.001679552,0.000179983
2020-11-27,14:15:13,6.35379982,9.002600098,163.7407227,181.9578094,161.1432495,159.994278,277.5925293,148.931488,139.0619049,0,0,0.001679552,0.000179983
2020-11-27,14:15:14,6.382500076,9.002799988,163.7407227,181.9416504,161.1428528,159.9941101,277.592926,148.937149,139.0570831,0,0,0.001679552,0.000179983
2020-11-27,14:15:15,6.41289978,9.003099823,163.7407227,181.9262085,161.1421509,159.9941559,277.5928345,148.9432831,139.0519104,0,0,0.001679552,0.000179983
2020-11-27,14:15:16,6.442199707,9.003399658,163.7407227,181.9121857,161.14328,159.993988,277.5932007,148.9507294,139.045578,0,0,0.001679552,0.000179983
2020-11-27,14:15:17,6.470200348,9.003800201,163.7407227,181.8984528,161.1424255,159.9935303,277.5944824,148.9589233,139.0386353,0,0,0.001679552,0.000179983
2020-11-27,14:15:18,6.49960022,9.004100037,163.7407227,181.887146,161.1435394,159.9938354,277.59375,148.968811,139.0302277,0,0,0.001679552,0.000179983
2020-11-27,14:15:19,6.527600098,9.004499817,163.7407227,181.8756409,161.1430817,159.9936371,277.5941772,148.9795227,139.0211487,0,0,0.001679552,0.000179983
2020-11-27,14:15:20,6.556500244,9.00490036,163.7407227,181.8647614,161.1435394,159.9940491,277.5931396,148.9897919,139.0124512,0,0,0.001679552,0.000179983
2020-11-27,14:15:21,6.584200287,9.005400085,163.7407227,181.8556671,161.1424713,159.9934235,277.5948486,149.0029297,139.0012817,0,0,0.001679552,0.000179983
2020-11-27,14:15:22,6.612999725,9.005899811,163.7407227,181.8472748,161.1415863,159.9930267,277.5958862,149.0168762,138.9893951,0,0,0.001679552,0.000179983
2020-11-27,14:15:23,6.642700195,9.006300354,163.7407227,181.83815,161.1419983,159.9933167,277.5950012,149.0317993,138.9767761,0,0,0.001679552,0.000179983
2020-11-27,14:15:24,6.668499756,9.006800079,163.7407227,181.8315125,161.1418152,159.993103,277.5957336,149.0461273,138.9646149,0,0,0.001679552,0.000179983
2020-11-27,14:15:25,6.696700287,9.00739975,163.7407227,181.8256073,161.1407928,159.9938812,277.5935364,149.0627899,138.9505463,0,0,0.001679552,0.000179983
2020-11-27,14:15:26,6.72519989,9.008000183,163.7407227,181.819458,161.1419525,159.9932098,277.5954895,149.0811462,138.9349976,0,0,0.001679552,0.000179983
2020-11-27,14:15:27,6.753500366,9.008599854,163.7407227,181.8141479,161.1421967,159.9933777,277.5949097,149.1008453,138.9182739,0,0,0.001679552,0.000179983
2020-11-27,14:15:28,6.780500031,9.009200287,163.7407227,181.8106232,161.1413422,159.9930267,277.5958862,149.1198578,138.9021759,0,0,0.001679552,0.000179983
2020-11-27,14:15:29,6.703299713,9.009799957,163.7407227,181.8066254,161.1417542,159.9932556,277.5952148,149.1416473,138.8837891,0,0,0.001679552,0.000179983
2020-11-27,14:15:30,6.763500214,9.010199738,163.7407227,181.8031616,161.1419525,159.9928436,277.596283,149.1634369,138.8652649,0,0,0.001679552,0.000179983
2020-11-27,14:15:31,6.730899811,9.010800171,163.7407227,181.7983856,161.1413727,159.9934692,277.594635,149.1860504,138.8461304,0,0,0.000559384,0.000179983
2020-11-27,14:15:32,6.747499847,9.011299896,163.7417908,181.7960205,161.1422119,159.9929199,277.5961609,149.2081451,138.8274536,0,0,0.000559384,0.000179983
2020-11-27,14:15:33,6.754799652,9.011799622,163.7417908,181.7936554,161.1415405,159.9934235,277.5947571,149.2322845,138.8071136,0,0,0.000559384,0.000179983
2020-11-27,14:15:34,6.761399841,9.01230011,163.7407379,181.7914429,161.1406403,159.992981,277.5959473,149.2582397,138.785141,0,0,0.000559384,0.000179983
2020-11-27,14:15:35,6.769400024,9.012799835,163.741745,181.7887573,161.141571,159.9932098,277.5954285,149.2830353,138.7641449,0,0,0.001270788,0.000179983
2020-11-27,14:15:36,6.780000305,9.013300323,163.741745,181.7861481,161.1410217,159.9933777,277.5949707,149.3095093,138.7418213,0,0,0.001270788,0.000179983
2020-11-27,14:15:37,6.788999939,9.013800049,163.7427673,181.78125,161.1416168,159.9932556,277.5953369,149.337204,138.7184448,0,0,0.001270788,0.000179799
2020-11-27,14:15:38,6.797000122,9.014199829,163.7417297,181.779068,161.1412811,159.9928436,277.596283,149.3623657,138.6971283,0,0,0.001500608,0.000179686
2020-11-27,14:15:39,6.807499695,9.014700317,163.7417297,181.7753906,161.1399536,159.9934692,277.5946655,149.3905029,138.6734314,0,0,0.001401214,0.000179686
2020-11-27,14:15:40,6.817199707,9.015200043,163.7417297,181.7706757,161.1407776,159.9931488,277.5955811,149.4199066,138.6485901,0,0,0.001401214,0.000179867
2020-11-27,14:15:41,6.825099945,9.015699768,163.7427673,181.7667694,161.1411285,159.9932556,277.5951843,149.4478912,138.625,0,0,0.001310125,0.000179867
2020-11-27,14:15:42,6.834500122,9.016100311,163.7416382,181.7635956,161.1421661,159.9934692,277.594696,149.4773865,138.6000977,0,0,0.001310125,0.000179867
2020-11-27,14:15:43,6.843599701,9.016500092,163.7416382,181.7578125,161.1396637,159.9932098,277.59552,149.5049896,138.5767822,0,0,0.001310125,0.000179867
2020-11-27,14:15:44,6.851599884,9.016999817,163.7416382,181.7536163,161.1400604,159.9928436,277.596283,149.535614,138.5510101,0,0,0.001616698,0.000179867
2020-11-27,14:15:45,6.861100006,9.017500305,163.7416382,181.7492828,161.1398315,159.9937744,277.5938416,149.5655975,138.5258636,0,0,0.001631822,0.000179867
2020-11-27,14:15:46,6.87009964,9.01780014,163.7416382,181.7446289,161.1401672,159.993927,277.5934143,149.5951233,138.5009003,0,0,0.001631822,0.000179867
2020-11-27,14:15:47,6.878099823,9.018299866,163.7426453,181.7376404,161.1395264,159.9933167,277.5950317,149.6254578,138.4753418,0,0,0.001631822,0.000179867
2020-11-27,14:15:48,6.887000275,9.018699646,163.7426453,181.7332611,161.1389771,159.9940491,277.5931091,149.6565399,138.449234,0,0,0.001631822,0.000179867
2020-11-27,14:15:49,6.894799805,9.019100189,163.7426453,181.7277069,161.139389,159.9935303,277.5944824,149.6867981,138.4237671,0,0,0.001631822,0.000179867
2020-11-27,14:15:50,6.903299713,9.019599915,163.7426453,181.7229309,161.1386108,159.993988,277.5932312,149.7176056,138.3978729,0,0,0.001631822,0.000179867
2020-11-27,14:15:51,6.91230011,9.019999695,163.7426453,181.71698,161.1390228,159.9936981,277.5939941,149.7494354,138.3711243,0,0,0.001631822,0.000179867
2020-11-27,14:15:52,6.920300293,9.020400238,163.7426453,181.7118225,161.1384125,159.993576,277.5943604,149.7813416,138.3442535,0,0,0.001631822,0.000179851
2020-11-27,14:15:53,6.928099823,9.020800018,163.7426453,181.7065887,161.1380463,159.9941559,277.5928345,149.8109131,138.3194733,0,0,0.001631822,0.000179851
2020-11-27,14:15:54,6.936299896,9.021099854,163.7426453,181.6995392,161.1391144,159.9943085,277.5924377,149.8421783,138.2932739,0,0,0.001631822,0.000179851
2020-11-27,14:15:55,6.944400024,9.021499634,163.7426453,181.6949005,161.1381683,159.993988,277.5932312,149.8747406,138.2659302,0,0,0.001631822,0.000179851
2020-11-27,14:15:56,6.952600098,9.021900177,163.7426453,181.6883392,161.1384277,159.9942169,277.5926514,149.9051514,138.2404022,0,0,0.001636368,0.000179851
2020-11-27,14:15:57,6.960199738,9.022299957,163.7426453,181.6833801,161.1391144,159.9941101,277.5929565,149.9366302,138.213974,0,0,0.001636368,0.000179851
2020-11-27,14:15:58,6.967099762,9.022599792,163.7426453,181.6779785,161.1376038,159.993988,277.5933228,149.9674072,138.1881104,0,0,0.001636368,0.000179851
2020-11-27,14:15:59,6.975700378,9.023000336,163.7426453,181.6727905,161.1373138,159.9943695,277.5922241,149.9998016,138.1610413,0,0,0.001608394,0.000179851
2020-11-27,14:16:00,6.982099915,9.023300171,163.7426453,181.6672821,161.1368561,159.9944916,277.5918274,150.0294189,138.136261,0,0,0.001608394,0.000179883
2020-11-27,14:16:01,6.990000153,9.023600006,163.7436676,181.6613617,161.1372223,159.9941101,277.5928955,150.0614777,138.1093292,0,0,0.001608394,0.000179883
2020-11-27,14:16:02,6.997000122,9.023999786,163.7436676,181.6567383,161.1377563,159.9946136,277.5916748,150.0928192,138.0831909,0,0,0.001608394,0.000179883
2020-11-27,14:16:03,7.004100037,9.02440033,163.7436676,181.6513519,161.1380005,159.994873,277.5908813,150.1241455,138.0568542,0,0,0.001608394,0.000179883
2020-11-27,14:16:04,7.01230011,9.024700165,163.7436676,181.6454773,161.1370239,159.9947662,277.5910339,150.1543121,138.0317078,0,0,0.001608394,0.000179883
2020-11-27,14:16:05,7.018399811,9.025,163.742569,181.6401215,161.1363525,159.9949799,277.5904846,150.1860352,138.0051575,0,0,0.001608394,0.000179883
2020-11-27,14:16:06,7.023300171,9.025299835,163.742569,181.6349945,161.1367188,159.9944305,277.5920105,150.2173004,137.9790649,0,0,0.001608394,0.000179883
2020-11-27,14:16:07,7.026699829,9.02559967,163.742569,181.6307373,161.1363983,159.9954224,277.5892944,150.2472229,137.9540558,0,0,0.001608394,0.000179883
2020-11-27,14:16:08,7.029699707,9.025900269,163.7436218,181.6244202,161.1360474,159.9953308,277.5896606,150.2784882,137.9277954,0,0,0.001608394,0.000179883
2020-11-27,14:16:09,7.03259964,9.026200104,163.7436218,181.6201477,161.1348419,159.9950867,277.5889282,150.310318,137.9013062,0,0,0.001608394,0.000179883
2020-11-27,14:16:10,7.033000183,9.026499939,163.7436218,181.6149597,161.1353455,159.9952545,277.5903931,150.3406067,137.8760681,0,0,0.001608394,0.000179883
2020-11-27,14:16:11,7.033100128,9.026799774,163.7436218,181.6108246,161.134079,159.9954224,277.589386,150.3725586,137.8494263,0,0,0.001608394,0.000179883
2020-11-27,14:16:12,7.033799744,9.026999664,163.7436218,181.60495,161.1349945,159.9950867,277.5903015,150.40242,137.8245239,0,0,0.001608394,0.000179883
2020-11-27,14:16:13,7.034700012,9.027200317,163.7436218,181.6005707,161.1345062,159.9947662,277.5910645,150.4335327,137.7985687,0,0,0.001608394,0.000179883
2020-11-27,14:16:14,7.035600281,9.027500153,163.7436218,181.5951538,161.1330719,159.9958649,277.5881042,150.4647369,137.7725677,0,0,0.001608394,0.000179737
2020-11-27,14:16:15,7.035299683,9.027600098,163.7436218,181.5913696,161.1345215,159.9951477,277.5899963,150.4937134,137.7484436,0,0,0.001608394,0.000179737
2020-11-27,14:16:16,7.034100342,9.027799988,163.7436218,181.5858459,161.1334076,159.9955292,277.5889893,150.5254822,137.7220154,0,0,0.001608394,0.000179737
2020-11-27,14:16:17,7.032499695,9.027999878,163.7446594,181.5805664,161.1344604,159.9960327,277.587616,150.5556183,137.6967926,0,0,0.001608394,0.000179737
2020-11-27,14:16:18,7.030200195,9.028199768,163.743576,181.5767365,161.1327667,159.9958649,277.5880127,150.5848846,137.6725006,0,0,0.001608394,0.000179737
2020-11-27,14:16:19,7.026799774,9.028299713,163.7445984,181.5700378,161.1332855,159.995697,277.588623,150.6157684,137.646759,0,0,0.001608394,0.000179737
2020-11-27,14:16:20,7.022699738,9.028500366,163.7445984,181.5655365,161.1325684,159.996521,277.5863037,150.6463013,137.6214294,0,0,0.001608394,0.000179737
2020-11-27,14:16:21,7.019000244,9.028600311,163.7445984,181.5604706,161.13237,159.9958038,277.5883789,150.676651,137.5962067,0,0,0.001608394,0.000179737
2020-11-27,14:16:22,7.016000366,9.028800201,163.7445984,181.5558014,161.1337433,159.9958649,277.5880737,150.7044678,137.5731201,0,0,0.001608394,0.000179737
2020-11-27,14:16:23,7.013600159,9.028700256,163.7445984,181.5497437,161.1318359,159.9960938,277.5875854,150.7339325,137.548645,0,0,0.001608394,0.000179737
2020-11-27,14:16:24,7.0125,9.028900146,163.7435913,181.5438385,161.1319427,159.9964142,277.5866089,150.7641144,137.5234528,0,0,0.001616611,0.000179737
2020-11-27,14:16:25,7.011599731,9.029000092,163.7435913,181.5387878,161.1314087,159.9965668,277.5861206,150.792572,137.4999084,0,0,0.001616611,0.000179737
2020-11-27,14:16:26,7.010399628,9.029100037,163.7435913,181.5322571,161.131897,159.9964142,277.5866394,150.8217621,137.4757538,0,0,0.001616611,0.000179737
2020-11-27,14:16:27,7.009500122,9.029199982,163.7446594,181.526825,161.131134,159.996521,277.5862122,150.850235,137.4520721,0,0,0.001616611,0.000179737
2020-11-27,14:16:28,7.009100342,9.029199982,163.7446594,181.5205078,161.1318512,159.9968109,277.5855103,150.8795319,137.4277802,0,0,0.001616611,0.000179737
2020-11-27,14:16:29,7.008999634,9.029299927,163.7446594,181.5150604,161.1305847,159.9963074,277.5868225,150.9070282,137.4049683,0,0,0.001616611,0.000179737
2020-11-27,14:16:30,7.008599854,9.029399872,163.7446594,181.5090942,161.1310883,159.9965668,277.585968,150.934433,137.3822327,0,0,0.001616611,0.000179737
2020-11-27,14:16:31,7.008300018,9.029299927,163.7446594,181.5030823,161.1313782,159.9962463,277.5869751,150.9626312,137.3589172,0,0,0.001616611,0.000179737
2020-11-27,14:16:32,7.007900238,9.029399872,163.7446594,181.4976044,161.1296844,159.9966431,277.585907,150.9902191,137.3360748,0,0,0.001616611,0.000180012
2020-11-27,14:16:33,7.007499695,9.029399872,163.7446594,181.4909668,161.1295624,159.9964142,277.5866394,151.0161896,137.3145447,0,0,0.001616611,0.000179741
2020-11-27,14:16:34,7.007099915,9.029499817,163.7446594,181.4859467,161.1301422,159.996521,277.5862122,151.0432434,137.2921753,0,0,0.001616611,0.000179741
2020-11-27,14:16:35,7.006900024,9.029399872,163.7446594,181.4800568,161.1308441,159.9968109,277.5854797,151.0700989,137.2715759,0,0,0.001616611,0.000179741
2020-11-27,14:16:36,7.006600189,9.029399872,163.7456818,181.4742126,161.1290283,159.9971008,277.5846863,151.095047,137.2492676,0,0,0.001616611,0.000179741
2020-11-27,14:16:37,7.006099701,9.029399872,163.7456818,181.4680176,161.1299133,159.996933,277.585083,151.121109,137.2277985,0,0,0.001620982,0.000179741
2020-11-27,14:16:38,7.005699921,9.029399872,163.7456818,181.461731,161.12883,159.9970398,277.5854492,151.1470947,137.2063141,0,0,0.001610929,0.000179935
2020-11-27,14:16:39,7.005400085,9.029399872,163.7456818,181.4558105,161.1298218,159.996933,277.5848694,151.172699,137.1852112,0,0,0.001610929,0.000179854
2020-11-27,14:16:40,7.00510025,9.029399872,163.7456818,181.4498749,161.1286621,159.9966431,277.585907,151.1976013,137.1645813,0,0,0.001639514,0.000179768
2020-11-27,14:16:41,7.00490036,9.029299927,163.7456818,181.4442291,161.127594,159.9968719,277.5854492,151.2217407,137.1446228,0,0,0.001611279,0.000179768
2020-11-27,14:16:42,7.004499817,9.029399872,163.7456818,181.4388428,161.128891,159.996933,277.5851135,151.2462006,137.1244049,0,0,0.001611279,0.000179768
2020-11-27,14:16:43,7.004199982,9.029299927,163.7456818,181.4329987,161.1286621,159.9966431,277.5859985,151.2708893,137.1040039,0,0,0.001611279,0.000179768
2020-11-27,14:16:44,7.003900146,9.029299927,163.7456818,181.4272461,161.1279755,159.9973602,277.5838928,151.2937927,137.0851288,0,0,0.00162579,0.000179962
2020-11-27,14:16:45,7.003700256,9.029199982,163.7456818,181.4219208,161.1268616,159.9971008,277.5846863,151.3177795,137.0653687,0,0,0.00162579,0.00017985
2020-11-27,14:16:46,7.003399658,9.029199982,163.7456818,181.415863,161.1275177,159.9966431,277.5859375,151.3408813,137.0463257,0,0,0.00162579,0.00017985
2020-11-27,14:16:47,7.003199768,9.029199982,163.7456818,181.411499,161.1278839,159.996521,277.5863037,151.3625183,137.0285034,0,0,0.00162579,0.00017985
2020-11-27,14:16:48,7.002799988,9.029100037,163.7456818,181.4048767,161.1268463,159.9971466,277.5846252,151.385498,137.0095367,0,0,0.00162579,0.00017985
2020-11-27,14:16:49,7.002700043,9.029199982,163.7456818,181.3997803,161.1265717,159.9968719,277.5853577,151.4082947,136.9907684,0,0,0.00162579,0.00017985
2020-11-27,14:16:50,7.002300262,9.029100037,163.7456818,181.3946381,161.1268768,159.99646,277.5864868,151.4301147,136.9728241,0,0,0.00162579,0.00017985
2020-11-27,14:16:51,7.001999664,9.029000092,163.7456818,181.3899231,161.1273193,159.9972534,277.5843506,151.4507751,136.9557953,0,0,0.00162579,0.00017985
2020-11-27,14:16:52,7.001799774,9.029100037,163.7456818,181.383316,161.1273041,159.9968109,277.5855408,151.4730682,136.9374084,0,0,0.00162579,0.00017985
2020-11-27,14:16:53,7.001699829,9.029000092,163.7456818,181.3786926,161.1261292,159.9972992,277.5841064,151.4942322,136.9199982,0,0,0.00162579,0.00017985
2020-11-27,14:16:54,7.001499939,9.028900146,163.7467041,181.3726501,161.1265717,159.996521,277.5863342,151.5145874,136.9031677,0,0,0.00162579,0.00017985
2020-11-27,14:16:55,7.001200104,9.028800201,163.7467041,181.3681335,161.1267395,159.9968109,277.5855408,151.5362396,136.8854218,0,0,0.00162579,0.000179767
2020-11-27,14:16:56,7.001100159,9.028800201,163.7467041,181.3634796,161.1254883,159.9971008,277.5847473,151.5566864,136.8685608,0,0,0.00162579,0.000179767
2020-11-27,14:16:57,7.000700378,9.028700256,163.7467041,181.3572998,161.1253815,159.9963684,277.5867004,151.5775452,136.8513641,0,0,0.00162579,0.000179767
2020-11-27,14:16:58,7.00039978,9.028600311,163.7467041,181.3534088,161.1266479,159.9966431,277.5859985,151.5988159,136.8339691,0,0,0.00162579,0.000179767
2020-11-27,14:16:59,7.000700378,9.028500366,163.7456055,181.3480072,161.1259003,159.9968109,277.5855713,151.6173553,136.8186951,0,0,0.00162579,0.000179856
2020-11-27,14:17:00,7.000299835,9.028500366,163.7456055,181.343689,161.1255341,159.9969788,277.5850525,151.6378326,136.8019562,0,0,0.00162579,0.000179824
2020-11-27,14:17:01,6.999900055,9.028399658,163.7456055,181.3384094,161.1267242,159.9963684,277.586731,151.6575775,136.7857056,0,0,0.00162579,0.000179824
2020-11-27,14:17:02,6.999700165,9.028299713,163.7456055,181.3330078,161.1251373,159.9968719,277.5853882,151.6757813,136.7707825,0,0,0.00163121,0.000179741
2020-11-27,14:17:03,6.999500275,9.028299713,163.7466125,181.3281708,161.1253662,159.9964142,277.5866089,151.6950531,136.7548828,0,0,0.00163121,0.000179741
2020-11-27,14:17:04,6.999299622,9.028199768,163.7466125,181.3234253,161.1250916,159.9966431,277.5859985,151.7133484,136.7398682,0,0,0.00163121,0.000179853
2020-11-27,14:17:05,6.999099731,9.028199768,163.7466125,181.3200073,161.1252899,159.9972076,277.5844421,151.7307281,136.7255859,0,0,0.00163121,0.000179853
2020-11-27,14:17:06,6.998899841,9.028099823,163.7466125,181.3153229,161.1254425,159.996521,277.5863953,151.7492828,136.7103729,0,0,0.001645809,0.000179853
2020-11-27,14:17:07,6.998999786,9.027999878,163.7466125,181.3108368,161.1243286,159.9962006,277.5872803,151.7675018,136.6954651,0,0,0.001645809,0.000179853
2020-11-27,14:17:08,6.998699951,9.027899933,163.7466125,181.3058014,161.1247559,159.9961395,277.5871277,151.7854309,136.6807404,0,0,0.001645809,0.000179853
2020-11-27,14:17:09,6.998500061,9.027799988,163.7466125,181.3015594,161.1248627,159.9963684,277.5867615,151.8031769,136.6661682,0,0,0.001645809,0.000179853
2020-11-27,14:17:10,6.998100281,9.027700043,163.7466125,181.2978821,161.1240082,159.9962006,277.5871277,151.8192749,136.6529388,0,0,0.001645809,0.000179853
2020-11-27,14:17:11,6.998200226,9.027799988,163.7466125,181.2931366,161.1241913,159.9965668,277.5861206,151.8365784,136.6388397,0,0,0.001645809,0.000179853
2020-11-27,14:17:12,6.997899628,9.027600098,163.7466125,181.2895966,161.1251373,159.9960938,277.5875854,151.8544922,136.6240692,0,0,0.001645809,0.000179853
2020-11-27,14:17:13,6.998000336,9.027500153,163.7466125,181.284729,161.1239624,159.9959106,277.5879822,151.8705292,136.6109619,0,0,0.001645809,0.000179853
2020-11-27,14:17:14,6.997699738,9.027400208,163.7466125,181.2821045,161.1231995,159.9961395,277.5873413,151.888092,136.5965576,0,0,0.001645809,0.000179853
2020-11-27,14:17:15,6.997499847,9.027300262,163.7476196,181.2767334,161.1237488,159.995697,277.5885925,151.9040222,136.5834656,0,0,0.001645809,0.000179853
2020-11-27,14:17:16,6.997100067,9.027200317,163.7465668,181.2733459,161.1241913,159.9959717,277.5877991,151.91922,136.5710754,0,0,0.001645809,0.000179853
2020-11-27,14:17:17,6.997299957,9.027300262,163.7476044,181.27005,161.1230011,159.9958038,277.5883179,151.935791,136.5575104,0,0,0.001645809,0.000179853
2020-11-27,14:17:18,6.996700287,9.027100372,163.7476044,181.2657318,161.1247101,159.9954224,277.5892944,151.952179,136.5440979,0,0,0.001645809,0.000179853
2020-11-27,14:17:19,6.996600342,9.026999664,163.7476044,181.2619781,161.1234589,159.9959717,277.587738,151.9675751,136.5315247,0,0,0.001645809,0.000179886
2020-11-27,14:17:20,6.996399689,9.026899719,163.7476044,181.2584229,161.1236725,159.9951477,277.5900574,151.9830475,136.5188599,0,0,0.001645809,0.000179886
2020-11-27,14:17:21,6.996099854,9.026799774,163.7476044,181.2550964,161.1246033,159.9954834,277.5891418,151.9985199,136.5061798,0,0,0.001645809,0.000179778
2020-11-27,14:17:22,6.996199799,9.026699829,163.7476044,181.2517395,161.1240082,159.995697,277.588562,152.0138855,136.4936066,0,0,0.001645809,0.000179778
2020-11-27,14:17:23,6.995899963,9.026599884,163.7476044,181.2476959,161.1243134,159.9950867,277.5902405,152.028656,136.4815063,0,0,0.001645809,0.000179778
2020-11-27,14:17:24,6.996099854,9.026499939,163.7476044,181.2445831,161.1229095,159.9949341,277.5906677,152.0421143,136.4705048,0,0,0.001645809,0.000179778
2020-11-27,14:17:25,6.995700073,9.026399994,163.7476044,181.2408295,161.1232758,159.9951935,277.5899048,152.0570679,136.4582367,0,0,0.001645809,0.000179778
2020-11-27,14:17:26,6.995800018,9.026300049,163.7476044,181.2370605,161.1235657,159.9949799,277.5904846,152.0721893,136.4459076,0,0,0.001645809,0.000179778
2020-11-27,14:17:27,6.995400238,9.026200104,163.7476044,181.2333984,161.1230164,159.9947662,277.5910645,152.0861053,136.4345398,0,0,0.001645809,0.000179778
2020-11-27,14:17:28,6.995300293,9.026100159,163.7476044,181.231369,161.1225739,159.9949799,277.5905457,152.1005096,136.4227905,0,0,0.001645809,0.000179778
2020-11-27,14:17:29,6.99509964,9.026000214,163.7486115,181.2271118,161.1232758,159.9946442,277.5914917,152.1131287,136.4124146,0,0,0.001580158,0.000179723
2020-11-27,14:17:30,6.995200348,9.025900269,163.7486115,181.2246857,161.1234436,159.9944916,277.5918884,152.1278992,136.4003906,0,0,0.001580158,0.000179723
2020-11-27,14:17:31,6.995200348,9.025800323,163.7475891,181.2215271,161.1233521,159.9943695,277.5923157,152.1407166,136.3898773,0,0,0.001580158,0.000179723
2020-11-27,14:17:32,6.994799805,9.025700378,163.7475891,181.217392,161.1231995,159.9940491,277.5931091,152.1544647,136.3787689,0,0,0.001580158,0.000179723
2020-11-27,14:17:33,6.99489975,9.02559967,163.7475891,181.2150421,161.1233673,159.9943085,277.5924377,152.1673279,136.3681946,0,0,0.001580158,0.000179723
2020-11-27,14:17:34,6.99469986,9.025499725,163.7475891,181.2131348,161.1236572,159.993927,277.5934143,152.1803436,136.3575745,0,0,0.001580158,0.000179802
2020-11-27,14:17:35,6.994799805,9.02559967,163.7485962,181.2087708,161.1230164,159.9938354,277.593689,152.1931,136.347168,0,0,0.001580158,0.000179802
2020-11-27,14:17:36,6.994499969,9.02539978,163.7485962,181.2069092,161.1234894,159.993988,277.5931702,152.2062073,136.3364258,0,0,0.001580158,0.000179802
2020-11-27,14:17:37,6.99469986,9.025299835,163.7485962,181.2037354,161.1221619,159.9934692,277.5947266,152.2187653,136.3262329,0,0,0.001580158,0.000179801
2020-11-27,14:17:38,6.994400024,9.02519989,163.7485962,181.2002106,161.122818,159.9937744,277.5939026,152.230957,136.3162079,0,0,0.001600526,0.000179774
2020-11-27,14:17:39,6.994300079,9.025099945,163.7485962,181.1979523,161.1229553,159.9933167,277.5950317,152.2436218,136.305954,0,0,0.001595369,0.000179885
2020-11-27,14:17:40,6.994200134,9.025,163.7485962,181.194931,161.1237488,159.993576,277.5944519,152.2559052,136.2958374,0,0,0.001595369,0.000179885
2020-11-27,14:17:41,6.994400024,9.024900055,163.7485962,181.1937714,161.1239166,159.9931488,277.5956116,152.2674561,136.2864075,0,0,0.001585491,0.000179885
2020-11-27,14:17:42,6.994200134,9.02480011,163.7485962,181.190567,161.123703,159.9929199,277.5961914,152.2797546,136.276413,0,0,0.001585491,0.000179885
2020-11-27,14:17:43,6.994300079,9.024700165,163.7485962,181.1876678,161.1222687,159.9929199,277.5961609,152.2915039,136.2668152,0,0,0.001585491,0.000179885
2020-11-27,14:17:44,6.994000244,9.02480011,163.7485962,181.1861572,161.1229095,159.9926453,277.5969849,152.3030548,136.2575073,0,0,0.00162037,0.000179885
2020-11-27,14:17:45,6.993800354,9.024500275,163.7485962,181.183136,161.1219635,159.9922028,277.598175,152.3136139,136.2488251,0,0,0.00162037,0.000179688
2020-11-27,14:17:46,6.994000244,9.024500275,163.7485962,181.1814423,161.1228485,159.9923096,277.5977783,152.3256378,136.2390442,0,0,0.00162037,0.000179688
2020-11-27,14:17:47,6.994100189,9.02440033,163.7485962,181.17836,161.1226349,159.9918671,277.5990906,152.33638,136.2302704,0,0,0.00162037,0.000179779
2020-11-27,14:17:48,6.993699646,9.024299622,163.7485962,181.1769257,161.1229706,159.9922638,277.5979309,152.3479614,136.2208252,0,0,0.00162037,0.000179779
2020-11-27,14:17:49,6.993800354,9.024199677,163.7485962,181.1746521,161.1234741,159.9919281,277.5989075,152.3590393,136.2118378,0,0,0.00162037,0.000179779
2020-11-27,14:17:50,6.993599701,9.024099731,163.7485962,181.1722412,161.1232452,159.9924164,277.5975952,152.3695068,136.2032928,0,0,0.00162037,0.000179779
2020-11-27,14:17:51,6.993800354,9.023999786,163.7485962,181.1691437,161.1229095,159.9919281,277.5989075,152.379776,136.1948853,0,0,0.00162037,0.000179779
2020-11-27,14:17:52,6.993399811,9.023899841,163.7485962,181.1673737,161.1234894,159.9916534,277.5997009,152.3907928,136.1859741,0,0,0.00162037,0.000179779
2020-11-27,14:17:53,6.993699646,9.023799896,163.7496033,181.1650848,161.1229553,159.9919281,277.598938,152.4003601,136.1781464,0,0,0.00162037,0.000179779
2020-11-27,14:17:54,6.993299866,9.023699951,163.7496033,181.163208,161.1224976,159.9913788,277.6005554,152.4116364,136.1689606,0,0,0.00162037,0.000179779
2020-11-27,14:17:55,6.993399811,9.023600006,163.7496033,181.161911,161.1234894,159.9911499,277.6010132,152.4213867,136.1610718,0,0,0.00162037,0.000179779
2020-11-27,14:17:56,6.993199921,9.023500061,163.7496033,181.1590729,161.1230316,159.9910431,277.6014404,152.4311981,136.1529694,0,0,0.00162037,0.000179779
2020-11-27,14:17:57,6.993099976,9.023400116,163.7496033,181.1576385,161.124176,159.9907227,277.602356,152.4411926,136.1448364,0,0,0.00162037,0.000179779
2020-11-27,14:17:58,6.993299866,9.023300171,163.7496033,181.156189,161.1227112,159.9909821,277.6016235,152.4512329,136.1367035,0,0,0.00162037,0.00017972
2020-11-27,14:17:59,6.993000031,9.023200226,163.7496033,181.1539154,161.1244354,159.9910889,277.6011963,152.4615021,136.1284027,0,0,0.00162037,0.00017972
2020-11-27,14:18:00,6.992900085,9.023300171,163.7496033,181.1521301,161.12323,159.9904938,277.6029053,152.4705963,136.1209717,0,0,0.00162037,0.00017972
2020-11-27,14:18:01,6.99280014,9.023000336,163.7496033,181.1503601,161.1249237,159.9903259,277.6032715,152.4805298,136.1129456,0,0,0.00162037,0.00017972
2020-11-27,14:18:02,6.993000031,9.023000336,163.7496033,181.1482849,161.1229858,159.9900055,277.6042175,152.4897156,136.1054382,0,0,0.00162037,0.00017972
2020-11-27,14:18:03,6.992700195,9.022799683,163.7496033,181.147171,161.1236572,159.9898224,277.6047363,152.498642,136.098175,0,0,0.00162037,0.00017972
2020-11-27,14:18:04,6.99280014,9.022799683,163.7485962,181.1450653,161.1239014,159.9893646,277.6059265,152.5077972,136.0907135,0,0,0.00162037,0.00017972
2020-11-27,14:18:05,6.992500305,9.022699738,163.7496033,181.1439514,161.1244202,159.9895935,277.6054382,152.5169067,136.0833588,0,0,0.00162037,0.00017972
2020-11-27,14:18:06,6.99280014,9.022599792,163.7496033,181.1436005,161.1235657,159.9891968,277.6065063,152.5258789,136.0759888,0,0,0.00162037,0.00017972
2020-11-27,14:18:07,6.99260025,9.022499847,163.7506104,181.1416473,161.1240845,159.9895172,277.6054993,152.5348969,136.0687561,0,0,0.00162037,0.00017972
2020-11-27,14:18:08,6.992700195,9.022399902,163.7496033,181.1389008,161.123764,159.988739,277.607666,152.5436249,136.061615,0,0,0.00162037,0.00017972
2020-11-27,14:18:09,6.99260025,9.022299957,163.7496033,181.138382,161.1242676,159.9891968,277.6064758,152.5525208,136.0542755,0,0,0.00162037,0.00017972
2020-11-27,14:18:10,6.992700195,9.022200012,163.7496033,181.1368408,161.1233673,159.9894104,277.605835,152.5615387,136.0470276,0,0,0.00162037,0.00017972
2020-11-27,14:18:11,6.99240036,9.022299957,163.7496033,181.1350708,161.1240082,159.9886475,277.6079102,152.5694427,136.0406036,0,0,0.00162037,0.00017972
2020-11-27,14:18:12,6.992299652,9.022100067,163.7496033,181.1344604,161.1243286,159.9885406,277.6081238,152.5773468,136.0341034,0,0,0.00162037,0.00017972
2020-11-27,14:18:13,6.99260025,9.022000122,163.7496033,181.1333466,161.1236877,159.9883728,277.6087646,152.5855408,136.0275269,0,0,0.00162037,0.00017972
2020-11-27,14:18:14,6.992199707,9.021900177,163.7496033,181.1317139,161.1238708,159.9884796,277.6083679,152.5940857,136.0205688,0,0,0.00162037,0.00017972
2020-11-27,14:18:15,6.99240036,9.021800232,163.7496033,181.1321869,161.1242523,159.987915,277.6098328,152.6016235,136.0144653,0,0,0.001602275,0.00017972
2020-11-27,14:18:16,6.992299652,9.021800232,163.7496033,181.1305084,161.123703,159.9877625,277.6104736,152.6090546,136.0083313,0,0,0.001602275,0.00017977
2020-11-27,14:18:17,6.992099762,9.021700287,163.7506409,181.1285858,161.1245117,159.9880829,277.6094971,152.6180725,136.0011749,0,0,0.001602275,0.000179851
2020-11-27,14:18:18,6.991899872,9.021600342,163.7506409,181.1281586,161.124115,159.9875946,277.6108093,152.6251526,135.9953613,0,0,0.001602275,0.000179851
2020-11-27,14:18:19,6.992199707,9.021499634,163.7506409,181.127121,161.1247864,159.9875031,277.6110229,152.6328735,135.9891205,0,0,0.001602275,0.000179851
2020-11-27,14:18:20,6.992299652,9.021399689,163.7506409,181.1252747,161.1258087,159.9870453,277.6123657,152.6401215,135.9831848,0,0,0.001602275,0.000179851
2020-11-27,14:18:21,6.991999817,9.021299744,163.749588,181.1259766,161.1251678,159.9868164,277.612915,152.6479645,135.9768219,0,0,0.001617223,0.000179799
2020-11-27,14:18:22,6.992099762,9.021199799,163.7506409,181.1242371,161.1239624,159.9872589,277.6117859,152.6551361,135.9710999,0,0,0.001617223,0.00017988
2020-11-27,14:18:23,6.991799927,9.021099854,163.7496338,181.1233368,161.1255493,159.9866638,277.6135254,152.6627655,135.9648285,0,0,0.001617223,0.00017988
2020-11-27,14:18:24,6.991699982,9.020999908,163.7496338,181.1227264,161.1243134,159.9863892,277.6141052,152.6705017,135.9585419,0,0,0.001588288,0.00017988
2020-11-27,14:18:25,6.991600037,9.020999908,163.7496338,181.1213989,161.1240082,159.9860535,277.6150818,152.6768341,135.9534149,0,0,0.001588288,0.00017988
2020-11-27,14:18:26,6.991899872,9.020899963,163.7506409,181.121048,161.125061,159.9854736,277.6166687,152.6837006,135.947876,0,0,0.001588288,0.000179722
2020-11-27,14:18:27,6.991999817,9.020800018,163.7506409,181.1217804,161.1255493,159.9856873,277.6159668,152.690979,135.9418793,0,0,0.001588288,0.000179722
2020-11-27,14:18:28,6.991699982,9.020700073,163.7506409,181.1193085,161.1247101,159.9855804,277.6161804,152.69841,135.9358521,0,0,0.001610492,0.000179722
2020-11-27,14:18:29,6.991899872,9.020600128,163.7506409,181.1181335,161.1259918,159.98526,277.6171265,152.7048645,135.9306641,0,0,0.001610492,0.000179722
2020-11-27,14:18:30,6.991699982,9.020600128,163.7506409,181.1183319,161.1250305,159.9853516,277.6169739,152.7119293,135.9249268,0,0,0.001610492,0.000179722
2020-11-27,14:18:31,6.991600037,9.020500183,163.7506409,181.1171265,161.1258545,159.985199,277.6173096,152.7187653,135.9194031,0,0,0.001610492,0.000179722
2020-11-27,14:18:32,6.991699982,9.020400238,163.7506409,181.1163788,161.1251984,159.9847565,277.6185608,152.7248383,135.9144592,0,0,0.001610492,0.000179851
2020-11-27,14:18:33,6.991600037,9.020300293,163.7516632,181.1174469,161.126358,159.9848633,277.6181946,152.7313385,135.9091339,0,0,0.001610492,0.000179878
2020-11-27,14:18:34,6.991699982,9.020200348,163.7516632,181.1157837,161.1255646,159.9845886,277.6190796,152.7385254,135.9033051,0,0,0.001610492,0.000179878
2020-11-27,14:18:35,6.991600037,9.02009964,163.7516632,181.1153107,161.1257629,159.9845428,277.618988,152.7440643,135.8988495,0,0,0.001610492,0.000179878
2020-11-27,14:18:36,6.991500092,9.02009964,163.7516632,181.1146851,161.1263885,159.984314,277.6197815,152.7509613,135.8932343,0,0,0.001610492,0.000179878
2020-11-27,14:18:37,6.991200256,9.019999695,163.7506104,181.1137848,161.1268005,159.9841461,277.6202698,152.7570343,135.8883209,0,0,0.001610492,0.000179878
2020-11-27,14:18:38,6.991500092,9.01989975,163.7506104,181.1143646,161.1261749,159.984314,277.619812,152.7632751,135.8832855,0,0,0.001610492,0.000179878
2020-11-27,14:18:39,6.991300201,9.019799805,163.7516937,181.1126862,161.1269684,159.9837189,277.6213989,152.769455,135.8782043,0,0,0.001610492,0.000179878
2020-11-27,14:18:40,6.991400146,9.019799805,163.7506104,181.1134491,161.1259613,159.9838715,277.6210938,152.7749786,135.873764,0,0,0.001610492,0.000179878
2020-11-27,14:18:41,6.991300201,9.01969986,163.7516632,181.112915,161.126358,159.9831543,277.6229858,152.7806702,135.8691864,0,0,0.001610492,0.000179878
2020-11-27,14:18:42,6.991100311,9.019599915,163.7516632,181.1122131,161.1259613,159.9833221,277.6226501,152.7872162,135.8638763,0,0,0.001625703,0.000179907
2020-11-27,14:18:43,6.991200256,9.019499969,163.7516632,181.1125793,161.1269531,159.9835968,277.6217957,152.7926331,135.8594513,0,0,0.001625703,0.000179907
2020-11-27,14:18:44,6.991000366,9.019400024,163.7516632,181.1113434,161.1262207,159.9827728,277.6240234,152.7992554,135.8541718,0,0,0.001625703,0.000179907
2020-11-27,14:18:45,6.991400146,9.019400024,163.7506561,181.1128845,161.1266327,159.9826202,277.6246338,152.8043213,135.8500366,0,0,0.001625703,0.000179907
2020-11-27,14:18:46,6.991200256,9.019300079,163.7506561,181.1119995,161.1274261,159.982254,277.6255188,152.8096771,135.8456726,0,0,0.001666876,0.000179907
2020-11-27,14:18:47,6.991100311,9.019200134,163.7506561,181.1123657,161.1269836,159.9825439,277.6247253,152.8154602,135.8409729,0,0,0.001666876,0.000179907
2020-11-27,14:18:48,6.991200256,9.019200134,163.7506561,181.1108398,161.1276398,159.9827118,277.6242065,152.8208923,135.8365631,0,0,0.001666876,0.000179907
2020-11-27,14:18:49,6.990799713,9.019100189,163.7506561,181.111084,161.1279297,159.9820862,277.6258545,152.8258514,135.8325653,0,0,0.001666876,0.000179907
2020-11-27,14:18:50,6.990899658,9.019000244,163.7506561,181.1115875,161.1277161,159.9823456,277.6250916,152.8325653,135.8271332,0,0,0.001666876,0.000179907
2020-11-27,14:18:51,6.990799713,9.019000244,163.7506561,181.1117401,161.1286316,159.9815826,277.6272278,152.836792,135.8237,0,0,0.001666876,0.000179907
2020-11-27,14:18:52,6.991000366,9.018900299,163.7516785,181.1110687,161.128891,159.9820862,277.6258545,152.8424225,135.8191528,0,0,0.001666876,0.000179907
2020-11-27,14:18:53,6.990799713,9.018800354,163.7516785,181.1117401,161.1286469,159.9818726,277.6265564,152.848114,135.8145142,0,0,0.001666876,0.000179907
2020-11-27,14:18:54,6.991000366,9.018800354,163.7516785,181.1124115,161.12883,159.9814758,277.6274719,152.8524628,135.8110352,0,0,0.001666876,0.000179907
2020-11-27,14:18:55,6.990799713,9.018699646,163.7516785,181.1113892,161.1298828,159.9807587,277.6295166,152.8571472,135.8071899,0,0,0.001666876,0.000179907
2020-11-27,14:18:56,6.990899658,9.018699646,163.7516785,181.1122284,161.1293945,159.9809113,277.6290894,152.8624878,135.8028259,0,0,0.001666876,0.000179844
2020-11-27,14:18:57,6.990599823,9.018599701,163.7516785,181.111969,161.1304932,159.9804993,277.6302795,152.8675537,135.7987671,0,0,0.001666876,0.000179844
2020-11-27,14:18:58,6.991100311,9.018499756,163.7516785,181.1127319,161.1300201,159.9804382,277.6304626,152.8724213,135.7948303,0,0,0.001666876,0.000179844
2020-11-27,14:18:59,6.990799713,9.018399811,163.7526855,181.1139832,161.1304779,159.980545,277.630188,152.8773193,135.7908783,0,0,0.001666876,0.000179844
2020-11-27,14:19:00,6.990899658,9.018499756,163.7526855,181.1120605,161.1316681,159.9802704,277.6307983,152.8816376,135.7873688,0,0,0.001666876,0.000179844
2020-11-27,14:19:01,6.990699768,9.018399811,163.7526855,181.1141205,161.1312866,159.9804382,277.6311646,152.8875275,135.7825928,0,0,0.00164712,0.000179844
2020-11-27,14:19:02,6.990799713,9.018299866,163.7526855,181.1134491,161.1318359,159.9798737,277.631897,152.8913116,135.7794952,0,0,0.00164712,0.000179844
2020-11-27,14:19:03,6.990399933,9.018199921,163.7516327,181.1150208,161.1306152,159.9801483,277.6311035,152.8961029,135.7756653,0,0,0.00164712,0.000179844
2020-11-27,14:19:04,6.990699768,9.018199921,163.752655,181.1147614,161.13237,159.9795532,277.632843,152.9011383,135.7715607,0,0,0.00164712,0.000179844
2020-11-27,14:19:05,6.990499878,9.018099976,163.752655,181.1164093,161.1311798,159.9788818,277.6346741,152.9051971,135.76828,0,0,0.00164406,0.000179764
2020-11-27,14:19:06,6.990399933,9.018000031,163.752655,181.1156311,161.1333313,159.9792786,277.6335449,152.9093323,135.7648621,0,0,0.001643623,0.000179764
2020-11-27,14:19:07,6.990499878,9.017900085,163.752655,181.1168518,161.1329346,159.9789429,277.6343689,152.9143372,135.7608795,0,0,0.001643623,0.000179764
2020-11-27,14:19:08,6.990299988,9.017900085,163.752655,181.1170044,161.1345215,159.9788208,277.6347046,152.9181976,135.7577209,0,0,0.001643623,0.000180019
2020-11-27,14:19:09,6.990200043,9.01780014,163.752655,181.1181946,161.1341248,159.978302,277.6361084,152.9227142,135.7541199,0,0,0.001643623,0.000180019
2020-11-27,14:19:10,6.990499878,9.01780014,163.752655,181.1188354,161.1343842,159.9779816,277.6369934,152.9266663,135.7509155,0,0,0.001643623,0.000179762
2020-11-27,14:19:11,6.990599823,9.017700195,163.7516327,181.1181335,161.1356354,159.978775,277.6349182,152.9312592,135.7471466,0,0,0.001672471,0.000179762
2020-11-27,14:19:12,6.990200043,9.017700195,163.7516327,181.1197968,161.1358185,159.978241,277.636261,152.935318,135.7438812,0,0,0.001672471,0.000179762
2020-11-27,14:19:13,6.990399933,9.01760025,163.7516327,181.1191559,161.1361542,159.9777527,277.6376648,152.9394836,135.740509,0,0,0.001672471,0.000179762
2020-11-27,14:19:14,6.990299988,9.01760025,163.7526398,181.1224365,161.1368561,159.9774933,277.6385193,152.9433289,135.7373962,0,0,0.001672471,0.000179762
2020-11-27,14:19:15,6.990599823,9.017500305,163.7526398,181.1216431,161.1362152,159.9777527,277.6376953,152.9477539,135.7338562,0,0,0.001672471,0.000179935
2020-11-27,14:19:16,6.990399933,9.017500305,163.7526398,181.122757,161.1374054,159.9774933,277.6385498,152.9513397,135.730896,0,0,0.001672471,0.000179935
2020-11-27,14:19:17,6.990499878,9.01740036,163.7526398,181.1243134,161.1366577,159.9776917,277.6378174,152.9551239,135.7278748,0,0,0.001672471,0.000179935
2020-11-27,14:19:18,6.990299988,9.017299652,163.7526398,181.1244812,161.1381531,159.9770966,277.6394653,152.9586334,135.7250824,0,0,0.001672471,0.000179935
2020-11-27,14:19:19,6.990000153,9.017299652,163.7526398,181.1252594,161.1386108,159.9772644,277.6390076,152.9631348,135.7213898,0,0,0.001672471,0.000179935
2020-11-27,14:19:20,6.990200043,9.017199707,163.7526398,181.1267395,161.1391754,159.9768677,277.6400146,152.9671936,135.7181549,0,0,0.001672471,0.000179935
2020-11-27,14:19:21,6.990100098,9.017099762,163.7526398,181.1275635,161.1386719,159.9768677,277.6401367,152.9710541,135.7149963,0,0,0.001672471,0.000179935
2020-11-27,14:19:22,6.989900208,9.017099762,163.7526398,181.1288605,161.1401062,159.9764862,277.6411438,152.9745789,135.7121887,0,0,0.001672471,0.000179935
2020-11-27,14:19:23,6.990000153,9.016999817,163.7526398,181.1291504,161.1397095,159.9763336,277.6416931,152.9779816,135.7094116,0,0,0.001672471,0.000179935
2020-11-27,14:19:24,6.990299988,9.016999817,163.7526398,181.1298676,161.1408997,159.9765472,277.6409912,152.9821014,135.7060394,0,0,0.001672471,0.000179935
2020-11-27,14:19:25,6.990599823,9.016899872,163.7526398,181.1306,161.1397247,159.9758911,277.6429443,152.9855194,135.7033691,0,0,0.001672471,0.000179935
2020-11-27,14:19:26,6.991100311,9.016999817,163.7526398,181.1319122,161.1413879,159.975769,277.6431885,152.9890137,135.7007294,0,0,0.001672471,0.000179935
2020-11-27,14:19:27,6.991600037,9.016799927,163.7526398,181.1329803,161.1405945,159.9761505,277.6421204,152.992981,135.6972656,0,0,0.001672471,0.000179935
2020-11-27,14:19:28,6.992099762,9.016799927,163.7516022,181.1342163,161.1414948,159.9758911,277.6429443,152.9958496,135.6949005,0,0,0.001672471,0.0001799
2020-11-27,14:19:29,6.99240036,9.016799927,163.7516022,181.135788,161.1430359,159.9753723,277.644165,152.9997101,135.6918182,0,0,0.001657697,0.000179817
2020-11-27,14:19:30,6.99280014,9.016699982,163.7526093,181.1362305,161.1426239,159.975769,277.6431885,153.0024872,135.6896362,0,0,0.001657697,0.000179817
2020-11-27,14:19:31,6.993000031,9.016699982,163.7526093,181.138092,161.1424866,159.9750366,277.6450806,153.0061646,135.686554,0,0,0.001657697,0.000179817
2020-11-27,14:19:32,6.993199921,9.016600037,163.7526093,181.1387177,161.1448364,159.9753113,277.6443176,153.0100403,135.6834869,0,0,0.001657697,0.000179817
2020-11-27,14:19:33,6.993599701,9.016600037,163.7526093,181.1397858,161.1438141,159.9749146,277.6455688,153.0135193,135.680603,0,0,0.001657697,0.000179817
2020-11-27,14:19:34,6.993800354,9.016500092,163.7526093,181.1421204,161.144104,159.9748688,277.6454468,153.0160217,135.6786499,0,0,0.001668537,0.000179817
2020-11-27,14:19:35,6.994200134,9.016600037,163.7526093,181.1426697,161.1436462,159.9741974,277.6473694,153.0194397,135.6759186,0,0,0.001668537,0.000179817
2020-11-27,14:19:36,6.994499969,9.016500092,163.7536163,181.1443024,161.1452484,159.9749146,277.6455688,153.0228271,135.6731262,0,0,0.001668537,0.000179817
2020-11-27,14:19:37,6.994999695,9.016400146,163.7526093,181.1462097,161.1453857,159.9747009,277.6450195,153.0257721,135.6707153,0,0,0.001668537,0.000179817
2020-11-27,14:19:38,6.995200348,9.016500092,163.7526093,181.1469421,161.1456604,159.9745178,277.6465454,153.0289154,135.6682281,0,0,0.001668537,0.000179817
2020-11-27,14:19:39,6.995300293,9.016400146,163.7526093,181.1490173,161.1452484,159.9736481,277.6488953,153.0322266,135.6655579,0,0,0.001668537,0.000179817
2020-11-27,14:19:40,6.995600128,9.016300201,163.7526093,181.1499481,161.1462402,159.9741058,277.6477356,153.0343628,135.6637726,0,0,0.001668537,0.000179817
2020-11-27,14:19:41,6.995899963,9.016400146,163.7526093,181.1511841,161.1454926,159.9738159,277.6484375,153.0378571,135.6609497,0,0,0.001668537,0.000179817
2020-11-27,14:19:42,6.996199799,9.016300201,163.7526093,181.1517639,161.1466675,159.9734192,277.6494751,153.0406952,135.6587067,0,0,0.001668537,0.000179817
2020-11-27,14:19:43,6.996600342,9.016200256,163.7536469,181.1545563,161.1477814,159.9737549,277.6487427,153.0437469,135.6562195,0,0,0.001668537,0.000179817
2020-11-27,14:19:44,6.996900177,9.016200256,163.7536469,181.155899,161.1473236,159.9734802,277.649353,153.0475311,135.653183,0,0,0.001668537,0.000179817
2020-11-27,14:19:45,6.997100067,9.016200256,163.7536469,181.1573639,161.1485291,159.9729919,277.6507874,153.049469,135.6515656,0,0,0.001668537,0.000179817
2020-11-27,14:19:46,6.997399902,9.016100311,163.7536469,181.1585693,161.1479797,159.9732666,277.6499939,153.0535889,135.6482697,0,0,0.001668537,0.000179817
2020-11-27,14:19:47,6.997599792,9.016100311,163.7536469,181.160614,161.1494446,159.9734192,277.6495056,153.0562897,135.6461029,0,0,0.001668537,0.000179932
2020-11-27,14:19:48,6.997799683,9.016000366,163.7536469,181.1612244,161.1486816,159.9728241,277.6511841,153.0591431,135.6437378,0,0,0.001668537,0.000179932
2020-11-27,14:19:49,6.998100281,9.016100311,163.7526398,181.1628723,161.149231,159.9726563,277.651825,153.0614471,135.641922,0,0,0.001668537,0.000179932
2020-11-27,14:19:50,6.998400116,9.016000366,163.7537079,181.1644135,161.1493225,159.973053,277.6505127,153.0646667,135.6392365,0,0,0.001668537,0.000179731
2020-11-27,14:19:51,6.998799896,9.016000366,163.7537079,181.166214,161.1506805,159.9723358,277.6525269,153.0679779,135.6366119,0,0,0.001668537,0.000179731
2020-11-27,14:19:52,6.998999786,9.015899658,163.7537079,181.1683197,161.1509552,159.972168,277.6530762,153.0706787,135.6344757,0,0,0.001668537,0.000179731
2020-11-27,14:19:53,6.99940033,9.015899658,163.7537079,181.1700287,161.1512146,159.97229,277.6527405,153.0731354,135.632431,0,0,0.001668537,0.000179925
2020-11-27,14:19:54,6.99960022,9.015899658,163.7537079,181.1716156,161.1508179,159.9726105,277.6519165,153.0760956,135.6300812,0,0,0.001668537,0.000179925
2020-11-27,14:19:55,6.99940033,9.015799713,163.7537079,181.1728363,161.151123,159.972168,277.6531067,153.0786743,135.6279449,0,0,0.001668537,0.000179925
2020-11-27,14:19:56,6.999299622,9.015899658,163.7537079,181.1747131,161.1506195,159.97229,277.652771,153.0822601,135.6251221,0,0,0.001668537,0.000179925
2020-11-27,14:19:57,6.998899841,9.015799713,163.7537079,181.1757507,161.1523285,159.9720001,277.6535034,153.083725,135.6238403,0,0,0.001668537,0.000179755
2020-11-27,14:19:58,6.999099731,9.015699768,163.7537079,181.1783447,161.1515656,159.9717712,277.6541443,153.0872345,135.6210327,0,0,0.001668537,0.000179755
2020-11-27,14:19:59,6.998699951,9.015799713,163.7537079,181.1795807,161.1524506,159.9720001,277.6536255,153.0896454,135.6190643,0,0,0.001668537,0.000179755
2020-11-27,14:20:00,6.998999786,9.015699768,163.7537079,181.1816406,161.1530609,159.9714355,277.6550903,153.0922241,135.6170502,0,0,0.001668537,0.000179755
2020-11-27,14:20:01,6.998999786,9.015699768,163.7537079,181.1835938,161.1529694,159.9710388,277.6561279,153.0957336,135.6142273,0,0,0.001668537,0.000179755
2020-11-27,14:20:02,6.998799896,9.015599823,163.7537079,181.184845,161.1534882,159.9714355,277.6551208,153.0970154,135.6131134,0,0,0.001668537,0.000179755
2020-11-27,14:20:03,6.999199677,9.015599823,163.7537079,181.1871643,161.1545563,159.970871,277.6566162,153.100235,135.6105194,0,0,0.001668537,0.000179755
2020-11-27,14:20:04,6.999099731,9.015499878,163.7537079,181.1881714,161.1542358,159.9711304,277.6559143,153.1024475,135.6087952,0,0,0.001668537,0.00017976
2020-11-27,14:20:05,6.999199677,9.015599823,163.7537079,181.1903076,161.1539001,159.9710999,277.6560364,153.1053162,135.6064301,0,0,0.001668537,0.000179841
2020-11-27,14:20:06,6.99940033,9.015499878,163.7537079,181.191803,161.1543121,159.9707642,277.6569214,153.1076202,135.6045837,0,0,0.001668537,0.000179841
2020-11-27,14:20:07,6.999199677,9.015499878,163.7537079,181.1941986,161.1552124,159.9705353,277.6574097,153.1100006,135.6026764,0,0,0.001668537,0.000179841
2020-11-27,14:20:08,6.99940033,9.015399933,163.7537079,181.1967316,161.15448,159.970871,277.6564941,153.112793,135.6004333,0,0,0.001668537,0.000179841
2020-11-27,14:20:09,6.99960022,9.015399933,163.7547302,181.1978607,161.1537018,159.9703827,277.657959,153.1150055,135.5986938,0,0,0.001605334,0.000179841
2020-11-27,14:20:10,6.99960022,9.015399933,163.7547302,181.1995544,161.1566925,159.9702148,277.6584167,153.1177673,135.5964355,0,0,0.001605334,0.000179912
2020-11-27,14:20:11,6.999500275,9.015299988,163.7537231,181.2026062,161.156189,159.9704742,277.6576538,153.1206055,135.5941925,0,0,0.001605334,0.000179912
2020-11-27,14:20:12,6.999700165,9.015299988,163.7537231,181.2049255,161.1571808,159.9706573,277.6571655,153.1219177,135.5930634,0,0,0.001605334,0.000179912
2020-11-27,14:20:13,6.999500275,9.015299988,163.7537231,181.2070007,161.1565704,159.9705353,277.6574707,153.1251526,135.5904694,0,0,0.001647295,0.000179912
2020-11-27,14:20:14,6.999700165,9.015200043,163.7547455,181.2073975,161.1567688,159.9702148,277.6583862,153.1274414,135.5885925,0,0,0.001647295,0.000179912
2020-11-27,14:20:15,6.999900055,9.015200043,163.7547455,181.2099304,161.1562347,159.9704742,277.6577148,153.1293793,135.5870361,0,0,0.001647295,0.000179793
2020-11-27,14:20:16,6.999700165,9.015100098,163.7537231,181.2124786,161.1574097,159.969696,277.6598816,153.1321564,135.5848694,0,0,0.001647295,0.000179793
2020-11-27,14:20:17,6.99960022,9.015200043,163.7537231,181.2145233,161.1577454,159.9699402,277.6592407,153.133728,135.5835876,0,0,0.001632171,0.000179793
2020-11-27,14:20:18,6.999900055,9.015100098,163.7547302,181.2163086,161.1578064,159.9699402,277.6590881,153.1363983,135.5814514,0,0,0.001632171,0.000179793
2020-11-27,14:20:19,6.99980011,9.015100098,163.7547302,181.2188721,161.1571808,159.9696045,277.6601563,153.1390533,135.5792236,0,0,0.001632171,0.000179793
2020-11-27,14:20:20,7.000099945,9.015000153,163.7547302,181.2214508,161.1582336,159.9697571,277.659668,153.141449,135.577301,0,0,0.001632171,0.000179793
2020-11-27,14:20:21,6.999900055,9.015000153,163.7547302,181.2228394,161.1586151,159.9694366,277.6605225,153.1434021,135.5757751,0,0,0.001632171,0.000179793
2020-11-27,14:20:22,7.00019989,9.014900208,163.7547302,181.2250366,161.1575012,159.969223,277.6610718,153.1455078,135.5740662,0,0,0.001632171,0.000179965
2020-11-27,14:20:23,7.000099945,9.015000153,163.7537079,181.2280426,161.1594849,159.9691162,277.6614075,153.1472626,135.5726471,0,0,0.001616873,0.000179965
2020-11-27,14:20:24,7.00039978,9.014900208,163.7537079,181.2301788,161.1599731,159.9693756,277.6607361,153.1498413,135.5705719,0,0,0.001616873,0.000179742
2020-11-27,14:20:25,7.000099945,9.014800262,163.754715,181.2324066,161.1593475,159.9688873,277.6621399,153.15271,135.568222,0,0,0.001616873,0.000179742
2020-11-27,14:20:26,7.00019989,9.014800262,163.754715,181.234314,161.1590576,159.9696045,277.6600647,153.1542053,135.5671082,0,0,0.001616873,0.000179742
2020-11-27,14:20:27,7.000499725,9.014800262,163.754715,181.2366486,161.1600952,159.9690552,277.6615601,153.1565857,135.565155,0,0,0.001616873,0.000179742
2020-11-27,14:20:28,7.00059967,9.014700317,163.754715,181.2388763,161.1603394,159.9686584,277.6625977,153.1576843,135.5642395,0,0,0.001616873,0.000179742
2020-11-27,14:20:29,7.00039978,9.014700317,163.754715,181.2411804,161.1607361,159.969162,277.6612854,153.1603699,135.5621033,0,0,0.001616873,0.000179742
2020-11-27,14:20:30,7.000299835,9.014700317,163.754715,181.2433472,161.1604614,159.9693756,277.6607666,153.1621246,135.5606537,0,0,0.001616873,0.000179742
2020-11-27,14:20:31,7.00039978,9.014600372,163.754715,181.2458038,161.1618958,159.9690552,277.6617432,153.1644135,135.5587921,0,0,0.001616873,0.000179742
2020-11-27,14:20:32,7.000299835,9.014700317,163.7536926,181.2478638,161.1606445,159.9686584,277.6626892,153.1664429,135.5571747,0,0,0.001616873,0.000179742
2020-11-27,14:20:33,7.000700378,9.014600372,163.7546997,181.2497253,161.1611786,159.9682007,277.6639404,153.1688385,135.5552368,0,0,0.001616873,0.000179742
2020-11-27,14:20:34,7.000700378,9.014499664,163.7546997,181.2521973,161.1620483,159.9686584,277.6627808,153.1708832,135.5535736,0,0,0.001616873,0.000179742
2020-11-27,14:20:35,7.000499725,9.014499664,163.7546997,181.255127,161.1613159,159.9683228,277.6635742,153.1726379,135.5521698,0,0,0.001616873,0.000179895
2020-11-27,14:20:36,7.000800323,9.014399719,163.7546997,181.2567596,161.1616364,159.9685059,277.6631775,153.1750183,135.5502319,0,0,0.001616873,0.000179895
2020-11-27,14:20:37,7.000900269,9.014499664,163.7546997,181.2593536,161.1615753,159.9680939,277.6642456,153.1758575,135.5495605,0,0,0.001616873,0.000179895
2020-11-27,14:20:38,7.00059967,9.014399719,163.7546997,181.2627716,161.1628723,159.9686127,277.6629028,153.1790771,135.5469971,0,0,0.001616873,0.000179963
2020-11-27,14:20:39,7.000900269,9.014399719,163.7536774,181.2644196,161.163269,159.9679871,277.6644897,153.1803741,135.5459595,0,0,0.001616873,0.000179963
2020-11-27,14:20:40,7.000800323,9.014299774,163.754715,181.2674408,161.1630707,159.9682465,277.6637573,153.1816711,135.5449219,0,0,0.001616873,0.000179963
2020-11-27,14:20:41,7.000900269,9.014399719,163.754715,181.2697296,161.1627045,159.9681549,277.6635132,153.1840668,135.5429077,0,0,0.001616873,0.000179963
2020-11-27,14:20:42,7.000800323,9.014299774,163.754715,181.2722168,161.1634674,159.967926,277.6647949,153.1859131,135.5414581,0,0,0.001616873,0.000179963
2020-11-27,14:20:43,7.001100159,9.014299774,163.754715,181.2746277,161.1630859,159.9681549,277.6640015,153.1871185,135.5404816,0,0,0.001616873,0.000179963
2020-11-27,14:20:44,7.000900269,9.014199829,163.754715,181.2767487,161.1645203,159.9678345,277.6650085,153.1894226,135.5386047,0,0,0.001616873,0.000179963
2020-11-27,14:20:45,7.001200104,9.014199829,163.754715,181.2809296,161.1634674,159.9680481,277.6643677,153.1912537,135.5371552,0,0,0.001616873,0.000179963
2020-11-27,14:20:46,7.001100159,9.014099884,163.754715,181.2822723,161.163269,159.9675293,277.665802,153.1929932,135.5356903,0,0,0.001616873,0.000179963
2020-11-27,14:20:47,7.001200104,9.014199829,163.754715,181.2849579,161.1641846,159.9683228,277.6637268,153.1945648,135.5344391,0,0,0.001616873,0.000179963
2020-11-27,14:20:48,7.001000214,9.014099884,163.754715,181.2871704,161.1646729,159.9678802,277.6648865,153.196228,135.5331268,0,0,0.001616873,0.000179963
2020-11-27,14:20:49,7.001200104,9.014099884,163.754715,181.2907867,161.164032,159.9676666,277.6653748,153.197052,135.5323944,0,0,0.001616873,0.000179923
2020-11-27,14:20:50,7.001100159,9.013999939,163.754715,181.2937164,161.1651917,159.9673615,277.6662292,153.1995544,135.5304108,0,0,0.001616873,0.000179923
2020-11-27,14:20:51,7.001000214,9.013999939,163.754715,181.2955933,161.1642609,159.9676056,277.6655273,153.2016754,135.5287018,0,0,0.001616873,0.000179895
2020-11-27,14:20:52,7.001200104,9.013899994,163.754715,181.2991333,161.1653748,159.967926,277.6646118,153.2036133,135.5271606,0,0,0.001616873,0.000179895
2020-11-27,14:20:53,7.001399994,9.013999939,163.754715,181.3007965,161.1651001,159.9677734,277.6651306,153.2051697,135.5259094,0,0,0.001616873,0.000179895
2020-11-27,14:20:54,7.001300049,9.013899994,163.754715,181.3036346,161.1657257,159.9678802,277.6648254,153.2064514,135.5248871,0,0,0.001616873,0.000179895
2020-11-27,14:20:55,7.001499939,9.013899994,163.754715,181.3062286,161.1656189,159.9681549,277.6641235,153.2083893,135.5233002,0,0,0.001616873,0.000179895
2020-11-27,14:20:56,7.001399994,9.013899994,163.754715,181.3084412,161.1659698,159.9674835,277.6658936,153.2095184,135.5223846,0,0,0.001616873,0.000179955
2020-11-27,14:20:57,7.001599884,9.013800049,163.754715,181.3118591,161.166214,159.9678345,277.6650391,153.2109833,135.5211639,0,0,0.001616873,0.000179955
2020-11-27,14:20:58,7.001399994,9.013800049,163.754715,181.3145905,161.1653137,159.9673157,277.6662903,153.2121887,135.5201874,0,0,0.001616873,0.000179955
2020-11-27,14:20:59,7.001699829,9.013700104,163.754715,181.3166199,161.1667328,159.967926,277.6646118,153.2147675,135.5180969,0,0,0.001616873,0.000179813
2020-11-27,14:21:00,7.001599884,9.013700104,163.754715,181.3196259,161.1663513,159.9675293,277.6656494,153.2158813,135.5172424,0,0,0.001616873,0.000179813
2020-11-27,14:21:01,7.001699829,9.013700104,163.754715,181.3225098,161.1674957,159.9672546,277.6664734,153.21698,135.5164032,0,0,0.001616873,0.000179813
2020-11-27,14:21:02,7.001399994,9.013600159,163.754715,181.3252716,161.1671143,159.9674835,277.6659851,153.2192078,135.5145721,0,0,0.001616873,0.000179813
2020-11-27,14:21:03,7.001699829,9.013600159,163.754715,181.3287201,161.166687,159.9672546,277.6665039,153.2213287,135.5128937,0,0,0.001616873,0.000179813
2020-11-27,14:21:04,7.001499939,9.013500214,163.754715,181.3307343,161.1673584,159.9675293,277.6656189,153.2224274,135.5119629,0,0,0.001616873,0.000179813
2020-11-27,14:21:05,7.001699829,9.013600159,163.754715,181.3344116,161.1662903,159.967041,277.6671753,153.2233582,135.5111847,0,0,0.001616873,0.000179813
2020-11-27,14:21:06,7.001499939,9.013500214,163.754715,181.3373108,161.1679688,159.9673157,277.6663818,153.2255707,135.5094452,0,0,0.001616873,0.000179813
2020-11-27,14:21:07,7.001599884,9.013400269,163.754715,181.3404236,161.1689453,159.9667664,277.6678772,153.2263947,135.5087738,0,0,0.001616873,0.000179813
2020-11-27,14:21:08,7.001699829,9.013500214,163.754715,181.3420868,161.1676178,159.9670868,277.6669006,153.2277832,135.5076599,0,0,0.001618622,0.000179813
2020-11-27,14:21:09,7.001899719,9.013400269,163.754715,181.3454437,161.1671448,159.9671936,277.6667175,153.2293549,135.5063934,0,0,0.001637941,0.000179813
2020-11-27,14:21:10,7.001599884,9.013400269,163.754715,181.3479004,161.1683502,159.9675293,277.6656799,153.2313995,135.5047607,0,0,0.001637941,0.000179813
2020-11-27,14:21:11,7.001799774,9.013300323,163.754715,181.3506165,161.1678772,159.9671936,277.6665955,153.2321167,135.5041351,0,0,0.001637941,0.000179818
2020-11-27,14:21:12,7.001699829,9.013300323,163.754715,181.3534241,161.1687164,159.9669952,277.6672058,153.2336731,135.5028839,0,0,0.001665827,0.000179983
2020-11-27,14:21:13,7.001899719,9.013300323,163.754715,181.3557587,161.1684265,159.9668274,277.6677246,153.2343445,135.5023499,0,0,0.001665827,0.000179983
2020-11-27,14:21:14,7.001699829,9.013200378,163.754715,181.3587341,161.1695557,159.9671936,277.666687,153.236084,135.5009308,0,0,0.001665827,0.000179983
2020-11-27,14:21:15,7.001799774,9.013300323,163.754715,181.3608093,161.1684875,159.967041,277.6670837,153.2376404,135.4997101,0,0,0.001665827,0.000179983
2020-11-27,14:21:16,7.001599884,9.013200378,163.754715,181.3642578,161.1683044,159.9668732,277.667511,153.2389526,135.498642,0,0,0.001665827,0.000179983
2020-11-27,14:21:17,7.001899719,9.01309967,163.754715,181.3675842,161.1690826,159.9669952,277.6678772,153.2406921,135.4972534,0,0,0.001665827,0.000179767
2020-11-27,14:21:18,7.001999664,9.01309967,163.754715,181.3699493,161.1687012,159.9667664,277.6671753,153.2420959,135.496109,0,0,0.001665827,0.000179767
2020-11-27,14:21:19,7.001799774,9.01309967,163.754715,181.3738556,161.1693268,159.9672546,277.6664429,153.2431793,135.495163,0,0,0.001665827,0.000179767
2020-11-27,14:21:20,7.001999664,9.01309967,163.754715,181.3760223,161.1696167,159.9674835,277.6659241,153.2440186,135.4945526,0,0,0.001665827,0.000179767
2020-11-27,14:21:21,7.002100372,9.012999725,163.754715,181.378891,161.1702118,159.9670868,277.6669312,153.2453918,135.4934082,0,0,0.001665827,0.000179767
2020-11-27,14:21:22,7.001899719,9.012999725,163.7536774,181.3822174,161.1700592,159.9672546,277.6662903,153.2469635,135.4921417,0,0,0.001665827,0.000179767
2020-11-27,14:21:23,7.001999664,9.012999725,163.7547455,181.3854218,161.1692505,159.9674835,277.6667175,153.2483215,135.4910126,0,0,0.001665827,0.000179767
2020-11-27,14:21:24,7.001799774,9.01289978,163.7547455,181.3880005,161.1703796,159.967041,277.6660461,153.2493744,135.4901886,0,0,0.001665827,0.000179767
2020-11-27,14:21:25,7.001999664,9.01289978,163.7557678,181.3914795,161.1698151,159.9671936,277.6670532,153.2507477,135.4891205,0,0,0.001665827,0.000179767
2020-11-27,14:21:26,7.001799774,9.01289978,163.7547302,181.3940582,161.1696167,159.9672546,277.6664124,153.2515717,135.4884644,0,0,0.001665827,0.000179767
2020-11-27,14:21:27,7.001899719,9.012799835,163.7547302,181.39711,161.170578,159.9671936,277.666626,153.2534332,135.4869385,0,0,0.001665827,0.000179763
2020-11-27,14:21:28,7.001799774,9.012799835,163.7547302,181.4005432,161.171051,159.9673615,277.6661987,153.2541504,135.4864044,0,0,0.001665827,0.000179763
2020-11-27,14:21:29,7.002100372,9.012799835,163.7547302,181.4029388,161.171463,159.9668274,277.6677856,153.2561035,135.4847565,0,0,0.001665827,0.000179763
2020-11-27,14:21:30,7.001899719,9.01269989,163.7557373,181.4056702,161.1710358,159.967041,277.6671448,153.2573853,135.4837189,0,0,0.001665827,0.000179763
2020-11-27,14:21:31,7.002200317,9.01269989,163.7547302,181.4088745,161.1700592,159.9671936,277.6667175,153.2582092,135.4830475,0,0,0.001665827,0.000179763
2020-11-27,14:21:32,7.001799774,9.01269989,163.7547302,181.4122925,161.1715851,159.9668732,277.667511,153.2592316,135.4822388,0,0,0.001665827,0.000179763
2020-11-27,14:21:33,7.001999664,9.012599945,163.7547302,181.4145355,161.170578,159.9671936,277.6666565,153.2603455,135.4813995,0,0,0.001665827,0.000179763
2020-11-27,14:21:34,7.001799774,9.01269989,163.7537079,181.4187775,161.1712341,159.9670868,277.6669922,153.2618256,135.4801941,0,0,0.001665827,0.000179763
2020-11-27,14:21:35,7.001899719,9.012599945,163.7547455,181.4208374,161.1719818,159.9671936,277.666626,153.2622833,135.4797821,0,0,0.001665827,0.000180064
2020-11-27,14:21:36,7.001699829,9.0125,163.7547455,181.4244537,161.1708984,159.9672546,277.6664429,153.2636871,135.478653,0,0,0.001665827,0.000180064
2020-11-27,14:21:37,7.001999664,9.0125,163.7557678,181.4269867,161.1716461,159.9671478,277.6668091,153.2648773,135.4777222,0,0,0.001665827,0.000180064
2020-11-27,14:21:38,7.001699829,9.0125,163.7547607,181.4308624,161.1721497,159.9669952,277.6672363,153.2661438,135.4766998,0,0,0.001665827,0.000180064
2020-11-27,14:21:39,7.001899719,9.0125,163.7547607,181.4340363,161.1713715,159.9673157,277.6662903,153.2673645,135.4757385,0,0,0.001665827,0.000180064
2020-11-27,14:21:40,7.001799774,9.0125,163.7547607,181.4365692,161.1721039,159.9671936,277.666687,153.2678223,135.4753265,0,0,0.0016945,0.00017984
2020-11-27,14:21:41,7.002100372,9.012400055,163.7547607,181.4405212,161.1723785,159.9672546,277.6663208,153.2692108,135.4743042,0,0,0.0016945,0.00017984
2020-11-27,14:21:42,7.001899719,9.012400055,163.7558136,181.443222,161.1716309,159.9674225,277.6665344,153.2707062,135.4730682,0,0,0.0016945,0.00017984
2020-11-27,14:21:43,7.001699829,9.01230011,163.7558136,181.4461365,161.1720123,159.9671478,277.6662598,153.271698,135.47229,0,0,0.0016945,0.00017984
2020-11-27,14:21:44,7.001999664,9.012400055,163.7558136,181.4489136,161.1724243,159.9673615,277.6667786,153.2730865,135.4711456,0,0,0.0016945,0.00017984
2020-11-27,14:21:45,7.002100372,9.01230011,163.7558136,181.4519501,161.172699,159.9671478,277.6662292,153.2742004,135.4702759,0,0,0.0016945,0.00017984
2020-11-27,14:21:46,7.001799774,9.012200165,163.7558136,181.4556122,161.1716461,159.9676056,277.6654663,153.2750244,135.469574,0,0,0.0016945,0.00017984
2020-11-27,14:21:47,7.001999664,9.01230011,163.7547913,181.4585724,161.1725769,159.9670868,277.6669006,153.2758484,135.4689636,0,0,0.0016945,0.00017984
2020-11-27,14:21:48,7.001699829,9.012200165,163.7547913,181.4621277,161.1731415,159.9673157,277.6663513,153.2770386,135.4680023,0,0,0.001633658,0.000180016
2020-11-27,14:21:49,7.001899719,9.01210022,163.7547913,181.4640961,161.1729126,159.9671936,277.6665344,153.2780609,135.4671173,0,0,0.001633658,0.000179957
2020-11-27,14:21:50,7.001999664,9.012200165,163.7558441,181.4671173,161.1725769,159.9674835,277.6659241,153.2791595,135.4662781,0,0,0.001633658,0.000179957
2020-11-27,14:21:51,7.001699829,9.01210022,163.754837,181.4706421,161.1731262,159.9669342,277.6673584,153.2799225,135.4656372,0,0,0.001633658,0.000179957
2020-11-27,14:21:52,7.001899719,9.01210022,163.754837,181.4738312,161.1734772,159.9676056,277.6655884,153.2807465,135.4649963,0,0,0.001633658,0.000179957
2020-11-27,14:21:53,7.001799774,9.012000275,163.754837,181.4769592,161.1738586,159.9673157,277.6663208,153.2816925,135.4642639,0,0,0.001633658,0.000179957
2020-11-27,14:21:54,7.001699829,9.012000275,163.7558441,181.4794922,161.1736145,159.9669342,277.6674194,153.282959,135.4632111,0,0,0.001633658,0.000179979
2020-11-27,14:21:55,7.001799774,9.01190033,163.7558441,181.4823456,161.1733398,159.9676056,277.6654663,153.2834167,135.4628601,0,0,0.001673782,0.000180037
2020-11-27,14:21:56,7.001599884,9.012000275,163.7558441,181.4860229,161.1744995,159.9673157,277.6662903,153.2846222,135.4619293,0,0,0.001673782,0.000179927
2020-11-27,14:21:57,7.001799774,9.01190033,163.7558441,181.4899139,161.173584,159.9681549,277.6641235,153.285553,135.4611206,0,0,0.001673782,0.000179927
2020-11-27,14:21:58,7.001699829,9.011799622,163.7558441,181.4922943,161.1727905,159.9676666,277.6654053,153.2861938,135.4606171,0,0,0.001673782,0.000179927
2020-11-27,14:21:59,7.001599884,9.011799622,163.7558441,181.4955139,161.1739502,159.967926,277.6645508,153.2878418,135.4592285,0,0,0.00166303,0.000179927
2020-11-27,14:22:00,7.001799774,9.011699677,163.7558441,181.4989319,161.1737518,159.9680939,277.6650085,153.2880249,135.4591217,0,0,0.00166303,0.000179896
2020-11-27,14:22:01,7.001699829,9.011799622,163.7558441,181.5027313,161.174408,159.9675293,277.665802,153.2893219,135.4580841,0,0,0.00166303,0.000179896
2020-11-27,14:22:02,7.001799774,9.011699677,163.754837,181.5050507,161.1733856,159.9676056,277.6655579,153.2902527,135.4572906,0,0,0.00166303,0.000179896
2020-11-27,14:22:03,7.001699829,9.011699677,163.754837,181.507782,161.1738586,159.967926,277.6647949,153.2910767,135.4566498,0,0,0.00166303,0.000179896
2020-11-27,14:22:04,7.001999664,9.011599731,163.7558441,181.5108795,161.1744232,159.9680481,277.6643677,153.2919159,135.4560242,0,0,0.00166303,0.000179896
2020-11-27,14:22:05,7.001699829,9.011599731,163.7547913,181.513031,161.1746674,159.9676666,277.6653442,153.2927551,135.4552765,0,0,0.00166303,0.000179896
2020-11-27,14:22:06,7.001899719,9.011599731,163.7569275,181.5171356,161.1740417,159.9680939,277.6641846,153.293396,135.4547729,0,0,0.00166303,0.000179896
2020-11-27,14:22:07,7.001699829,9.011499786,163.7559052,181.5209808,161.1742706,159.9678802,277.6648254,153.2946777,135.4537659,0,0,0.00166303,0.000179896
2020-11-27,14:22:08,7.001599884,9.011499786,163.7559052,181.523468,161.1737518,159.967926,277.6644287,153.2950287,135.453537,0,0,0.00166303,0.000179896
2020-11-27,14:22:09,7.001399994,9.011499786,163.7559052,181.5263214,161.1743011,159.9680481,277.6645813,153.2954102,135.453186,0,0,0.00166303,0.000179896
2020-11-27,14:22:10,7.001699829,9.011399841,163.7559052,181.529129,161.1740417,159.9677277,277.6652527,153.297348,135.4516296,0,0,0.00166303,0.000179896
2020-11-27,14:22:11,7.001599884,9.011399841,163.7559052,181.5320129,161.17453,159.9685669,277.6630554,153.2980804,135.451004,0,0,0.00166303,0.000179896
2020-11-27,14:22:12,7.001499939,9.011399841,163.7548981,181.53685,161.1740112,159.9680481,277.6643066,153.2989197,135.4503174,0,0,0.00166303,0.000179896
2020-11-27,14:22:13,7.001599884,9.011299896,163.7559052,181.5394897,161.1746979,159.9677734,277.6650696,153.2993774,135.4499512,0,0,0.00166303,0.000179896
2020-11-27,14:22:14,7.001899719,9.011399841,163.7559052,181.5419617,161.1745148,159.9685059,277.6631775,153.300415,135.4492035,0,0,0.00166303,0.000179896
2020-11-27,14:22:15,7.001499939,9.011299896,163.7559052,181.5464783,161.1751862,159.9682465,277.6637878,153.3018036,135.4480133,0,0,0.001714693,0.000179896
2020-11-27,14:22:16,7.001699829,9.011299896,163.7559052,181.5503082,161.1750183,159.9680939,277.6642151,153.3024292,135.4475403,0,0,0.001714693,0.000179896
2020-11-27,14:22:17,7.001300049,9.011199951,163.7559052,181.5513611,161.1745758,159.967926,277.6646729,153.30336,135.4467621,0,0,0.001661631,0.000179896
2020-11-27,14:22:18,7.001599884,9.011199951,163.7559052,181.5549316,161.1755524,159.9684448,277.6632385,153.3039246,135.4463348,0,0,0.001661631,0.000179896
2020-11-27,14:22:19,7.001399994,9.011199951,163.7559052,181.5591278,161.175354,159.9681549,277.6640015,153.3037415,135.4465942,0,0,0.001661631,0.000179896
2020-11-27,14:22:20,7.001599884,9.011199951,163.7559052,181.5615997,161.1751556,159.9685059,277.6630859,153.3048248,135.4455261,0,0,0.001661631,0.000179896
2020-11-27,14:22:21,7.001399994,9.011100006,163.7559052,181.5643005,161.174942,159.9686584,277.6627502,153.3061066,135.444519,0,0,0.001661631,0.000179846
2020-11-27,14:22:22,7.001599884,9.011199951,163.7559052,181.5680847,161.1752167,159.9685669,277.6629639,153.3066711,135.4441376,0,0,0.001661631,0.000179846
2020-11-27,14:22:23,7.001399994,9.011100006,163.7559052,181.5702209,161.1754608,159.9682465,277.6637573,153.3076019,135.4433289,0,0,0.001661631,0.000179846
2020-11-27,14:22:24,7.001599884,9.011100006,163.7559052,181.5739594,161.175827,159.9685059,277.6631165,153.3076935,135.4433746,0,0,0.001661631,0.000179846
2020-11-27,14:22:25,7.001399994,9.011100006,163.7559052,181.5774536,161.1761475,159.9685669,277.6629639,153.3092499,135.4419861,0,0,0.001661631,0.000179808
2020-11-27,14:22:26,7.001300049,9.011000061,163.7548218,181.5796051,161.1753235,159.968399,277.6633606,153.309433,135.4418945,0,0,0.001661631,0.000179808
2020-11-27,14:22:27,7.001399994,9.011100006,163.7558594,181.5838623,161.1749115,159.9691162,277.661377,153.3102722,135.4412079,0,0,0.001661631,0.000179808
2020-11-27,14:22:28,7.001399994,9.011100006,163.7558594,181.5871429,161.1763611,159.9690552,277.6617126,153.3106537,135.4408722,0,0,0.001661631,0.000179808
2020-11-27,14:22:29,7.001300049,9.011000061,163.7558594,181.5898438,161.1748047,159.9694977,277.6603699,153.3111115,135.4404907,0,0,0.001661631,0.000179808
2020-11-27,14:22:30,7.001499939,9.011000061,163.7558594,181.5926819,161.1759033,159.9684448,277.6632385,153.3126831,135.4393005,0,0,0.001700532,0.000179808
2020-11-27,14:22:31,7.001399994,9.010900116,163.7548523,181.5967407,161.1751251,159.9694977,277.6603088,153.3130341,135.4389496,0,0,0.001700532,0.000179808
2020-11-27,14:22:32,7.001300049,9.010900116,163.7548523,181.5989532,161.1756287,159.9690552,277.6617432,153.313324,135.438797,0,0,0.001700532,0.000179808
2020-11-27,14:22:33,7.001200104,9.010900116,163.7548523,181.6024628,161.1754913,159.969162,277.6612549,153.3149872,135.437439,0,0,0.001700532,0.000179808
2020-11-27,14:22:34,7.001499939,9.010900116,163.7548523,181.6061859,161.1756287,159.9694366,277.6604919,153.3148956,135.4373474,0,0,0.001700532,0.000179808
2020-11-27,14:22:35,7.001300049,9.010800171,163.7548523,181.60849,161.1751404,159.9695435,277.6602478,153.3157196,135.4368591,0,0,0.001700532,0.000179808
2020-11-27,14:22:36,7.001399994,9.010900116,163.7558594,181.6119995,161.1762543,159.9697571,277.6597595,153.3151703,135.4373016,0,0,0.001700532,0.000179895
2020-11-27,14:22:37,7.001499939,9.010800171,163.754837,181.6161346,161.1753693,159.969696,277.6594238,153.3168182,135.4359131,0,0,0.001700532,0.000179895
2020-11-27,14:22:38,7.001300049,9.010800171,163.754837,181.6181335,161.1762543,159.9694366,277.6604614,153.3183899,135.4346771,0,0,0.001700532,0.000179895
2020-11-27,14:22:39,7.001499939,9.010700226,163.7558594,181.6213226,161.1750488,159.9697571,277.6595764,153.3186798,135.4344482,0,0,0.001700532,0.000179895
2020-11-27,14:22:40,7.001599884,9.010800171,163.7558594,181.623642,161.1758118,159.9693756,277.660614,153.3192139,135.4339905,0,0,0.001700532,0.000179895
2020-11-27,14:22:41,7.001300049,9.010700226,163.7558594,181.6269836,161.1754456,159.9698181,277.6594543,153.319397,135.4338684,0,0,0.00171819,0.000179895
2020-11-27,14:22:42,7.001499939,9.010700226,163.7558594,181.6300201,161.1760712,159.9694366,277.6604614,153.3204193,135.4330444,0,0,0.00171819,0.000179895
2020-11-27,14:22:43,7.001300049,9.010700226,163.7558594,181.6333771,161.1753998,159.9699402,277.6592102,153.3208923,135.432663,0,0,0.00171819,0.000179895
2020-11-27,14:22:44,7.001399994,9.010600281,163.7558594,181.6362762,161.1756134,159.9700317,277.6588745,153.3215485,135.4320831,0,0,0.00171819,0.000179895
2020-11-27,14:22:45,7.001300049,9.010600281,163.7558594,181.6389465,161.1763,159.9698792,277.6593018,153.3220062,135.4317322,0,0,0.00171819,0.000179839
2020-11-27,14:22:46,7.001200104,9.010600281,163.7548065,181.6422882,161.1759491,159.9700928,277.6587524,153.3232117,135.4307861,0,0,0.00171819,0.000179839
2020-11-27,14:22:47,7.001399994,9.010600281,163.7558136,181.6447449,161.1755676,159.9702148,277.6583557,153.3236542,135.4304657,0,0,0.00171819,0.000179839
2020-11-27,14:22:48,7.001100159,9.010500336,163.7558136,181.648407,161.1749573,159.9699402,277.6591797,153.3244781,135.4297485,0,0,0.00171819,0.000179839
2020-11-27,14:22:49,7.001200104,9.010500336,163.7558136,181.6511536,161.1760254,159.9704285,277.6578369,153.3245697,135.4296417,0,0,0.00171819,0.000179839
2020-11-27,14:22:50,7.001100159,9.010500336,163.7558136,181.6538086,161.1749115,159.9700317,277.658844,153.3247681,135.4295044,0,0,0.00171819,0.000179839
2020-11-27,14:22:51,7.001100159,9.010500336,163.7548065,181.6569977,161.176239,159.9705353,277.6573792,153.3261566,135.42836,0,0,0.00171819,0.000179839
2020-11-27,14:22:52,7.001000214,9.010500336,163.7548065,181.6603088,161.1751862,159.9700012,277.6590576,153.326416,135.4281769,0,0,0.00171819,0.000179929
2020-11-27,14:22:53,7.001200104,9.010500336,163.7548065,181.662323,161.1748199,159.9703827,277.65802,153.3270721,135.4276733,0,0,0.00171819,0.000179929
2020-11-27,14:22:54,7.001000214,9.010399628,163.7548065,181.6656189,161.1764832,159.9705811,277.6572876,153.3276215,135.4271851,0,0,0.00171819,0.000179929
2020-11-27,14:22:55,7.001100159,9.010399628,163.7548065,181.6687622,161.1759796,159.9703217,277.6581116,153.3282776,135.4266663,0,0,0.00171819,0.000179929
2020-11-27,14:22:56,7.001000214,9.010299683,163.7558136,181.6720581,161.1765594,159.9705353,277.6574402,153.3286438,135.4264374,0,0,0.00171819,0.000179929
2020-11-27,14:22:57,7.001200104,9.010299683,163.7558136,181.6747284,161.1759644,159.9704742,277.6573181,153.3299408,135.4253387,0,0,0.00171819,0.000179929
2020-11-27,14:22:58,7.000900269,9.010299683,163.7558136,181.6782837,161.1764984,159.9703827,277.6579895,153.330307,135.4250946,0,0,0.00171819,0.000179929
2020-11-27,14:22:59,7.001100159,9.010299683,163.7558136,181.6804962,161.1746216,159.9701538,277.6586304,153.3297577,135.4255219,0,0,0.00171819,0.000179929
2020-11-27,14:23:00,7.000900269,9.010199738,163.7558136,181.68396,161.1760559,159.9710999,277.6560364,153.3309631,135.4245605,0,0,0.00171819,0.000179929
2020-11-27,14:23:01,7.001100159,9.010199738,163.7547607,181.6862488,161.1768494,159.970871,277.6565247,153.3314056,135.4241943,0,0,0.001714693,0.000179929
2020-11-27,14:23:02,7.000800323,9.010099792,163.7568512,181.6905975,161.1760254,159.9711304,277.6558533,153.3320618,135.4236908,0,0,0.001714693,0.000179929
2020-11-27,14:23:03,7.001100159,9.010199738,163.7568512,181.6932373,161.1758118,159.9713745,277.6551819,153.3327179,135.4231415,0,0,0.001714693,0.000179929
2020-11-27,14:23:04,7.000900269,9.010099792,163.7558441,181.6953125,161.1760254,159.9712524,277.655426,153.3335419,135.4225159,0,0,0.001714693,0.000179929
2020-11-27,14:23:05,7.001000214,9.010099792,163.7558441,181.69841,161.1764069,159.9714966,277.6549072,153.3339996,135.4220886,0,0,0.001714693,0.000179929
2020-11-27,14:23:06,7.000700378,9.009999847,163.7558441,181.7015381,161.1769409,159.9709778,277.65625,153.333725,135.4223328,0,0,0.001714693,0.000179929
2020-11-27,14:23:07,7.001000214,9.009999847,163.7558441,181.7034607,161.1763916,159.9711304,277.6558533,153.3352966,135.421051,0,0,0.001714693,0.000179929
2020-11-27,14:23:08,7.000800323,9.009999847,163.7558441,181.7068481,161.1769714,159.9716034,277.65448,153.3350067,135.4212646,0,0,0.001714693,0.000179929
2020-11-27,14:23:09,7.000900269,9.009899902,163.7558441,181.7089233,161.1756439,159.9714355,277.6551208,153.3359528,135.420578,0,0,0.001714693,0.000179929
2020-11-27,14:23:10,7.000800323,9.009999847,163.7558441,181.7132874,161.17659,159.9716492,277.6543274,153.3362274,135.4203186,0,0,0.001714693,0.000179929
2020-11-27,14:23:11,7.00059967,9.009899902,163.7558441,181.7145844,161.1756134,159.9717712,277.6541748,153.3364868,135.4200745,0,0,0.001714693,0.000179929
2020-11-27,14:23:12,7.000900269,9.009899902,163.7558441,181.7175751,161.1764221,159.9716492,277.6544189,153.3371429,135.4196014,0,0,0.001714693,0.000179929
2020-11-27,14:23:13,7.00059967,9.009799957,163.7558441,181.7205811,161.1770172,159.9715424,277.6547852,153.33815,135.4187469,0,0,0.001714693,0.000179929
2020-11-27,14:23:14,7.000700378,9.009799957,163.7558441,181.7240753,161.1761322,159.9720001,277.653595,153.3384247,135.4185486,0,0,0.001714693,0.000179929
2020-11-27,14:23:15,7.000499725,9.009799957,163.7558441,181.7267609,161.1756287,159.9718933,277.6538391,153.3388824,135.4181519,0,0,0.001714693,0.000179929
2020-11-27,14:23:16,7.000700378,9.009899902,163.7558441,181.728653,161.1753693,159.971817,277.6540527,153.3385162,135.418396,0,0,0.001714693,0.000179929
2020-11-27,14:23:17,7.00039978,9.009799957,163.7558441,181.7314453,161.1761627,159.9716034,277.65448,153.3396301,135.4174957,0,0,0.001714693,0.000179929
2020-11-27,14:23:18,7.00059967,9.009799957,163.7558441,181.7341919,161.1766052,159.9725037,277.6521606,153.3399048,135.4172974,0,0,0.001650354,0.000179896
2020-11-27,14:23:19,7.00039978,9.009700012,163.7558441,181.7367096,161.1753235,159.9720459,277.6533508,153.3402863,135.4169769,0,0,0.001650354,0.000179896
2020-11-27,14:23:20,7.000499725,9.009799957,163.7558441,181.7392426,161.1755829,159.9724426,277.6523438,153.3408203,135.4165497,0,0,0.001650354,0.000180027
2020-11-27,14:23:21,7.00039978,9.009700012,163.7558441,181.7418518,161.1768799,159.97229,277.65271,153.3414001,135.4161377,0,0,0.001650354,0.000179893
2020-11-27,14:23:22,7.00059967,9.009700012,163.7558441,181.7441711,161.1759644,159.9720459,277.6533203,153.3419342,135.4157104,0,0,0.001650354,0.000179923
2020-11-27,14:23:23,7.000299835,9.009700012,163.7558441,181.7475891,161.1766052,159.97229,277.652832,153.3421326,135.4155426,0,0,0.001704203,0.000179729
2020-11-27,14:23:24,7.00039978,9.009600067,163.7558441,181.749649,161.1767426,159.9719391,277.653717,153.3430481,135.4147949,0,0,0.001704203,0.000179976
2020-11-27,14:23:25,7.000099945,9.009600067,163.7558441,181.7516479,161.1760254,159.9725037,277.6521912,153.3435364,135.4143829,0,0,0.001704203,0.000179976
2020-11-27,14:23:26,7.000499725,9.009600067,163.7558441,181.756073,161.175827,159.9726105,277.6519165,153.3438873,135.4140778,0,0,0.001704203,0.000179976
2020-11-27,14:23:27,7.000299835,9.009500122,163.7558441,181.7570343,161.1752472,159.9724426,277.6522522,153.3443451,135.4137726,0,0,0.001704203,0.000179976
2020-11-27,14:23:28,7.000499725,9.009600067,163.7558441,181.7598419,161.1746521,159.9728851,277.651062,153.3445435,135.4136047,0,0,0.001704203,0.000179915
2020-11-27,14:23:29,7.000299835,9.009500122,163.7558441,181.7629395,161.1763916,159.973053,277.6506958,153.3448029,135.4133911,0,0,0.001704203,0.000179915
2020-11-27,14:23:30,7.000499725,9.009500122,163.7558441,181.764267,161.1760254,159.9728241,277.6512451,153.345459,135.4128571,0,0,0.001704203,0.000179915
2020-11-27,14:23:31,7.00019989,9.009400177,163.7558441,181.7681427,161.1764832,159.973053,277.6505127,153.3452606,135.4130249,0,0,0.001704203,0.000179915
2020-11-27,14:23:32,7.00059967,9.009400177,163.7558441,181.7694244,161.1759491,159.9727631,277.6517029,153.3457184,135.4126587,0,0,0.001704203,0.000179915
2020-11-27,14:23:33,7.00019989,9.009400177,163.7558441,181.7717285,161.1766357,159.9732666,277.6500244,153.346283,135.4122314,0,0,0.001704203,0.000179915
2020-11-27,14:23:34,7.000299835,9.009400177,163.7558441,181.7743835,161.1760406,159.973053,277.6508179,153.3465424,135.4119415,0,0,0.001704203,0.000179915
2020-11-27,14:23:35,7.0,9.009300232,163.7558441,181.7773132,161.1766663,159.9726563,277.6517944,153.3474884,135.4112549,0,0,0.001704203,0.000179915
2020-11-27,14:23:36,6.999900055,9.009300232,163.7558441,181.7800598,161.1752167,159.9734802,277.6494141,153.3477478,135.4109802,0,0,0.001704203,0.000179915
2020-11-27,14:23:37,6.99980011,9.009300232,163.7558441,181.7824402,161.1765137,159.9732666,277.6499634,153.3484955,135.4104156,0,0,0.001704203,0.000179915
2020-11-27,14:23:38,7.00019989,9.009300232,163.7558441,181.7850037,161.1751251,159.9734192,277.6495972,153.3487701,135.410202,0,0,0.001704203,0.000179915
2020-11-27,14:23:39,6.999900055,9.009200287,163.7558441,181.7865906,161.1765442,159.9734192,277.6494751,153.3487701,135.410141,0,0,0.001704203,0.000179915
2020-11-27,14:23:40,6.999900055,9.009200287,163.7558441,181.789093,161.1772919,159.9735413,277.6491699,153.348938,135.4100342,0,0,0.001704203,0.000179915
2020-11-27,14:23:41,7.000099945,9.009200287,163.7558441,181.7915649,161.1759186,159.9729919,277.6508179,153.3500519,135.4091034,0,0,0.001704203,0.000179886
2020-11-27,14:23:42,6.999900055,9.009200287,163.7558441,181.7940369,161.1765747,159.9734192,277.6496582,153.3505249,135.4087677,0,0,0.001704203,0.000179886
2020-11-27,14:23:43,7.00019989,9.009100342,163.7558441,181.7959595,161.1763,159.9738159,277.6486206,153.3498688,135.409317,0,0,0.001704203,0.000179886
2020-11-27,14:23:44,6.999900055,9.009100342,163.7558441,181.7992706,161.1767883,159.9741974,277.6474304,153.3511658,135.4081879,0,0,0.001676667,0.000179886
2020-11-27,14:23:45,6.99960022,9.009100342,163.7558441,181.8007965,161.1760406,159.9737549,277.6486511,153.3514557,135.4080353,0,0,0.001676667,0.000179886
2020-11-27,14:23:46,6.99980011,9.008999634,163.7558441,181.8036804,161.1758118,159.9739838,277.6479797,153.3511658,135.4082031,0,0,0.001676667,0.000179886
2020-11-27,14:23:47,6.999500275,9.008999634,163.7558441,181.8061676,161.1760712,159.9738159,277.6483459,153.3519135,135.4076233,0,0,0.001663817,0.000179886
2020-11-27,14:23:48,6.99980011,9.008999634,163.7558441,181.8082733,161.176178,159.9739838,277.6480103,153.352478,135.4072571,0,0,0.001663817,0.000179886
2020-11-27,14:23:49,6.999900055,9.008999634,163.754837,181.8107452,161.1764832,159.9741058,277.6484375,153.3518372,135.4076996,0,0,0.001663817,0.000179886
2020-11-27,14:23:50,6.99980011,9.008899689,163.7569122,181.8135223,161.1758881,159.9740448,277.6477661,153.3530121,135.4068146,0,0,0.001663817,0.000179886
2020-11-27,14:23:51,6.999500275,9.008999634,163.7559052,181.8151855,161.1763458,159.973877,277.6482849,153.3529205,135.4068604,0,0,0.001693276,0.000179886
2020-11-27,14:23:52,6.999500275,9.008899689,163.7559052,181.816803,161.1766357,159.9741364,277.647522,153.3536682,135.406189,0,0,0.001693276,0.000179886
2020-11-27,14:23:53,6.99960022,9.008899689,163.7559052,181.8197937,161.1760406,159.9744873,277.6467285,153.3535767,135.4063568,0,0,0.001693276,0.000179939
2020-11-27,14:23:54,6.999500275,9.008799744,163.7559052,181.8208008,161.1764221,159.9743042,277.6471252,153.3546906,135.405426,0,0,0.001693276,0.000179939
2020-11-27,14:23:55,6.99960022,9.008799744,163.7559052,181.8235474,161.176239,159.9744873,277.646759,153.3541107,135.4058685,0,0,0.001693276,0.000179939
2020-11-27,14:23:56,6.999500275,9.008799744,163.7569122,181.8247223,161.1766052,159.974823,277.6458435,153.3548889,135.405304,0,0,0.001693276,0.000179939
2020-11-27,14:23:57,6.999299622,9.008699799,163.7569122,181.8278961,161.1761932,159.9743652,277.6470337,153.3555145,135.4047852,0,0,0.001693276,0.000179939
2020-11-27,14:23:58,6.99940033,9.008699799,163.7569122,181.8294678,161.1764221,159.9745789,277.6463013,153.3550568,135.4050903,0,0,0.001693276,0.000179939
2020-11-27,14:23:59,6.999299622,9.008699799,163.7558899,181.8313599,161.175827,159.9744873,277.646637,153.3560638,135.4042511,0,0,0.001693276,0.000179939
2020-11-27,14:24:00,6.99940033,9.008699799,163.7558899,181.8339386,161.1761627,159.9748688,277.6456604,153.3567047,135.4038086,0,0,0.001758489,0.000179939
2020-11-27,14:24:01,6.999199677,9.008599854,163.7558899,181.8354797,161.1765747,159.9744873,277.646698,153.355957,135.4043732,0,0,0.001758489,0.000179858
2020-11-27,14:24:02,6.999299622,9.008699799,163.7558899,181.8376465,161.1763,159.9750977,277.6449585,153.3567963,135.4036713,0,0,0.001758489,0.000179858
2020-11-27,14:24:03,6.999099731,9.008599854,163.7558899,181.8395691,161.1759796,159.9752045,277.6446533,153.3566132,135.4039154,0,0,0.001758489,0.000179858
2020-11-27,14:24:04,6.99940033,9.008599854,163.7558899,181.842392,161.1763611,159.9746552,277.6461487,153.357254,135.4033203,0,0,0.001758489,0.000179858
2020-11-27,14:24:05,6.999099731,9.008499908,163.7558899,181.8431244,161.1768494,159.9755096,277.6439209,153.3573456,135.403244,0,0,0.001758489,0.000179858
2020-11-27,14:24:06,6.999299622,9.008599854,163.7558899,181.8462067,161.1763458,159.9751587,277.6448975,153.3578339,135.4029236,0,0,0.001758489,0.000179858
2020-11-27,14:24:07,6.998999786,9.008499908,163.7548676,181.848526,161.1764526,159.9749146,277.6455688,153.3584747,135.4023743,0,0,0.001758489,0.000179858
2020-11-27,14:24:08,6.999199677,9.008499908,163.7559814,181.8489227,161.1763306,159.9752502,277.6446228,153.3588409,135.4020691,0,0,0.001733226,0.000179858
2020-11-27,14:24:09,6.998999786,9.008499908,163.7559814,181.8516235,161.1750946,159.9752045,277.6448975,153.358551,135.4022675,0,0,0.001733226,0.000179858
2020-11-27,14:24:10,6.999099731,9.008499908,163.7559814,181.8531342,161.1761322,159.9753113,277.6442871,153.3595734,135.4014893,0,0,0.001724047,0.000179914
2020-11-27,14:24:11,6.998899841,9.008499908,163.7548981,181.8555908,161.1758728,159.9756622,277.6435852,153.3591919,135.4017487,0,0,0.001724047,0.000179914
2020-11-27,14:24:12,6.999299622,9.008399963,163.7559204,181.8562469,161.1755066,159.9752502,277.6445007,153.3597565,135.4013214,0,0,0.001724047,0.000179914
2020-11-27,14:24:13,6.998999786,9.008499908,163.7569733,181.8585968,161.1744385,159.9756622,277.6434326,153.3602142,135.4009705,0,0,0.001724047,0.000179914
2020-11-27,14:24:14,6.999099731,9.008399963,163.7559509,181.8603058,161.1741486,159.9754486,277.644104,153.359848,135.4006958,0,0,0.001724047,0.000179914
2020-11-27,14:24:15,6.998899841,9.008499908,163.7559509,181.8626251,161.1755829,159.9762115,277.6419983,153.360672,135.4005737,0,0,0.001724047,0.000179914
2020-11-27,14:24:16,6.998999786,9.008399963,163.7559509,181.8648987,161.175827,159.9759369,277.6427002,153.3605804,135.4006805,0,0,0.001724047,0.000179718
2020-11-27,14:24:17,6.998899841,9.008499908,163.7559509,181.8665466,161.1760712,159.975769,277.6431274,153.3614044,135.3999939,0,0,0.001738209,0.000179718
2020-11-27,14:24:18,6.998799896,9.008399963,163.7559509,181.8683624,161.1749115,159.9760437,277.642395,153.3616028,135.3998108,0,0,0.001719327,0.000179718
2020-11-27,14:24:19,6.998699951,9.008399963,163.7559509,181.8692169,161.1746368,159.9762878,277.6417847,153.3611145,135.4001923,0,0,0.001719327,0.000179718
2020-11-27,14:24:20,6.998899841,9.008399963,163.7559509,181.8718262,161.1755676,159.9764862,277.6411743,153.3616028,135.3998718,0,0,0.001719327,0.000179718
2020-11-27,14:24:21,6.998699951,9.008300018,163.7559509,181.8730927,161.1764526,159.9762115,277.6419983,153.3617859,135.3996887,0,0,0.001719327,0.000179718
2020-11-27,14:24:22,6.998799896,9.008399963,163.7559509,181.8748322,161.1749725,159.9759979,277.6426392,153.3618927,135.3996429,0,0,0.001719327,0.000179718
2020-11-27,14:24:23,6.998500061,9.008300018,163.7559509,181.877243,161.1751862,159.9762115,277.6418762,153.362442,135.3991547,0,0,0.001719327,0.000179718
2020-11-27,14:24:24,6.998699951,9.008300018,163.7559509,181.8784332,161.1748962,159.9766083,277.6409302,153.3622589,135.3993073,0,0,0.001719327,0.000179718
2020-11-27,14:24:25,6.998500061,9.008200073,163.7559509,181.8808441,161.1757813,159.9758911,277.6428223,153.3630981,135.3986664,0,0,0.00172396,0.000179718
2020-11-27,14:24:26,6.998600006,9.008300018,163.7559509,181.8820496,161.1752625,159.9769745,277.6398621,153.363266,135.3985138,0,0,0.00172396,0.000179718
2020-11-27,14:24:27,6.998400116,9.008200073,163.7559509,181.8836975,161.1759186,159.9763336,277.6417236,153.3635406,135.3982849,0,0,0.001729117,0.000179718
2020-11-27,14:24:28,6.998899841,9.008100128,163.7559509,181.8848877,161.175293,159.9766541,277.6407776,153.3639069,135.3980408,0,0,0.001729117,0.000179718
2020-11-27,14:24:29,6.998500061,9.008200073,163.7559509,181.8871765,161.1746063,159.9770966,277.6395569,153.36409,135.3977966,0,0,0.001729117,0.000179718
2020-11-27,14:24:30,6.998600006,9.008100128,163.7559509,181.888031,161.1741333,159.9768066,277.6402283,153.3643646,135.397644,0,0,0.001729117,0.000179718
2020-11-27,14:24:31,6.998400116,9.008100128,163.7559509,181.8910522,161.1755066,159.9770508,277.63974,153.3646545,135.3973999,0,0,0.001729117,0.000180003
2020-11-27,14:24:32,6.998600006,9.008100128,163.7559509,181.8912964,161.1755676,159.9766541,277.6407776,153.3640137,135.3979187,0,0,0.001729117,0.000180003
2020-11-27,14:24:33,6.998400116,9.008000183,163.7559509,181.8939667,161.1749115,159.9774933,277.6385193,153.3651276,135.3970337,0,0,0.001729117,0.000179893
2020-11-27,14:24:34,6.998600006,9.008100128,163.7559509,181.8952942,161.1742096,159.9770508,277.6396484,153.3650208,135.39711,0,0,0.001729117,0.000179893
2020-11-27,14:24:35,6.998300171,9.008000183,163.7559509,181.8958282,161.1748199,159.9767609,277.6404419,153.3656769,135.3965759,0,0,0.001729117,0.000179893
2020-11-27,14:24:36,6.998400116,9.007900238,163.7559509,181.8983307,161.1752319,159.9772644,277.6390381,153.3663025,135.3960876,0,0,0.001705602,0.000179893
2020-11-27,14:24:37,6.998200226,9.008000183,163.7559509,181.8997192,161.1746979,159.9773254,277.6388855,153.3654938,135.3967285,0,0,0.001705602,0.000180084
2020-11-27,14:24:38,6.998300171,9.007900238,163.7559509,181.9020538,161.1751862,159.9770966,277.6393433,153.3660431,135.3962708,0,0,0.001705602,0.000180084
2020-11-27,14:24:39,6.998200226,9.008000183,163.7559509,181.9035797,161.1746674,159.9772644,277.639801,153.3663025,135.3960571,0,0,0.001705602,0.000179922
2020-11-27,14:24:40,6.998300171,9.007900238,163.756958,181.9032745,161.1743927,159.9776917,277.6378174,153.3665924,135.3957825,0,0,0.001705602,0.000179922
2020-11-27,14:24:41,6.998400116,9.007900238,163.7559509,181.9052734,161.1751556,159.9775238,277.6381836,153.3670654,135.395401,0,0,0.001705602,0.000179922
2020-11-27,14:24:42,6.998100281,9.007800293,163.7559509,181.9073029,161.1738129,159.97789,277.6372681,153.3672485,135.3955688,0,0,0.001705602,0.000179922
2020-11-27,14:24:43,6.998300171,9.007800293,163.7559509,181.9085693,161.1749725,159.9775238,277.6382751,153.3670654,135.3953552,0,0,0.001705602,0.000179922
2020-11-27,14:24:44,6.998100281,9.007800293,163.7559509,181.9105682,161.1747131,159.9771576,277.6392517,153.367691,135.394989,0,0,0.001705602,0.000179922
2020-11-27,14:24:45,6.998100281,9.007800293,163.756958,181.9122467,161.1748047,159.9777527,277.6377869,153.3677826,135.3948212,0,0,0.001773613,0.000179922
2020-11-27,14:24:46,6.998000336,9.007700348,163.7559357,181.9129944,161.1744385,159.9776459,277.6380005,153.3680725,135.394989,0,0,0.001773613,0.000179922
2020-11-27,14:24:47,6.998100281,9.007800293,163.756958,181.9154358,161.1734924,159.9779205,277.637207,153.3679657,135.3945618,0,0,0.001773613,0.000179922
2020-11-27,14:24:48,6.998000336,9.007700348,163.7559052,181.9147034,161.1747894,159.978302,277.6360779,153.3682556,135.3946991,0,0,0.001773613,0.000179922
2020-11-27,14:24:49,6.997799683,9.007700348,163.7559052,181.9174194,161.1750336,159.9782104,277.6364441,153.3688965,135.3939667,0,0,0.001773613,0.000179922
2020-11-27,14:24:50,6.998000336,9.00759964,163.7559052,181.9180145,161.174469,159.9781494,277.6366272,153.369278,135.3937073,0,0,0.001773613,0.000179858
2020-11-27,14:24:51,6.997899628,9.007700348,163.7559052,181.9203644,161.1738739,159.97789,277.6372375,153.3683472,135.3944092,0,0,0.001773613,0.000179858
2020-11-27,14:24:52,6.997699738,9.00759964,163.7569122,181.9216614,161.1747437,159.9782104,277.6364746,153.3690033,135.3938599,0,0,0.001773613,0.000179858
2020-11-27,14:24:53,6.997799683,9.007700348,163.7558746,181.9232483,161.173996,159.9779816,277.637085,153.3695374,135.3934021,0,0,0.001773613,0.000179858
2020-11-27,14:24:54,6.997599792,9.00759964,163.7558746,181.9246216,161.1737976,159.9779205,277.6370239,153.3688965,135.3939362,0,0,0.001773613,0.000179889
2020-11-27,14:24:55,6.997799683,9.00759964,163.7558746,181.9252472,161.1746979,159.9784698,277.6356506,153.3690033,135.3938751,0,0,0.001773613,0.000179889
2020-11-27,14:24:56,6.997599792,9.007499695,163.7558746,181.927063,161.1746063,159.9781494,277.6366272,153.3700867,135.3930511,0,0,0.001773613,0.000179889
2020-11-27,14:24:57,6.997399902,9.007499695,163.7558746,181.9266815,161.1735382,159.978241,277.636261,153.3699036,135.3931427,0,0,0.001773613,0.000179889
2020-11-27,14:24:58,6.997699738,9.007499695,163.7558746,181.9294586,161.1737061,159.978302,277.6360474,153.3701935,135.3928833,0,0,0.001773613,0.000179889
2020-11-27,14:24:59,6.997499847,9.007499695,163.756897,181.9300232,161.1737976,159.9785767,277.6352844,153.3704681,135.3927002,0,0,0.001773613,0.000179889
2020-11-27,14:25:00,6.997699738,9.00739975,163.7558441,181.9309235,161.1737366,159.978302,277.6360779,153.3701935,135.3929138,0,0,0.001773613,0.000179889
2020-11-27,14:25:01,6.997599792,9.00739975,163.7558441,181.9318542,161.1733246,159.9785767,277.635376,153.3713837,135.3920135,0,0,0.001773613,0.000179889
2020-11-27,14:25:02,6.997299957,9.00739975,163.7568665,181.9345093,161.173996,159.9789429,277.6343689,153.3706512,135.3926086,0,0,0.001773613,0.000179889
2020-11-27,14:25:03,6.997599792,9.00739975,163.7568665,181.9352264,161.1740875,159.9791107,277.6340332,153.3708344,135.392395,0,0,0.001773613,0.000179889
2020-11-27,14:25:04,6.997399902,9.007299805,163.7568665,181.9371338,161.174408,159.9790039,277.6345215,153.3709106,135.3924866,0,0,0.001773613,0.000179889
2020-11-27,14:25:05,6.997499847,9.007299805,163.7568665,181.9381104,161.1732635,159.9785767,277.6336365,153.3713837,135.3919678,0,0,0.001773613,0.000179889
2020-11-27,14:25:06,6.997399902,9.007299805,163.7568665,181.9396515,161.1721497,159.9789429,277.635376,153.371933,135.39151,0,0,0.001773613,0.000179889
2020-11-27,14:25:07,6.997200012,9.007299805,163.7568665,181.9411926,161.1736145,159.9788818,277.6343994,153.3718414,135.3916168,0,0,0.001773613,0.000179889
2020-11-27,14:25:08,6.997299957,9.007299805,163.7568665,181.9417572,161.1742859,159.9785767,277.635376,153.3713837,135.3919067,0,0,0.001773613,0.000179889
2020-11-27,14:25:09,6.997200012,9.00719986,163.7568665,181.9437408,161.1734467,159.9789429,277.6343689,153.371933,135.3915253,0,0,0.001773613,0.000179888
2020-11-27,14:25:10,6.997299957,9.007299805,163.7558594,181.9439697,161.1737976,159.9788208,277.6347656,153.3721161,135.3913727,0,0,0.001719064,0.000179888
2020-11-27,14:25:11,6.997399902,9.00719986,163.7558594,181.9466705,161.1748505,159.9792786,277.6335449,153.3722076,135.391449,0,0,0.001719064,0.000179888
2020-11-27,14:25:12,6.997100067,9.007099915,163.7558594,181.9463501,161.1734619,159.9789429,277.6345825,153.3724823,135.3910828,0,0,0.001719064,0.000179888
2020-11-27,14:25:13,6.997000122,9.007099915,163.7558594,181.9478912,161.1741943,159.9792175,277.633667,153.3731537,135.3905334,0,0,0.001719064,0.000179888
2020-11-27,14:25:14,6.997100067,9.007099915,163.7558594,181.9492798,161.1728668,159.9786987,277.6351013,153.3722992,135.3912201,0,0,0.001719064,0.000179888
2020-11-27,14:25:15,6.996900177,9.007099915,163.7558594,181.9501648,161.1733704,159.9794922,277.6328735,153.3732605,135.3904724,0,0,0.001719064,0.000179888
2020-11-27,14:25:16,6.996800232,9.006999969,163.7558594,181.951767,161.1729126,159.9793091,277.6334534,153.3735199,135.3902283,0,0,0.001719064,0.000179888
2020-11-27,14:25:17,6.997000122,9.006999969,163.756897,181.952774,161.1738129,159.9796143,277.6325989,153.3727875,135.3908539,0,0,0.001719064,0.000179888
2020-11-27,14:25:18,6.996800232,9.006999969,163.756897,181.9544525,161.1726074,159.9794922,277.6329346,153.3730774,135.3906555,0,0,0.001726058,0.000179888
2020-11-27,14:25:19,6.996700287,9.006900024,163.7558594,181.9553223,161.1733246,159.9796143,277.6325989,153.3737946,135.3900146,0,0,0.001726058,0.000179888
2020-11-27,14:25:20,6.996800232,9.006999969,163.7568817,181.9572449,161.1739197,159.9794464,277.6332092,153.3738861,135.3899231,0,0,0.001731303,0.000179967
2020-11-27,14:25:21,6.996700287,9.006900024,163.7568817,181.9574585,161.1733551,159.9796143,277.6325684,153.3733368,135.3904114,0,0,0.001731303,0.000179967
2020-11-27,14:25:22,6.996800232,9.006900024,163.7558594,181.9583893,161.173233,159.9797668,277.6322021,153.373703,135.3899689,0,0,0.00173681,0.000179967
2020-11-27,14:25:23,6.996600342,9.006900024,163.7568665,181.9595947,161.1726532,159.9793701,277.6331482,153.3736115,135.3901825,0,0,0.00173681,0.000179967
2020-11-27,14:25:24,6.996499634,9.006900024,163.7568665,181.9612274,161.1733856,159.9799957,277.6316528,153.3741608,135.3897247,0,0,0.00173681,0.000180054
2020-11-27,14:25:25,6.996700287,9.006900024,163.7568665,181.9617004,161.1743317,159.9802094,277.6308899,153.3738861,135.3899078,0,0,0.00173681,0.00017986
2020-11-27,14:25:26,6.996399689,9.006800079,163.7568665,181.9635773,161.1730804,159.9798737,277.631897,153.3737946,135.3900146,0,0,0.00173681,0.00017986
2020-11-27,14:25:27,6.996700287,9.006900024,163.7568665,181.9645691,161.1735535,159.9802704,277.6307983,153.3743591,135.3896332,0,0,0.00173681,0.00017986
2020-11-27,14:25:28,6.996299744,9.006800079,163.7568665,181.9663239,161.1724091,159.9801483,277.631012,153.3744507,135.3894653,0,0,0.00173681,0.00017986
2020-11-27,14:25:29,6.996399689,9.006700134,163.7568665,181.9670715,161.1731415,159.9806519,277.6298523,153.3748932,135.3891296,0,0,0.00173681,0.00017986
2020-11-27,14:25:30,6.996199799,9.006700134,163.7558594,181.9676666,161.1721344,159.9800415,277.6312866,153.3750763,135.3889923,0,0,0.00173681,0.00017986
2020-11-27,14:25:31,6.996399689,9.006800079,163.7558594,181.9693451,161.1728363,159.9797668,277.6321106,153.3752747,135.3888092,0,0,0.00173681,0.00017986
2020-11-27,14:25:32,6.995999908,9.006700134,163.7558594,181.9706268,161.1724243,159.9804382,277.6304626,153.375,135.3890076,0,0,0.00173681,0.00017986
2020-11-27,14:25:33,6.996199799,9.006600189,163.7558594,181.9714813,161.1732483,159.9800415,277.6313477,153.3747101,135.389267,0,0,0.001725708,0.00017986
2020-11-27,14:25:34,6.995800018,9.006700134,163.7569122,181.9722443,161.1731262,159.9801483,277.6310425,153.3751831,135.3889313,0,0,0.001725708,0.00017986
2020-11-27,14:25:35,6.995899963,9.006600189,163.7558746,181.974762,161.1729279,159.9803314,277.6307068,153.3754578,135.3887024,0,0,0.001725708,0.00017986
2020-11-27,14:25:36,6.995999908,9.006600189,163.7558746,181.974472,161.1732788,159.9801025,277.6314697,153.3744507,135.3895721,0,0,0.001725708,0.00017986
2020-11-27,14:25:37,6.995700073,9.006500244,163.7558746,181.9750366,161.1730042,159.9807587,277.629425,153.3759003,135.3883209,0,0,0.001725708,0.00017986
2020-11-27,14:25:38,6.995899963,9.006600189,163.756897,181.9763641,161.1738586,159.9808655,277.6291809,153.3752747,135.388855,0,0,0.001725708,0.00017986
2020-11-27,14:25:39,6.995600128,9.006500244,163.756897,181.9775848,161.173111,159.980545,277.6302185,153.3750763,135.3889771,0,0,0.001725708,0.00017986
2020-11-27,14:25:40,6.995800018,9.006600189,163.756897,181.9787598,161.1730652,159.9806519,277.6299133,153.3756561,135.3885498,0,0,0.001725708,0.00017986
2020-11-27,14:25:41,6.995500183,9.006500244,163.756897,181.9795685,161.1732178,159.9801483,277.6310425,153.3759003,135.3883362,0,0,0.001725708,0.00017986
2020-11-27,14:25:42,6.995500183,9.006500244,163.7558289,181.9808807,161.1726379,159.9805908,277.6300049,153.3762054,135.3880615,0,0,0.001725708,0.00017986
2020-11-27,14:25:43,6.995400238,9.006400299,163.7568512,181.9818878,161.173111,159.9807587,277.629425,153.3762817,135.38797,0,0,0.001725708,0.00017986
2020-11-27,14:25:44,6.995600128,9.006500244,163.7568512,181.9827576,161.1719513,159.9808044,277.629303,153.3753662,135.3887787,0,0,0.001725708,0.00017986
2020-11-27,14:25:45,6.995500183,9.006400299,163.7568512,181.9843597,161.1724091,159.9809113,277.6295776,153.3763885,135.3879089,0,0,0.001725708,0.00017986
2020-11-27,14:25:46,6.995300293,9.006400299,163.7568512,181.9854736,161.17276,159.9807129,277.629364,153.3760223,135.3882599,0,0,0.001725708,0.00017986
2020-11-27,14:25:47,6.99509964,9.006300354,163.7568512,181.9865723,161.1723633,159.9812622,277.6282043,153.3764801,135.3878937,0,0,0.001725708,0.00017986
2020-11-27,14:25:48,6.995300293,9.006400299,163.7568512,181.9881592,161.1715698,159.9809113,277.6290588,153.3757172,135.3884583,0,0,0.001725708,0.00017986
2020-11-27,14:25:49,6.99509964,9.006300354,163.7568512,181.9883423,161.1729736,159.9810486,277.6288147,153.377121,135.3873749,0,0,0.001725708,0.00017986
2020-11-27,14:25:50,6.995200348,9.006300354,163.7568512,181.9903107,161.171936,159.9808655,277.6293945,153.3765717,135.3878021,0,0,0.001725708,0.00017986
2020-11-27,14:25:51,6.994999695,9.006300354,163.7568512,181.9912109,161.1717834,159.9810944,277.62854,153.3764801,135.3877258,0,0,0.001746426,0.00017986
2020-11-27,14:25:52,6.995200348,9.006300354,163.7568512,181.993042,161.1726379,159.9808655,277.6291504,153.3773041,135.3871918,0,0,0.001746426,0.00017986
2020-11-27,14:25:53,6.994999695,9.006199646,163.7568512,181.9934387,161.1721649,159.9812622,277.6281128,153.3773956,135.3871307,0,0,0.001746426,0.00017986
2020-11-27,14:25:54,6.99509964,9.006300354,163.7568512,181.9944,161.1724396,159.9814758,277.6276855,153.3770294,135.3874359,0,0,0.001746426,0.000180051
2020-11-27,14:25:55,6.99489975,9.006199646,163.7568512,181.9962311,161.1732788,159.9816895,277.6268921,153.3774872,135.3871002,0,0,0.001729642,0.000180051
2020-11-27,14:25:56,6.994799805,9.006199646,163.7568512,181.9972992,161.1727753,159.9814758,277.6276855,153.3766632,135.3877563,0,0,0.001729642,0.000180051
2020-11-27,14:25:57,6.99489975,9.006199646,163.7568512,181.9986267,161.1715851,159.9812012,277.6282654,153.3773041,135.387207,0,0,0.001729642,0.000180051
2020-11-27,14:25:58,6.99469986,9.006099701,163.7568512,181.9987183,161.1725159,159.981369,277.6278687,153.3773956,135.387146,0,0,0.001729642,0.000180051
2020-11-27,14:25:59,6.99489975,9.006199646,163.7568512,182.0005646,161.1721497,159.9814758,277.627594,153.3774872,135.3870087,0,0,0.001725096,0.000180051
2020-11-27,14:26:00,6.994400024,9.006099701,163.7568512,182.0019684,161.1715088,159.9812622,277.6280823,153.3773956,135.3871765,0,0,0.001736111,0.000180051
2020-11-27,14:26:01,6.994300079,9.006099701,163.7568512,182.0033112,161.1733398,159.9814301,277.6277161,153.377121,135.3873291,0,0,0.001736111,0.000180051
2020-11-27,14:26:02,6.994599915,9.005999756,163.7568512,182.0043335,161.1717377,159.981369,277.6279602,153.3774872,135.3870239,0,0,0.001736111,0.000180051
2020-11-27,14:26:03,6.994200134,9.006099701,163.7568512,182.0054016,161.1720428,159.9814758,277.6274719,153.3775787,135.3869476,0,0,0.001736111,0.000180051
2020-11-27,14:26:04,6.994400024,9.005999756,163.7568512,182.0077209,161.1712036,159.9818115,277.62677,153.3776703,135.3868866,0,0,0.001736111,0.000180051
2020-11-27,14:26:05,6.994300079,9.005999756,163.7568512,182.0079956,161.1717224,159.9818726,277.6264343,153.3774872,135.3871002,0,0,0.001736111,0.000179804
2020-11-27,14:26:06,6.994400024,9.005999756,163.7568512,182.0099792,161.1710358,159.9814301,277.6278076,153.3775787,135.3869476,0,0,0.001736111,0.000179804
2020-11-27,14:26:07,6.994100189,9.005999756,163.7568512,182.0106354,161.1719513,159.9812622,277.6282043,153.3781281,135.3865356,0,0,0.001767843,0.000179804
2020-11-27,14:26:08,6.994000244,9.005899811,163.7568512,182.0125427,161.172226,159.9818726,277.6264038,153.3783112,135.3866882,0,0,0.001767843,0.000179804
2020-11-27,14:26:09,6.994300079,9.005999756,163.7568512,182.0129395,161.17276,159.9815369,277.6273193,153.3773956,135.3871307,0,0,0.001767843,0.000179804
2020-11-27,14:26:10,6.994100189,9.005899811,163.7568512,182.0145874,161.1721649,159.9818726,277.6265564,153.3780365,135.3866577,0,0,0.001767843,0.000179804
2020-11-27,14:26:11,6.993900299,9.005999756,163.7568512,182.0154877,161.1711273,159.9820862,277.6259766,153.3774872,135.3870392,0,0,0.001767843,0.000179804
2020-11-27,14:26:12,6.994000244,9.005899811,163.7568512,182.0164948,161.1718292,159.9818726,277.6265869,153.3776703,135.3869324,0,0,0.001770816,0.000179878
2020-11-27,14:26:13,6.993599701,9.005799866,163.7578583,182.0186462,161.1722412,159.9814758,277.6276855,153.3780365,135.3866577,0,0,0.001770816,0.000179878
2020-11-27,14:26:14,6.994000244,9.005899811,163.7567902,182.0192261,161.1716461,159.9817657,277.6268311,153.3783112,135.3863983,0,0,0.001770816,0.000179878
2020-11-27,14:26:15,6.993800354,9.005799866,163.7567902,182.020752,161.1723175,159.9818726,277.6265564,153.3788452,135.38591,0,0,0.001732789,0.000179886
2020-11-27,14:26:16,6.994000244,9.005799866,163.7567902,182.023056,161.1721649,159.9816284,277.6271667,153.378418,135.386322,0,0,0.001732789,0.000179886
2020-11-27,14:26:17,6.993900299,9.005699921,163.7567902,182.0242615,161.1723938,159.982254,277.6254578,153.3787842,135.3859711,0,0,0.001750622,0.000179886
2020-11-27,14:26:18,6.994000244,9.005799866,163.7567902,182.0251923,161.1717987,159.9819794,277.6261597,153.3786011,135.3861847,0,0,0.001747388,0.000179886
2020-11-27,14:26:19,6.993800354,9.005699921,163.7557831,182.0262756,161.1711121,159.9818115,277.62677,153.3782196,135.3864746,0,0,0.001747388,0.000179886
2020-11-27,14:26:20,6.994000244,9.005699921,163.7579346,182.0280762,161.17099,159.982193,277.6257019,153.3784943,135.3862457,0,0,0.001747388,0.000179997
2020-11-27,14:26:21,6.993800354,9.005699921,163.7568817,182.0293427,161.1716919,159.9818726,277.6264038,153.3776703,135.3868713,0,0,0.001747388,0.000179995
2020-11-27,14:26:22,6.993900299,9.005699921,163.7568817,182.0315857,161.1724396,159.9827118,277.624176,153.3784943,135.386261,0,0,0.001747388,0.000179995
2020-11-27,14:26:23,6.993800354,9.005699921,163.7568817,182.0318146,161.171814,159.9824829,277.6248779,153.3782196,135.3864288,0,0,0.001747388,0.000179995
2020-11-27,14:26:24,6.994000244,9.005599976,163.7568817,182.0335083,161.171463,159.9828796,277.6238098,153.3786621,135.3861389,0,0,0.001747388,0.000179995
2020-11-27,14:26:25,6.993900299,9.005699921,163.7568817,182.0353241,161.1716461,159.9823456,277.6250916,153.3782196,135.3864441,0,0,0.001747388,0.000179961
2020-11-27,14:26:26,6.994100189,9.005599976,163.7568817,182.0367737,161.1719666,159.9826202,277.6244507,153.3784943,135.3862762,0,0,0.001747388,0.000179961
2020-11-27,14:26:27,6.994200134,9.005699921,163.7568817,182.0377502,161.1727753,159.9822998,277.6253052,153.3781281,135.3865051,0,0,0.001747388,0.000179961
2020-11-27,14:26:28,6.994000244,9.005599976,163.7568817,182.039917,161.1717529,159.982193,277.6257019,153.3786621,135.3861389,0,0,0.001747388,0.000179961
2020-11-27,14:26:29,6.994100189,9.005500031,163.7579346,182.0420227,161.1724091,159.9824066,277.6250305,153.3782196,135.3864441,0,0,0.001747388,0.000179961
2020-11-27,14:26:30,6.994000244,9.005500031,163.7579346,182.0424652,161.1714172,159.9826813,277.6243591,153.3786621,135.3860779,0,0,0.001752283,0.000179963
2020-11-27,14:26:31,6.994200134,9.005599976,163.7579346,182.0442047,161.1708832,159.9828796,277.6237488,153.3784943,135.3862305,0,0,0.001752283,0.000179963
2020-11-27,14:26:32,6.993900299,9.005500031,163.7579346,182.0454712,161.171875,159.9820251,277.6260681,153.378952,135.3858643,0,0,0.001752283,0.000179963
2020-11-27,14:26:33,6.994100189,9.005500031,163.7569275,182.0465851,161.1723633,159.9827728,277.6240845,153.3791351,135.3860016,0,0,0.001752283,0.000179963
2020-11-27,14:26:34,6.993900299,9.005500031,163.7569275,182.0485382,161.1720428,159.9824066,277.624939,153.3784943,135.3862457,0,0,0.001752283,0.000179963
2020-11-27,14:26:35,6.993800354,9.005400085,163.7569275,182.0507507,161.1714935,159.9828796,277.6237183,153.3786621,135.3860931,0,0,0.001752283,0.000179963
2020-11-27,14:26:36,6.993900299,9.005500031,163.7569275,182.0512238,161.1719208,159.9823456,277.6251221,153.3782196,135.3864746,0,0,0.001752283,0.000179963
2020-11-27,14:26:37,6.994000244,9.005400085,163.7569275,182.052124,161.171524,159.982193,277.6257019,153.3786621,135.3860779,0,0,0.001752283,0.000179963
2020-11-27,14:26:38,6.993900299,9.005500031,163.7569275,182.0551453,161.1722107,159.9826813,277.6242981,153.3780365,135.3865967,0,0,0.001752283,0.000179963
2020-11-27,14:26:39,6.993699646,9.005400085,163.7569275,182.0566254,161.1712189,159.9828796,277.6237793,153.3791351,135.3857574,0,0,0.00176592,0.000179963
2020-11-27,14:26:40,6.993599701,9.005400085,163.7569275,182.0578308,161.171814,159.9830017,277.6234131,153.3793182,135.3855133,0,0,0.00176592,0.000179963
2020-11-27,14:26:41,6.993800354,9.005400085,163.7569275,182.0593872,161.1713715,159.9828339,277.6238708,153.378418,135.3863068,0,0,0.00176592,0.000179963
2020-11-27,14:26:42,6.993699646,9.005400085,163.7569275,182.0608673,161.1721344,159.9827118,277.6241455,153.3786621,135.3860626,0,0,0.00176592,0.000179963
2020-11-27,14:26:43,6.993900299,9.005400085,163.7569275,182.0619202,161.1712952,159.9830933,277.6231384,153.3792419,135.3856506,0,0,0.00176592,0.000179963
2020-11-27,14:26:44,6.993699646,9.005400085,163.7569275,182.0651093,161.1711731,159.9832611,277.6226807,153.378952,135.3858948,0,0,0.00176592,0.000179875
2020-11-27,14:26:45,6.993900299,9.00530014,163.7569275,182.0655212,161.1713715,159.9829407,277.6236572,153.3786621,135.3860779,0,0,0.001805433,0.000179872
2020-11-27,14:26:46,6.993599701,9.005400085,163.7569275,182.068512,161.1717072,159.9826813,277.6243591,153.3784943,135.3862305,0,0,0.001796866,0.000179986
2020-11-27,14:26:47,6.993800354,9.00530014,163.7569275,182.070755,161.1711121,159.9831543,277.6229858,153.3792419,135.3855743,0,0,0.001796866,0.000179986
2020-11-27,14:26:48,6.993499756,9.00530014,163.7569275,182.0715332,161.1721802,159.9833221,277.6225891,153.3795013,135.3853912,0,0,0.001796866,0.000179986
2020-11-27,14:26:49,6.993699646,9.00530014,163.7579803,182.0735474,161.1716461,159.9830017,277.6233521,153.3790588,135.385788,0,0,0.001796866,0.000179986
2020-11-27,14:26:50,6.993499756,9.005200195,163.7569733,182.0751801,161.171875,159.9830933,277.6231689,153.3781281,135.3865356,0,0,0.001796866,0.000179986
2020-11-27,14:26:51,6.993399811,9.00530014,163.7569733,182.0765076,161.1709442,159.9827118,277.624176,153.3792419,135.3856049,0,0,0.001796866,0.000179986
2020-11-27,14:26:52,6.993599701,9.005200195,163.7569733,182.0793152,161.1717682,159.9830017,277.6234131,153.3786621,135.3860321,0,0,0.001796866,0.000179986
2020-11-27,14:26:53,6.993399811,9.00530014,163.7569733,182.0807953,161.1713715,159.9834442,277.6222534,153.3791351,135.3857422,0,0,0.001796866,0.000179746
2020-11-27,14:26:54,6.993499756,9.005200195,163.7569733,182.0824127,161.171051,159.9833221,277.6226501,153.3795013,135.3854065,0,0,0.001796866,0.000179746
2020-11-27,14:26:55,6.993399811,9.005200195,163.7569733,182.0842285,161.1716003,159.9832153,277.6228638,153.3791351,135.3857422,0,0,0.001796866,0.000179746
2020-11-27,14:26:56,6.993199921,9.005200195,163.7569733,182.0868683,161.1721649,159.9829407,277.6236572,153.3788452,135.3859253,0,0,0.001796866,0.000179746
2020-11-27,14:26:57,6.993399811,9.005200195,163.7580109,182.0880585,161.1711426,159.9827118,277.6242371,153.3793182,135.3855591,0,0,0.001754643,0.000179746
2020-11-27,14:26:58,6.993199921,9.00510025,163.7569885,182.090744,161.1706848,159.9831543,277.6229553,153.3790588,135.3858032,0,0,0.001754643,0.000179746
2020-11-27,14:26:59,6.993399811,9.00510025,163.7580109,182.09198,161.1711426,159.9830017,277.6234131,153.3792419,135.3856659,0,0,0.001754643,0.000179746
2020-11-27,14:27:00,6.993199921,9.00510025,163.7580109,182.0930786,161.170517,159.9832153,277.6228027,153.378952,135.385849,0,0,0.001754643,0.000179746
2020-11-27,14:27:01,6.993000031,9.00510025,163.7580109,182.0952148,161.1707916,159.9837189,277.621521,153.3793182,135.3855438,0,0,0.001754643,0.000179746
2020-11-27,14:27:02,6.993199921,9.00510025,163.756958,182.0977783,161.1718903,159.9830017,277.6235352,153.3791351,135.3857422,0,0,0.001754643,0.000179746
2020-11-27,14:27:03,6.993000031,9.00510025,163.756958,182.0995636,161.1708069,159.9830933,277.6231079,153.378952,135.3858643,0,0,0.001754643,0.000179853
2020-11-27,14:27:04,6.992900085,9.00510025,163.756958,182.1016235,161.1716461,159.9827118,277.6242371,153.3795013,135.3854065,0,0,0.001754643,0.000179853
2020-11-27,14:27:05,6.99280014,9.005000305,163.756958,182.1040802,161.1711121,159.9833221,277.6225586,153.3796997,135.3852844,0,0,0.001754643,0.000179853
2020-11-27,14:27:06,6.992700195,9.005000305,163.756958,182.105896,161.1708984,159.9835968,277.6218262,153.3791351,135.3857269,0,0,0.001754643,0.000179853
2020-11-27,14:27:07,6.99280014,9.00510025,163.756958,182.1081848,161.1705475,159.9834442,277.6221924,153.3795013,135.385437,0,0,0.001754643,0.000179853
2020-11-27,14:27:08,6.992700195,9.005000305,163.756958,182.109436,161.1701965,159.9833984,277.622467,153.3798828,135.3851624,0,0,0.001785065,0.000179853
2020-11-27,14:27:09,6.99280014,9.005000305,163.756958,182.111908,161.1709442,159.9831543,277.6229248,153.3786011,135.3861847,0,0,0.001785065,0.000179853
2020-11-27,14:27:10,6.99260025,9.00490036,163.756958,182.1135864,161.1707153,159.98349,277.6219788,153.3795013,135.3854065,0,0,0.001785065,0.000179995
2020-11-27,14:27:11,6.992700195,9.005000305,163.756958,182.1160431,161.1714935,159.9841003,277.6204529,153.3798828,135.3851776,0,0,0.001729205,0.000179937
2020-11-27,14:27:12,6.992500305,9.00490036,163.756958,182.1195526,161.1698303,159.9832611,277.6227722,153.3797913,135.3852386,0,0,0.001729205,0.000179937
2020-11-27,14:27:13,6.992700195,9.00490036,163.756958,182.1210175,161.1706543,159.9835968,277.6217346,153.3790588,135.3858032,0,0,0.001729205,0.000179937
2020-11-27,14:27:14,6.99240036,9.00490036,163.7579651,182.1220551,161.1704407,159.9837646,277.6213379,153.3796082,135.3853149,0,0,0.001700532,0.000179937
2020-11-27,14:27:15,6.99260025,9.00490036,163.7579651,182.1247559,161.1708832,159.9835968,277.6217957,153.3793182,135.3855286,0,0,0.001700532,0.000179937
2020-11-27,14:27:16,6.99240036,9.00490036,163.7579651,182.12677,161.171463,159.9837189,277.62146,153.3790588,135.385788,0,0,0.001700532,0.000179937
2020-11-27,14:27:17,6.992500305,9.004799652,163.7579651,182.1297455,161.1707153,159.98349,277.6221008,153.3791351,135.3857574,0,0,0.001700532,0.000179937
2020-11-27,14:27:18,6.992299652,9.004799652,163.7579651,182.1323395,161.1710358,159.9840393,277.6206055,153.3795013,135.3854065,0,0,0.001763123,0.000179937
2020-11-27,14:27:19,6.99240036,9.004799652,163.7579651,182.1343536,161.1714172,159.9837189,277.62146,153.3797913,135.3852386,0,0,0.001763123,0.000179937
2020-11-27,14:27:20,6.992199707,9.004799652,163.7579651,182.1368103,161.1711884,159.9839783,277.6207275,153.3791351,135.3857574,0,0,0.001763123,0.000179937
2020-11-27,14:27:21,6.992299652,9.004799652,163.7579651,182.1389771,161.1706543,159.9841003,277.6210327,153.3796997,135.3852539,0,0,0.001763123,0.000179937
2020-11-27,14:27:22,6.992099762,9.004799652,163.7579651,182.1407166,161.1702728,159.983551,277.6201782,153.3792419,135.3856659,0,0,0.001763123,0.000179937
2020-11-27,14:27:23,6.992299652,9.004699707,163.756958,182.1431885,161.1714783,159.9832153,277.6228943,153.3787842,135.3859711,0,0,0.001763123,0.000179937
2020-11-27,14:27:24,6.991999817,9.004699707,163.756958,182.1463165,161.171051,159.9839783,277.620697,153.3792419,135.3856201,0,0,0.001784453,0.000179937
2020-11-27,14:27:25,6.992099762,9.004699707,163.756958,182.1482544,161.1716461,159.983551,277.6218567,153.379425,135.3854523,0,0,0.001784453,0.000179847
2020-11-27,14:27:26,6.991899872,9.004599762,163.756958,182.1506348,161.1703491,159.9840393,277.620575,153.3790588,135.3858185,0,0,0.001784453,0.000179847
2020-11-27,14:27:27,6.992299652,9.004699707,163.756958,182.1525269,161.170639,159.9839783,277.6207275,153.379425,135.3854675,0,0,0.001789173,0.000179847
2020-11-27,14:27:28,6.992500305,9.004599762,163.756958,182.1554108,161.1700897,159.9841003,277.6203003,153.3792419,135.3856201,0,0,0.001789173,0.000179847
2020-11-27,14:27:29,6.992700195,9.004699707,163.756958,182.1576691,161.1704102,159.9839783,277.6207581,153.3798828,135.3851318,0,0,0.001789173,0.000179847
2020-11-27,14:27:30,6.99260025,9.004599762,163.756958,182.1596222,161.1711273,159.9841461,277.6201782,153.379425,135.3854523,0,0,0.00177676,0.000179847
2020-11-27,14:27:31,6.992900085,9.004599762,163.756958,182.1632385,161.1708527,159.9837189,277.621582,153.3796082,135.3853302,0,0,0.00177676,0.000179906
2020-11-27,14:27:32,6.993099976,9.004599762,163.756958,182.1655884,161.1706085,159.9839325,277.6208801,153.3792419,135.3856506,0,0,0.00177676,0.000179906
2020-11-27,14:27:33,6.993499756,9.004499817,163.7579956,182.1680298,161.1708069,159.9837646,277.6212463,153.3796082,135.3853455,0,0,0.00177676,0.000179906
2020-11-27,14:27:34,6.994000244,9.004599762,163.7579956,182.1700745,161.1702118,159.9842682,277.6199341,153.3792419,135.3856964,0,0,0.00177676,0.000179854
2020-11-27,14:27:35,6.994300079,9.004499817,163.7579956,182.1732483,161.171524,159.98349,277.6220093,153.3796082,135.3853455,0,0,0.00177676,0.000179854
2020-11-27,14:27:36,6.994799805,9.004599762,163.7579956,182.1755676,161.1700592,159.9839783,277.6207275,153.3787842,135.3860168,0,0,0.00177676,0.000179958
2020-11-27,14:27:37,6.994999695,9.004499817,163.7579956,182.1784363,161.1711884,159.9837189,277.6213989,153.3792419,135.3856049,0,0,0.00177676,0.000179958
2020-11-27,14:27:38,6.995300293,9.004599762,163.7579956,182.1810913,161.1714325,159.984436,277.6195984,153.3801575,135.3848877,0,0,0.001783579,0.000179958
2020-11-27,14:27:39,6.995400238,9.004499817,163.7579956,182.1834106,161.1707916,159.9838715,277.6210327,153.3792419,135.3856964,0,0,0.001783579,0.000179958
2020-11-27,14:27:40,6.995700073,9.004499817,163.7579956,182.1860809,161.1717377,159.9841003,277.6204224,153.3798828,135.3850708,0,0,0.001783579,0.000179878
2020-11-27,14:27:41,6.995600128,9.004399872,163.7579956,182.1880493,161.1698761,159.9842682,277.6199646,153.3799744,135.3851318,0,0,0.001783579,0.000179878
2020-11-27,14:27:42,6.995899963,9.004399872,163.7579956,182.1914063,161.1709747,159.9838715,277.6210327,153.3797913,135.3851929,0,0,0.001753944,0.000179878
2020-11-27,14:27:43,6.996399689,9.004399872,163.7579956,182.1952667,161.1718445,159.9842682,277.6199646,153.3796082,135.3853302,0,0,0.001753944,0.000179878
2020-11-27,14:27:44,6.996299744,9.004399872,163.7579956,182.1976624,161.1704712,159.9845428,277.6192322,153.3795013,135.3854065,0,0,0.001753944,0.000179878
2020-11-27,14:27:45,6.996499634,9.004399872,163.7579956,182.2000885,161.1711884,159.9834442,277.6222534,153.3801575,135.3848877,0,0,0.001759801,0.000179878
2020-11-27,14:27:46,6.997000122,9.004399872,163.7590179,182.2027435,161.1705475,159.984314,277.619873,153.3799744,135.3850403,0,0,0.001759801,0.000179913
2020-11-27,14:27:47,6.997299957,9.004399872,163.7579803,182.2059937,161.1702881,159.9844818,277.6193542,153.3798828,135.3851471,0,0,0.001740831,0.000179913
2020-11-27,14:27:48,6.997399902,9.004399872,163.7579803,182.2090302,161.1710663,159.984314,277.6198425,153.3796082,135.3853302,0,0,0.001740831,0.000179913
2020-11-27,14:27:49,6.997599792,9.004399872,163.7579803,182.2120209,161.1699677,159.984314,277.6197815,153.3804474,135.3846741,0,0,0.001740831,0.000179913
2020-11-27,14:27:50,6.997799683,9.004399872,163.7579803,182.2145081,161.1705475,159.984375,277.6196899,153.3799744,135.3849945,0,0,0.001740831,0.000179913
2020-11-27,14:27:51,6.997599792,9.004299927,163.7579803,182.2180786,161.1708679,159.984436,277.6194458,153.3804474,135.3847351,0,0,0.001740831,0.000179913
2020-11-27,14:27:52,6.998000336,9.004299927,163.7579803,182.2209625,161.1711884,159.9846344,277.618927,153.3806305,135.3844757,0,0,0.001740831,0.000179913
2020-11-27,14:27:53,6.998200226,9.004299927,163.7579803,182.2238922,161.1703491,159.9844818,277.6193542,153.3801575,135.3848877,0,0,0.001740831,0.000179913
2020-11-27,14:27:54,6.998100281,9.004299927,163.7579803,182.2259979,161.1711426,159.9842072,277.6201172,153.3805389,135.3845825,0,0,0.001740831,0.000179913
2020-11-27,14:27:55,6.998500061,9.004199982,163.7579803,182.2300873,161.1700745,159.984375,277.6196594,153.3802643,135.3848724,0,0,0.001740831,0.000179913
2020-11-27,14:27:56,6.998699951,9.004299927,163.7579803,182.2339325,161.1698151,159.984436,277.6194153,153.381073,135.3841705,0,0,0.001740831,0.000179913
2020-11-27,14:27:57,6.998799896,9.004299927,163.7579803,182.2362366,161.1701202,159.9846344,277.618866,153.3808136,135.3843536,0,0,0.001740831,0.000179913
2020-11-27,14:27:58,6.998999786,9.004299927,163.7579803,182.2380066,161.1704865,159.9844818,277.6192932,153.3811798,135.3840485,0,0,0.001740831,0.000179913
2020-11-27,14:27:59,6.999199677,9.004199982,163.7579803,182.2427979,161.1701965,159.9847565,277.6186218,153.3814545,135.3838959,0,0,0.001740831,0.000179913
2020-11-27,14:28:00,6.999099731,9.004199982,163.7579803,182.2450256,161.1705475,159.9841461,277.6202393,153.3809814,135.3842621,0,0,0.001740831,0.000179913
2020-11-27,14:28:01,6.99940033,9.004199982,163.7579803,182.2488098,161.171463,159.984436,277.6194458,153.3814545,135.3838959,0,0,0.001748262,0.000179913
2020-11-27,14:28:02,6.99960022,9.004199982,163.7579803,182.2513733,161.1711578,159.9846344,277.6188354,153.3811798,135.3835907,0,0,0.001748262,0.000179913
2020-11-27,14:28:03,6.99980011,9.004199982,163.7579803,182.2549896,161.1704407,159.9842682,277.6199341,153.3820801,135.3833466,0,0,0.001744066,0.000179913
2020-11-27,14:28:04,6.99960022,9.004199982,163.7579803,182.2582855,161.1706238,159.984375,277.6196899,153.3818359,135.3835449,0,0,0.001744066,0.000180077
2020-11-27,14:28:05,7.0,9.004100037,163.7579803,182.2608643,161.1707153,159.9841461,277.6202087,153.3825531,135.3829346,0,0,0.001744066,0.000180077
2020-11-27,14:28:06,7.00019989,9.004199982,163.7579803,182.265152,161.1704102,159.9845428,277.6192017,153.3826447,135.3829041,0,0,0.001749661,0.000180077
2020-11-27,14:28:07,7.000299835,9.004100037,163.7579803,182.267868,161.1706238,159.9844818,277.6191406,153.3821869,135.3832855,0,0,0.001749661,0.000180077
2020-11-27,14:28:08,7.000499725,9.004100037,163.7579803,182.2708893,161.1703339,159.9845428,277.6192627,153.383316,135.3823853,0,0,0.001792495,0.000180077
2020-11-27,14:28:09,7.00059967,9.004100037,163.7579803,182.2743988,161.1698303,159.9841461,277.6201782,153.3838654,135.3819275,0,0,0.001792495,0.000180077
2020-11-27,14:28:10,7.000700378,9.004100037,163.7579803,182.2777252,161.170105,159.9842682,277.6199341,153.3831024,135.3824768,0,0,0.001787949,0.000180077
2020-11-27,14:28:11,7.00059967,9.004100037,163.7579803,182.2813721,161.1697083,159.9846344,277.6189575,153.3834991,135.3822174,0,0,0.001787949,0.000180077
2020-11-27,14:28:12,7.001000214,9.004100037,163.7589874,182.2849579,161.1699524,159.9845428,277.6192322,153.3836823,135.3820496,0,0,0.001787949,0.000180077
2020-11-27,14:28:13,7.000900269,9.004100037,163.7579193,182.2883453,161.1708069,159.984436,277.6195679,153.3834076,135.3822784,0,0,0.001786463,0.000180077
2020-11-27,14:28:14,7.001100159,9.004000092,163.7579193,182.2923126,161.1711121,159.9845428,277.6192017,153.3842316,135.3816223,0,0,0.001786463,0.000180077
2020-11-27,14:28:15,7.001300049,9.004100037,163.7579193,182.2948456,161.1708069,159.9849091,277.6181641,153.3840485,135.3818207,0,0,0.001786463,0.000180077
2020-11-27,14:28:16,7.001399994,9.004000092,163.7579193,182.2984009,161.1704559,159.98526,277.6171875,153.3853302,135.3807373,0,0,0.001786463,0.000180077
2020-11-27,14:28:17,7.001499939,9.004000092,163.7579193,182.3027954,161.1713715,159.9845428,277.6191101,153.3856201,135.3805084,0,0,0.001786463,0.000180077
2020-11-27,14:28:18,7.001599884,9.003900146,163.7579193,182.3065491,161.1704102,159.984375,277.6196899,153.3848724,135.3810577,0,0,0.001745027,0.000180077
2020-11-27,14:28:19,7.001499939,9.003900146,163.7579193,182.3097992,161.1699982,159.9848175,277.6185303,153.3859711,135.3802338,0,0,0.001745027,0.000180077
2020-11-27,14:28:20,7.001799774,9.003900146,163.7579193,182.3134766,161.1702728,159.984436,277.6194458,153.3862457,135.3800049,0,0,0.001745027,0.000180077
2020-11-27,14:28:21,7.001999664,9.004000092,163.7579193,182.316925,161.1705322,159.9846344,277.6188965,153.3864441,135.379837,0,0,0.001745027,0.000180077
2020-11-27,14:28:22,7.002100372,9.003900146,163.7589417,182.3205872,161.1702728,159.9847565,277.6191711,153.3870087,135.3793793,0,0,0.001745027,0.000180077
2020-11-27,14:28:23,7.001799774,9.003900146,163.7589417,182.3230438,161.170517,159.9845886,277.6189575,153.3860779,135.3801422,0,0,0.001745027,0.000180074
2020-11-27,14:28:24,7.001300049,9.003900146,163.7589417,182.3268433,161.1703186,159.9848175,277.6184387,153.3855133,135.3805847,0,0,0.001745027,0.000180074
2020-11-27,14:28:25,7.000499725,9.003800201,163.7589417,182.3313599,161.1708527,159.9849091,277.6181335,153.387558,135.3789368,0,0,0.001745027,0.000180074
2020-11-27,14:28:26,7.00019989,9.003800201,163.7579193,182.3347473,161.1696625,159.9846954,277.6188049,153.387085,135.3793182,0,0,0.001745027,0.000180074
2020-11-27,14:28:27,6.99980011,9.003800201,163.7579193,182.3391724,161.1701355,159.9849091,277.618103,153.3881073,135.3784943,0,0,0.001745027,0.000180074
2020-11-27,14:28:28,6.999700165,9.003800201,163.7579193,182.3428802,161.1712341,159.9850922,277.6177368,153.3879242,135.3786163,0,0,0.001745027,0.000180074
2020-11-27,14:28:29,7.000299835,9.003800201,163.7589264,182.3463593,161.1707153,159.9849091,277.6182556,153.3885651,135.3781433,0,0,0.001745027,0.00017983
2020-11-27,14:28:30,7.000800323,9.003800201,163.7589264,182.3496552,161.171463,159.9850311,277.6178284,153.3884735,135.3781738,0,0,0.001745027,0.00017983
2020-11-27,14:28:31,7.000099945,9.003800201,163.7589264,182.3545074,161.170517,159.9848633,277.6182251,153.3892059,135.377594,0,0,0.001745027,0.000179963
2020-11-27,14:28:32,6.99960022,9.003700256,163.7589264,182.3572235,161.1713715,159.985199,277.6173706,153.3890228,135.3777771,0,0,0.001745027,0.000179994
2020-11-27,14:28:33,6.999199677,9.003700256,163.7589264,182.3613892,161.170929,159.9848175,277.6184692,153.3894653,135.3773956,0,0,0.001745027,0.000179994
2020-11-27,14:28:34,6.999500275,9.003700256,163.7589264,182.3647156,161.1719208,159.9849091,277.618103,153.3890991,135.3776703,0,0,0.001745027,0.000179994
2020-11-27,14:28:35,6.999199677,9.003600311,163.7589264,182.3694458,161.1706085,159.985199,277.6175232,153.3901215,135.3768768,0,0,0.001741443,0.000179994
2020-11-27,14:28:36,6.998999786,9.003700256,163.7589264,182.372467,161.1704712,159.9848175,277.6185303,153.3903809,135.3766174,0,0,0.001741443,0.000179994
2020-11-27,14:28:37,6.998899841,9.003600311,163.7589264,182.3769226,161.171051,159.9846954,277.6181641,153.3905945,135.3767853,0,0,0.001741443,0.000179994
2020-11-27,14:28:38,6.998999786,9.003700256,163.7589264,182.3798981,161.1715393,159.9844818,277.6193542,153.3899384,135.3770142,0,0,0.001723523,0.000179994
2020-11-27,14:28:39,6.998699951,9.003600311,163.7589264,182.3836365,161.1720581,159.9850311,277.6177979,153.3907776,135.3763428,0,0,0.001742405,0.000179943
2020-11-27,14:28:40,6.998799896,9.003600311,163.7589264,182.3881378,161.1712952,159.9853516,277.6168518,153.3914948,135.3758087,0,0,0.001778071,0.000179943
2020-11-27,14:28:41,6.998400116,9.003600311,163.7589264,182.3923645,161.1712036,159.9850311,277.6178589,153.3919678,135.375412,0,0,0.001778071,0.00017991
2020-11-27,14:28:42,6.998100281,9.003500366,163.7589264,182.3963928,161.1724091,159.9846344,277.618927,153.3917847,135.3752747,0,0,0.001778071,0.00017991
2020-11-27,14:28:43,6.998300171,9.003500366,163.7589264,182.4002838,161.1722107,159.9848175,277.6193542,153.3920593,135.3756561,0,0,0.001778071,0.00017991
2020-11-27,14:28:44,6.998400116,9.003500366,163.7589264,182.4030609,161.1730347,159.985199,277.6174622,153.392334,135.3750763,0,0,0.001778071,0.00017993
2020-11-27,14:28:45,6.998200226,9.003500366,163.7589264,182.4076538,161.1720581,159.9849854,277.6180115,153.3926086,135.3749084,0,0,0.001778071,0.00017993
2020-11-27,14:28:46,6.998400116,9.003399658,163.7589264,182.4128265,161.1727142,159.9850922,277.6177673,153.392334,135.3750763,0,0,0.001778071,0.00017997
2020-11-27,14:28:47,6.998699951,9.003500366,163.7589264,182.416153,161.1730194,159.9853058,277.6170654,153.3929749,135.3745422,0,0,0.001724747,0.00017997
2020-11-27,14:28:48,6.998899841,9.003399658,163.7589264,182.4192352,161.1725464,159.9849854,277.6179504,153.3931732,135.3744354,0,0,0.001724747,0.00017997
2020-11-27,14:28:49,6.999199677,9.003500366,163.7589264,182.4240875,161.1733246,159.9848175,277.6184998,153.3935242,135.374115,0,0,0.001724747,0.00017997
2020-11-27,14:28:50,6.999099731,9.003399658,163.7589264,182.4287567,161.1737671,159.985199,277.6174316,153.3942871,135.3735352,0,0,0.001724747,0.00017997
2020-11-27,14:28:51,6.99940033,9.003399658,163.7589264,182.4322357,161.1732788,159.98526,277.6172485,153.3938141,135.3739471,0,0,0.001724747,0.00017997
2020-11-27,14:28:52,6.999299622,9.003399658,163.7589264,182.436142,161.1731262,159.9854736,277.6166077,153.3934326,135.3741608,0,0,0.001724747,0.000179992
2020-11-27,14:28:53,6.999700165,9.003299713,163.7589264,182.4399872,161.1733856,159.985199,277.6174927,153.3943939,135.3734589,0,0,0.001724747,0.000179881
2020-11-27,14:28:54,6.99960022,9.003399658,163.7589264,182.4446869,161.1736298,159.9848175,277.6184692,153.3942871,135.3734894,0,0,0.001724747,0.000179961
2020-11-27,14:28:55,6.99980011,9.003299713,163.7589264,182.4476166,161.1731567,159.9846344,277.618927,153.3945618,135.3733215,0,0,0.001724747,0.000179961
2020-11-27,14:28:56,6.999900055,9.003399658,163.7589264,182.4522858,161.1749878,159.9848175,277.6184998,153.3942871,135.3735046,0,0,0.001724747,0.000179961
2020-11-27,14:28:57,7.000099945,9.003299713,163.7589264,182.4571686,161.1741943,159.985199,277.6174622,153.394928,135.3730164,0,0,0.001747737,0.000179961
2020-11-27,14:28:58,7.0,9.003399658,163.7589264,182.461441,161.1736145,159.9853058,277.6170349,153.3951111,135.372818,0,0,0.001747737,0.000179961
2020-11-27,14:28:59,7.00039978,9.003299713,163.7589264,182.4658356,161.1734467,159.9849854,277.6179504,153.3960266,135.3721008,0,0,0.001747737,0.000179961
2020-11-27,14:29:00,7.000499725,9.003199768,163.7589264,182.4694061,161.1747742,159.98526,277.617218,153.3954773,135.3725739,0,0,0.001747737,0.000179961
2020-11-27,14:29:01,7.000299835,9.003299713,163.7589264,182.474411,161.1740723,159.985199,277.6172791,153.3952179,135.3727264,0,0,0.001747737,0.000179961
2020-11-27,14:29:02,7.000499725,9.003199768,163.7589264,182.4776001,161.1751709,159.9853058,277.6170349,153.3959503,135.3721924,0,0,0.001747737,0.000179961
2020-11-27,14:29:03,7.000700378,9.003299713,163.7589264,182.4819031,161.1747742,159.98526,277.6174927,153.3961334,135.3720398,0,0,0.001747737,0.000179961
2020-11-27,14:29:04,7.00039978,9.003199768,163.7589264,182.4865417,161.1764221,159.9853516,277.6169128,153.396225,135.3721008,0,0,0.001747737,0.000179961
2020-11-27,14:29:05,7.00059967,9.003199768,163.7589264,182.4899597,161.1751862,159.9848175,277.6183777,153.3964081,135.3718567,0,0,0.001747737,0.000179961
2020-11-27,14:29:06,7.000499725,9.003199768,163.7589264,182.4949341,161.1763306,159.9846954,277.6188049,153.3969574,135.3713379,0,0,0.001747737,0.000179961
2020-11-27,14:29:07,7.00039978,9.003099823,163.7589264,182.4990692,161.175827,159.98526,277.6171265,153.3967743,135.3715363,0,0,0.001747737,0.000179961
2020-11-27,14:29:08,7.00059967,9.003199768,163.7589264,182.5035248,161.1752472,159.9851532,277.6175842,153.3976135,135.3708954,0,0,0.001747737,0.000179961
2020-11-27,14:29:09,7.000499725,9.003099823,163.7589264,182.5083466,161.1768646,159.9847565,277.6186218,153.3979797,135.3705597,0,0,0.001747737,0.00017999
2020-11-27,14:29:10,7.00059967,9.003099823,163.7589264,182.5124817,161.1760406,159.9855804,277.6161804,153.3974152,135.3710327,0,0,0.001750622,0.00017999
2020-11-27,14:29:11,7.00039978,9.003099823,163.7589264,182.5161896,161.1769867,159.9850922,277.6177063,153.3976135,135.3708038,0,0,0.001750622,0.00017999
2020-11-27,14:29:12,7.000499725,9.003099823,163.7589264,182.5216827,161.1773834,159.98526,277.6171875,153.3985291,135.3700867,0,0,0.001773176,0.000180045
2020-11-27,14:29:13,7.00039978,9.003099823,163.7589264,182.5258636,161.1775818,159.98526,277.6170959,153.3977814,135.3707123,0,0,0.001773176,0.000180045
2020-11-27,14:29:14,7.000499725,9.003099823,163.7589264,182.5311432,161.1769714,159.985199,277.6174622,153.3983459,135.370224,0,0,0.001773176,0.000180045
2020-11-27,14:29:15,7.000299835,9.002999878,163.7589264,182.5350494,161.1768951,159.9848175,277.6184692,153.3986053,135.3700104,0,0,0.001773176,0.000180045
2020-11-27,14:29:16,7.000499725,9.003099823,163.7589264,182.5400391,161.1771088,159.9850922,277.6177063,153.3991699,135.3695984,0,0,0.001773176,0.000180045
2020-11-27,14:29:17,7.00039978,9.002999878,163.7589264,182.5442047,161.1768494,159.985199,277.6174622,153.3994446,135.3693085,0,0,0.001773176,0.000180045
2020-11-27,14:29:18,7.000299835,9.002999878,163.7589264,182.5486298,161.1781616,159.9849854,277.6179199,153.3988953,135.3697662,0,0,0.001773176,0.000180045
2020-11-27,14:29:19,7.000700378,9.003099823,163.7589264,182.552597,161.1777496,159.9855347,277.6164246,153.3993683,135.3694611,0,0,0.001773176,0.000180045
2020-11-27,14:29:20,7.000499725,9.002999878,163.7589264,182.5579987,161.1780243,159.9850922,277.6177673,153.3996277,135.3692017,0,0,0.001761637,0.000180045
2020-11-27,14:29:21,7.000299835,9.003099823,163.7589264,182.5618896,161.1779022,159.985199,277.6174927,153.3988953,135.369751,0,0,0.001761637,0.000180045
2020-11-27,14:29:22,7.00019989,9.002999878,163.7589264,182.5664368,161.1782837,159.9853516,277.6169128,153.3994446,135.3693085,0,0,0.001761637,0.000180045
2020-11-27,14:29:23,7.00039978,9.002999878,163.7589264,182.5703125,161.1786957,159.9850311,277.6178589,153.4001923,135.3687439,0,0,0.001761637,0.000180045
2020-11-27,14:29:24,7.00019989,9.002999878,163.7589264,182.5752106,161.1777344,159.985199,277.6173401,153.40065,135.3684387,0,0,0.001761637,0.000180045
2020-11-27,14:29:25,7.000499725,9.002999878,163.7589264,182.5805206,161.1789398,159.9855347,277.6164246,153.4013824,135.3677979,0,0,0.001761637,0.000180045
2020-11-27,14:29:26,7.000299835,9.002999878,163.7589264,182.5851288,161.1779633,159.9850311,277.6178589,153.4007416,135.3682709,0,0,0.001761637,0.000180045
2020-11-27,14:29:27,7.00039978,9.002999878,163.759964,182.5898438,161.179245,159.985199,277.6172791,153.4004517,135.3685455,0,0,0.001761637,0.000180045
2020-11-27,14:29:28,7.000299835,9.002999878,163.7588806,182.595047,161.1782684,159.9855804,277.6163025,153.401001,135.368103,0,0,0.001761637,0.000180045
2020-11-27,14:29:29,7.00019989,9.002999878,163.7588806,182.5990753,161.179718,159.985199,277.6172791,153.4013824,135.3677979,0,0,0.001761637,0.000180045
2020-11-27,14:29:30,7.00039978,9.002999878,163.7588806,182.6039124,161.1787567,159.9850922,277.6177368,153.4011993,135.3679047,0,0,0.001761637,0.000180045
2020-11-27,14:29:31,7.000299835,9.002899933,163.7588806,182.6077881,161.179306,159.9846344,277.6188965,153.401474,135.3677368,0,0,0.001761637,0.000180045
2020-11-27,14:29:32,7.000499725,9.002999878,163.7588806,182.6129608,161.1802063,159.9853516,277.6169434,153.4018402,135.3674774,0,0,0.001761637,0.000180045
2020-11-27,14:29:33,7.00039978,9.002899933,163.7588806,182.6181793,161.1806488,159.9851532,277.6176147,153.4023132,135.3670959,0,0,0.001761637,0.00017997
2020-11-27,14:29:34,7.00059967,9.002899933,163.7588806,182.6230469,161.1789246,159.9853058,277.6170349,153.401947,135.3673248,0,0,0.001761637,0.00017997
2020-11-27,14:29:35,7.000299835,9.002999878,163.7588806,182.6272125,161.1800842,159.9849854,277.6179199,153.4021301,135.367218,0,0,0.001761637,0.00017997
2020-11-27,14:29:36,7.00039978,9.002899933,163.759903,182.633194,161.1790771,159.985199,277.6175232,153.4024048,135.3670349,0,0,0.001761637,0.00017997
2020-11-27,14:29:37,7.000299835,9.002899933,163.759903,182.6369171,161.18013,159.9848633,277.6181946,153.4032288,135.3662872,0,0,0.001761637,0.00017997
2020-11-27,14:29:38,7.000499725,9.002899933,163.759903,182.6418152,161.1791534,159.9858093,277.6156616,153.4033203,135.3661957,0,0,0.001761637,0.000179987
2020-11-27,14:29:39,7.00039978,9.002899933,163.7588959,182.6472473,161.1801758,159.9855804,277.6163025,153.403595,135.3660736,0,0,0.001761637,0.000179987
2020-11-27,14:29:40,7.000499725,9.002899933,163.7588959,182.6516876,161.1798706,159.9854736,277.6166687,153.4028473,135.3666077,0,0,0.001761637,0.000179987
2020-11-27,14:29:41,7.000299835,9.002799988,163.7588959,182.6560516,161.1799164,159.9854126,277.6164246,153.4040527,135.3656464,0,0,0.001761637,0.000179987
2020-11-27,14:29:42,7.00019989,9.002799988,163.7588959,182.6611938,161.1803741,159.9855804,277.6161804,153.4031372,135.366333,0,0,0.001761637,0.000179987
2020-11-27,14:29:43,7.000499725,9.002899933,163.7588959,182.6651611,161.1811676,159.985733,277.6158142,153.4036865,135.3659668,0,0,0.001761637,0.000179987
2020-11-27,14:29:44,7.00019989,9.002799988,163.7588959,182.671463,161.1816406,159.9855347,277.6164551,153.4044189,135.3653259,0,0,0.001761637,0.000179987
2020-11-27,14:29:45,7.00039978,9.002799988,163.7588959,182.6755219,161.1805878,159.9856415,277.6161194,153.4040527,135.3656616,0,0,0.001761637,0.000179987
2020-11-27,14:29:46,7.00019989,9.002799988,163.7588959,182.6801453,161.1796722,159.9854126,277.6167908,153.4049072,135.3650055,0,0,0.001761637,0.000179987
2020-11-27,14:29:47,7.00039978,9.002799988,163.7599182,182.6858826,161.1805267,159.9859161,277.6153259,153.4040527,135.3656311,0,0,0.001761637,0.000179987
2020-11-27,14:29:48,7.000099945,9.002799988,163.7599182,182.6902161,161.1801605,159.9854126,277.6168213,153.4046021,135.3652039,0,0,0.001761637,0.000179987
2020-11-27,14:29:49,7.000299835,9.002700043,163.7588806,182.6949921,161.1816711,159.9855347,277.6165161,153.4050751,135.3647919,0,0,0.001761637,0.000179938
2020-11-27,14:29:50,7.000099945,9.002700043,163.7598877,182.7014618,161.1825562,159.985199,277.6174316,153.4049072,135.3649445,0,0,0.001761637,0.000179938
2020-11-27,14:29:51,7.00019989,9.002700043,163.7598877,182.7052612,161.1801605,159.9856415,277.6161194,153.4052734,135.3646545,0,0,0.001761637,0.000179938
2020-11-27,14:29:52,7.000099945,9.002600098,163.7598877,182.7099762,161.1821594,159.985199,277.6172791,153.4049072,135.3649139,0,0,0.001761637,0.000180044
2020-11-27,14:29:53,6.999900055,9.002700043,163.7598877,182.7146759,161.1815491,159.9856873,277.6159363,153.4055634,135.364502,0,0,0.001761637,0.000180044
2020-11-27,14:29:54,7.0,9.002600098,163.7598877,182.7196198,161.1818085,159.9855347,277.6164246,153.4045105,135.3652802,0,0,0.001761637,0.000180044
2020-11-27,14:29:55,7.000099945,9.002700043,163.7598877,182.7249451,161.1813354,159.986145,277.6147766,153.4063873,135.3638,0,0,0.001761637,0.000179884
2020-11-27,14:29:56,7.000099945,9.002600098,163.7598877,182.7291718,161.1815338,159.9858093,277.6157227,153.4060974,135.3640289,0,0,0.001761637,0.000179884
2020-11-27,14:29:57,7.00019989,9.002700043,163.7598877,182.7348328,161.1812897,159.9855804,277.6162415,153.4057465,135.3642883,0,0,0.001761637,0.000179884
2020-11-27,14:29:58,7.0,9.002600098,163.7598877,182.7391052,161.1808014,159.986145,277.6147461,153.4063873,135.3637848,0,0,0.001761637,0.000179884
2020-11-27,14:29:59,6.99980011,9.002600098,163.7598877,182.7451019,161.1829071,159.9856873,277.6159973,153.4071045,135.3632202,0,0,0.001761637,0.000179884
2020-11-27,14:30:00,6.999900055,9.002600098,163.7598877,182.7498779,161.1818237,159.9856415,277.6161194,153.4070129,135.3631592,0,0,0.001761637,0.000179884
2020-11-27,14:30:01,6.999700165,9.002600098,163.7598877,182.7536926,161.1812592,159.9854736,277.6166077,153.4067535,135.3634491,0,0,0.001761637,0.000179884
2020-11-27,14:30:02,6.99980011,9.002500153,163.7598877,182.760025,161.1827545,159.9858704,277.6155396,153.4068451,135.3634033,0,0,0.001761637,0.000179966
2020-11-27,14:30:03,6.999700165,9.002500153,163.7598877,182.7651062,161.1817474,159.9855347,277.6165466,153.406662,135.3635559,0,0,0.001761637,0.000179966
2020-11-27,14:30:04,6.99960022,9.002500153,163.7598877,182.7696838,161.1822052,159.986145,277.6148376,153.4075775,135.3627777,0,0,0.001761637,0.000179966
2020-11-27,14:30:05,6.999500275,9.002400208,163.7598877,182.7753143,161.1817474,159.9858704,277.6156311,153.4079437,135.3625641,0,0,0.001761637,0.000179966
2020-11-27,14:30:06,6.999700165,9.002500153,163.7598877,182.7801819,161.182373,159.9858093,277.6157837,153.4079437,135.3624878,0,0,0.001761637,0.000179966
2020-11-27,14:30:07,6.999500275,9.002400208,163.7598877,182.784729,161.1829834,159.9859772,277.6151428,153.4076691,135.3627625,0,0,0.001761637,0.000179966
2020-11-27,14:30:08,6.99960022,9.002500153,163.7598877,182.7899628,161.1820374,159.9856873,277.6159668,153.4075775,135.3626862,0,0,0.001761637,0.000179966
2020-11-27,14:30:09,6.999700165,9.002400208,163.7598877,182.7951965,161.1825867,159.9859161,277.6152954,153.4079437,135.3625641,0,0,0.001761637,0.000179966
2020-11-27,14:30:10,6.999500275,9.002400208,163.7588806,182.8005219,161.1828766,159.9856415,277.6160583,153.4073944,135.3629456,0,0,0.001758228,0.000179966
2020-11-27,14:30:11,6.99940033,9.002400208,163.759903,182.8059387,161.1822815,159.986145,277.6147766,153.4079437,135.362442,0,0,0.001758228,0.000179966
2020-11-27,14:30:12,6.999500275,9.002300262,163.759903,182.8104553,161.1818695,159.985733,277.6159058,153.4082031,135.3622894,0,0,0.001752633,0.000179966
2020-11-27,14:30:13,6.99960022,9.002300262,163.759903,182.8159485,161.1833801,159.9860535,277.6150513,153.4083099,135.3622131,0,0,0.001752633,0.000179966
2020-11-27,14:30:14,6.999500275,9.002300262,163.759903,182.820694,161.1832581,159.986557,277.613739,153.408783,135.3618622,0,0,0.001752633,0.000179966
2020-11-27,14:30:15,6.99940033,9.002300262,163.759903,182.8268738,161.1827393,159.986145,277.6148071,153.4092255,135.3614655,0,0,0.001752633,0.000179966
2020-11-27,14:30:16,6.999299622,9.002300262,163.7609863,182.8309937,161.1834564,159.9866638,277.6133118,153.4083862,135.3621216,0,0,0.001752633,0.000179966
2020-11-27,14:30:17,6.99960022,9.002300262,163.7609863,182.8367004,161.1827545,159.9858093,277.6157532,153.4092255,135.3614502,0,0,0.00174223,0.000179966
2020-11-27,14:30:18,6.99940033,9.002200317,163.7609863,182.8419342,161.1835938,159.9862061,277.614624,153.4090424,135.361618,0,0,0.001717928,0.000179966
2020-11-27,14:30:19,6.999500275,9.002200317,163.7609863,182.847168,161.1840515,159.986084,277.6149902,153.4096069,135.3611908,0,0,0.001717928,0.000179966
2020-11-27,14:30:20,6.999299622,9.002200317,163.7609863,182.8511963,161.1829834,159.9863281,277.6142578,153.4099884,135.3608856,0,0,0.001700619,0.000180003
2020-11-27,14:30:21,6.999299622,9.002200317,163.7588501,182.8565826,161.1835785,159.9864349,277.6139832,153.4093323,135.3613586,0,0,0.001700619,0.000180003
2020-11-27,14:30:22,6.999500275,9.002200317,163.7598572,182.8618469,161.1845856,159.986557,277.6142273,153.4098053,135.3609772,0,0,0.001700619,0.000180003
2020-11-27,14:30:23,6.999299622,9.002200317,163.7608643,182.8676453,161.1836853,159.986084,277.6148987,153.4096069,135.3611908,0,0,0.001714256,0.000180001
2020-11-27,14:30:24,6.999199677,9.002200317,163.7598114,182.8724518,161.1843719,159.9863281,277.6142273,153.4096985,135.3610992,0,0,0.001714256,0.000180001
2020-11-27,14:30:25,6.999099731,9.002200317,163.7598114,182.8774872,161.1834412,159.9862061,277.6147766,153.4109039,135.3601379,0,0,0.001714256,0.000180001
2020-11-27,14:30:26,6.999199677,9.002100372,163.7598114,182.8827362,161.1843719,159.9863892,277.6141052,153.4104309,135.3604889,0,0,0.001714256,0.000180001
2020-11-27,14:30:27,6.999099731,9.002100372,163.7598114,182.8889771,161.1845856,159.9869385,277.6126709,153.4105225,135.3605652,0,0,0.001714256,0.000180001
2020-11-27,14:30:28,6.999199677,9.002100372,163.7598114,182.8937378,161.1841431,159.9863281,277.6142273,153.4099884,135.3608856,0,0,0.001732264,0.000180001
2020-11-27,14:30:29,6.998999786,9.002100372,163.7598114,182.8981018,161.184021,159.9864349,277.6144409,153.4104309,135.3604889,0,0,0.001733751,0.000180001
2020-11-27,14:30:30,6.999099731,9.002100372,163.7587891,182.9039917,161.1836395,159.9868164,277.6130066,153.410614,135.3603516,0,0,0.001733751,0.000180001
2020-11-27,14:30:31,6.998799896,9.002100372,163.7598572,182.9082794,161.1847687,159.9867249,277.6131592,153.4105225,135.3604889,0,0,0.001733751,0.000180001
2020-11-27,14:30:32,6.998699951,9.001999664,163.7608795,182.9140778,161.1834564,159.9864349,277.6139526,153.4103394,135.3606262,0,0,0.001721075,0.000180001
2020-11-27,14:30:33,6.998899841,9.002100372,163.7608795,182.9186707,161.1832886,159.9862671,277.6144714,153.4109039,135.3601379,0,0,0.001721075,0.000180001
2020-11-27,14:30:34,6.998699951,9.001999664,163.7608795,182.9259338,161.18396,159.986618,277.6135559,153.4107971,135.3600159,0,0,0.001721075,0.000180001
2020-11-27,14:30:35,6.998899841,9.001999664,163.7598724,182.9302216,161.1835938,159.9868164,277.612915,153.4109802,135.3603058,0,0,0.001742842,0.000180001
2020-11-27,14:30:36,6.998600006,9.001899719,163.7598724,182.9350128,161.1842957,159.9867249,277.6134338,153.4111786,135.3599091,0,0,0.001742842,0.000180001
2020-11-27,14:30:37,6.998699951,9.001999664,163.7598724,182.9412079,161.185791,159.9871521,277.6120605,153.411911,135.3593292,0,0,0.001742842,0.000180001
2020-11-27,14:30:38,6.998500061,9.001999664,163.7598724,182.9458923,161.1841583,159.9867249,277.6131897,153.4117279,135.3594208,0,0,0.001742842,0.000180001
2020-11-27,14:30:39,6.998600006,9.001899719,163.7598724,182.9521179,161.1830902,159.9868164,277.612915,153.4117279,135.3594513,0,0,0.001742842,0.000180001
2020-11-27,14:30:40,6.998400116,9.001999664,163.7598724,182.956955,161.1840668,159.9866638,277.6133423,153.411438,135.3596802,0,0,0.001742842,0.000180001
2020-11-27,14:30:41,6.998500061,9.001899719,163.7598724,182.9626465,161.1846313,159.9867859,277.6130371,153.4121857,135.3591309,0,0,0.001742842,0.000179963
2020-11-27,14:30:42,6.998200226,9.001899719,163.7609253,182.9672852,161.1854858,159.9866638,277.6135254,153.4120026,135.3592377,0,0,0.001742842,0.000179963
2020-11-27,14:30:43,6.998300171,9.001799774,163.7609253,182.972168,161.1847382,159.9867859,277.6130676,153.4118042,135.3593597,0,0,0.001742842,0.000180017
2020-11-27,14:30:44,6.998200226,9.001899719,163.7609253,182.9779663,161.1852875,159.9866638,277.6134338,153.4116211,135.3595276,0,0,0.001742842,0.000180017
2020-11-27,14:30:45,6.998100281,9.001799774,163.7609253,182.9836273,161.1847839,159.9864807,277.6138306,153.4121857,135.3590698,0,0,0.001742842,0.000180017
2020-11-27,14:30:46,6.998400116,9.001799774,163.7609253,182.9892426,161.1851654,159.9869843,277.6125183,153.4120941,135.3591614,0,0,0.001742842,0.000179969
2020-11-27,14:30:47,6.998100281,9.001799774,163.7609253,182.9944153,161.1845703,159.986618,277.6136475,153.4124603,135.3588715,0,0,0.001742842,0.000179969
2020-11-27,14:30:48,6.998000336,9.001799774,163.7598572,182.9989624,161.1860809,159.9869385,277.6127319,153.4126587,135.3587189,0,0,0.001744066,0.000179969
2020-11-27,14:30:49,6.997899628,9.001699829,163.7608795,183.0046692,161.1852112,159.9867249,277.6132202,153.4128418,135.3585815,0,0,0.001744066,0.000179969
2020-11-27,14:30:50,6.998100281,9.001799774,163.7608795,183.010788,161.1857758,159.9870453,277.6123657,153.4125671,135.3588257,0,0,0.001744066,0.000180048
2020-11-27,14:30:51,6.998200226,9.001699829,163.7598114,183.0170898,161.1846771,159.986557,277.6137085,153.4127502,135.3586426,0,0,0.001744066,0.000180048
2020-11-27,14:30:52,6.997899628,9.001699829,163.7608185,183.0213776,161.1852417,159.9870453,277.6123962,153.4126587,135.3585358,0,0,0.001744066,0.000179904
2020-11-27,14:30:53,6.997699738,9.001699829,163.7608185,183.0259247,161.1847382,159.9868774,277.612793,153.4132996,135.3582153,0,0,0.001777809,0.000179904
2020-11-27,14:30:54,6.997899628,9.001699829,163.7608185,183.032074,161.1854095,159.9871063,277.6121521,153.4129333,135.35849,0,0,0.001777809,0.000179904
2020-11-27,14:30:55,6.997599792,9.001699829,163.7608185,183.0370636,161.1861115,159.9869843,277.6125793,153.4124603,135.3588409,0,0,0.001777809,0.000179904
2020-11-27,14:30:56,6.997899628,9.001599884,163.7608185,183.0419006,161.1857147,159.9872589,277.6117249,153.4129333,135.3584747,0,0,0.001777809,0.000179904
2020-11-27,14:30:57,6.997599792,9.001599884,163.7608185,183.0486145,161.1851196,159.9877625,277.6104431,153.4127502,135.3586731,0,0,0.001777809,0.000179904
2020-11-27,14:30:58,6.997699738,9.001499939,163.7608185,183.0534668,161.1852875,159.9868774,277.612854,153.413208,135.3583069,0,0,0.001777809,0.000179904
2020-11-27,14:30:59,6.997399902,9.001599884,163.7608185,183.0588837,161.1850128,159.987442,277.6112061,153.4136658,135.3578949,0,0,0.001777809,0.000179904
2020-11-27,14:31:00,6.997499847,9.001499939,163.7608185,183.0641022,161.1855316,159.9873199,277.6116638,153.4135742,135.3578186,0,0,0.001777809,0.000179904
2020-11-27,14:31:01,6.997599792,9.001499939,163.7608185,183.0702515,161.1851196,159.9870453,277.6123047,153.4132996,135.3582001,0,0,0.001777809,0.000179904
2020-11-27,14:31:02,6.997399902,9.001499939,163.7608185,183.0757141,161.1859283,159.9871063,277.6121521,153.4135742,135.3579559,0,0,0.001714256,0.000179904
2020-11-27,14:31:03,6.997499847,9.001399994,163.7608185,183.0795593,161.1850128,159.9872589,277.6117554,153.4132996,135.3582153,0,0,0.001714256,0.000179904
2020-11-27,14:31:04,6.997299957,9.001499939,163.7608185,183.0858459,161.1859894,159.9870453,277.6122742,153.4139404,135.3577118,0,0,0.001714256,0.000179904
2020-11-27,14:31:05,6.997100067,9.001399994,163.7608185,183.0914612,161.1855621,159.9876556,277.6106873,153.4141388,135.3575287,0,0,0.001714256,0.000179858
2020-11-27,14:31:06,6.997299957,9.001499939,163.7608185,183.096283,161.1858368,159.987442,277.611145,153.4139404,135.3576965,0,0,0.001719239,0.000179858
2020-11-27,14:31:07,6.997100067,9.001399994,163.7608185,183.101532,161.1852264,159.9871521,277.6119995,153.414032,135.3577881,0,0,0.001719239,0.000179858
2020-11-27,14:31:08,6.997299957,9.001399994,163.7608185,183.1078186,161.186615,159.9875946,277.6107483,153.4133911,135.3581696,0,0,0.001719239,0.000179858
2020-11-27,14:31:09,6.997000122,9.001300049,163.7608185,183.1133423,161.1858673,159.9877014,277.6105652,153.4141388,135.3575134,0,0,0.001719239,0.000179858
2020-11-27,14:31:10,6.997200012,9.001399994,163.7608185,183.1191559,161.1866302,159.9873199,277.6115723,153.413208,135.3582764,0,0,0.001719239,0.000179858
2020-11-27,14:31:11,6.996800232,9.001300049,163.7608185,183.1247864,161.1850891,159.9878693,277.6100159,153.414566,135.3571777,0,0,0.001719239,0.000179858
2020-11-27,14:31:12,6.996600342,9.001200104,163.7608185,183.1298523,161.1847229,159.9875031,277.6110229,153.4147797,135.3569794,0,0,0.001719239,0.000179858
2020-11-27,14:31:13,6.996499634,9.001200104,163.7608185,183.135376,161.1859131,159.9875946,277.6108093,153.4139404,135.3577271,0,0,0.001719239,0.000179858
2020-11-27,14:31:14,6.996399689,9.001300049,163.7608185,183.1412506,161.1851349,159.9873199,277.6116028,153.4135742,135.3574524,0,0,0.001719239,0.000179858
2020-11-27,14:31:15,6.996600342,9.001200104,163.7608185,183.1472168,161.1849365,159.988266,277.6089478,153.4146729,135.3570709,0,0,0.001719239,0.000179858
2020-11-27,14:31:16,6.996299744,9.001200104,163.7608185,183.1528473,161.1860046,159.9885406,277.6081238,153.4141388,135.3575287,0,0,0.001719239,0.000179858
2020-11-27,14:31:17,6.996499634,9.001100159,163.7608185,183.1572723,161.1851654,159.9875488,277.6109314,153.414505,135.3572235,0,0,0.001757965,0.000179858
2020-11-27,14:31:18,6.996299744,9.001200104,163.7597809,183.1623688,161.1849365,159.9878693,277.6099854,153.4147797,135.3569641,0,0,0.001757965,0.000179858
2020-11-27,14:31:19,6.996499634,9.001200104,163.7608032,183.1671753,161.1864929,159.9875031,277.6110535,153.4146729,135.3570709,0,0,0.001743629,0.000179858
2020-11-27,14:31:20,6.996199799,9.001100159,163.7608032,183.1737976,161.1860046,159.9879761,277.6098022,153.4143829,135.3573456,0,0,0.001743629,0.000179858
2020-11-27,14:31:21,6.996299744,9.001100159,163.7608032,183.1792908,161.1850739,159.9878693,277.6100769,153.4142151,135.3574371,0,0,0.001743454,0.000179858
2020-11-27,14:31:22,6.997000122,9.001000214,163.7618103,183.1848145,161.1861267,159.9879761,277.6097717,153.4134827,135.3579865,0,0,0.001743454,0.000179858
2020-11-27,14:31:23,7.001999664,9.001100159,163.7607727,183.1901703,161.1851807,159.9882202,277.6091309,153.4142151,135.3574677,0,0,0.001743454,0.000179858
2020-11-27,14:31:24,7.011199951,9.001000214,163.7607727,183.1949768,161.1860962,159.9878235,277.6101685,153.4137573,135.3578491,0,0,0.001704553,0.000179858
2020-11-27,14:31:25,7.021700287,9.001100159,163.7617798,183.2001801,161.1852722,159.9877014,277.6105347,153.414505,135.3572388,0,0,0.001704553,0.000179858
2020-11-27,14:31:26,7.035500336,9.001200104,163.7617798,183.2060699,161.1858215,159.9880829,277.6094055,153.414856,135.3568878,0,0,0.001704553,0.000179858
2020-11-27,14:31:27,7.047299957,9.001200104,163.7607269,183.211853,161.1851349,159.9882202,277.6091309,153.414566,135.3572083,0,0,0.001704553,0.000179858
2020-11-27,14:31:28,7.055899811,9.001300049,163.7607269,183.2172699,161.1855164,159.9879761,277.6097412,153.4151459,135.35672,0,0,0.001770466,0.000179858
2020-11-27,14:31:29,7.066899872,9.001300049,163.7607269,183.2234497,161.1865845,159.9880829,277.6094666,153.4161835,135.3558502,0,0,0.001770466,0.000179858
2020-11-27,14:31:30,7.119999695,9.001499939,163.7607269,183.2292633,161.1863098,159.9884796,277.6084595,153.4165497,135.3556061,0,0,0.001770466,0.000179858
2020-11-27,14:31:31,7.154699707,9.001699829,163.7607269,183.2349243,161.1854553,159.9880829,277.609375,153.417099,135.3551178,0,0,0.001770466,0.000179955
2020-11-27,14:31:32,7.190399933,9.001999664,163.7607269,183.2406769,161.1859283,159.9886475,277.6078796,153.4182892,135.3541718,0,0,0.001770466,0.000180022
2020-11-27,14:31:33,7.221399689,9.002300262,163.7607269,183.2468872,161.1852264,159.9884796,277.6083374,153.4201508,135.3527374,0,0,0.001770466,0.000180022
2020-11-27,14:31:34,7.250499725,9.002600098,163.7607269,183.2525024,161.1859741,159.9880829,277.6095276,153.4217987,135.3513794,0,0,0.001770466,0.000180022
2020-11-27,14:31:35,7.280799866,9.002899933,163.7607269,183.2592468,161.1865692,159.9883118,277.6088257,153.4231567,135.3502655,0,0,0.001770466,0.000180022
2020-11-27,14:31:36,7.308999634,9.003299713,163.7607269,183.2655945,161.1858521,159.9884796,277.6083679,153.4261322,135.3479004,0,0,0.001770466,0.000180022
2020-11-27,14:31:37,7.337999725,9.003700256,163.7607269,183.2733765,161.1855927,159.988266,277.6090088,153.4286346,135.3458557,0,0,0.002059118,0.000179796
2020-11-27,14:31:38,7.364600372,9.004199982,163.7607269,183.2802429,161.1851196,159.9884186,277.6085205,153.4314117,135.3436127,0,0,0.002059118,0.000179796
2020-11-27,14:31:39,7.390000153,9.004699707,163.7607269,183.2876129,161.1854553,159.9886932,277.6077576,153.4348145,135.3409424,0,0,0.002059118,0.000179796
2020-11-27,14:31:40,7.418099976,9.005200195,163.7607269,183.2953339,161.186203,159.9889069,277.6071777,153.4390717,135.3375702,0,0,0.002059118,0.000179796
2020-11-27,14:31:41,7.44469986,9.005799866,163.7607269,183.3039856,161.1857147,159.9884796,277.6082764,153.4425812,135.3346863,0,0,0.001447458,0.000179796
2020-11-27,14:31:42,7.345500183,9.006199646,163.7607269,183.3117371,161.1861115,159.9886475,277.6078796,153.4465332,135.3314972,0,0,0.001447458,0.000179796
2020-11-27,14:31:43,7.393499756,9.006500244,163.7607269,183.3197784,161.1856079,159.9891968,277.6064453,153.4517212,135.3273773,0,0,0.001447458,0.000179664
2020-11-27,14:31:44,7.378399658,9.006999969,163.7607269,183.328476,161.1867828,159.9890442,277.606842,153.4573517,135.3228149,0,0,0.001197182,0.000179619
2020-11-27,14:31:45,7.395999908,9.00739975,163.7607269,183.3386078,161.1856384,159.9886475,277.6078491,153.4612579,135.3196411,0,0,0.001197182,0.000179619
2020-11-27,14:31:46,7.409700012,9.007900238,163.7607269,183.3482971,161.1857452,159.9891968,277.6062927,153.4672546,135.3148193,0,0,0.001197182,0.000179619
2020-11-27,14:31:47,7.427899933,9.008399963,163.7607269,183.3577118,161.1855164,159.9894562,277.6056213,153.4728851,135.3103485,0,0,0.001298062,0.000179821
2020-11-27,14:31:48,7.444100189,9.008899689,163.7607269,183.3676147,161.1862335,159.9891968,277.6064758,153.4799957,135.3046722,0,0,0.001298062,0.000179821
2020-11-27,14:31:49,7.459400177,9.009400177,163.7607269,183.3765564,161.1858368,159.9894562,277.6056519,153.4871063,135.2988586,0,0,0.001298062,0.000179821
2020-11-27,14:31:50,7.477200317,9.009899902,163.7607269,183.3870544,161.1863251,159.9892578,277.6065063,153.4950714,135.2924957,0,0,0.001298062,0.000179821
2020-11-27,14:31:51,7.494000244,9.010500336,163.7607269,183.3961182,161.1858521,159.9894562,277.6055298,153.503006,135.286087,0,0,0.001298062,0.000179821
2020-11-27,14:31:52,7.51230011,9.011000061,163.7607269,183.4077148,161.1852264,159.9898682,277.6046143,153.5116882,135.2791748,0,0,0.001298062,0.000179821
2020-11-27,14:31:53,7.528600311,9.011599731,163.7617798,183.4169922,161.1863861,159.9893036,277.6060181,153.5205688,135.2720184,0,0,0.001298062,0.000179821
2020-11-27,14:31:54,7.546800232,9.012200165,163.7617798,183.4275055,161.1844177,159.9901733,277.6038208,153.5307312,135.2638855,0,0,0.001298062,0.000179821
2020-11-27,14:31:55,7.566799927,9.012799835,163.7617798,183.4371185,161.1857147,159.9903259,277.6032715,153.5404358,135.2560272,0,0,0.001298062,0.000179821
2020-11-27,14:31:56,7.585399628,9.013500214,163.7617798,183.4467926,161.1850739,159.9902039,277.6036987,153.5507965,135.2476807,0,0,0.001298062,0.000179821
2020-11-27,14:31:57,7.605500031,9.014099884,163.7617798,183.4589691,161.1863708,159.9902039,277.6036377,153.5615082,135.2390442,0,0,0.001298062,0.000179821
2020-11-27,14:31:58,7.623699951,9.014800262,163.7617798,183.4683685,161.1867981,159.9907227,277.602417,153.5730743,135.2297516,0,0,0.001298062,0.000179821
2020-11-27,14:31:59,7.644000244,9.015499878,163.7617798,183.4794006,161.1849365,159.9904327,277.6029968,153.5844421,135.2206573,0,0,0.001298062,0.000179821
2020-11-27,14:32:00,7.663500214,9.016200256,163.7617798,183.4904938,161.1857147,159.9902649,277.6034851,153.5962677,135.2110901,0,0,0.001298062,0.000179821
2020-11-27,14:32:01,7.681800079,9.016899872,163.7617798,183.5009155,161.1860657,159.9907227,277.6022644,153.6086426,135.2012634,0,0,0.001741706,0.000179821
2020-11-27,14:32:02,7.700499725,9.01760025,163.7617798,183.5119324,161.1852417,159.9912109,277.6009216,153.6208649,135.191452,0,0,0.001752545,0.000179821
2020-11-27,14:32:03,7.718099976,9.018299866,163.7617798,183.5220795,161.1851654,159.9911499,277.6007385,153.6339722,135.1808929,0,0,0.001752545,0.000179611
2020-11-27,14:32:04,7.736100006,9.019000244,163.7617798,183.53302,161.1846008,159.9913788,277.6011353,153.6467438,135.1706543,0,0,0.001752545,0.000179611
2020-11-27,14:32:05,7.754699707,9.01989975,163.7617798,183.5446777,161.1852417,159.9914246,277.6002197,153.6613464,135.1589508,0,0,0.001752545,0.000179611
2020-11-27,14:32:06,7.771900177,9.020600128,163.7617798,183.5558014,161.1847076,159.9910431,277.6014099,153.675415,135.1476898,0,0,0.001730254,0.000179642
2020-11-27,14:32:07,7.790499878,9.021399689,163.7617798,183.5681763,161.1854248,159.9914856,277.6000671,153.689743,135.1361389,0,0,0.001730254,0.000179642
2020-11-27,14:32:08,7.805500031,9.022200012,163.7617798,183.5801086,161.1847076,159.991806,277.5991821,153.7044678,135.1243286,0,0,0.001730254,0.000179642
2020-11-27,14:32:09,7.82460022,9.023000336,163.7617798,183.5921021,161.1835938,159.9919281,277.5988464,153.7187042,135.1128998,0,0,0.001730254,0.000179642
2020-11-27,14:32:10,7.841400146,9.023799896,163.7617798,183.6039429,161.1830597,159.9917603,277.5993958,153.7343292,135.1003571,0,0,0.001730254,0.000179642
2020-11-27,14:32:11,7.858200073,9.02460022,163.7607727,183.6150818,161.184967,159.9923553,277.5976868,153.7485962,135.0889435,0,0,0.001730254,0.000179642
2020-11-27,14:32:12,7.87440033,9.025499725,163.7607727,183.6265869,161.1837769,159.9923096,277.5978394,153.7642975,135.0763702,0,0,0.001730254,0.000179642
2020-11-27,14:32:13,7.892299652,9.026300049,163.7607727,183.6387787,161.1844025,159.9921417,277.5983887,153.7802277,135.0635986,0,0,0.001703504,0.000179619
2020-11-27,14:32:14,7.906700134,9.027100372,163.7617798,183.6501923,161.1838989,159.9927521,277.5967102,153.7959747,135.0510406,0,0,0.001699483,0.000179619
2020-11-27,14:32:15,7.923400116,9.027899933,163.7617798,183.6634369,161.1839905,159.9925842,277.5970764,153.8135681,135.0369415,0,0,0.001700794,0.000179619
2020-11-27,14:32:16,7.941000366,9.028800201,163.7617798,183.6755829,161.1836548,159.993576,277.5944214,153.8296661,135.0240631,0,0,0.001700794,0.000179619
2020-11-27,14:32:17,7.95759964,9.029699707,163.7617798,183.6873169,161.1833649,159.9938812,277.5935364,153.8470764,135.0100555,0,0,0.001700794,0.000179619
2020-11-27,14:32:18,7.972100067,9.030500031,163.7617798,183.6999969,161.1838379,159.9932556,277.5952454,153.8636475,134.9967804,0,0,0.00165796,0.000179574
2020-11-27,14:32:19,7.98730011,9.031400299,163.7617798,183.7127075,161.1828003,159.9938812,277.5935364,153.8803864,134.9833832,0,0,0.00165796,0.000179574
2020-11-27,14:32:20,8.005400085,9.03219986,163.7617798,183.7239838,161.1831207,159.9943085,277.5924377,153.8990021,134.9684601,0,0,0.00165796,0.00017949
2020-11-27,14:32:21,8.020300293,9.033100128,163.7607574,183.7378082,161.1825104,159.9940491,277.5930481,153.91716,134.9539642,0,0,0.00165796,0.00017949
2020-11-27,14:32:22,8.034899902,9.033999634,163.7607574,183.7506256,161.1822662,159.994873,277.5908813,153.935318,134.9395142,0,0,0.00165796,0.00017949
2020-11-27,14:32:23,8.050800323,9.034899902,163.761795,183.7622528,161.1829224,159.9951935,277.5898438,153.9530945,134.9252625,0,0,0.00165796,0.0001796
2020-11-27,14:32:24,8.065699768,9.035800171,163.761795,183.7767181,161.1822205,159.9949341,277.5906982,153.9715271,134.9105835,0,0,0.00165796,0.0001796
2020-11-27,14:32:25,8.079100037,9.036599731,163.761795,183.7881622,161.1820831,159.9956512,277.5886841,153.9905396,134.8953247,0,0,0.001694413,0.0001796
2020-11-27,14:32:26,8.089800262,9.0375,163.761795,183.800827,161.1827393,159.9954834,277.5890198,154.0084076,134.8811035,0,0,0.001694413,0.0001796
2020-11-27,14:32:27,8.099299622,9.038300323,163.761795,183.8141327,161.1816864,159.9962463,277.5870361,154.0276947,134.8656158,0,0,0.001694413,0.000179663
2020-11-27,14:32:28,8.106400299,9.039199829,163.761795,183.8272552,161.1818237,159.9960938,277.5875854,154.0470734,134.8501282,0,0,0.001586539,0.000179663
2020-11-27,14:32:29,8.111599731,9.040000153,163.761795,183.8388062,161.1812134,159.9963684,277.5867615,154.0657959,134.8352051,0,0,0.001586539,0.000179663
2020-11-27,14:32:30,8.114499664,9.040699768,163.761795,183.8533783,161.181015,159.9968719,277.5854187,154.085434,134.819519,0,0,0.00147447,0.000179663
2020-11-27,14:32:31,8.116400146,9.041500092,163.761795,183.8663635,161.1814728,159.996933,277.585144,154.1054688,134.8035278,0,0,0.00147447,0.000179663
2020-11-27,14:32:32,8.11740036,9.042199707,163.761795,183.8785095,161.1807709,159.9967651,277.5856018,154.1242065,134.7886047,0,0,0.00147447,0.000179663
2020-11-27,14:32:33,8.11780014,9.042900085,163.761795,183.8923492,161.1805725,159.9974976,277.5836182,154.1435699,134.7731628,0,0,0.00147447,0.000179663
2020-11-27,14:32:34,8.115699768,9.043599701,163.761795,183.9075928,161.1790924,159.9978333,277.5828247,154.1646271,134.7563477,0,0,0.00147447,0.000179663
2020-11-27,14:32:35,8.115000153,9.044300079,163.761795,183.9199219,161.1799469,159.997879,277.5826111,154.1845703,134.740387,0,0,0.00147447,0.000179663
2020-11-27,14:32:36,8.114900208,9.044999695,163.761795,183.9334106,161.1794891,159.9982605,277.581543,154.2058258,134.7234497,0,0,0.00147447,0.000179663
2020-11-27,14:32:37,8.115699768,9.045500183,163.761795,183.947403,161.1799622,159.9985504,277.580719,154.2251129,134.7080994,0,0,0.001526659,0.000179663
2020-11-27,14:32:38,8.116699982,9.046199799,163.7628326,183.9604645,161.1803894,159.9989777,277.5795288,154.2457123,134.6916199,0,0,0.001526659,0.000179663
2020-11-27,14:32:39,8.11740036,9.046800232,163.7628326,183.973175,161.1778412,159.9994659,277.5782471,154.2668762,134.6756134,0,0,0.001526659,0.000179663
2020-11-27,14:32:40,8.116200256,9.047299957,163.7618103,183.9885406,161.1781464,159.999527,277.5780029,154.286911,134.6588287,0,0,0.001526659,0.000179663
2020-11-27,14:32:41,8.113899994,9.047799683,163.7618103,184.001358,161.1768494,159.9999084,277.5768738,154.3083496,134.6417847,0,0,0.001526659,0.000179663
2020-11-27,14:32:42,8.112400055,9.048300171,163.7618103,184.0158844,161.177124,160.0001526,277.5763855,154.3296356,134.6248169,0,0,0.001526659,0.000179663
2020-11-27,14:32:43,8.111499786,9.048799896,163.7618103,184.0299377,161.1778107,160.0009766,277.5742188,154.3505249,134.6082153,0,0,0.001561363,0.000179663
2020-11-27,14:32:44,8.110399628,9.049199677,163.7628632,184.0436707,161.1772003,160.0006409,277.5749207,154.3718872,134.591217,0,0,0.001561363,0.000179663
2020-11-27,14:32:45,8.109200287,9.04960022,163.7628632,184.0572662,161.1770782,160.0008698,277.5743713,154.3937988,134.5737305,0,0,0.001561363,0.000179663
2020-11-27,14:32:46,8.108300018,9.05,163.7628632,184.0720215,161.1763,160.0012207,277.5734253,154.4156036,134.5564117,0,0,0.001561363,0.000179663
2020-11-27,14:32:47,8.107499695,9.05039978,163.7618561,184.0849152,161.1758881,160.0013885,277.5729675,154.4355927,134.5405884,0,0,0.001561363,0.00017972
2020-11-27,14:32:48,8.106999969,9.050800323,163.7618561,184.0997467,161.176178,160.0017242,277.571991,154.4587097,134.522171,0,0,0.001561363,0.00017972
2020-11-27,14:32:49,8.106300354,9.051200104,163.7618561,184.1138,161.1746368,160.0021362,277.5708618,154.4799957,134.5052795,0,0,0.001561363,0.000179993
2020-11-27,14:32:50,8.105699921,9.051499939,163.7618561,184.1274414,161.1758881,160.0024261,277.5701599,154.5014496,134.4881897,0,0,0.001561363,0.000179993
2020-11-27,14:32:51,8.10510025,9.051799774,163.7618561,184.1408386,161.175293,160.0028229,277.5691223,154.522644,134.471344,0,0,0.001561363,0.000179993
2020-11-27,14:32:52,8.104799652,9.052100372,163.7618561,184.1558075,161.1742401,160.0028534,277.5688171,154.5444946,134.4540253,0,0,0.001561363,0.00017991
2020-11-27,14:32:53,8.104100037,9.052400208,163.7628632,184.1708679,161.1730499,160.0031738,277.5679321,154.5678253,134.4354706,0,0,0.001561363,0.00017991
2020-11-27,14:32:54,8.103800201,9.052700043,163.7628632,184.1845093,161.1735535,160.0036316,277.566803,154.5884552,134.4191284,0,0,0.001561363,0.00017991
2020-11-27,14:32:55,8.103199768,9.052999878,163.7628632,184.1991119,161.1732178,160.0041504,277.5653687,154.6108704,134.4013672,0,0,0.001561363,0.00017991
2020-11-27,14:32:56,8.102799988,9.053199768,163.7618561,184.2130585,161.1728058,160.0042572,277.565033,154.6331024,134.3836975,0,0,0.001561363,0.00017991
2020-11-27,14:32:57,8.101999664,9.053500366,163.7618561,184.227951,161.1724091,160.0045929,277.56427,154.6551514,134.366272,0,0,0.001561363,0.0001798
2020-11-27,14:32:58,8.100800323,9.053700256,163.7618561,184.2411804,161.1717224,160.0046387,277.5640869,154.6757965,134.3498688,0,0,0.001561363,0.0001798
2020-11-27,14:32:59,8.099900055,9.053900146,163.7618561,184.2563324,161.1721649,160.0049896,277.5631104,154.6972961,134.3327942,0,0,0.001561363,0.0001798
2020-11-27,14:33:00,8.098899841,9.054100037,163.7618561,184.2700806,161.1704254,160.0055237,277.561615,154.7174072,134.3168335,0,0,0.001561363,0.0001798
2020-11-27,14:33:01,8.097899628,9.054199982,163.7618561,184.2850952,161.1712646,160.0060883,277.5600281,154.7400818,134.2988586,0,0,0.001561363,0.0001798
2020-11-27,14:33:02,8.097200012,9.054399872,163.7618561,184.2993927,161.170517,160.0057068,277.5611877,154.7614136,134.2820435,0,0,0.001561363,0.0001798
2020-11-27,14:33:03,8.096299744,9.054599762,163.7618561,184.3127747,161.1707458,160.0063019,277.5594788,154.7832031,134.2647552,0,0,0.001561363,0.0001798
2020-11-27,14:33:04,8.095200348,9.054799652,163.7618561,184.3285522,161.1695404,160.0061951,277.5596924,154.8047791,134.2476807,0,0,0.001561363,0.0001798
2020-11-27,14:33:05,8.094400024,9.05490036,163.7628632,184.3427582,161.1699982,160.006958,277.5575867,154.8257294,134.2310638,0,0,0.001561363,0.0001798
2020-11-27,14:33:06,8.093399811,9.05510025,163.7628632,184.3562469,161.1688232,160.0072021,277.5568848,154.846405,134.2147675,0,0,0.001561363,0.0001798
2020-11-27,14:33:07,8.09260025,9.055000305,163.7628632,184.3714447,161.1687164,160.0075378,277.5561523,154.8673706,134.1981354,0,0,0.001561363,0.0001798
2020-11-27,14:33:08,8.092099762,9.05530014,163.7628632,184.3860474,161.1682281,160.0074768,277.5562744,154.8886871,134.1812439,0,0,0.001561363,0.0001798
2020-11-27,14:33:09,8.091200256,9.055400085,163.7618103,184.4000549,161.1674805,160.0079193,277.5549622,154.9087067,134.1654053,0,0,0.001561363,0.0001798
2020-11-27,14:33:10,8.090399933,9.055599976,163.7618103,184.4144897,161.1676941,160.008255,277.5541382,154.9298553,134.1487274,0,0,0.001561363,0.0001798
2020-11-27,14:33:11,8.089800262,9.055500031,163.7618103,184.4289551,161.1673584,160.0088806,277.5524902,154.9494934,134.1331787,0,0,0.001561363,0.0001798
2020-11-27,14:33:12,8.088999939,9.055699921,163.7618103,184.4430695,161.1668396,160.008316,277.5538635,154.9700012,134.1169586,0,0,0.001561363,0.000179807
2020-11-27,14:33:13,8.087999725,9.055899811,163.7618103,184.4586029,161.165863,160.0085144,277.5533142,154.9901428,134.1010284,0,0,0.001561363,0.000179807
2020-11-27,14:33:14,8.0875,9.055899811,163.7628632,184.4723511,161.165451,160.0092468,277.5514221,155.0099945,134.0854034,0,0,0.001561363,0.000179807
2020-11-27,14:33:15,8.086699677,9.055999756,163.7628632,184.4868317,161.1660767,160.0097656,277.5500793,155.0295258,134.0699158,0,0,0.001561363,0.000179807
2020-11-27,14:33:16,8.086299896,9.056099701,163.7628632,184.499939,161.1656647,160.0093079,277.551239,155.048111,134.0552826,0,0,0.001561363,0.000179807
2020-11-27,14:33:17,8.085600281,9.056199646,163.7628632,184.5153656,161.1652832,160.0098724,277.5496216,155.067688,134.0398102,0,0,0.001561363,0.000179807
2020-11-27,14:33:18,8.084700012,9.056199646,163.7628632,184.5302124,161.1648712,160.0095978,277.550415,155.0879059,134.0238647,0,0,0.001561363,0.000179807
2020-11-27,14:33:19,8.084300232,9.056300354,163.7618561,184.5446777,161.1646729,160.0105286,277.5477905,155.1064606,134.0091858,0,0,0.001591697,0.000179724
2020-11-27,14:33:20,8.083599854,9.056300354,163.7628937,184.5586548,161.1636963,160.0106506,277.5475159,155.1244812,133.9950409,0,0,0.001591697,0.000179724
2020-11-27,14:33:21,8.081800079,9.056400299,163.7628937,184.5734406,161.1637573,160.0102997,277.5484924,155.1441498,133.9794769,0,0,0.001591697,0.000179724
2020-11-27,14:33:22,8.079599762,9.056400299,163.7628937,184.5876923,161.163269,160.0108643,277.5470276,155.1629944,133.9646759,0,0,0.001591697,0.000179724
2020-11-27,14:33:23,8.077799988,9.056500244,163.7628937,184.6025085,161.1629028,160.011261,277.5457764,155.1813049,133.9501953,0,0,0.001591697,0.000179724
2020-11-27,14:33:24,8.076100159,9.056400299,163.7628937,184.6165619,161.1626129,160.0108185,277.5472107,155.200592,133.9349823,0,0,0.001591697,0.000179724
2020-11-27,14:33:25,8.074900055,9.056600189,163.7628937,184.6316986,161.1622925,160.0113831,277.5455322,155.2191772,133.9203796,0,0,0.001609968,0.000179724
2020-11-27,14:33:26,8.073100281,9.056500244,163.7628937,184.6467438,161.1625671,160.0115356,277.545166,155.2372894,133.9061127,0,0,0.001609968,0.000179724
2020-11-27,14:33:27,8.071800232,9.056600189,163.7628937,184.6605072,161.1616211,160.0119629,277.5439148,155.2542725,133.8927765,0,0,0.001609968,0.000179724
2020-11-27,14:33:28,8.070600128,9.056600189,163.7628937,184.6748962,161.1613617,160.0116425,277.5447388,155.2731171,133.8779297,0,0,0.001609968,0.000179724
2020-11-27,14:33:29,8.069100189,9.056600189,163.7628937,184.6896362,161.1604919,160.0123596,277.5429688,155.2901154,133.8645782,0,0,0.001609968,0.000179748
2020-11-27,14:33:30,8.067900085,9.056600189,163.7628937,184.7032776,161.160202,160.0127563,277.5417175,155.307373,133.8509674,0,0,0.001609968,0.000179748
2020-11-27,14:33:31,8.066400146,9.056700134,163.7628937,184.7171021,161.1610107,160.0123596,277.5428772,155.3243713,133.8375244,0,0,0.001609968,0.000179748
2020-11-27,14:33:32,8.065200043,9.056600189,163.7628937,184.7315674,161.1601563,160.0127563,277.541687,155.3414459,133.8240814,0,0,0.001609968,0.000179748
2020-11-27,14:33:33,8.063899994,9.056600189,163.7628937,184.7466125,161.1603546,160.013092,277.5407715,155.3587494,133.8104401,0,0,0.001609968,0.000179748
2020-11-27,14:33:34,8.062599945,9.056600189,163.7628937,184.760498,161.1600494,160.013031,277.5411072,155.3757477,133.7971649,0,0,0.001609968,0.000179748
2020-11-27,14:33:35,8.061599731,9.056500244,163.7628937,184.7751465,161.1587219,160.0135193,277.5395508,155.3924561,133.7839813,0,0,0.001609968,0.000179748
2020-11-27,14:33:36,8.060199738,9.056600189,163.7618713,184.7891541,161.1585236,160.0136566,277.5393982,155.4083252,133.7715149,0,0,0.001609968,0.000179769
2020-11-27,14:33:37,8.059100342,9.056500244,163.7629089,184.8039551,161.1588898,160.0134735,277.539917,155.4245758,133.7587433,0,0,0.001609968,0.000179769
2020-11-27,14:33:38,8.058000183,9.056500244,163.7629089,184.8180084,161.1581268,160.0138092,277.5388794,155.4414063,133.745575,0,0,0.001609968,0.000179769
2020-11-27,14:33:39,8.056999969,9.056500244,163.7629089,184.8318939,161.157608,160.0138702,277.5386047,155.4573975,133.7330322,0,0,0.001609968,0.000179769
2020-11-27,14:33:40,8.055699921,9.056500244,163.7629089,184.8460693,161.1586914,160.0136566,277.5393982,155.4735413,133.7202148,0,0,0.001609968,0.000179769
2020-11-27,14:33:41,8.054499817,9.056400299,163.7629089,184.8614502,161.1572266,160.0145264,277.5369568,155.4897308,133.7075653,0,0,0.001611716,0.000179853
2020-11-27,14:33:42,8.053500366,9.056500244,163.7629089,184.874527,161.1574249,160.0141754,277.5377808,155.5057068,133.6949615,0,0,0.00161565,0.000179742
2020-11-27,14:33:43,8.052200317,9.056300354,163.7629089,184.8896179,161.1566925,160.0146942,277.5364075,155.5215912,133.6825714,0,0,0.00161565,0.000179853
2020-11-27,14:33:44,8.051100159,9.056400299,163.7629089,184.9042358,161.1573792,160.0142975,277.5374451,155.5374756,133.6700287,0,0,0.00161565,0.000179853
2020-11-27,14:33:45,8.05019989,9.056199646,163.7629089,184.9177246,161.1568909,160.0145264,277.5368958,155.5518951,133.6587524,0,0,0.00161565,0.000179743
2020-11-27,14:33:46,8.049199677,9.056199646,163.7629089,184.9319,161.157547,160.0141144,277.5379639,155.5668488,133.6469727,0,0,0.00161565,0.00017977
2020-11-27,14:33:47,8.048000336,9.056099701,163.7629089,184.9479065,161.1563873,160.0149536,277.535614,155.5818024,133.6352997,0,0,0.00161565,0.00017977
2020-11-27,14:33:48,8.047100067,9.056199646,163.7629089,184.9615326,161.1554871,160.0148468,277.5360718,155.5973206,133.6231384,0,0,0.00161565,0.000179767
2020-11-27,14:33:49,8.045999908,9.055999756,163.7629089,184.9752045,161.1559906,160.0146332,277.5365295,155.6109772,133.6123657,0,0,0.00161565,0.000179767
2020-11-27,14:33:50,8.044999695,9.055999756,163.7629089,184.9904022,161.1550751,160.0152435,277.5349121,155.6252136,133.6012115,0,0,0.00161565,0.000179767
2020-11-27,14:33:51,8.043900299,9.055899811,163.7629089,185.0049286,161.1553802,160.0150757,277.5353088,155.6405487,133.5892181,0,0,0.00161565,0.000179766
2020-11-27,14:33:52,8.042900085,9.055799866,163.7629089,185.0175476,161.1556091,160.0155182,277.5341797,155.6542053,133.5785065,0,0,0.00161565,0.000179766
2020-11-27,14:33:53,8.041799927,9.055799866,163.763916,185.0328369,161.1549377,160.0155182,277.5342407,155.6680298,133.5676422,0,0,0.00161565,0.000179766
2020-11-27,14:33:54,8.040799713,9.055699921,163.763916,185.0464783,161.1555634,160.0156708,277.5335999,155.682251,133.556488,0,0,0.00161565,0.000179766
2020-11-27,14:33:55,8.040000153,9.055599976,163.7629089,185.0607147,161.1547546,160.015625,277.533905,155.6959076,133.5458069,0,0,0.00161565,0.000179766
2020-11-27,14:33:56,8.039099884,9.055599976,163.7619019,185.0752411,161.1553955,160.0158386,277.5332031,155.7093048,133.5352783,0,0,0.001643186,0.000179766
2020-11-27,14:33:57,8.038200378,9.055500031,163.76297,185.0889282,161.1545105,160.0153503,277.5346069,155.7227783,133.524704,0,0,0.001631822,0.000179766
2020-11-27,14:33:58,8.037400055,9.055400085,163.76297,185.1034546,161.1538696,160.0159607,277.5330505,155.7365265,133.5140381,0,0,0.001631822,0.000179766
2020-11-27,14:33:59,8.036499786,9.055400085,163.76297,185.1167145,161.1535797,160.015564,277.5339966,155.7492676,133.5039825,0,0,0.001631822,0.000179766
2020-11-27,14:34:00,8.035600281,9.05530014,163.76297,185.1309052,161.1542816,160.0157318,277.5334778,155.7625427,133.4936218,0,0,0.001631822,0.000179766
2020-11-27,14:34:01,8.034600067,9.055200195,163.76297,185.1450958,161.153244,160.0158844,277.5330811,155.7753906,133.483551,0,0,0.001631822,0.000179766
2020-11-27,14:34:02,8.033999634,9.05510025,163.76297,185.1591492,161.1547699,160.0157318,277.5336609,155.7888641,133.4730225,0,0,0.001631822,0.000179766
2020-11-27,14:34:03,8.032800293,9.055000305,163.76297,185.1738739,161.1539459,160.0161285,277.5324402,155.80159,133.4630585,0,0,0.001631822,0.00017983
2020-11-27,14:34:04,8.031999969,9.05490036,163.76297,185.1882172,161.1525879,160.0161896,277.5322571,155.8134003,133.4538269,0,0,0.001631822,0.00017983
2020-11-27,14:34:05,8.031199646,9.054799652,163.76297,185.2025757,161.1539459,160.0156708,277.5336914,155.8260345,133.4439545,0,0,0.001631822,0.00017983
2020-11-27,14:34:06,8.030500031,9.054699707,163.76297,185.2162018,161.1534882,160.0154114,277.5343933,155.8377533,133.4347229,0,0,0.001631822,0.00017983
2020-11-27,14:34:07,8.029499817,9.054799652,163.76297,185.2300415,161.1529694,160.0163422,277.5318909,155.8504944,133.4248199,0,0,0.001631822,0.00017983
2020-11-27,14:34:08,8.028600311,9.054599762,163.76297,185.2439117,161.1526489,160.0158386,277.5332336,155.8631134,133.4149628,0,0,0.001631822,0.00017983
2020-11-27,14:34:09,8.027700043,9.054499817,163.76297,185.2590179,161.1536865,160.0160065,277.5327454,155.874939,133.4057312,0,0,0.001631822,0.00017983
2020-11-27,14:34:10,8.026799774,9.054399872,163.7640228,185.2723541,161.1528015,160.0161896,277.5323181,155.8854065,133.397522,0,0,0.001631822,0.000179881
2020-11-27,14:34:11,8.026000214,9.054299927,163.7640228,185.2865753,161.1525421,160.0160065,277.5329285,155.8979797,133.3877411,0,0,0.001631822,0.000179799
2020-11-27,14:34:12,8.025299835,9.054199982,163.7630157,185.3007202,161.1520081,160.0163422,277.5317688,155.9092102,133.378952,0,0,0.001631822,0.00017977
2020-11-27,14:34:13,8.02460022,9.054100037,163.7640839,185.3154907,161.1529083,160.0166779,277.5309753,155.921402,133.3694916,0,0,0.001631822,0.00017977
2020-11-27,14:34:14,8.023899841,9.054000092,163.7640839,185.3283997,161.1522217,160.01651,277.5314026,155.9324493,133.3607941,0,0,0.001631822,0.00017977
2020-11-27,14:34:15,8.023100281,9.053900146,163.7630615,185.3421631,161.1519623,160.0161285,277.5325012,155.9434052,133.3522034,0,0,0.001631822,0.000179798
2020-11-27,14:34:16,8.022299957,9.053800201,163.7630615,185.3562469,161.1516266,160.0162964,277.5320129,155.9546661,133.3434143,0,0,0.001631822,0.000179798
2020-11-27,14:34:17,8.021600342,9.053700256,163.7630615,185.3695984,161.1520386,160.0167847,277.5305176,155.9652405,133.3351746,0,0,0.001631822,0.000179798
2020-11-27,14:34:18,8.020700073,9.053600311,163.7630615,185.3859863,161.1519623,160.0161285,277.5324402,155.9755402,133.3270721,0,0,0.001631822,0.000179773
2020-11-27,14:34:19,8.019999695,9.053399658,163.7630615,185.3985901,161.1510773,160.01651,277.5314331,155.9870758,133.3180695,0,0,0.001631822,0.000179773
2020-11-27,14:34:20,8.019400024,9.053500366,163.7630615,185.4126892,161.1504059,160.0161896,277.5323181,155.9969177,133.310379,0,0,0.001631822,0.000179773
2020-11-27,14:34:21,8.018499756,9.053299713,163.7630615,185.4263306,161.151825,160.0167236,277.5307617,156.006958,133.3025513,0,0,0.001631822,0.000179773
2020-11-27,14:34:22,8.017700195,9.053199768,163.7630615,185.4408875,161.1510925,160.0160675,277.5326233,156.0183258,133.2936707,0,0,0.001631822,0.000179773
2020-11-27,14:34:23,8.016999817,9.053099823,163.7630615,185.4537964,161.1508179,160.01651,277.5314331,156.0285034,133.2857666,0,0,0.001631822,0.000179773
2020-11-27,14:34:24,8.016400146,9.052999878,163.7630615,185.4681549,161.1504059,160.0163422,277.5319824,156.0386353,133.2778015,0,0,0.001631822,0.000179773
2020-11-27,14:34:25,8.015599823,9.052899933,163.7630615,185.481781,161.1506195,160.0162964,277.5317078,156.0485687,133.2700195,0,0,0.001616873,0.000179881
2020-11-27,14:34:26,8.015200043,9.052799988,163.7630615,185.495285,161.1498413,160.0161285,277.5324402,156.0583191,133.2623901,0,0,0.001618447,0.000179881
2020-11-27,14:34:27,8.014399719,9.052600098,163.7630615,185.5101624,161.1503143,160.0159607,277.5330505,156.0681763,133.2547607,0,0,0.001618447,0.000179714
2020-11-27,14:34:28,8.013899994,9.051399994,163.7630615,185.52388,161.1499786,160.0163422,277.5317383,156.0769958,133.247879,0,0,0.001634182,0.000179849
2020-11-27,14:34:29,8.012999725,9.049299622,163.7630615,185.5384064,161.1503906,160.0161285,277.5324097,156.0870209,133.2401123,0,0,0.001634182,0.000179849
2020-11-27,14:34:30,8.0125,9.047299957,163.7630615,185.5512695,161.1491547,160.0162506,277.532135,156.0967865,133.2324371,0,0,0.001634182,0.000179849
2020-11-27,14:34:31,8.011599731,9.045400238,163.7630615,185.565979,161.1484833,160.0160675,277.5325623,156.1053009,133.2258759,0,0,0.001634182,0.000179849
2020-11-27,14:34:32,8.010800171,9.04489975,163.7630615,185.5797272,161.1495056,160.0160065,277.5328369,156.114975,133.218277,0,0,0.001634182,0.000179849
2020-11-27,14:34:33,8.010199738,9.04489975,163.7640839,185.5933838,161.1486206,160.0160675,277.5325928,156.1236115,133.2115479,0,0,0.001634182,0.000179849
2020-11-27,14:34:34,8.009300232,9.044999695,163.7640839,185.6076355,161.1490479,160.0163879,277.5316467,156.1331787,133.2041168,0,0,0.001634182,0.000179849
2020-11-27,14:34:35,8.008899689,9.04509964,163.7640839,185.6206818,161.1494904,160.0157928,277.5333252,156.1425323,133.1968384,0,0,0.001634182,0.000179849
2020-11-27,14:34:36,8.008300018,9.043800354,163.7640839,185.6340332,161.1487885,160.0154114,277.5343628,156.1506042,133.1904449,0,0,0.001634182,0.000179849
2020-11-27,14:34:37,8.00739975,9.041400146,163.7640839,185.6488647,161.1480713,160.0159607,277.532959,156.1593475,133.1837158,0,0,0.001634182,0.000179849
2020-11-27,14:34:38,8.006700134,9.038999939,163.7640839,185.6620026,161.1486816,160.0160065,277.5330505,156.1686249,133.1764069,0,0,0.001634182,0.000179849
2020-11-27,14:34:39,8.005899811,9.036799622,163.7630768,185.6758881,161.1482086,160.0152435,277.5349731,156.1760406,133.1706085,0,0,0.001634182,0.000179849
2020-11-27,14:34:40,8.005200195,9.034500122,163.7630768,185.6904907,161.1478729,160.0153503,277.5345764,156.1852417,133.1635437,0,0,0.001634182,0.000179849
2020-11-27,14:34:41,8.004399872,9.032299805,163.7630768,185.7042542,161.1483917,160.0154114,277.5344238,156.1932983,133.1572571,0,0,0.001634182,0.000179849
2020-11-27,14:34:42,8.003600311,9.030200195,163.7630768,185.7175598,161.1487579,160.0152435,277.5350342,156.2010956,133.1511688,0,0,0.001634182,0.000179849
2020-11-27,14:34:43,8.002999878,9.028199768,163.7630768,185.7304688,161.1473236,160.0149078,277.5357971,156.2093506,133.1446991,0,0,0.001634182,0.000179849
2020-11-27,14:34:44,8.002200317,9.026100159,163.7630768,185.7446289,161.1476288,160.0151215,277.5352478,156.2185669,133.1375427,0,0,0.001634182,0.000179849
2020-11-27,14:34:45,8.001399994,9.024199677,163.7630768,185.758728,161.1464996,160.0145264,277.5368347,156.2249298,133.1325684,0,0,0.001596243,0.000179849
2020-11-27,14:34:46,8.000700378,9.022299957,163.7630768,185.7731018,161.1473694,160.0141144,277.5379639,156.2338562,133.1256256,0,0,0.001596243,0.000179849
2020-11-27,14:34:47,7.99980011,9.020600128,163.7630768,185.7859039,161.1468506,160.0141754,277.538147,156.2410736,133.1200409,0,0,0.001596243,0.000179849
2020-11-27,14:34:48,7.998899841,9.018699646,163.7630768,185.8005981,161.1459045,160.0144196,277.5372314,156.2488556,133.1139832,0,0,0.001596243,0.000179849
2020-11-27,14:34:49,7.998100281,9.016999817,163.7641602,185.8136749,161.1468964,160.0134735,277.5397034,156.2572174,133.1075287,0,0,0.001596243,0.000179849
2020-11-27,14:34:50,7.997200012,9.015399933,163.7641602,185.8274231,161.1472626,160.0132599,277.5403442,156.2649078,133.1014862,0,0,0.001596243,0.000179849
2020-11-27,14:34:51,7.996299744,9.013800049,163.7641602,185.8416138,161.1460114,160.0134735,277.5397034,156.272522,133.0955811,0,0,0.001612328,0.000179825
2020-11-27,14:34:52,7.995600128,9.012200165,163.7641602,185.8549042,161.146698,160.0137024,277.5391541,156.2801361,133.0896454,0,0,0.001612328,0.000179825
2020-11-27,14:34:53,7.994799805,9.010700226,163.7641602,185.869812,161.1455536,160.0126953,277.5418091,156.2875366,133.083847,0,0,0.001612328,0.000179825
2020-11-27,14:34:54,7.994100189,9.009300232,163.7641602,185.883255,161.1462097,160.0121002,277.5435791,156.2944183,133.0785217,0,0,0.001612328,0.000179825
2020-11-27,14:34:55,7.993099976,9.007800293,163.7641602,185.8955231,161.1457214,160.0119019,277.5441284,156.3020172,133.0726471,0,0,0.001612328,0.000179853
2020-11-27,14:34:56,7.992199707,9.006500244,163.7631226,185.9105835,161.1465302,160.0122528,277.5430908,156.3092499,133.0669556,0,0,0.001612328,0.000179853
2020-11-27,14:34:57,7.991300201,9.005200195,163.7641296,185.9236298,161.1461334,160.0115356,277.545166,156.3158264,133.0618591,0,0,0.001612328,0.000179768
2020-11-27,14:34:58,7.990299988,9.005000305,163.7641296,185.9373779,161.1451263,160.0111389,277.5462341,156.3225861,133.0565338,0,0,0.001612328,0.000179768
2020-11-27,14:34:59,7.989600372,9.006600189,163.7641296,185.9506378,161.1443634,160.0106506,277.5475464,156.3298035,133.0509644,0,0,0.001612328,0.000179768
2020-11-27,14:35:00,7.988600159,9.008399963,163.7631226,185.9650574,161.1454926,160.0109253,277.5467529,156.3364868,133.0458069,0,0,0.001612328,0.000179854
2020-11-27,14:35:01,7.987799835,9.008699799,163.7641602,185.9786835,161.1458435,160.0101929,277.5487671,156.3437042,133.0401306,0,0,0.001612328,0.000179854
2020-11-27,14:35:02,7.98710022,9.008399963,163.7641602,185.9914703,161.144577,160.009964,277.5493469,156.3504791,133.0348358,0,0,0.00162579,0.000179854
2020-11-27,14:35:03,7.986399841,9.008200073,163.7641602,186.0058136,161.1452789,160.0102539,277.5486145,156.3562012,133.0303955,0,0,0.001613989,0.000179742
2020-11-27,14:35:04,7.985900116,9.007900238,163.7641602,186.0196686,161.1449432,160.0093079,277.5512085,156.3630676,133.0250854,0,0,0.001635843,0.000179742
2020-11-27,14:35:05,7.985099792,9.00759964,163.7641602,186.0333252,161.1457062,160.0089264,277.5523376,156.3701019,133.0196075,0,0,0.001635843,0.000179742
2020-11-27,14:35:06,7.983999634,9.007499695,163.7641602,186.0469818,161.1439514,160.0091553,277.5516052,156.3770599,133.0142212,0,0,0.001635843,0.000179742
2020-11-27,14:35:07,7.983300018,9.007299805,163.7641602,186.0599365,161.1445007,160.0086365,277.5531006,156.3835602,133.0091248,0,0,0.001635843,0.000179742
2020-11-27,14:35:08,7.98239975,9.007099915,163.7641602,186.0744781,161.1447754,160.008194,277.5543213,156.3893585,133.0046387,0,0,0.001635843,0.000179742
2020-11-27,14:35:09,7.981800079,9.00719986,163.7641602,186.0878906,161.144043,160.0078583,277.5552368,156.3963165,132.9992828,0,0,0.001635843,0.000179742
2020-11-27,14:35:10,7.981099701,9.00739975,163.7641602,186.1009674,161.1448364,160.00737,277.5565491,156.4026184,132.994339,0,0,0.001624129,0.000179742
2020-11-27,14:35:11,7.98010025,9.008000183,163.7641602,186.1151733,161.144516,160.0072021,277.5570984,156.4093933,132.9891815,0,0,0.001624129,0.000179742
2020-11-27,14:35:12,7.979399872,9.008499908,163.7641602,186.1276703,161.1437683,160.006958,277.5576477,156.414917,132.984848,0,0,0.001624129,0.000179742
2020-11-27,14:35:13,7.978900146,9.008999634,163.7641602,186.1420746,161.1448059,160.006485,277.5591125,156.4205627,132.9804535,0,0,0.001624129,0.000179742
2020-11-27,14:35:14,7.978299713,9.009500122,163.7641602,186.1563416,161.1450348,160.0063019,277.5594177,156.4275055,132.9750061,0,0,0.001624129,0.000179742
2020-11-27,14:35:15,7.977400208,9.009600067,163.7641602,186.1696625,161.1446991,160.0061493,277.5589294,156.4331512,132.9706421,0,0,0.001624129,0.000179742
2020-11-27,14:35:16,7.976699829,9.009300232,163.7651825,186.1841125,161.1443024,160.0055237,277.5615845,156.4385986,132.9664459,0,0,0.001624129,0.000179742
2020-11-27,14:35:17,7.976000214,9.009100342,163.7641144,186.1972046,161.1440277,160.0053253,277.5621948,156.4451752,132.9613495,0,0,0.001624129,0.000179742
2020-11-27,14:35:18,7.97539978,9.008799744,163.7641144,186.2103119,161.1439209,160.0055237,277.5615845,156.4514618,132.9564514,0,0,0.001624129,0.000179742
2020-11-27,14:35:19,7.974700165,9.008499908,163.7641144,186.223999,161.1452789,160.0050964,277.5627747,156.4566345,132.9523621,0,0,0.001624129,0.000179742
2020-11-27,14:35:20,7.973999786,9.008300018,163.7641144,186.2370911,161.1447754,160.0050507,277.5628662,156.4632111,132.9472961,0,0,0.001624129,0.000179742
2020-11-27,14:35:21,7.973300171,9.008000183,163.7641144,186.2507629,161.1437225,160.0045319,277.5643005,156.4685822,132.9431,0,0,0.001624129,0.000179742
2020-11-27,14:35:22,7.972799683,9.007800293,163.7641144,186.2652588,161.1446838,160.0040436,277.5656433,156.4736633,132.9391785,0,0,0.001624129,0.000179742
2020-11-27,14:35:23,7.972299957,9.00759964,163.7641144,186.2779541,161.1440125,160.0044708,277.5645142,156.4789886,132.9350433,0,0,0.001624129,0.000179742
2020-11-27,14:35:24,7.971399689,9.007299805,163.7641144,186.29245,161.143631,160.0035706,277.5668945,156.4848328,132.9305115,0,0,0.001624129,0.000179742
2020-11-27,14:35:25,7.970899963,9.007099915,163.7641144,186.3057251,161.1447144,160.0039215,277.565979,156.4900818,132.9264221,0,0,0.001624129,0.000179742
2020-11-27,14:35:26,7.970200348,9.006800079,163.7651215,186.3175659,161.1434021,160.0033112,277.5677185,156.4950867,132.9225616,0,0,0.001624129,0.000179742
2020-11-27,14:35:27,7.96969986,9.006500244,163.7651215,186.3306885,161.1447601,160.003418,277.5673523,156.5013733,132.9176636,0,0,0.001624129,0.000179742
2020-11-27,14:35:28,7.969000244,9.006300354,163.7651215,186.3462067,161.1450348,160.0028534,277.5687866,156.5056152,132.9143829,0,0,0.001624129,0.000179742
2020-11-27,14:35:29,7.968499756,9.006199646,163.7640991,186.359726,161.1446075,160.0024719,277.5699463,156.5113373,132.9098816,0,0,0.001624129,0.000179742
2020-11-27,14:35:30,7.96760025,9.006300354,163.7640991,186.3720245,161.1448212,160.0021362,277.5708618,156.5159302,132.906311,0,0,0.001619146,0.000179742
2020-11-27,14:35:31,7.967199707,9.006500244,163.7640991,186.3866425,161.1435852,160.0018768,277.5716553,156.5213013,132.9021301,0,0,0.001619146,0.000179742
2020-11-27,14:35:32,7.966600037,9.006800079,163.7640991,186.399826,161.1430359,160.0022583,277.5706177,156.5263824,132.8982086,0,0,0.001619146,0.000179736
2020-11-27,14:35:33,7.966100311,9.007099915,163.7640991,186.4143372,161.1442413,160.0015869,277.5724182,156.5306091,132.8948975,0,0,0.001619146,0.000179736
2020-11-27,14:35:34,7.965599823,9.007299805,163.7640991,186.426712,161.1443024,160.0009308,277.5742798,156.5360718,132.8907471,0,0,0.001619146,0.000179736
2020-11-27,14:35:35,7.965000153,9.007099915,163.7640991,186.4396515,161.1447144,160.0005798,277.5750732,156.5404816,132.8872681,0,0,0.001619146,0.000179736
2020-11-27,14:35:36,7.964499664,9.006600189,163.7640991,186.4538879,161.1449432,160.0009308,277.5743103,156.5461273,132.8828735,0,0,0.001612328,0.000179854
2020-11-27,14:35:37,7.963899994,9.006500244,163.7640991,186.4675903,161.1445923,160.0004883,277.57547,156.5502625,132.879715,0,0,0.001611891,0.000179854
2020-11-27,14:35:38,7.963200378,9.006900024,163.7640991,186.4804993,161.1447906,160.0003662,277.5757751,156.5547791,132.8761902,0,0,0.001611891,0.000179826
2020-11-27,14:35:39,7.962799835,9.007299805,163.7640991,186.4944458,161.1443024,159.999588,277.5778503,156.5595856,132.872467,0,0,0.001611891,0.000179826
2020-11-27,14:35:40,7.962200165,9.007499695,163.7640991,186.5069733,161.1447296,159.9997559,277.5774536,156.5637207,132.8693237,0,0,0.001627101,0.000179826
2020-11-27,14:35:41,7.961599731,9.00719986,163.7640991,186.521225,161.1443329,159.9994659,277.5782776,156.5685272,132.8656311,0,0,0.001627101,0.000179826
2020-11-27,14:35:42,7.961000061,9.006900024,163.7640991,186.5349579,161.14505,159.9992523,277.5788574,156.5726471,132.8624268,0,0,0.001627101,0.000179826
2020-11-27,14:35:43,7.960500336,9.006500244,163.7640991,186.5484009,161.1443939,159.9988708,277.5798645,156.5778198,132.858429,0,0,0.001627101,0.000179826
2020-11-27,14:35:44,7.960099792,9.006300354,163.7640991,186.5620575,161.1439209,159.9994659,277.5783081,156.5820465,132.8551025,0,0,0.001627101,0.000179826
2020-11-27,14:35:45,7.959600067,9.006099701,163.7640991,186.5751648,161.1456299,159.9984741,277.5808411,156.5857239,132.8522949,0,0,0.001627101,0.000179826
2020-11-27,14:35:46,7.959100342,9.006300354,163.7640991,186.5878754,161.144043,159.9986572,277.5812683,156.589859,132.8490295,0,0,0.001627101,0.000179826
2020-11-27,14:35:47,7.958599854,9.006400299,163.7640991,186.6026306,161.145813,159.9985504,277.5802307,156.5939941,132.8457947,0,0,0.001627101,0.000179826
2020-11-27,14:35:48,7.958000183,9.006600189,163.7640991,186.6144257,161.1452332,159.9976501,277.5831604,156.5978546,132.8428497,0,0,0.001627101,0.000179826
2020-11-27,14:35:49,7.957700348,9.006800079,163.7640991,186.6284485,161.1454468,159.9980927,277.5820007,156.6026459,132.8391724,0,0,0.001627101,0.000179826
2020-11-27,14:35:50,7.95719986,9.006900024,163.7640991,186.6431122,161.1452942,159.9977112,277.5830383,156.606308,132.836319,0,0,0.001627101,0.000179826
2020-11-27,14:35:51,7.956600189,9.007099915,163.7640991,186.6551666,161.1446991,159.9972534,277.5843506,156.6099854,132.8334808,0,0,0.001627101,0.000179826
2020-11-27,14:35:52,7.956199646,9.00719986,163.7640991,186.6685486,161.1452332,159.9968109,277.5855713,156.614502,132.8299408,0,0,0.001627101,0.000179826
2020-11-27,14:35:53,7.955500031,9.007299805,163.7640991,186.6829224,161.14534,159.996521,277.5863953,156.6188202,132.8265991,0,0,0.001633745,0.000179826
2020-11-27,14:35:54,7.95530014,9.00739975,163.7640991,186.6953278,161.1448059,159.9968719,277.5854492,156.621933,132.8241577,0,0,0.001633745,0.000179826
2020-11-27,14:35:55,7.954799652,9.007499695,163.7640991,186.7076111,161.1455231,159.9963074,277.5868835,156.6249542,132.8218994,0,0,0.001633745,0.000179852
2020-11-27,14:35:56,7.954499817,9.00759964,163.7640991,186.7215271,161.1448364,159.9961395,277.5874634,156.6292572,132.8184967,0,0,0.001633745,0.000179852
2020-11-27,14:35:57,7.954100037,9.007700348,163.7640991,186.7364044,161.1455994,159.9958038,277.5883179,156.6330414,132.8155823,0,0,0.001633745,0.000179965
2020-11-27,14:35:58,7.953399658,9.007800293,163.7640991,186.7490234,161.1463318,159.9960938,277.5874939,156.6367035,132.8127594,0,0,0.001633745,0.000179965
2020-11-27,14:35:59,7.952999878,9.007800293,163.7640991,186.7632904,161.145752,159.9959106,277.5878906,156.6399994,132.8101807,0,0,0.001631647,0.000179933
2020-11-27,14:36:00,7.952700043,9.007900238,163.7640991,186.7765656,161.1450958,159.9950867,277.5900879,156.6433868,132.8075409,0,0,0.0016278,0.000179933
2020-11-27,14:36:01,7.952200317,9.008000183,163.7640991,186.7893677,161.1463928,159.9957581,277.588501,156.6474304,132.8044586,0,0,0.0016278,0.000179933
2020-11-27,14:36:02,7.951799774,9.007900238,163.7630768,186.8032532,161.1460114,159.9952545,277.5897217,156.650528,132.8020172,0,0,0.0016278,0.000179878
2020-11-27,14:36:03,7.951399994,9.008100128,163.7641449,186.8163147,161.1465759,159.9950256,277.5904541,156.654007,132.7993469,0,0,0.0016278,0.000179878
2020-11-27,14:36:04,7.951000214,9.008100128,163.7641449,186.8299561,161.1459503,159.9947662,277.5910645,156.6570282,132.7969513,0,0,0.0016278,0.000179878
2020-11-27,14:36:05,7.95039978,9.008200073,163.7641449,186.8431854,161.1470947,159.994278,277.5925293,156.6607056,132.7941284,0,0,0.001655512,0.000179878
2020-11-27,14:36:06,7.95,9.008200073,163.7641449,186.8558197,161.1475677,159.9943695,277.5922241,156.663147,132.7922516,0,0,0.001655512,0.000179736
2020-11-27,14:36:07,7.949500275,9.008200073,163.7641449,186.869339,161.1463776,159.9938812,277.5936279,156.6662292,132.7898102,0,0,0.001655512,0.000179736
2020-11-27,14:36:08,7.949299622,9.008300018,163.7641449,186.8833008,161.147171,159.9936981,277.5939941,156.6699066,132.7869415,0,0,0.001655512,0.000179851
2020-11-27,14:36:09,7.948999786,9.008200073,163.7641449,186.8955994,161.145874,159.993988,277.5932617,156.6735687,132.7841797,0,0,0.001625965,0.000179851
2020-11-27,14:36:10,7.948600006,9.008300018,163.765152,186.9095612,161.1472015,159.9936981,277.5940247,156.67659,132.7818604,0,0,0.001625965,0.000179851
2020-11-27,14:36:11,7.948400116,9.008200073,163.7640533,186.9219208,161.1479797,159.9934692,277.5946045,156.6792297,132.7797394,0,0,0.001625965,0.000180076
2020-11-27,14:36:12,7.947799683,9.008300018,163.7640533,186.9372406,161.1473846,159.993103,277.5957642,156.6818695,132.7777252,0,0,0.001600789,0.000179831
2020-11-27,14:36:13,7.947399902,9.008200073,163.7640533,186.9504852,161.1470642,159.9933167,277.5950623,156.6847687,132.7754974,0,0,0.001601925,0.000179831
2020-11-27,14:36:14,7.947000122,9.008300018,163.7640533,186.9624023,161.1474304,159.992981,277.5960693,156.6881714,132.7728577,0,0,0.001601925,0.000179773
2020-11-27,14:36:15,7.946700287,9.008200073,163.7650909,186.9766541,161.1476746,159.9925232,277.597168,156.6907196,132.770874,0,0,0.001601925,0.000179773
2020-11-27,14:36:16,7.946499634,9.008300018,163.7650909,186.9903259,161.1476288,159.9923553,277.5976868,156.6934357,132.7687683,0,0,0.001601925,0.000179773
2020-11-27,14:36:17,7.947100067,9.008300018,163.7650909,187.0028229,161.1474915,159.9927521,277.5966492,156.6962585,132.7665405,0,0,0.001601925,0.00017983
2020-11-27,14:36:18,7.947399902,9.008200073,163.7639771,187.0164948,161.1476746,159.9918671,277.5990906,156.6985168,132.7647858,0,0,0.001601925,0.00017983
2020-11-27,14:36:19,7.948300171,9.008300018,163.7639771,187.0290527,161.1474457,159.9919281,277.598877,156.7019806,132.7621002,0,0,0.001620195,0.00017983
2020-11-27,14:36:20,7.949099731,9.008200073,163.7639771,187.0430756,161.1481323,159.9921417,277.5984192,156.7039642,132.7605591,0,0,0.001620195,0.00017983
2020-11-27,14:36:21,7.949900055,9.008200073,163.7639771,187.0558472,161.1486359,159.9914856,277.6001587,156.707077,132.7581787,0,0,0.001620195,0.00017983
2020-11-27,14:36:22,7.95059967,9.008100128,163.7639771,187.0688324,161.1481018,159.9917603,277.5994873,156.7095337,132.7562866,0,0,0.001620195,0.000179771
2020-11-27,14:36:23,7.951200104,9.008200073,163.7639771,187.0822449,161.1489868,159.9912567,277.6007385,156.7122498,132.7541504,0,0,0.001620195,0.000179771
2020-11-27,14:36:24,7.951699829,9.008100128,163.7639771,187.0955658,161.148407,159.9913788,277.6001892,156.7150726,132.7520142,0,0,0.001606733,0.000179801
2020-11-27,14:36:25,7.952100372,9.008200073,163.7639771,187.1081085,161.1489258,159.990921,277.6017456,156.7173309,132.7501984,0,0,0.001606733,0.000179854
2020-11-27,14:36:26,7.952600098,9.008100128,163.7639771,187.1221619,161.1480865,159.9907227,277.6022949,156.7198639,132.74823,0,0,0.001606733,0.000179854
2020-11-27,14:36:27,7.953199768,9.008100128,163.7639771,187.1354523,161.1494598,159.9904327,277.6029358,156.7220459,132.7466125,0,0,0.001606733,0.000179968
2020-11-27,14:36:28,7.953700256,9.008000183,163.7639771,187.1479187,161.1485443,159.9903259,277.6032104,156.7241211,132.7449341,0,0,0.001606733,0.000179968
2020-11-27,14:36:29,7.954100037,9.008100128,163.7639771,187.1609802,161.1506195,159.9907684,277.6020508,156.7273102,132.7424469,0,0,0.001606733,0.000179856
2020-11-27,14:36:30,7.954499817,9.008000183,163.7639771,187.1752625,161.150238,159.9909821,277.6027222,156.7293854,132.7409821,0,0,0.001602187,0.00017972
2020-11-27,14:36:31,7.955500031,9.008000183,163.7649841,187.1882935,161.149765,159.9899292,277.6044617,156.7320404,132.7389069,0,0,0.001602187,0.00017972
2020-11-27,14:36:32,7.956600189,9.007900238,163.763916,187.2022247,161.150177,159.9897614,277.6048279,156.7337036,132.7376556,0,0,0.001602187,0.000179967
2020-11-27,14:36:33,7.957499695,9.008000183,163.763916,187.2158203,161.1509552,159.9902039,277.6037292,156.7370148,132.7350922,0,0,0.001602187,0.000179967
2020-11-27,14:36:34,7.958499908,9.007900238,163.7650146,187.2277527,161.1503906,159.9893036,277.6059875,156.7388153,132.7336578,0,0,0.001602187,0.000179828
2020-11-27,14:36:35,7.959100342,9.007900238,163.7639465,187.240509,161.1511536,159.9897003,277.6050415,156.7409668,132.7319946,0,0,0.001602187,0.000179744
2020-11-27,14:36:36,7.960099792,9.007800293,163.7639465,187.2550964,161.1502228,159.9889069,277.6070557,156.7428284,132.7304993,0,0,0.001586977,0.000179744
2020-11-27,14:36:37,7.960800171,9.007800293,163.7639465,187.2686768,161.1509705,159.9894562,277.6056824,156.7451782,132.7286987,0,0,0.001586977,0.000179744
2020-11-27,14:36:38,7.96190033,9.007800293,163.7649994,187.280899,161.1513367,159.9890442,277.6069031,156.7477417,132.7267456,0,0,0.001586977,0.000179744
2020-11-27,14:36:39,7.96269989,9.007700348,163.7639771,187.2941437,161.1506653,159.9889069,277.6071777,156.7497253,132.725174,0,0,0.001586977,0.000179744
2020-11-27,14:36:40,7.963500214,9.007800293,163.7639771,187.3074341,161.1510162,159.9885864,277.6080627,156.7513123,132.7239685,0,0,0.001586977,0.000179744
2020-11-27,14:36:41,7.964099884,9.007700348,163.7639771,187.3210907,161.1513062,159.9886932,277.6077576,156.753479,132.7222748,0,0,0.001586977,0.000179744
2020-11-27,14:36:42,7.964600372,9.007800293,163.7639771,187.334198,161.1505737,159.9882202,277.6090698,156.7567902,132.7197418,0,0,0.001579896,0.000179744
2020-11-27,14:36:43,7.965599823,9.007700348,163.7639771,187.3472443,161.1518402,159.9881592,277.6092529,156.7578278,132.7189636,0,0,0.001579896,0.000179744
2020-11-27,14:36:44,7.966300201,9.00759964,163.7639771,187.3602448,161.151123,159.988266,277.6089172,156.7600708,132.7171936,0,0,0.001579896,0.000179744
2020-11-27,14:36:45,7.966999817,9.007700348,163.7639771,187.3745422,161.1517639,159.987915,277.6099243,156.7626038,132.7151794,0,0,0.001579896,0.000179744
2020-11-27,14:36:46,7.96780014,9.00759964,163.7639771,187.3877869,161.1520386,159.9877625,277.6102295,156.7639313,132.7142029,0,0,0.001579896,0.000179744
2020-11-27,14:36:47,7.968299866,9.00759964,163.7639771,187.3997498,161.1517639,159.9877014,277.6105042,156.7664642,132.7122498,0,0,0.001579896,0.000179744
2020-11-27,14:36:48,7.969200134,9.007499695,163.7639771,187.414566,161.1522522,159.987442,277.611145,156.7687378,132.7105408,0,0,0.001579896,0.000179744
2020-11-27,14:36:49,7.96989975,9.007499695,163.7639771,187.4273224,161.1529694,159.987381,277.6114502,156.7704315,132.7092133,0,0,0.001579896,0.000179775
2020-11-27,14:36:50,7.970600128,9.00759964,163.7639771,187.4406128,161.1522522,159.9871979,277.6118774,156.7725983,132.7074585,0,0,0.001579896,0.000179775
2020-11-27,14:36:51,7.971199799,9.007499695,163.7639771,187.4530182,161.1531067,159.9869843,277.6126099,156.7750397,132.7055511,0,0,0.001579896,0.000179775
2020-11-27,14:36:52,7.971700287,9.00739975,163.7639771,187.4664612,161.1528015,159.9868774,277.6127625,156.7765656,132.704422,0,0,0.001579896,0.000179775
2020-11-27,14:36:53,7.972699738,9.00739975,163.7639771,187.4796448,161.1535034,159.986557,277.6138,156.778717,132.7028046,0,0,0.001579896,0.000179775
2020-11-27,14:36:54,7.973100281,9.00739975,163.7649841,187.493576,161.1530457,159.9868774,277.6128235,156.7810669,132.7009583,0,0,0.001579896,0.000179775
2020-11-27,14:36:55,7.973799896,9.007299805,163.7649841,187.5065002,161.1533813,159.9871063,277.6121826,156.7823792,132.6998749,0,0,0.001579896,0.000179775
2020-11-27,14:36:56,7.974500275,9.007299805,163.7649841,187.5198517,161.15271,159.986145,277.6148071,156.7842712,132.6984253,0,0,0.001579896,0.000179775
2020-11-27,14:36:57,7.975,9.007299805,163.7639771,187.5329437,161.1537628,159.9866638,277.6135254,156.7864227,132.6967926,0,0,0.001579896,0.000179775
2020-11-27,14:36:58,7.975499725,9.00719986,163.7639771,187.5441742,161.154007,159.9859772,277.6152039,156.7885895,132.6951294,0,0,0.001579896,0.000179775
2020-11-27,14:36:59,7.976000214,9.00719986,163.7639771,187.5596924,161.1528778,159.9856415,277.6160889,156.7905731,132.6935577,0,0,0.001579896,0.000179775
2020-11-27,14:37:00,7.976599884,9.00719986,163.7639771,187.5722656,161.1539001,159.9859161,277.6154175,156.7928314,132.691864,0,0,0.001579896,0.000179775
2020-11-27,14:37:01,7.977200317,9.00719986,163.7639771,187.58461,161.1532288,159.9858093,277.6157532,156.7947235,132.6904144,0,0,0.001579896,0.000179775
2020-11-27,14:37:02,7.977700043,9.007099915,163.7639771,187.6009521,161.1553192,159.9855347,277.6165161,156.7972565,132.6884155,0,0,0.001579896,0.000179775
2020-11-27,14:37:03,7.978099823,9.007099915,163.7639771,187.6122437,161.1545105,159.9853516,277.6168518,156.798584,132.6874237,0,0,0.001579896,0.000179775
2020-11-27,14:37:04,7.978700256,9.007099915,163.7639771,187.6256714,161.1552124,159.9854736,277.6166382,156.8004608,132.6859589,0,0,0.001579896,0.000179775
2020-11-27,14:37:05,7.979199982,9.006999969,163.7639771,187.6391144,161.1549225,159.9848633,277.6182251,156.8024445,132.6844025,0,0,0.001579896,0.000179775
2020-11-27,14:37:06,7.97990036,9.006999969,163.7639771,187.651825,161.1547394,159.9846954,277.6187134,156.8043365,132.6829224,0,0,0.001579896,0.000179775
2020-11-27,14:37:07,7.98030014,9.006999969,163.7639771,187.6645966,161.1551056,159.9849854,277.618042,156.8066711,132.6811371,0,0,0.001579896,0.000179775
2020-11-27,14:37:08,7.980899811,9.006999969,163.7639771,187.678299,161.1545715,159.9848633,277.6177673,156.8080902,132.6800385,0,0,0.001579896,0.000179775
2020-11-27,14:37:09,7.981300354,9.006900024,163.7639771,187.6917725,161.1552429,159.9851532,277.6175842,156.8105316,132.6781006,0,0,0.001579896,0.000179775
2020-11-27,14:37:10,7.981900024,9.006900024,163.7639771,187.7055969,161.1548462,159.9846344,277.618866,156.8123322,132.6766968,0,0,0.001579896,0.000179775
2020-11-27,14:37:11,7.982299805,9.006900024,163.7639771,187.7182159,161.1557159,159.9842072,277.6201477,156.8143768,132.6751709,0,0,0.001600701,0.000179856
2020-11-27,14:37:12,7.982900238,9.006800079,163.7639771,187.7316132,161.1552277,159.9841003,277.6205139,156.8164673,132.6735535,0,0,0.001601313,0.000179856
2020-11-27,14:37:13,7.983300018,9.006900024,163.7639771,187.7442474,161.1558533,159.984314,277.619873,156.8182526,132.6721649,0,0,0.001601313,0.000179856
2020-11-27,14:37:14,7.983999634,9.006800079,163.7639771,187.7578888,161.1553497,159.9839325,277.6209412,156.8199615,132.6708221,0,0,0.001601313,0.000179856
2020-11-27,14:37:15,7.984300232,9.006700134,163.7639771,187.7707367,161.1558533,159.9842072,277.6200256,156.822403,132.6689606,0,0,0.001601313,0.000179856
2020-11-27,14:37:16,7.984700012,9.006800079,163.7639771,187.7833252,161.156311,159.9837189,277.6216125,156.8246765,132.6671906,0,0,0.001601313,0.000179856
2020-11-27,14:37:17,7.985199738,9.006700134,163.7639771,187.7973022,161.1565399,159.983551,277.6211853,156.8256226,132.6664429,0,0,0.001616436,0.000179856
2020-11-27,14:37:18,7.985500336,9.006700134,163.7639771,187.8109436,161.1560669,159.9833221,277.6226501,156.8286285,132.6641235,0,0,0.001616436,0.000179856
2020-11-27,14:37:19,7.986000061,9.006700134,163.7639771,187.8230133,161.1567383,159.9836578,277.6216431,156.830307,132.6628418,0,0,0.001620283,0.000179716
2020-11-27,14:37:20,7.986399841,9.006600189,163.7639771,187.8370819,161.156311,159.9837189,277.6218262,156.8315582,132.6618652,0,0,0.001620283,0.000179716
2020-11-27,14:37:21,7.986799622,9.006500244,163.7639771,187.8497467,161.1567535,159.9834442,277.6221619,156.8340912,132.6599121,0,0,0.001620283,0.000179716
2020-11-27,14:37:22,7.987400055,9.006600189,163.7639771,187.8635559,161.1563721,159.9832153,277.6228638,156.8357849,132.6585846,0,0,0.001620283,0.000179716
2020-11-27,14:37:23,7.987599945,9.006500244,163.7650604,187.8766632,161.1564789,159.9826202,277.6245728,156.8378601,132.6569672,0,0,0.001620283,0.000179716
2020-11-27,14:37:24,7.98809967,9.006500244,163.7638855,187.8894653,161.1567535,159.9827728,277.6240845,156.8396606,132.6555786,0,0,0.001620283,0.000179716
2020-11-27,14:37:25,7.988500214,9.006400299,163.7638855,187.9037323,161.1572723,159.9828796,277.6237793,156.8421173,132.653717,0,0,0.001620283,0.000179716
2020-11-27,14:37:26,7.988899994,9.006400299,163.7638855,187.9162598,161.1578217,159.9830017,277.6234436,156.843811,132.65242,0,0,0.001624828,0.000179716
2020-11-27,14:37:27,7.989399719,9.006400299,163.7638855,187.9296112,161.1569977,159.9821472,277.6257935,156.846344,132.6504517,0,0,0.001624828,0.000179716
2020-11-27,14:37:28,7.989700317,9.006300354,163.7638855,187.9418488,161.1579285,159.9824066,277.6249084,156.8477783,132.649353,0,0,0.001624828,0.000179716
2020-11-27,14:37:29,7.990200043,9.006400299,163.7638855,187.9558105,161.1571045,159.9822998,277.6252747,156.8502045,132.6474762,0,0,0.001624828,0.000179716
2020-11-27,14:37:30,7.990399933,9.006300354,163.7628479,187.9688568,161.1582642,159.982254,277.6255188,156.8516235,132.6463318,0,0,0.001601925,0.000179716
2020-11-27,14:37:31,7.990699768,9.006199646,163.7638702,187.9815521,161.1590424,159.9824066,277.624939,156.8540802,132.6444244,0,0,0.001601925,0.000179716
2020-11-27,14:37:32,7.991200256,9.006199646,163.7638702,187.9958496,161.1583099,159.9820862,277.625885,156.8558655,132.6430817,0,0,0.001601925,0.000179716
2020-11-27,14:37:33,7.991500092,9.006199646,163.7638702,188.0077515,161.1579742,159.9818726,277.6264648,156.8579407,132.6414795,0,0,0.001601925,0.000179716
2020-11-27,14:37:34,7.991999817,9.006199646,163.7638702,188.0196991,161.1587677,159.9815826,277.6272888,156.8593445,132.6403656,0,0,0.001601925,0.000179716
2020-11-27,14:37:35,7.99240036,9.006099701,163.7628326,188.0343933,161.158371,159.9818726,277.6263733,156.8613281,132.638855,0,0,0.001601925,0.000179716
2020-11-27,14:37:36,7.993000031,9.006099701,163.7628326,188.0471191,161.1589813,159.9820251,277.6260986,156.8633881,132.6372223,0,0,0.001601925,0.000179716
2020-11-27,14:37:37,7.993399811,9.006099701,163.7628326,188.0604858,161.1594849,159.9812012,277.6282959,156.8650818,132.6359406,0,0,0.001601925,0.000179716
2020-11-27,14:37:38,7.993699646,9.005999756,163.7628326,188.0726929,161.1600952,159.9812622,277.6280823,156.8665009,132.6347809,0,0,0.001601925,0.000179884
2020-11-27,14:37:39,7.994400024,9.005999756,163.763855,188.086792,161.1587677,159.9810944,277.6287537,156.8689575,132.6329193,0,0,0.001601925,0.000179883
2020-11-27,14:37:40,7.995500183,9.005899811,163.763855,188.0999146,161.1604004,159.9807129,277.6297913,156.8713684,132.631073,0,0,0.001601925,0.000179886
2020-11-27,14:37:41,7.996600342,9.005999756,163.763855,188.1123657,161.1595764,159.981369,277.6278381,156.8726196,132.6301422,0,0,0.001601925,0.000179886
2020-11-27,14:37:42,7.997399902,9.005899811,163.763855,188.1257477,161.158905,159.9807587,277.6296387,156.875061,132.6282654,0,0,0.001601925,0.000179886
2020-11-27,14:37:43,7.998200226,9.005899811,163.763855,188.1398468,161.1592865,159.9805908,277.6292419,156.8764801,132.6271057,0,0,0.001601925,0.000179886
2020-11-27,14:37:44,7.998799896,9.005799866,163.763855,188.1519775,161.1599884,159.9810486,277.6288452,156.8785553,132.6255341,0,0,0.001601925,0.000179886
2020-11-27,14:37:45,7.999700165,9.005799866,163.763855,188.1656036,161.1602631,159.9803772,277.6305542,156.8806305,132.6239471,0,0,0.001571853,0.000179886
2020-11-27,14:37:46,8.00039978,9.005799866,163.763855,188.1781616,161.1598358,159.9805908,277.6300659,156.8823242,132.6226044,0,0,0.001571853,0.000179886
2020-11-27,14:37:47,8.001000214,9.005699921,163.7628326,188.190506,161.1597137,159.9807587,277.6295166,156.884491,132.6209259,0,0,0.001571853,0.000179886
2020-11-27,14:37:48,8.001200104,9.005699921,163.7628326,188.2036438,161.1599274,159.9803314,277.6307373,156.8860931,132.6196594,0,0,0.001571853,0.000179886
2020-11-27,14:37:49,8.001399994,9.005699921,163.7628326,188.2178345,161.1593933,159.9804382,277.6304626,156.8876038,132.6185455,0,0,0.001571853,0.000179886
2020-11-27,14:37:50,8.001300049,9.005699921,163.7628326,188.2310944,161.159729,159.9799347,277.6316833,156.8902435,132.6164246,0,0,0.001571853,0.000179886
2020-11-27,14:37:51,8.001399994,9.005599976,163.7638702,188.2442932,161.1595154,159.9801483,277.631134,156.8920288,132.6151276,0,0,0.001571853,0.000179886
2020-11-27,14:37:52,8.001100159,9.005599976,163.7638702,188.2568665,161.1607971,159.9802094,277.6308899,156.8936157,132.6138611,0,0,0.001571853,0.000179664
2020-11-27,14:37:53,8.001000214,9.005500031,163.7628479,188.2688599,161.1609192,159.9798737,277.631897,156.895401,132.6125031,0,0,0.001585053,0.000179664
2020-11-27,14:37:54,8.001200104,9.005599976,163.7628479,188.2829132,161.1598206,159.9799957,277.6315308,156.8975983,132.6108093,0,0,0.001585053,0.000179804
2020-11-27,14:37:55,8.000900269,9.005500031,163.7628479,188.2946777,161.1616364,159.9793701,277.6331787,156.8985291,132.6101074,0,0,0.001585053,0.000179688
2020-11-27,14:37:56,8.001100159,9.005400085,163.7628479,188.3086243,161.1607513,159.9797058,277.6322937,156.9015503,132.6077728,0,0,0.001585053,0.000179688
2020-11-27,14:37:57,8.000900269,9.005400085,163.7638855,188.3220978,161.1609039,159.9793091,277.6335144,156.9035034,132.6062622,0,0,0.001585053,0.000179688
2020-11-27,14:37:58,8.001100159,9.005400085,163.7628021,188.3361206,161.1612549,159.9798737,277.6319885,156.9050293,132.6051025,0,0,0.001585053,0.000179688
2020-11-27,14:37:59,8.001200104,9.00530014,163.7638245,188.3475647,161.1607971,159.9793701,277.6332092,156.9064484,132.6039581,0,0,0.001585053,0.000179688
2020-11-27,14:38:00,8.000900269,9.00530014,163.7627258,188.3614349,161.1611023,159.9795532,277.6327209,156.9086151,132.6023254,0,0,0.001585053,0.000179858
2020-11-27,14:38:01,8.001100159,9.00530014,163.7627258,188.374588,161.1619415,159.9793091,277.6333618,156.9110413,132.6004639,0,0,0.001602275,0.000179858
2020-11-27,14:38:02,8.000800323,9.005200195,163.7627258,188.3856201,161.1609802,159.9789429,277.634491,156.9128571,132.5990601,0,0,0.001602275,0.000179858
2020-11-27,14:38:03,8.000700378,9.005200195,163.7627258,188.4009705,161.16185,159.9792175,277.6337891,156.9141541,132.598053,0,0,0.001602275,0.000179858
2020-11-27,14:38:04,8.001000214,9.00510025,163.7627258,188.4137421,161.1609497,159.9788818,277.6346436,156.9162445,132.5964355,0,0,0.001602275,0.000179858
2020-11-27,14:38:05,8.000800323,9.005200195,163.7627258,188.42659,161.1622467,159.9792786,277.6334229,156.9179382,132.5951385,0,0,0.001602275,0.000179858
2020-11-27,14:38:06,8.000900269,9.005000305,163.7627258,188.4396667,161.162796,159.9785767,277.6353149,156.9199219,132.5936127,0,0,0.001602275,0.000179858
2020-11-27,14:38:07,8.001000214,9.00510025,163.7627258,188.4523926,161.1616974,159.9789429,277.634491,156.921814,132.5921783,0,0,0.001602275,0.000179858
2020-11-27,14:38:08,8.000900269,9.005000305,163.7627258,188.4647827,161.1632843,159.9784698,277.6356812,156.9236908,132.5907288,0,0,0.001602275,0.000179858
2020-11-27,14:38:09,8.001000214,9.00490036,163.7627258,188.4792175,161.1621246,159.9789429,277.6343994,156.9253845,132.5893707,0,0,0.001602275,0.000179858
2020-11-27,14:38:10,8.000900269,9.00490036,163.7627258,188.4910889,161.1624603,159.9784698,277.6357117,156.9268951,132.5881805,0,0,0.001602275,0.000179968
2020-11-27,14:38:11,8.001000214,9.004799652,163.7637634,188.5042877,161.1624146,159.9784088,277.6358643,156.9290619,132.5865479,0,0,0.001597904,0.000179968
2020-11-27,14:38:12,8.000800323,9.004799652,163.7637634,188.5175171,161.1631317,159.978363,277.6359863,156.9312134,132.5849152,0,0,0.001597904,0.000179968
2020-11-27,14:38:13,8.000700378,9.004699707,163.7627106,188.5301971,161.1624908,159.9784698,277.6357422,156.9328156,132.5836487,0,0,0.001597904,0.000179968
2020-11-27,14:38:14,8.000900269,9.004699707,163.7627106,188.5430145,161.1627045,159.9784088,277.6355286,156.9345093,132.5823212,0,0,0.001597904,0.000179968
2020-11-27,14:38:15,8.000800323,9.004699707,163.7627106,188.5553131,161.1623688,159.9775848,277.638092,156.9355621,132.5814514,0,0,0.001597904,0.000179968
2020-11-27,14:38:16,8.000800323,9.004599762,163.7627106,188.568222,161.1629181,159.9785767,277.635498,156.937149,132.5802612,0,0,0.001597904,0.000179968
2020-11-27,14:38:17,8.001000214,9.004599762,163.7627106,188.5812073,161.1636658,159.9779205,277.6371765,156.9393158,132.5786438,0,0,0.001597904,0.000179968
2020-11-27,14:38:18,8.000700378,9.004499817,163.7627106,188.5953674,161.1623077,159.9774933,277.6384277,156.9408264,132.5774231,0,0,0.001597904,0.000179968
2020-11-27,14:38:19,8.000900269,9.004399872,163.7616882,188.608017,161.1630249,159.9781494,277.6366882,156.9428101,132.575882,0,0,0.001597904,0.000179968
2020-11-27,14:38:20,8.000800323,9.004399872,163.7626953,188.6199341,161.1632233,159.9777527,277.6377563,156.9442291,132.5748138,0,0,0.001597904,0.000179716
2020-11-27,14:38:21,8.000700378,9.004299927,163.7626953,188.6326599,161.1635437,159.9774933,277.6383362,156.9461212,132.57341,0,0,0.001608918,0.00017988
2020-11-27,14:38:22,8.000900269,9.004299927,163.7626953,188.6464233,161.1629791,159.977829,277.6375122,156.9484711,132.5715637,0,0,0.001599652,0.00017988
2020-11-27,14:38:23,8.000700378,9.004199982,163.7626953,188.6591644,161.1627655,159.9776459,277.6380005,156.9499817,132.570343,0,0,0.001599652,0.00017988
2020-11-27,14:38:24,8.00059967,9.004199982,163.7626953,188.6711426,161.1630707,159.9773712,277.6387939,156.9510956,132.569519,0,0,0.001599652,0.00017988
2020-11-27,14:38:25,8.000900269,9.004100037,163.7626953,188.6839905,161.1642456,159.9773254,277.6388855,156.9533691,132.567749,0,0,0.001599652,0.00017988
2020-11-27,14:38:26,8.000800323,9.004100037,163.7626953,188.6975098,161.1643524,159.9777527,277.6377258,156.9543915,132.5669098,0,0,0.001599652,0.00017988
2020-11-27,14:38:27,8.000700378,9.004000092,163.7626953,188.7107849,161.1636963,159.9770508,277.6397095,156.9562836,132.5654602,0,0,0.001599652,0.000179717
2020-11-27,14:38:28,8.00059967,9.004000092,163.7616119,188.7232513,161.1639404,159.9772644,277.6389771,156.9586487,132.5636749,0,0,0.001613114,0.000179715
2020-11-27,14:38:29,8.000700378,9.003900146,163.7616119,188.735321,161.1637115,159.9769745,277.6398315,156.9597778,132.562851,0,0,0.001613377,0.000179746
2020-11-27,14:38:30,8.00039978,9.003900146,163.7626495,188.7490234,161.1641541,159.9769287,277.6399841,156.9611206,132.5617676,0,0,0.001613377,0.000179746
2020-11-27,14:38:31,8.000499725,9.003800201,163.7626495,188.7613678,161.1642303,159.9770966,277.6395569,156.9629822,132.5603333,0,0,0.001613377,0.000179746
2020-11-27,14:38:32,8.00059967,9.003700256,163.7626495,188.7739563,161.1641388,159.9771576,277.6393433,156.9645996,132.5590973,0,0,0.001613377,0.000179746
2020-11-27,14:38:33,8.000700378,9.003700256,163.7626495,188.7870636,161.1632385,159.9768066,277.6402283,156.9658051,132.5581512,0,0,0.001613377,0.000179746
2020-11-27,14:38:34,8.00059967,9.003600311,163.7626495,188.8001862,161.1643677,159.9770966,277.6395874,156.9676666,132.5566559,0,0,0.001613377,0.000179746
2020-11-27,14:38:35,8.00039978,9.003600311,163.7626495,188.8121033,161.1653595,159.9767151,277.640564,156.9690094,132.5556946,0,0,0.001600963,0.000179884
2020-11-27,14:38:36,8.000299835,9.003500366,163.7626495,188.8247681,161.1632385,159.9772034,277.6391602,156.9707947,132.5542755,0,0,0.001600963,0.000179881
2020-11-27,14:38:37,8.000499725,9.003500366,163.7616425,188.8389435,161.1646576,159.9760895,277.6421814,156.9724121,132.5530243,0,0,0.001600963,0.000179881
2020-11-27,14:38:38,8.00019989,9.003399658,163.7626953,188.8509521,161.164978,159.9767609,277.6405029,156.973526,132.5522308,0,0,0.001611191,0.000179881
2020-11-27,14:38:39,8.00039978,9.003299713,163.7616425,188.8639374,161.1646729,159.9767151,277.6404114,156.9753418,132.5507813,0,0,0.001611191,0.000179881
2020-11-27,14:38:40,8.000299835,9.003199768,163.7616425,188.875885,161.1649017,159.9768066,277.6402588,156.9770203,132.5494537,0,0,0.001611191,0.000179881
2020-11-27,14:38:41,8.00019989,9.003299713,163.7626801,188.8898773,161.1655579,159.9764404,277.6412659,156.9785309,132.5483246,0,0,0.001611191,0.000179881
2020-11-27,14:38:42,8.00039978,9.003099823,163.7626801,188.9013367,161.1649017,159.9764862,277.6411743,156.9795837,132.5475464,0,0,0.001611191,0.000179881
2020-11-27,14:38:43,8.00019989,9.003199768,163.7626801,188.9145355,161.1654968,159.9763336,277.6417236,156.9816589,132.5458527,0,0,0.001611191,0.000179881
2020-11-27,14:38:44,8.000299835,9.002999878,163.7626801,188.9281616,161.1657104,159.9760437,277.6423035,156.9828796,132.5450134,0,0,0.001609705,0.000179881
2020-11-27,14:38:45,8.00039978,9.002999878,163.7626801,188.9397278,161.1650085,159.9762878,277.6418152,156.9847565,132.5435181,0,0,0.001609705,0.000179881
2020-11-27,14:38:46,8.0,9.002899933,163.7626801,188.9521179,161.1655884,159.9767609,277.6403809,156.9860687,132.5424652,0,0,0.001609705,0.000179881
2020-11-27,14:38:47,8.000099945,9.002799988,163.7626801,188.9655151,161.1645355,159.9759979,277.6426697,156.9877625,132.5411987,0,0,0.001609705,0.000179881
2020-11-27,14:38:48,8.0,9.002799988,163.7626801,188.9786682,161.1658936,159.9759979,277.6425476,156.9887085,132.5404358,0,0,0.001609705,0.000179881
2020-11-27,14:38:49,8.000099945,9.002700043,163.761673,188.9897919,161.1645355,159.9759369,277.6427002,156.9902191,132.5392761,0,0,0.001609705,0.000179881
2020-11-27,14:38:50,7.99980011,9.002700043,163.761673,189.0026245,161.164978,159.9761505,277.6421509,156.9910583,132.5386353,0,0,0.001609705,0.000179881
2020-11-27,14:38:51,8.0,9.002600098,163.761673,189.0161133,161.1655579,159.9756622,277.6434631,156.9933167,132.5368805,0,0,0.001609705,0.000179881
2020-11-27,14:38:52,7.99980011,9.002500153,163.761673,189.0285339,161.1653442,159.9762115,277.6419067,156.9943695,132.5361023,0,0,0.001609705,0.000179881
2020-11-27,14:38:53,8.000099945,9.002600098,163.761673,189.0408325,161.1659088,159.9763947,277.6414795,156.9962616,132.5346375,0,0,0.001609705,0.000179881
2020-11-27,14:38:54,7.999900055,9.002400208,163.761673,189.054184,161.1651154,159.9753723,277.6442566,156.9968109,132.5341644,0,0,0.001609705,0.000179881
2020-11-27,14:38:55,7.99980011,9.002400208,163.761673,189.0667267,161.1659851,159.9756622,277.6434631,156.9990845,132.532486,0,0,0.001609705,0.000179881
2020-11-27,14:38:56,7.999700165,9.002300262,163.761673,189.0799561,161.1661682,159.9753723,277.644165,157.0001221,132.5316467,0,0,0.001609705,0.000179881
2020-11-27,14:38:57,7.99980011,9.002200317,163.761673,189.0906067,161.166687,159.9755707,277.6437683,157.0004883,132.5313416,0,0,0.001628587,0.000179883
2020-11-27,14:38:58,7.999700165,9.002200317,163.761673,189.1036224,161.1658936,159.9756622,277.6434937,157.002655,132.5297089,0,0,0.001620807,0.000179883
2020-11-27,14:38:59,7.99980011,9.002100372,163.7627106,189.116684,161.1652985,159.975769,277.6431274,157.0034332,132.529129,0,0,0.001615475,0.000179883
2020-11-27,14:39:00,7.999500275,9.002100372,163.7627106,189.1293335,161.166626,159.9756165,277.6436462,157.004837,132.5279541,0,0,0.001615475,0.000179883
2020-11-27,14:39:01,7.999299622,9.001999664,163.7616882,189.1421051,161.1658325,159.9758911,277.6429138,157.006897,132.5263977,0,0,0.001615475,0.000179883
2020-11-27,14:39:02,7.999500275,9.001899719,163.7606812,189.1541595,161.1665344,159.9754486,277.644104,157.007843,132.52565,0,0,0.001615475,0.000179883
2020-11-27,14:39:03,7.999299622,9.001899719,163.7606812,189.1669312,161.1666107,159.9751587,277.6448975,157.0091705,132.5246124,0,0,0.001615475,0.000179878
2020-11-27,14:39:04,7.999199677,9.001799774,163.7616882,189.1797791,161.167038,159.9755707,277.6437683,157.0102081,132.5238342,0,0,0.001615475,0.000179878
2020-11-27,14:39:05,7.99940033,9.001799774,163.7616882,189.1927338,161.1667938,159.9754486,277.644104,157.0114136,132.522934,0,0,0.001615475,0.000179878
2020-11-27,14:39:06,7.999199677,9.001699829,163.7616882,189.2047729,161.1672668,159.9751587,277.6448364,157.0125732,132.522049,0,0,0.001632871,0.000179878
2020-11-27,14:39:07,7.999099731,9.001599884,163.7616882,189.2172699,161.1665039,159.9754486,277.6440735,157.0140686,132.520813,0,0,0.001632871,0.000179797
2020-11-27,14:39:08,7.999299622,9.001599884,163.7616882,189.2298889,161.1669617,159.9753723,277.6442261,157.0152893,132.5199432,0,0,0.001632871,0.000179993
2020-11-27,14:39:09,7.998999786,9.001499939,163.7616882,189.2427368,161.1665039,159.9755707,277.6437378,157.0169983,132.5186157,0,0,0.001632871,0.000179993
2020-11-27,14:39:10,7.999199677,9.001399994,163.7616882,189.254715,161.1658173,159.9747009,277.6460571,157.0179443,132.5178833,0,0,0.001632871,0.000179993
2020-11-27,14:39:11,7.998899841,9.001499939,163.7616882,189.2662048,161.1672516,159.9749146,277.6454163,157.0189667,132.5170746,0,0,0.001632871,0.000179993
2020-11-27,14:39:12,7.998999786,9.001300049,163.7616882,189.2799072,161.1663513,159.9752502,277.6445618,157.0207672,132.515686,0,0,0.001632871,0.000179993
2020-11-27,14:39:13,7.998699951,9.001399994,163.7606354,189.291687,161.1674042,159.9750977,277.6449585,157.0215302,132.5151062,0,0,0.001632871,0.000179993
2020-11-27,14:39:14,7.998600006,9.001200104,163.7606354,189.3052521,161.1670227,159.9745178,277.6464233,157.0232086,132.5138397,0,0,0.001632871,0.000179993
2020-11-27,14:39:15,7.998699951,9.001200104,163.7606354,189.3167725,161.1676331,159.9745789,277.6463013,157.0242462,132.5130005,0,0,0.001630598,0.000179823
2020-11-27,14:39:16,7.998500061,9.001100159,163.7606354,189.3293457,161.1665497,159.9749146,277.6453857,157.0249176,132.5124817,0,0,0.001630598,0.000179823
2020-11-27,14:39:17,7.998300171,9.001100159,163.7606354,189.3427582,161.167572,159.9743042,277.6470642,157.0259399,132.511734,0,0,0.001630598,0.000179823
2020-11-27,14:39:18,7.998600006,9.001000214,163.761673,189.3541565,161.1674652,159.974823,277.6457825,157.0277405,132.5102844,0,0,0.001630598,0.000179823
2020-11-27,14:39:19,7.998500061,9.001000214,163.7606506,189.3669891,161.1678314,159.974762,277.6459045,157.029068,132.5093384,0,0,0.001630598,0.000179823
2020-11-27,14:39:20,7.998600006,9.000900269,163.7606506,189.3788605,161.167099,159.9748688,277.6456909,157.0294342,132.5090179,0,0,0.001630598,0.000179823
2020-11-27,14:39:21,7.998300171,9.000800323,163.7606506,189.3923035,161.1675415,159.974823,277.6457825,157.0303802,132.5082245,0,0,0.001641787,0.000179797
2020-11-27,14:39:22,7.998100281,9.000800323,163.7606506,189.4035645,161.1671143,159.9745789,277.6463623,157.0321655,132.5069427,0,0,0.001641787,0.000179797
2020-11-27,14:39:23,7.998300171,9.000700378,163.7606506,189.4163208,161.1689148,159.9745178,277.6464233,157.0327454,132.5063782,0,0,0.001641787,0.000179797
2020-11-27,14:39:24,7.998000336,9.000700378,163.7606506,189.4290619,161.1671753,159.9745789,277.6465759,157.0338745,132.5056,0,0,0.001641787,0.000179797
2020-11-27,14:39:25,7.997799683,9.00059967,163.7606506,189.4420166,161.1666107,159.9743652,277.6470032,157.0352936,132.5045166,0,0,0.001641787,0.000179797
2020-11-27,14:39:26,7.998200226,9.000499725,163.7606506,189.4538422,161.1680145,159.9741364,277.6474609,157.0362244,132.5037384,0,0,0.001641787,0.000179797
2020-11-27,14:39:27,7.998000336,9.00059967,163.7606506,189.4656677,161.168335,159.9744873,277.646698,157.0373688,132.5028992,0,0,0.001641787,0.000179797
2020-11-27,14:39:28,7.997799683,9.00039978,163.759613,189.4794312,161.1677856,159.9742584,277.6473694,157.0384827,132.5019684,0,0,0.001614163,0.000179771
2020-11-27,14:39:29,7.997899628,9.00039978,163.7606659,189.491394,161.1678925,159.9739838,277.6480103,157.0389709,132.5016022,0,0,0.001614163,0.000179771
2020-11-27,14:39:30,7.997599792,9.000299835,163.7606659,189.5041199,161.1683655,159.9741974,277.6473389,157.0404663,132.5004883,0,0,0.001614163,0.000179771
2020-11-27,14:39:31,7.997399902,9.000299835,163.7606659,189.5161591,161.1677246,159.9745178,277.6465454,157.0415039,132.4996948,0,0,0.001614163,0.000179771
2020-11-27,14:39:32,7.997599792,9.00019989,163.7606659,189.5278625,161.1680603,159.9741974,277.6474304,157.0423584,132.4990234,0,0,0.001614163,0.000179771
2020-11-27,14:39:33,7.997399902,9.000099945,163.7606659,189.5403595,161.168396,159.9738159,277.6484375,157.0428314,132.4986115,0,0,0.001614163,0.000179771
2020-11-27,14:39:34,7.997299957,9.00019989,163.7606659,189.5525208,161.1688538,159.9739838,277.6480713,157.0445251,132.497345,0,0,0.001614163,0.000179771
2020-11-27,14:39:35,7.997599792,9.0,163.7606659,189.5641937,161.1672211,159.9741974,277.6474304,157.0456543,132.496521,0,0,0.001614163,0.000179771
2020-11-27,14:39:36,7.997299957,9.0,163.7606659,189.5778046,161.1678772,159.9740448,277.6478577,157.0461426,132.4960938,0,0,0.001614163,0.000179771
2020-11-27,14:39:37,7.997399902,8.999900055,163.7606659,189.5894928,161.1685944,159.9742584,277.6472778,157.047348,132.4951782,0,0,0.001614163,0.000179771
2020-11-27,14:39:38,7.997000122,8.999900055,163.7606659,189.6028137,161.1681671,159.9738159,277.6483765,157.0484772,132.4942932,0,0,0.001614163,0.000179931
2020-11-27,14:39:39,7.996900177,8.999900055,163.7606659,189.6137085,161.1678925,159.9735413,277.6492004,157.0487518,132.4940796,0,0,0.00161565,0.000179772
2020-11-27,14:39:40,7.996800232,8.99980011,163.7606659,189.6262207,161.1686401,159.9734192,277.6495361,157.0496368,132.4934082,0,0,0.001613989,0.000179772
2020-11-27,14:39:41,7.996900177,8.999700165,163.7606659,189.6388245,161.168808,159.9746552,277.6462097,157.0517883,132.491745,0,0,0.001613989,0.000179772
2020-11-27,14:39:42,7.997000122,8.99960022,163.7596588,189.6515198,161.1675415,159.9738159,277.6485291,157.0518799,132.4916534,0,0,0.001613989,0.00017977
2020-11-27,14:39:43,7.996700287,8.999700165,163.7596588,189.662735,161.1691589,159.9736023,277.6490784,157.0527191,132.4910583,0,0,0.001613989,0.00017977
2020-11-27,14:39:44,7.996600342,8.99960022,163.7596588,189.6755219,161.1679688,159.973938,277.6482239,157.0539551,132.490036,0,0,0.001613989,0.00017977
2020-11-27,14:39:45,7.996800232,8.999500275,163.7596588,189.6874084,161.1685944,159.9733887,277.6497803,157.0550995,132.4892426,0,0,0.001613989,0.00017977
2020-11-27,14:39:46,7.996499634,8.99940033,163.7606659,189.7015076,161.1692505,159.9735413,277.649292,157.0563202,132.488266,0,0,0.001613989,0.00017977
2020-11-27,14:39:47,7.996199799,8.99940033,163.7606659,189.7116852,161.1685028,159.9738159,277.6485901,157.0561218,132.4883575,0,0,0.001613989,0.00017977
2020-11-27,14:39:48,7.996499634,8.999299622,163.7606659,189.7255096,161.1694946,159.973877,277.6483154,157.0573578,132.487442,0,0,0.001613989,0.00017977
2020-11-27,14:39:49,7.996600342,8.999299622,163.7596436,189.7372284,161.1681061,159.9736023,277.6491089,157.0579224,132.4870148,0,0,0.001613989,0.00017977
2020-11-27,14:39:50,7.996199799,8.999199677,163.7596436,189.7484894,161.1691132,159.9733276,277.6498718,157.05896,132.4862061,0,0,0.001613989,0.00017977
2020-11-27,14:39:51,7.995999908,8.999199677,163.7596436,189.7610779,161.1698303,159.9730988,277.6504822,157.0598907,132.4854736,0,0,0.001613989,0.00017977
2020-11-27,14:39:52,7.995800018,8.999099731,163.7596436,189.7731476,161.1692963,159.9734802,277.6493835,157.0612183,132.4844513,0,0,0.001613989,0.000179798
2020-11-27,14:39:53,7.995999908,8.999099731,163.7586365,189.785553,161.1698761,159.973877,277.6483154,157.0615845,132.4841614,0,0,0.001613989,0.000179769
2020-11-27,14:39:54,7.995700073,8.999299622,163.7596436,189.7977905,161.1704407,159.9734192,277.6495972,157.0628967,132.4832306,0,0,0.001613989,0.000179769
2020-11-27,14:39:55,7.995600128,9.000099945,163.7606964,189.809906,161.1705933,159.9735413,277.6492615,157.0638428,132.4825287,0,0,0.001613989,0.000179764
2020-11-27,14:39:56,7.995800018,9.000800323,163.7606964,189.8218384,161.171524,159.9737091,277.6488342,157.0641174,132.4822845,0,0,0.001613989,0.000179764
2020-11-27,14:39:57,7.995400238,9.000900269,163.7606964,189.8341675,161.1710815,159.9734192,277.6495667,157.0648956,132.4816895,0,0,0.001613989,0.000179764
2020-11-27,14:39:58,7.995500183,9.000900269,163.7606964,189.8466797,161.1722107,159.9733276,277.6498718,157.0658264,132.4809113,0,0,0.001613989,0.000179933
2020-11-27,14:39:59,7.995200348,9.000800323,163.7596893,189.8586578,161.1730804,159.9735413,277.6492615,157.0662079,132.4806519,0,0,0.001613989,0.00017985
2020-11-27,14:40:00,7.995300293,9.000900269,163.7596893,189.8716278,161.1726227,159.9731598,277.6502686,157.0677948,132.4794312,0,0,0.001642574,0.00017985
2020-11-27,14:40:01,7.995200348,9.000800323,163.7586517,189.8829346,161.1733551,159.9734192,277.6495667,157.0682831,132.4790497,0,0,0.001642574,0.00017985
2020-11-27,14:40:02,7.99509964,9.000800323,163.7586517,189.8960114,161.1731567,159.9736481,277.6489258,157.0688629,132.4786377,0,0,0.001642574,0.00017985
2020-11-27,14:40:03,7.995200348,9.000700378,163.7596588,189.9069977,161.1734772,159.9733276,277.6498413,157.0702667,132.4775085,0,0,0.001642574,0.00017985
2020-11-27,14:40:04,7.994999695,9.000800323,163.7596588,189.9194641,161.1739197,159.9729919,277.6508179,157.071106,132.4768982,0,0,0.001628063,0.00017985
2020-11-27,14:40:05,7.994799805,9.000700378,163.7596588,189.9316406,161.1738129,159.9727631,277.6513367,157.0712891,132.4767761,0,0,0.001628063,0.00017985
2020-11-27,14:40:06,7.994499969,9.000700378,163.7596588,189.9431305,161.1746521,159.9730988,277.6503906,157.0713959,132.4766541,0,0,0.001628063,0.00017985
2020-11-27,14:40:07,7.994799805,9.00059967,163.7596588,189.9555817,161.1759796,159.9727631,277.6512756,157.0730133,132.4754181,0,0,0.001629112,0.000179933
2020-11-27,14:40:08,7.994400024,9.000700378,163.7596588,189.9670868,161.175354,159.9734192,277.6496277,157.0735779,132.4750061,0,0,0.001629112,0.000179933
2020-11-27,14:40:09,7.99469986,9.00059967,163.7596588,189.980072,161.1749268,159.9732666,277.6500549,157.0740509,132.4745941,0,0,0.001629112,0.000179933
2020-11-27,14:40:10,7.994200134,9.00059967,163.7586365,189.9918823,161.1757355,159.9731598,277.650238,157.0750732,132.473877,0,0,0.001629112,0.000179933
2020-11-27,14:40:11,7.994400024,9.00059967,163.7596436,190.0037231,161.1766663,159.9732666,277.6498718,157.0756531,132.4734344,0,0,0.001629112,0.000179933
2020-11-27,14:40:12,7.994300079,9.00059967,163.7596436,190.0160522,161.1781616,159.973053,277.6506348,157.075943,132.4731598,0,0,0.001629112,0.000179933
2020-11-27,14:40:13,7.994200134,9.00059967,163.7596436,190.0280457,161.1777649,159.9729309,277.6509094,157.0773468,132.4720917,0,0,0.001629112,0.000179849
2020-11-27,14:40:14,7.994300079,9.00059967,163.7596436,190.0402374,161.1780548,159.9734192,277.6495667,157.0778046,132.4717102,0,0,0.001630948,0.000179849
2020-11-27,14:40:15,7.994100189,9.00059967,163.7585907,190.0520477,161.1782379,159.973053,277.6506958,157.0782623,132.471405,0,0,0.001630948,0.000179849
2020-11-27,14:40:16,7.994200134,9.00059967,163.7585907,190.0634155,161.1784363,159.9728851,277.650238,157.0793304,132.4705505,0,0,0.001630948,0.000179849
2020-11-27,14:40:17,7.994000244,9.000499725,163.7585907,190.0752258,161.178833,159.9733276,277.6498413,157.0798798,132.470108,0,0,0.001630948,0.000179849
2020-11-27,14:40:18,7.993900299,9.00059967,163.7585907,190.0890503,161.1804199,159.973053,277.6505737,157.0801697,132.4698944,0,0,0.001630948,0.000179849
2020-11-27,14:40:19,7.994000244,9.000499725,163.7585907,190.0992584,161.1806488,159.9734192,277.6496582,157.081665,132.4687653,0,0,0.001630948,0.000179849
2020-11-27,14:40:20,7.993599701,9.00059967,163.7585907,190.1114349,161.1814728,159.9729309,277.6509399,157.081955,132.4685669,0,0,0.001630948,0.000179849
2020-11-27,14:40:21,7.993699646,9.000499725,163.7585907,190.1244354,161.1811676,159.9732208,277.650116,157.082428,132.4681702,0,0,0.001630948,0.000179772
2020-11-27,14:40:22,7.993499756,9.000499725,163.7585907,190.1365814,161.1821899,159.973053,277.6505737,157.0830078,132.4677277,0,0,0.001630948,0.000179772
2020-11-27,14:40:23,7.993499756,9.00059967,163.759613,190.1482086,161.183075,159.9729919,277.6508789,157.0831909,132.4675903,0,0,0.001629636,0.000179772
2020-11-27,14:40:24,7.993399811,9.000499725,163.758606,190.1603699,161.182251,159.9732208,277.650177,157.0842285,132.4668121,0,0,0.001629636,0.000179772
2020-11-27,14:40:25,7.993199921,9.000499725,163.758606,190.1730347,161.1819916,159.9734802,277.6493835,157.0851593,132.4660034,0,0,0.001629636,0.000179772
2020-11-27,14:40:26,7.993399811,9.000499725,163.758606,190.1844482,161.1832581,159.9737091,277.6488342,157.0858307,132.4654846,0,0,0.001629636,0.000179772
2020-11-27,14:40:27,7.993199921,9.000499725,163.758606,190.1962891,161.1837463,159.9729309,277.651001,157.0860138,132.4653778,0,0,0.001629636,0.000179772
2020-11-27,14:40:28,7.993000031,9.000499725,163.758606,190.2080078,161.1842194,159.9733887,277.6497498,157.0867767,132.4648285,0,0,0.001631122,0.000179821
2020-11-27,14:40:29,7.992900085,9.00039978,163.758606,190.2205963,161.1849823,159.9736023,277.6491089,157.0874481,132.4643097,0,0,0.00165761,0.000179821
2020-11-27,14:40:30,7.993000031,9.000499725,163.758606,190.231781,161.1840973,159.973877,277.6483154,157.0866852,132.4648743,0,0,0.00165761,0.000179821
2020-11-27,14:40:31,7.993099976,9.00039978,163.758606,190.2427521,161.1856689,159.9730988,277.6504211,157.088562,132.4634094,0,0,0.001628238,0.000179821
2020-11-27,14:40:32,7.993199921,9.000499725,163.758606,190.2560425,161.1858978,159.9728851,277.6510925,157.089035,132.463028,0,0,0.001628238,0.000179881
2020-11-27,14:40:33,7.992900085,9.00039978,163.758606,190.2680664,161.1854401,159.9734192,277.6495361,157.0894165,132.4628143,0,0,0.001628238,0.000179881
2020-11-27,14:40:34,7.993000031,9.00039978,163.7575073,190.280365,161.186264,159.9733887,277.6497803,157.0901642,132.4621735,0,0,0.001628238,0.000179881
2020-11-27,14:40:35,7.992700195,9.00039978,163.7575073,190.2919617,161.1872406,159.9736481,277.6489563,157.0898743,132.4624023,0,0,0.001628238,0.000179881
2020-11-27,14:40:36,7.992500305,9.00039978,163.7575073,190.3042603,161.1877899,159.9732208,277.6500854,157.0907288,132.4617615,0,0,0.001628238,0.000179881
2020-11-27,14:40:37,7.99260025,9.00039978,163.7585144,190.3161011,161.1870575,159.9730988,277.6503601,157.0914001,132.4612122,0,0,0.001628238,0.000179881
2020-11-27,14:40:38,7.992199707,9.000299835,163.7585144,190.3266296,161.1876984,159.9734802,277.6493225,157.0926361,132.4602814,0,0,0.001628238,0.000179881
2020-11-27,14:40:39,7.99260025,9.000299835,163.7585144,190.3385925,161.1879425,159.9730988,277.6504211,157.0926361,132.4603424,0,0,0.001628238,0.000179881
2020-11-27,14:40:40,7.99240036,9.00039978,163.7574158,190.3509216,161.1887665,159.9734802,277.6493835,157.0930023,132.4600372,0,0,0.001628238,0.000179881
2020-11-27,14:40:41,7.992099762,9.000299835,163.7574158,190.3621521,161.1894073,159.9737549,277.6487427,157.0935669,132.4595642,0,0,0.001628238,0.000179881
2020-11-27,14:40:42,7.992199707,9.000299835,163.7574158,190.3741608,161.1899109,159.9731598,277.650238,157.0941315,132.459137,0,0,0.001628238,0.000179881
2020-11-27,14:40:43,7.991999817,9.00019989,163.7574158,190.3864746,161.1895447,159.9736023,277.6490479,157.0948792,132.4585571,0,0,0.001628238,0.000179881
2020-11-27,14:40:44,7.992199707,9.000299835,163.7574158,190.3988647,161.1890717,159.9732208,277.6500854,157.0953369,132.4582062,0,0,0.001628238,0.000179739
2020-11-27,14:40:45,7.991999817,9.00019989,163.7574158,190.4094391,161.1904144,159.9733887,277.6497803,157.0950775,132.4585266,0,0,0.001628238,0.000179739
2020-11-27,14:40:46,7.991699982,9.000099945,163.7574158,190.4215088,161.1898956,159.9736023,277.6491089,157.0960083,132.4577026,0,0,0.001628238,0.000179739
2020-11-27,14:40:47,7.991600037,9.000099945,163.7574158,190.4342194,161.1906586,159.9732208,277.650177,157.0962982,132.4575195,0,0,0.001628238,0.000179739
2020-11-27,14:40:48,7.991699982,9.000099945,163.7574158,190.4455109,161.1917877,159.9734192,277.6495972,157.0968475,132.457077,0,0,0.001628238,0.000179739
2020-11-27,14:40:49,7.991600037,9.0,163.7574158,190.4571533,161.190918,159.9730988,277.6504822,157.0973053,132.4566498,0,0,0.001628238,0.000179739
2020-11-27,14:40:50,7.991699982,9.0,163.7574158,190.4691162,161.1922607,159.9728851,277.651123,157.0980988,132.4561157,0,0,0.001628238,0.000179739
2020-11-27,14:40:51,7.991300201,9.0,163.7584534,190.4815063,161.1918182,159.9732666,277.6499634,157.098465,132.4557648,0,0,0.001628238,0.000179739
2020-11-27,14:40:52,7.991300201,8.999900055,163.7584534,190.4928741,161.1922607,159.9736481,277.6489258,157.098175,132.4560547,0,0,0.001628238,0.000179739
2020-11-27,14:40:53,7.991400146,9.0,163.7584534,190.5041046,161.1930084,159.9734192,277.6496582,157.0988312,132.4555206,0,0,0.001628238,0.000179739
2020-11-27,14:40:54,7.991000366,8.99980011,163.7584534,190.5163879,161.1938934,159.9735413,277.6492004,157.0995941,132.4548798,0,0,0.001628238,0.000179739
2020-11-27,14:40:55,7.991200256,8.99980011,163.757431,190.5285339,161.1934204,159.9733276,277.6498718,157.1006165,132.4541321,0,0,0.001628238,0.000179739
2020-11-27,14:40:56,7.991000366,8.999700165,163.757431,190.5405731,161.1932373,159.9736023,277.6491089,157.1003418,132.4543304,0,0,0.001628238,0.000179875
2020-11-27,14:40:57,7.991200256,8.999700165,163.757431,190.5523834,161.1941528,159.9734802,277.6493835,157.1005402,132.4541779,0,0,0.001629024,0.000179849
2020-11-27,14:40:58,7.990899658,8.999700165,163.757431,190.5637512,161.1943512,159.9736023,277.6490784,157.1007385,132.4540405,0,0,0.001629024,0.000179715
2020-11-27,14:40:59,7.991100311,8.99960022,163.757431,190.5759583,161.1951904,159.9737549,277.6487122,157.1019592,132.4531555,0,0,0.001629024,0.000179715
2020-11-27,14:41:00,7.990799713,8.999700165,163.7564087,190.587616,161.195694,159.9732666,277.6500244,157.1021423,132.4529266,0,0,0.001629024,0.000179715
2020-11-27,14:41:01,7.990899658,8.99960022,163.7574463,190.5997925,161.1959991,159.9735413,277.6492615,157.1027222,132.4524994,0,0,0.001629024,0.000179715
2020-11-27,14:41:02,7.990499878,8.999500275,163.7574463,190.6110535,161.1953583,159.9734192,277.6497803,157.1034546,132.4519196,0,0,0.001629024,0.000179715
2020-11-27,14:41:03,7.990399933,8.999500275,163.7574463,190.6222992,161.196228,159.9736023,277.6489258,157.1029968,132.4523163,0,0,0.001629024,0.000179715
2020-11-27,14:41:04,7.990200043,8.99940033,163.7574463,190.6337891,161.1968384,159.9738159,277.6483459,157.1032715,132.4520264,0,0,0.001629024,0.000179715
2020-11-27,14:41:05,7.990100098,8.99940033,163.7574463,190.6456299,161.1971588,159.9734802,277.6493225,157.1042175,132.4513855,0,0,0.001629024,0.000179715
2020-11-27,14:41:06,7.990399933,8.999299622,163.7564392,190.6578674,161.1968231,159.9736481,277.6488953,157.1038513,132.4516602,0,0,0.001629024,0.000179715
2020-11-27,14:41:07,7.990200043,8.999299622,163.7574768,190.6687927,161.1978149,159.9733887,277.6497498,157.1048737,132.4508514,0,0,0.001629024,0.000179715
2020-11-27,14:41:08,7.990399933,8.999199677,163.7574768,190.6811371,161.1980438,159.9737091,277.6488342,157.1051483,132.4506226,0,0,0.001629024,0.000179716
2020-11-27,14:41:09,7.990000153,8.999199677,163.7574768,190.6931458,161.1982727,159.9738159,277.648468,157.1057281,132.4501648,0,0,0.001614863,0.000179716
2020-11-27,14:41:10,7.990100098,8.999099731,163.7574768,190.7050781,161.1972504,159.9731598,277.650238,157.1061096,132.4498901,0,0,0.001619059,0.000179716
2020-11-27,14:41:11,7.989800262,8.998999786,163.7574768,190.7159882,161.197937,159.9736023,277.6490784,157.106308,132.4497833,0,0,0.001619059,0.000179716
2020-11-27,14:41:12,7.990000153,8.998999786,163.7564697,190.7275848,161.1983032,159.9739838,277.6480713,157.1060333,132.4499969,0,0,0.001619933,0.000179716
2020-11-27,14:41:13,7.989800262,8.998999786,163.7564697,190.7393951,161.1986847,159.9736023,277.6491089,157.107605,132.4487305,0,0,0.001619933,0.000179716
2020-11-27,14:41:14,7.990000153,8.998899841,163.7564697,190.7496338,161.199173,159.9738159,277.6486206,157.1079102,132.4485321,0,0,0.001619933,0.000179716
2020-11-27,14:41:15,7.989700317,8.998799896,163.7564697,190.763092,161.199707,159.9737549,277.6487122,157.1073303,132.4489899,0,0,0.001634444,0.000179716
2020-11-27,14:41:16,7.989900208,8.998899841,163.7564697,190.7740479,161.1989899,159.9733887,277.6497803,157.1077271,132.4486694,0,0,0.001634444,0.000179716
2020-11-27,14:41:17,7.989399719,8.998799896,163.7564697,190.7859955,161.1998749,159.9741364,277.6474609,157.1079102,132.4485321,0,0,0.001634444,0.000179716
2020-11-27,14:41:18,7.989499664,8.998699951,163.7564697,190.7963867,161.1996307,159.9742584,277.6477356,157.1088409,132.4477997,0,0,0.001634444,0.000179716
2020-11-27,14:41:19,7.989299774,8.998699951,163.7564697,190.8093872,161.1995087,159.973938,277.6482239,157.108551,132.4480438,0,0,0.001636455,0.000179716
2020-11-27,14:41:20,7.989199829,8.998600006,163.7564697,190.8209839,161.1990967,159.9737549,277.6487427,157.1083679,132.4481506,0,0,0.001636455,0.000179716
2020-11-27,14:41:21,7.988999939,8.998600006,163.7564697,190.8326569,161.2003784,159.9740448,277.6478577,157.1097107,132.4471436,0,0,0.001636455,0.000179852
2020-11-27,14:41:22,7.989199829,8.998500061,163.7564697,190.8443146,161.1997681,159.973877,277.6482544,157.1099701,132.4469604,0,0,0.001636455,0.000179852
2020-11-27,14:41:23,7.988800049,8.998500061,163.7564697,190.855545,161.2008667,159.9734192,277.6495361,157.110733,132.4463196,0,0,0.001610667,0.000179852
2020-11-27,14:41:24,7.988899994,8.998400116,163.7564697,190.8670654,161.2004852,159.9741364,277.647522,157.1101837,132.4467316,0,0,0.001610667,0.000179852
2020-11-27,14:41:25,7.988700104,8.998400116,163.7564697,190.8780975,161.2012177,159.9744873,277.6467285,157.1103668,132.4466248,0,0,0.001610667,0.000179852
2020-11-27,14:41:26,7.988600159,8.998300171,163.7564697,190.8899841,161.2008667,159.9736023,277.6491089,157.1109161,132.4461823,0,0,0.001610667,0.000179852
2020-11-27,14:41:27,7.988800049,8.998200226,163.7564697,190.9016113,161.201416,159.9734192,277.6496582,157.1114807,132.4457703,0,0,0.001610667,0.000179852
2020-11-27,14:41:28,7.988400269,8.998200226,163.7554474,190.914032,161.2013855,159.973938,277.6481934,157.1119385,132.4454193,0,0,0.001610667,0.000179852
2020-11-27,14:41:29,7.988500214,8.998100281,163.756485,190.9246826,161.2012634,159.9744263,277.6468506,157.1114807,132.4457397,0,0,0.001649305,0.000179852
2020-11-27,14:41:30,7.988300323,8.998000336,163.756485,190.9358368,161.2033997,159.9744873,277.646637,157.1119385,132.4453583,0,0,0.001649305,0.000179852
2020-11-27,14:41:31,7.98809967,8.998200226,163.756485,190.9481506,161.2015076,159.9743652,277.6469421,157.1128998,132.4446869,0,0,0.001658659,0.000179765
2020-11-27,14:41:32,7.988200378,8.998300171,163.756485,190.9595795,161.2023621,159.9743042,277.6471558,157.1133728,132.4443054,0,0,0.001658659,0.000179765
2020-11-27,14:41:33,7.987999725,8.998400116,163.756485,190.9708252,161.2027435,159.9739838,277.6480713,157.1130066,132.4446106,0,0,0.001658659,0.000179765
2020-11-27,14:41:34,7.98789978,8.998500061,163.756485,190.9824982,161.2025757,159.9744263,277.6467896,157.1140289,132.4437561,0,0,0.001658659,0.000179765
2020-11-27,14:41:35,7.9875,8.998600006,163.756485,190.9944611,161.2028961,159.9744873,277.6466675,157.1140289,132.4438171,0,0,0.001658659,0.000179765
2020-11-27,14:41:36,7.987400055,8.998600006,163.7554321,191.0055389,161.201828,159.9746552,277.6462402,157.1138306,132.4440002,0,0,0.001658659,0.000179765
2020-11-27,14:41:37,7.9875,8.998699951,163.7554321,191.0180511,161.2036896,159.9739838,277.6480713,157.114975,132.4431152,0,0,0.001658659,0.000179765
2020-11-27,14:41:38,7.987400055,8.999199677,163.7554321,191.0288086,161.2043304,159.9748688,277.6456299,157.114502,132.4433899,0,0,0.001658659,0.000179765
2020-11-27,14:41:39,7.98730011,8.99980011,163.7554321,191.0405579,161.2037659,159.9752502,277.6446228,157.1144104,132.443512,0,0,0.001658659,0.000179765
2020-11-27,14:41:40,7.987400055,9.00039978,163.7554321,191.0517578,161.2033234,159.9747009,277.6460876,157.1151581,132.4429169,0,0,0.001658659,0.000179765
2020-11-27,14:41:41,7.987599945,9.000700378,163.7554321,191.0633545,161.2045746,159.9745789,277.6462708,157.114975,132.4431152,0,0,0.001658659,0.000179765
2020-11-27,14:41:42,7.98730011,9.001000214,163.7554321,191.0752869,161.2039337,159.9746552,277.6465149,157.1146851,132.4432983,0,0,0.001658659,0.000179765
2020-11-27,14:41:43,7.9875,9.001100159,163.7554321,191.085144,161.202652,159.9743042,277.6471863,157.1154327,132.4427032,0,0,0.001658659,0.000179816
2020-11-27,14:41:44,7.98710022,9.001000214,163.7564545,191.0968933,161.2051239,159.9747009,277.6460876,157.1156311,132.4425354,0,0,0.00164441,0.000179816
2020-11-27,14:41:45,7.986799622,9.00059967,163.7554016,191.1085358,161.2043304,159.9752045,277.6447449,157.1158142,132.4424286,0,0,0.00164441,0.000179739
2020-11-27,14:41:46,7.98710022,9.000299835,163.7554016,191.1204987,161.2041473,159.974823,277.645752,157.1154327,132.4421387,0,0,0.00162885,0.000179712
2020-11-27,14:41:47,7.986799622,9.000099945,163.7554016,191.1314697,161.205246,159.9747009,277.6459961,157.1170502,132.4414215,0,0,0.00162885,0.000179712
2020-11-27,14:41:48,7.986599731,9.0,163.7554016,191.1436615,161.205719,159.9750366,277.6451416,157.116684,132.4417267,0,0,0.00162885,0.000179712
2020-11-27,14:41:49,7.986699677,8.999900055,163.7554016,191.1543427,161.2044067,159.9749756,277.6452942,157.1171417,132.4414063,0,0,0.00162885,0.000179763
2020-11-27,14:41:50,7.986499786,9.000099945,163.7554016,191.1652374,161.2056122,159.9752502,277.6444397,157.1167603,132.4416656,0,0,0.00162885,0.000179763
2020-11-27,14:41:51,7.986699677,9.00019989,163.7554016,191.1764679,161.2041473,159.9755096,277.6438904,157.11763,132.4409943,0,0,0.00162885,0.000179763
2020-11-27,14:41:52,7.986599731,9.00039978,163.7554016,191.1877899,161.20578,159.9750977,277.64505,157.1171417,132.4413605,0,0,0.00162885,0.000179763
2020-11-27,14:41:53,7.986399841,9.00059967,163.7554016,191.1997223,161.2049866,159.9749146,277.6454163,157.1175079,132.4411469,0,0,0.00162885,0.000179763
2020-11-27,14:41:54,7.986499786,9.000700378,163.7554016,191.2106934,161.2064056,159.9756165,277.6436462,157.1179962,132.4407806,0,0,0.00162885,0.000179763
2020-11-27,14:41:55,7.986199951,9.000900269,163.7554016,191.2229156,161.2059021,159.9752045,277.6447144,157.1181793,132.4405365,0,0,0.00162885,0.000180012
2020-11-27,14:41:56,7.986000061,9.001000214,163.7554016,191.2340851,161.2055664,159.9753723,277.644165,157.1184692,132.4403534,0,0,0.00162885,0.000180012
2020-11-27,14:41:57,7.986199951,9.001200104,163.7554016,191.2446747,161.2069397,159.9756165,277.6437073,157.1188354,132.4401093,0,0,0.00162885,0.000180012
2020-11-27,14:41:58,7.985900116,9.001300049,163.7554016,191.2559204,161.206604,159.9752502,277.6444092,157.1182861,132.4405212,0,0,0.001659271,0.000180012
2020-11-27,14:41:59,7.985800171,9.001499939,163.7554016,191.2671356,161.2062073,159.9756622,277.6435852,157.1188354,132.440094,0,0,0.001659621,0.000180012
2020-11-27,14:42:00,7.985700226,9.001699829,163.7554016,191.2783813,161.2071228,159.9758911,277.6429443,157.1195068,132.4395142,0,0,0.001659621,0.000180012
2020-11-27,14:42:01,7.985399628,9.001799774,163.7554016,191.2901306,161.2064819,159.9756622,277.6434937,157.1188354,132.4400482,0,0,0.001659621,0.000180012
2020-11-27,14:42:02,7.985500336,9.001899719,163.7554016,191.3003845,161.2068787,159.9754486,277.644104,157.1195831,132.4394684,0,0,0.001659621,0.000180012
2020-11-27,14:42:03,7.985399628,9.001999664,163.7554016,191.3123779,161.2077484,159.975769,277.6431885,157.1203613,132.4389038,0,0,0.001659621,0.000180012
2020-11-27,14:42:04,7.985700226,9.002200317,163.7554016,191.3245544,161.2070007,159.9759979,277.6426697,157.120163,132.4390564,0,0,0.001659621,0.000180012
2020-11-27,14:42:05,7.985299683,9.002400208,163.7543793,191.335083,161.2079926,159.975769,277.6430969,157.120636,132.4387665,0,0,0.001681125,0.000180012
2020-11-27,14:42:06,7.985199738,9.002400208,163.7543793,191.3465271,161.2075806,159.9759369,277.6426086,157.1193085,132.439743,0,0,0.001678503,0.000180012
2020-11-27,14:42:07,7.985500336,9.002600098,163.7543793,191.3574677,161.2081604,159.9758301,277.643158,157.1199646,132.4392395,0,0,0.001678066,0.000180012
2020-11-27,14:42:08,7.985099792,9.002700043,163.7543793,191.3692017,161.2080536,159.9761505,277.6421204,157.120636,132.4386902,0,0,0.001678066,0.000180012
2020-11-27,14:42:09,7.985299683,9.002799988,163.7554016,191.3791504,161.2070618,159.9767609,277.6405029,157.1207275,132.4387665,0,0,0.001668799,0.000180012
2020-11-27,14:42:10,7.985399628,9.002799988,163.7554016,191.3916931,161.2062378,159.9766083,277.6408997,157.1204529,132.4388733,0,0,0.001668799,0.000180012
2020-11-27,14:42:11,7.985199738,9.002999878,163.7543488,191.4025879,161.2084198,159.9770508,277.639679,157.1210175,132.4384308,0,0,0.001668799,0.000180012
2020-11-27,14:42:12,7.985099792,9.003099823,163.7543488,191.4138641,161.2086487,159.9767609,277.6404724,157.1202545,132.4389801,0,0,0.001668799,0.000180012
2020-11-27,14:42:13,7.985099792,9.003199768,163.7553558,191.4245758,161.2083282,159.9764862,277.6411438,157.1211243,132.4383698,0,0,0.001668799,0.000180012
2020-11-27,14:42:14,7.985199738,9.003299713,163.7543488,191.4352722,161.2084351,159.9772034,277.6392212,157.1213074,132.4382629,0,0,0.001701319,0.000180012
2020-11-27,14:42:15,7.984999847,9.003299713,163.7543488,191.4465332,161.2080536,159.9767609,277.6404419,157.1216736,132.4378967,0,0,0.001701319,0.000180012
2020-11-27,14:42:16,7.985099792,9.003399658,163.7543488,191.45784,161.2088928,159.9769745,277.639801,157.1211243,132.438385,0,0,0.001701319,0.000180012
2020-11-27,14:42:17,7.984999847,9.003500366,163.7553558,191.4686279,161.2077637,159.9767609,277.6403198,157.1219635,132.4377136,0,0,0.001701319,0.000180012
2020-11-27,14:42:18,7.985299683,9.003500366,163.7543335,191.4806976,161.2080994,159.9770966,277.6395569,157.1212006,132.4382782,0,0,0.001701319,0.000180012
2020-11-27,14:42:19,7.984899902,9.003600311,163.7543335,191.4916534,161.2085724,159.9774323,277.6386414,157.1223297,132.4373779,0,0,0.001701319,0.000180012
2020-11-27,14:42:20,7.984999847,9.003700256,163.7543335,191.5021515,161.2073517,159.9775848,277.638092,157.1220398,132.4376221,0,0,0.001644585,0.000180012
2020-11-27,14:42:21,7.984799957,9.003800201,163.7543335,191.5144653,161.2092133,159.977829,277.6374512,157.1219635,132.4377441,0,0,0.001644585,0.000180012
2020-11-27,14:42:22,7.984999847,9.003700256,163.7543335,191.5253296,161.2085419,159.9780884,277.6368103,157.1222229,132.4374542,0,0,0.001644585,0.000180012
2020-11-27,14:42:23,7.984600067,9.003900146,163.7553711,191.5353394,161.2078705,159.977829,277.6374207,157.1224213,132.4373474,0,0,0.001670897,0.000180012
2020-11-27,14:42:24,7.984899902,9.003900146,163.7543488,191.5468445,161.209549,159.9782104,277.6365051,157.1221466,132.4375458,0,0,0.001645721,0.000180012
2020-11-27,14:42:25,7.984700012,9.003900146,163.7543488,191.5587616,161.208847,159.9774933,277.6383362,157.1218567,132.4377594,0,0,0.001645721,0.000180012
2020-11-27,14:42:26,7.984799957,9.004000092,163.7543488,191.5691986,161.2081146,159.9773712,277.6388245,157.1224213,132.4373169,0,0,0.001645721,0.000180012
2020-11-27,14:42:27,7.984500122,9.004000092,163.7543488,191.5794678,161.2090149,159.978241,277.6362,157.1226959,132.437088,0,0,0.001645721,0.000180012
2020-11-27,14:42:28,7.984700012,9.004100037,163.7543488,191.5923462,161.208374,159.9780884,277.6368103,157.1224213,132.4373322,0,0,0.001645721,0.000180012
2020-11-27,14:42:29,7.984600067,9.004100037,163.7543488,191.6020966,161.2092743,159.9779816,277.637085,157.1230011,132.4368896,0,0,0.001645721,0.000180012
2020-11-27,14:42:30,7.984700012,9.004100037,163.7543488,191.6126556,161.2098083,159.9782104,277.6363525,157.1230774,132.4368134,0,0,0.001645721,0.000180012
2020-11-27,14:42:31,7.984400177,9.004199982,163.7543488,191.6249237,161.2089844,159.978363,277.6358948,157.1225281,132.4371948,0,0,0.001645721,0.000180012
2020-11-27,14:42:32,7.984500122,9.004199982,163.7543488,191.6363068,161.2082977,159.9777527,277.6376648,157.1222229,132.4374695,0,0,0.001645721,0.000180012
2020-11-27,14:42:33,7.984300232,9.004199982,163.7543488,191.6461334,161.2089233,159.978241,277.6362,157.1218567,132.4377747,0,0,0.001645721,0.000180012
2020-11-27,14:42:34,7.984200287,9.004199982,163.7543488,191.6576538,161.2088165,159.9785767,277.635437,157.1230774,132.4368134,0,0,0.001645721,0.000179819
2020-11-27,14:42:35,7.984100342,9.004199982,163.7543488,191.6682281,161.20961,159.978302,277.6360474,157.1231842,132.4369354,0,0,0.001670373,0.000179819
2020-11-27,14:42:36,7.984200287,9.004299927,163.7543488,191.6793365,161.2088928,159.9785767,277.6354675,157.1226959,132.4371033,0,0,0.001658222,0.000179819
2020-11-27,14:42:37,7.984300232,9.004199982,163.7533264,191.6900635,161.2092438,159.9791565,277.6338501,157.1233673,132.4365692,0,0,0.001658222,0.00017968
2020-11-27,14:42:38,7.984400177,9.004299927,163.7533264,191.7013702,161.2099304,159.9792786,277.6335754,157.123642,132.4363861,0,0,0.001668887,0.000179761
2020-11-27,14:42:39,7.984500122,9.004299927,163.754364,191.7121735,161.2087097,159.9791565,277.6339111,157.1228027,132.437027,0,0,0.001668887,0.000179761
2020-11-27,14:42:40,7.984200287,9.004399872,163.754364,191.7235413,161.2092743,159.9792786,277.6336365,157.1225281,132.4372406,0,0,0.001668887,0.000179761
2020-11-27,14:42:41,7.984100342,9.004299927,163.7533264,191.7337952,161.2093658,159.9792175,277.6339111,157.123642,132.4363708,0,0,0.001668887,0.000179761
2020-11-27,14:42:42,7.983999634,9.004299927,163.7533264,191.7443695,161.2102509,159.9790497,277.6336975,157.1231842,132.4367218,0,0,0.001668887,0.000179951
2020-11-27,14:42:43,7.984100342,9.004299927,163.7533264,191.7554932,161.2099609,159.9792175,277.6344299,157.1225281,132.4372711,0,0,0.001662855,0.00017984
2020-11-27,14:42:44,7.984400177,9.004299927,163.7533264,191.7667999,161.2094727,159.9798279,277.632019,157.123642,132.4364014,0,0,0.001662855,0.00017984
2020-11-27,14:42:45,7.984200287,9.004299927,163.7533264,191.7769318,161.209198,159.9796143,277.6326599,157.1231842,132.4367676,0,0,0.001662855,0.00017984
2020-11-27,14:42:46,7.984400177,9.004299927,163.7533264,191.7887268,161.2106628,159.9799957,277.6315613,157.1233673,132.4365997,0,0,0.001662855,0.00017984
2020-11-27,14:42:47,7.984100342,9.004299927,163.7533264,191.7996979,161.2102051,159.9797668,277.6321716,157.1232758,132.4367828,0,0,0.001662855,0.00017984
2020-11-27,14:42:48,7.984200287,9.004299927,163.7533264,191.8103333,161.2098999,159.9795532,277.632843,157.1233673,132.4365997,0,0,0.001662855,0.00017984
2020-11-27,14:42:49,7.984100342,9.004299927,163.7543488,191.8204956,161.2095947,159.9794922,277.6326904,157.1231842,132.4366913,0,0,0.001662855,0.00017984
2020-11-27,14:42:50,7.984300232,9.004299927,163.7532654,191.8325195,161.2092896,159.9796753,277.6323853,157.1237488,132.4363556,0,0,0.001662855,0.00017984
2020-11-27,14:42:51,7.983999634,9.004199982,163.7532654,191.8425903,161.209259,159.9804993,277.6303406,157.123642,132.436264,0,0,0.001662855,0.00017984
2020-11-27,14:42:52,7.984300232,9.004299927,163.7532654,191.8532104,161.2101746,159.9800415,277.6313782,157.1241302,132.4360199,0,0,0.001694762,0.000179787
2020-11-27,14:42:53,7.984200287,9.004199982,163.7532654,191.8643799,161.2088623,159.9805908,277.6300659,157.1237488,132.4362335,0,0,0.001694762,0.000179787
2020-11-27,14:42:54,7.984400177,9.004199982,163.7532654,191.8760681,161.2104034,159.9809113,277.6290894,157.1233673,132.4365692,0,0,0.001694762,0.000179787
2020-11-27,14:42:55,7.984200287,9.004199982,163.7532654,191.8852234,161.2103271,159.9802704,277.6307983,157.1235504,132.4364624,0,0,0.001694762,0.000179787
2020-11-27,14:42:56,7.983999634,9.004100037,163.7532654,191.8967896,161.2107849,159.9807587,277.6296387,157.1237488,132.4363556,0,0,0.001694762,0.000179763
2020-11-27,14:42:57,7.983799744,9.004100037,163.7532654,191.9078522,161.2088318,159.9808044,277.629303,157.1235504,132.4364166,0,0,0.001694762,0.000179763
2020-11-27,14:42:58,7.983999634,9.004199982,163.7532654,191.9185486,161.2099457,159.9807587,277.6295166,157.1238403,132.4361877,0,0,0.001694762,0.000179763
2020-11-27,14:42:59,7.983699799,9.004100037,163.7532654,191.928421,161.2101288,159.9807129,277.6297302,157.1241302,132.4360199,0,0,0.001694762,0.000179763
2020-11-27,14:43:00,7.983999634,9.004100037,163.7532654,191.9394989,161.2096252,159.9816284,277.6271362,157.1231842,132.4367371,0,0,0.001694762,0.000179763
2020-11-27,14:43:01,7.984100342,9.004000092,163.7532654,191.9511871,161.2100525,159.9811554,277.6283569,157.1234589,132.4365234,0,0,0.001694762,0.000179763
2020-11-27,14:43:02,7.983999634,9.004000092,163.7532654,191.9617615,161.2099304,159.9814758,277.6275024,157.1237488,132.436264,0,0,0.001694762,0.000179763
2020-11-27,14:43:03,7.983999634,9.004000092,163.7532654,191.9720917,161.2104645,159.9818726,277.6264038,157.1241302,132.4359894,0,0,0.001694762,0.000179763
2020-11-27,14:43:04,7.983799744,9.003900146,163.7532654,191.9831238,161.210022,159.9812622,277.6281128,157.1240234,132.4360962,0,0,0.001694762,0.000179763
2020-11-27,14:43:05,7.984100342,9.003900146,163.7522125,191.9937134,161.2098999,159.9816284,277.6271667,157.1243286,132.4358521,0,0,0.001694762,0.000179763
2020-11-27,14:43:06,7.983899689,9.003900146,163.7522125,192.0029907,161.209549,159.9815369,277.6273499,157.1237488,132.4363251,0,0,0.001694762,0.000179763
2020-11-27,14:43:07,7.983999634,9.003800201,163.7532349,192.0146484,161.2103119,159.9816895,277.6277466,157.1235504,132.4361115,0,0,0.001694762,0.00017976
2020-11-27,14:43:08,7.983799744,9.003900146,163.7532349,192.025177,161.2097473,159.9818726,277.6264648,157.1240234,132.4365082,0,0,0.001694762,0.00017976
2020-11-27,14:43:09,7.983899689,9.003800201,163.7532349,192.0347443,161.2111053,159.9815826,277.6271973,157.1235504,132.4362183,0,0,0.001694762,0.00017976
2020-11-27,14:43:10,7.984100342,9.003700256,163.7532349,192.045929,161.2113342,159.9821472,277.625824,157.1240234,132.4360657,0,0,0.001694762,0.00017976
2020-11-27,14:43:11,7.984200287,9.003800201,163.7532349,192.0562134,161.2102509,159.9818115,277.6266479,157.123642,132.4363861,0,0,0.001655337,0.00017976
2020-11-27,14:43:12,7.983999634,9.003600311,163.7522125,192.0673523,161.2095642,159.9824829,277.6248474,157.1238403,132.4361877,0,0,0.001655337,0.00017976
2020-11-27,14:43:13,7.984300232,9.003700256,163.7522125,192.0782928,161.2099609,159.9827728,277.624115,157.1242218,132.4359589,0,0,0.001655337,0.00017976
2020-11-27,14:43:14,7.983999634,9.003600311,163.7522125,192.0890961,161.2102509,159.9819336,277.6263428,157.1237488,132.4363251,0,0,0.001655337,0.00017976
2020-11-27,14:43:15,7.983899689,9.003600311,163.7522125,192.0987244,161.2098694,159.9832153,277.6228333,157.1243286,132.4358673,0,0,0.001655337,0.00017976
2020-11-27,14:43:16,7.984100342,9.003500366,163.7522125,192.1101532,161.2102814,159.9829407,277.6236877,157.1237488,132.436264,0,0,0.001655337,0.00017976
2020-11-27,14:43:17,7.984200287,9.003500366,163.7522125,192.1199799,161.2094421,159.9826202,277.6246338,157.1244202,132.4358368,0,0,0.001655337,0.00017976
2020-11-27,14:43:18,7.984100342,9.003399658,163.7522125,192.1316833,161.2105408,159.9831543,277.6229553,157.1248016,132.4355316,0,0,0.001655337,0.00017976
2020-11-27,14:43:19,7.984200287,9.003399658,163.7522125,192.1412201,161.2102509,159.9830017,277.6233521,157.1241302,132.4359894,0,0,0.001655337,0.00017976
2020-11-27,14:43:20,7.983899689,9.003399658,163.7522125,192.1523285,161.2099304,159.98349,277.6220398,157.1246948,132.4355621,0,0,0.001655337,0.00017976
2020-11-27,14:43:21,7.983799744,9.003299713,163.7522125,192.1622925,161.2106781,159.9832611,277.6227112,157.1244202,132.4358368,0,0,0.001655337,0.00017976
2020-11-27,14:43:22,7.983999634,9.003299713,163.7522125,192.1733246,161.2096252,159.9830933,277.6231689,157.1243286,132.4359131,0,0,0.001655337,0.00017976
2020-11-27,14:43:23,7.983799744,9.003199768,163.7522125,192.1842041,161.2111816,159.9835968,277.6217651,157.1238403,132.4361725,0,0,0.001655337,0.00017976
2020-11-27,14:43:24,7.983999634,9.003199768,163.7522125,192.1930847,161.2097015,159.98349,277.6220703,157.1248779,132.4354401,0,0,0.001655337,0.00017976
2020-11-27,14:43:25,7.983899689,9.003099823,163.7522125,192.2047119,161.2101746,159.9833984,277.6225281,157.1243286,132.4358521,0,0,0.001655337,0.00017976
2020-11-27,14:43:26,7.983999634,9.003099823,163.7522125,192.2146759,161.209671,159.98349,277.6220398,157.1246185,132.4356537,0,0,0.001655337,0.00017976
2020-11-27,14:43:27,7.983699799,9.003099823,163.7522125,192.2247162,161.2104492,159.9838715,277.6210632,157.1243286,132.4358673,0,0,0.001655337,0.00017976
2020-11-27,14:43:28,7.984100342,9.002999878,163.7522125,192.2349548,161.2101898,159.9837189,277.621521,157.1238403,132.436203,0,0,0.001655337,0.00017976
2020-11-27,14:43:29,7.984300232,9.002999878,163.7522125,192.24646,161.2110748,159.9840393,277.6205444,157.1246185,132.4356384,0,0,0.001655337,0.00017976
2020-11-27,14:43:30,7.983899689,9.002899933,163.7522125,192.2565155,161.2102814,159.9838104,277.6211853,157.1248779,132.4354248,0,0,0.001655337,0.00017976
2020-11-27,14:43:31,7.983899689,9.002999878,163.7522125,192.2667084,161.2110291,159.9845886,277.618988,157.1249847,132.4355316,0,0,0.001705952,0.00017976
2020-11-27,14:43:32,7.983699799,9.002799988,163.7522125,192.2774811,161.2112427,159.9842682,277.6199036,157.1245117,132.4356842,0,0,0.001680513,0.000179759
2020-11-27,14:43:33,7.983899689,9.002799988,163.7522125,192.287796,161.2104797,159.9841003,277.6204834,157.1248016,132.4355011,0,0,0.001680513,0.000179759
2020-11-27,14:43:34,7.983799744,9.002700043,163.7522125,192.2981873,161.2109833,159.9845428,277.6192017,157.1244202,132.435791,0,0,0.001680513,0.000179759
2020-11-27,14:43:35,7.983699799,9.002799988,163.7522125,192.308609,161.2107697,159.9849854,277.6179504,157.1246948,132.4355927,0,0,0.001686458,0.000179759
2020-11-27,14:43:36,7.983899689,9.002700043,163.7512054,192.3183136,161.2110901,159.984436,277.6194153,157.1245117,132.4356995,0,0,0.001686458,0.000179759
2020-11-27,14:43:37,7.983599854,9.002700043,163.7512054,192.328949,161.2101898,159.9842072,277.6200256,157.125061,132.4353333,0,0,0.001683311,0.00017973
2020-11-27,14:43:38,7.983699799,9.002600098,163.7522736,192.3392944,161.2109985,159.9849854,277.6180115,157.1249847,132.4352722,0,0,0.001683311,0.00017973
2020-11-27,14:43:39,7.983499908,9.002700043,163.7522736,192.3488312,161.2102509,159.9848633,277.6177979,157.125061,132.4354095,0,0,0.001683311,0.00017973
2020-11-27,14:43:40,7.983599854,9.002600098,163.7522736,192.3598633,161.2096252,159.9850922,277.6182861,157.1246948,132.4355927,0,0,0.001683311,0.00017973
2020-11-27,14:43:41,7.983499908,9.002600098,163.7512054,192.3692322,161.2099915,159.9846954,277.6187744,157.125061,132.4353027,0,0,0.001687682,0.000179868
2020-11-27,14:43:42,7.983599854,9.002600098,163.7512054,192.3795166,161.2096252,159.9848175,277.6184387,157.1254578,132.4350281,0,0,0.001687682,0.000179897
2020-11-27,14:43:43,7.983300018,9.002500153,163.7512054,192.3899689,161.2101898,159.985199,277.6173096,157.125061,132.4353027,0,0,0.001687682,0.000179897
2020-11-27,14:43:44,7.983200073,9.002600098,163.7522125,192.4001312,161.2104645,159.9853516,277.6168823,157.1255341,132.4349823,0,0,0.001687682,0.000179897
2020-11-27,14:43:45,7.983100128,9.002500153,163.7522125,192.4105225,161.2111206,159.9850922,277.6177063,157.1248016,132.4354858,0,0,0.001687682,0.000179897
2020-11-27,14:43:46,7.983300018,9.002500153,163.7512054,192.4203186,161.2103577,159.9859161,277.615448,157.1249847,132.435379,0,0,0.001687682,0.000179764
2020-11-27,14:43:47,7.983399963,9.002500153,163.7512054,192.4303589,161.210144,159.9856873,277.6159973,157.1255341,132.434967,0,0,0.001687682,0.000179764
2020-11-27,14:43:48,7.982900238,9.002400208,163.7512054,192.4412231,161.2107086,159.9859772,277.6151428,157.126297,132.4343872,0,0,0.001687682,0.000179764
2020-11-27,14:43:49,7.983200073,9.002400208,163.7512054,192.450882,161.2101898,159.9858704,277.6156006,157.1257172,132.4347687,0,0,0.001687682,0.000179764
2020-11-27,14:43:50,7.982900238,9.002400208,163.7512054,192.4606934,161.2093353,159.9858093,277.6156921,157.1258392,132.4347076,0,0,0.001665915,0.000179764
2020-11-27,14:43:51,7.982800293,9.002400208,163.7512054,192.4710388,161.2104492,159.986145,277.6147766,157.1257172,132.4348907,0,0,0.001665915,0.000179764
2020-11-27,14:43:52,7.983200073,9.002300262,163.7512054,192.4806824,161.2103271,159.9862671,277.6143799,157.1260071,132.4345856,0,0,0.00171548,0.000179764
2020-11-27,14:43:53,7.983000183,9.002400208,163.7512054,192.4914551,161.2104645,159.986084,277.6149292,157.1257172,132.4347229,0,0,0.00171548,0.000179764
2020-11-27,14:43:54,7.982900238,9.002200317,163.7512054,192.5016022,161.2100525,159.9863281,277.6143188,157.1259155,132.4346008,0,0,0.00171548,0.000179764
2020-11-27,14:43:55,7.983000183,9.002300262,163.7512054,192.5104065,161.2096558,159.9859161,277.615387,157.1261139,132.434494,0,0,0.00171548,0.000179764
2020-11-27,14:43:56,7.982800293,9.002200317,163.7512054,192.521347,161.2091064,159.9866638,277.6134338,157.1256409,132.4347992,0,0,0.00171548,0.000179764
2020-11-27,14:43:57,7.98259964,9.002200317,163.7512054,192.5307922,161.2101593,159.986557,277.613739,157.1258392,132.4346771,0,0,0.00171548,0.000179764
2020-11-27,14:43:58,7.983499908,9.002100372,163.7501373,192.5416107,161.2096252,159.9863281,277.6142578,157.1263885,132.4342346,0,0,0.00171548,0.000179764
2020-11-27,14:43:59,7.983899689,9.002200317,163.7511749,192.5515594,161.2094421,159.9867249,277.6132202,157.1259155,132.4346313,0,0,0.00171548,0.000179764
2020-11-27,14:44:00,7.984100342,9.002100372,163.7511749,192.5608063,161.210022,159.9866638,277.6131287,157.1256409,132.4348755,0,0,0.001708312,0.000179764
2020-11-27,14:44:01,7.984300232,9.001999664,163.7511749,192.5708313,161.2097931,159.9870453,277.6123657,157.1261139,132.4345093,0,0,0.001708312,0.000179764
2020-11-27,14:44:02,7.984500122,9.001999664,163.7511749,192.5810242,161.2101288,159.9868774,277.6128235,157.1259155,132.4346466,0,0,0.001708312,0.000179764
2020-11-27,14:44:03,7.984700012,9.001899719,163.7511749,192.5909271,161.2086487,159.9870453,277.6124268,157.126297,132.4343414,0,0,0.001692052,0.000179764
2020-11-27,14:44:04,7.984999847,9.001899719,163.7511749,192.6002045,161.209549,159.987381,277.6113892,157.1259155,132.4346008,0,0,0.001711984,0.000179812
2020-11-27,14:44:05,7.985099792,9.001899719,163.7511749,192.61026,161.2100525,159.9868774,277.612793,157.1262054,132.4344177,0,0,0.001711984,0.000179812
2020-11-27,14:44:06,7.985600281,9.001799774,163.7511749,192.6200409,161.2104492,159.987381,277.6114197,157.1258392,132.4346924,0,0,0.001711984,0.000179812
2020-11-27,14:44:07,7.985500336,9.001799774,163.7511749,192.630127,161.2093353,159.9876556,277.6106873,157.126297,132.4343567,0,0,0.001711984,0.000179812
2020-11-27,14:44:08,7.985800171,9.001799774,163.7511749,192.6400757,161.2100677,159.987442,277.6115112,157.1268616,132.4338379,0,0,0.001711984,0.000179977
2020-11-27,14:44:09,7.985900116,9.001699829,163.7511749,192.6494751,161.209259,159.9878693,277.6099854,157.1264801,132.4341888,0,0,0.001711984,0.000179977
2020-11-27,14:44:10,7.986100006,9.001699829,163.7511749,192.659317,161.2097168,159.987442,277.611145,157.1268616,132.4339142,0,0,0.001711984,0.000179756
2020-11-27,14:44:11,7.986199951,9.001699829,163.7511749,192.66922,161.2091217,159.987915,277.6099548,157.1275177,132.4334564,0,0,0.001711984,0.000179756
2020-11-27,14:44:12,7.986599731,9.001599884,163.7501068,192.6795502,161.2094574,159.9882202,277.6090393,157.1270447,132.4337463,0,0,0.001711984,0.000179756
2020-11-27,14:44:13,7.986799622,9.001599884,163.7501068,192.6893616,161.209259,159.9884796,277.6082764,157.1275177,132.4333344,0,0,0.001711984,0.000179756
2020-11-27,14:44:14,7.986599731,9.001499939,163.7501068,192.6980743,161.2090149,159.9878693,277.6100159,157.1263885,132.4342346,0,0,0.001711984,0.000179809
2020-11-27,14:44:15,7.98690033,9.001499939,163.7501068,192.7082214,161.2089539,159.988266,277.6090088,157.1277161,132.4332581,0,0,0.001711984,0.000179809
2020-11-27,14:44:16,7.986699677,9.001399994,163.7501068,192.7171326,161.2084045,159.9883118,277.6088257,157.1268616,132.4338684,0,0,0.001711984,0.000179809
2020-11-27,14:44:17,7.987400055,9.001499939,163.7511139,192.7283783,161.2092133,159.9885864,277.6080322,157.1275177,132.4333496,0,0,0.001711984,0.000179809
2020-11-27,14:44:18,7.98730011,9.001399994,163.7511139,192.7381897,161.2085114,159.9882202,277.6091003,157.1277161,132.4332428,0,0,0.001711984,0.000179809
2020-11-27,14:44:19,7.987599945,9.001399994,163.7511139,192.7467499,161.2097168,159.9886475,277.6078491,157.1273193,132.4335632,0,0,0.001711984,0.000179809
2020-11-27,14:44:20,7.987799835,9.001300049,163.7511139,192.7563782,161.2091675,159.9888611,277.6073608,157.1276398,132.4332733,0,0,0.001711984,0.000179809
2020-11-27,14:44:21,7.98769989,9.001300049,163.7511139,192.7668915,161.2087708,159.9888,277.6075134,157.1273193,132.4335632,0,0,0.001711984,0.000179809
2020-11-27,14:44:22,7.98789978,9.001200104,163.7500458,192.7765045,161.2091675,159.9885864,277.6080627,157.1281891,132.4328766,0,0,0.001711984,0.000179809
2020-11-27,14:44:23,7.98809967,9.001300049,163.7500458,192.7860413,161.2093964,159.988739,277.607605,157.1281891,132.4329376,0,0,0.001711984,0.000180032
2020-11-27,14:44:24,7.988300323,9.001200104,163.7511292,192.7954712,161.2086639,159.9894104,277.605835,157.1278229,132.4331665,0,0,0.001695899,0.000180032
2020-11-27,14:44:25,7.988500214,9.001100159,163.7501221,192.8048553,161.2089691,159.9888611,277.6072998,157.12854,132.4325867,0,0,0.001695899,0.000180032
2020-11-27,14:44:26,7.988700104,9.001200104,163.7501221,192.8144989,161.2095642,159.9896393,277.605072,157.1282959,132.432785,0,0,0.001695899,0.000180032
2020-11-27,14:44:27,7.988600159,9.001100159,163.7511444,192.824646,161.208847,159.9891968,277.6063538,157.1289215,132.432312,0,0,0.001695899,0.000180032
2020-11-27,14:44:28,7.988999939,9.001100159,163.7500916,192.8335266,161.2086792,159.9893036,277.6066284,157.1283569,132.432724,0,0,0.001695899,0.000180032
2020-11-27,14:44:29,7.989099884,9.001000214,163.7511292,192.8432312,161.2091522,159.9896393,277.6051636,157.1290131,132.4321899,0,0,0.001695899,0.000180032
2020-11-27,14:44:30,7.989299774,9.001100159,163.7511292,192.8516998,161.2090302,159.9895172,277.6055603,157.129303,132.4320068,0,0,0.001695899,0.000180032
2020-11-27,14:44:31,7.989099884,9.000900269,163.7511292,192.8614807,161.2082367,159.9896393,277.605072,157.1289215,132.4322968,0,0,0.001695899,0.000180032
2020-11-27,14:44:32,7.989499664,9.001000214,163.7501068,192.8720245,161.2087708,159.9898224,277.6047363,157.1295013,132.431839,0,0,0.001695899,0.000180032
2020-11-27,14:44:33,7.989399719,9.000800323,163.7501068,192.8807983,161.2081146,159.9900055,277.6043701,157.12854,132.4326172,0,0,0.00168672,0.000180032
2020-11-27,14:44:34,7.989299774,9.000900269,163.7501068,192.8912354,161.2090454,159.9892578,277.6062012,157.129303,132.4320374,0,0,0.00168672,0.000180032
2020-11-27,14:44:35,7.989600372,9.000800323,163.7501068,192.9001923,161.2083588,159.9900055,277.6043396,157.1290131,132.4322052,0,0,0.00168672,0.000180032
2020-11-27,14:44:36,7.989900208,9.000800323,163.7501068,192.909317,161.2086639,159.9902039,277.6036682,157.1299591,132.4314423,0,0,0.00168672,0.000180032
2020-11-27,14:44:37,7.990100098,9.000700378,163.7501068,192.9187469,161.2082825,159.9900055,277.604187,157.1296844,132.4317322,0,0,0.00168672,0.000180032
2020-11-27,14:44:38,7.990299988,9.000800323,163.7501068,192.9289551,161.2088318,159.9905548,277.6026917,157.1303253,132.4312286,0,0,0.00168672,0.000180032
2020-11-27,14:44:39,7.990200043,9.000700378,163.7501068,192.9371643,161.2086792,159.9904327,277.6029968,157.1304321,132.4313354,0,0,0.00168672,0.000180032
2020-11-27,14:44:40,7.990000153,9.00059967,163.7501068,192.9468536,161.207901,159.9905548,277.6027832,157.1307983,132.4308319,0,0,0.00168672,0.000180032
2020-11-27,14:44:41,7.990399933,9.00059967,163.7501068,192.9564972,161.2076874,159.9907227,277.602356,157.1304321,132.4311218,0,0,0.00168672,0.000179896
2020-11-27,14:44:42,7.990200043,9.000499725,163.7501068,192.9650574,161.2085419,159.9908295,277.6018982,157.130249,132.4312897,0,0,0.00168672,0.000179896
2020-11-27,14:44:43,7.990399933,9.00039978,163.7501068,192.9746857,161.2079926,159.9909821,277.6015015,157.1309204,132.4307709,0,0,0.00168672,0.000179896
2020-11-27,14:44:44,7.990699768,8.996299744,163.7501068,192.984024,161.2077179,159.9910431,277.6012878,157.1311951,132.4305878,0,0,0.00168672,0.000179896
2020-11-27,14:44:45,7.990399933,8.991500092,163.7501068,192.9935913,161.209549,159.990921,277.6017151,157.131485,132.4303284,0,0,0.00168672,0.000179896
2020-11-27,14:44:46,7.990599823,8.98710022,163.7501068,193.0028381,161.2077942,159.9911499,277.6010437,157.1322327,132.4297791,0,0,0.00168672,0.000179896
2020-11-27,14:44:47,7.990299988,8.982800293,163.7501068,193.0123596,161.207901,159.9905548,277.6027527,157.1318512,132.4300537,0,0,0.00168672,0.000179896
2020-11-27,14:44:48,7.990499878,8.978700256,163.7501068,193.0215607,161.2081757,159.990921,277.6016846,157.1320496,132.4299011,0,0,0.00168672,0.000179896
2020-11-27,14:44:49,7.990000153,8.974500275,163.7501068,193.0312347,161.2075806,159.9905548,277.6027832,157.1327972,132.4293365,0,0,0.00168672,0.000179896
2020-11-27,14:44:50,7.989800262,8.970300293,163.7501068,193.0396118,161.2061768,159.9909821,277.6014709,157.1329041,132.4292297,0,0,0.00168672,0.000179896
2020-11-27,14:44:51,7.989499664,8.966400146,163.7501068,193.0480652,161.2065735,159.990921,277.6017151,157.1330872,132.4293213,0,0,0.00168672,0.000179896
2020-11-27,14:44:52,7.989399719,8.962200165,163.7501068,193.0570221,161.2078552,159.9911499,277.6010132,157.1325989,132.429184,0,0,0.00168672,0.000179756
2020-11-27,14:44:53,7.989099884,8.958200073,163.7501068,193.0674438,161.2068024,159.9907227,277.6022949,157.1343079,132.4281921,0,0,0.00168672,0.000179756
2020-11-27,14:44:54,7.988700104,8.954000092,163.7501068,193.076355,161.2077942,159.9905548,277.6026917,157.1329803,132.4292145,0,0,0.00168672,0.000179756
2020-11-27,14:44:55,7.988200378,8.95019989,163.7501068,193.0847015,161.2070923,159.9908905,277.6017761,157.1337433,132.4286499,0,0,0.00168672,0.000179756
2020-11-27,14:44:56,7.98789978,8.946199799,163.7501068,193.0944824,161.2062836,159.9903717,277.6031494,157.1339264,132.4284058,0,0,0.00168672,0.000179756
2020-11-27,14:44:57,7.987400055,8.942099762,163.7501068,193.1045532,161.2076263,159.9902039,277.6037292,157.1341095,132.428299,0,0,0.00168672,0.000179756
2020-11-27,14:44:58,7.986799622,8.938200378,163.7501068,193.1129303,161.2062225,159.9907227,277.6022339,157.1350708,132.4275665,0,0,0.00168672,0.000179756
2020-11-27,14:44:59,7.986299896,8.934500122,163.7501068,193.1225739,161.2068176,159.9900513,277.6040649,157.1348877,132.4277344,0,0,0.00168672,0.000179756
2020-11-27,14:45:00,7.985500336,8.930599976,163.7501068,193.131073,161.2071533,159.9900055,277.6043396,157.1347809,132.4276886,0,0,0.00168672,0.000179756
2020-11-27,14:45:01,7.984999847,8.926799774,163.7501068,193.1403656,161.2053375,159.9897003,277.6049805,157.1360168,132.4268494,0,0,0.00168672,0.000179756
2020-11-27,14:45:02,7.984300232,8.923200226,163.7501068,193.1490631,161.2073669,159.9892578,277.6061401,157.1364746,132.4264679,0,0,0.00168672,0.000179756
2020-11-27,14:45:03,7.983599854,8.919400024,163.7501068,193.1575775,161.2064209,159.9895935,277.6053772,157.1372375,132.4259338,0,0,0.00168672,0.000179755
2020-11-27,14:45:04,7.982900238,8.915599823,163.7490692,193.167572,161.2061157,159.9890442,277.6068115,157.1375275,132.4257507,0,0,0.00168672,0.000179755
2020-11-27,14:45:05,7.982099915,8.91230011,163.7490692,193.1755676,161.2066345,159.9882202,277.6090698,157.1371307,132.4254913,0,0,0.00168672,0.000179755
2020-11-27,14:45:06,7.981400299,8.908699799,163.7500916,193.1848907,161.2064972,159.9884796,277.6083679,157.1386566,132.4248047,0,0,0.00168672,0.000179755
2020-11-27,14:45:07,7.980599976,8.905200195,163.7500916,193.1942444,161.2068787,159.9879761,277.6097717,157.1385498,132.4248962,0,0,0.00168672,0.000179755
2020-11-27,14:45:08,7.979799652,8.901799774,163.7500916,193.2030029,161.2062836,159.9875031,277.6111145,157.1399689,132.4238129,0,0,0.00168672,0.000179755
2020-11-27,14:45:09,7.978900146,8.898300171,163.7490692,193.2112274,161.2056122,159.9869843,277.6125183,157.1397858,132.4236603,0,0,0.00168672,0.000179894
2020-11-27,14:45:10,7.978099823,8.894999695,163.7490692,193.221283,161.2060394,159.986557,277.6138,157.1402588,132.4239502,0,0,0.00168672,0.000179894
2020-11-27,14:45:11,7.977100372,8.891500092,163.7490692,193.2293854,161.2063446,159.9863892,277.6141052,157.1410217,132.4229889,0,0,0.00168672,0.000179894
2020-11-27,14:45:12,7.976000214,8.88809967,163.7490692,193.2390289,161.205307,159.9855804,277.6162415,157.1417542,132.4224243,0,0,0.00168672,0.000179894
2020-11-27,14:45:13,7.975099945,8.884899902,163.7500916,193.2470245,161.2056122,159.9859772,277.6152344,157.1426239,132.4217072,0,0,0.00168672,0.000179894
2020-11-27,14:45:14,7.974299622,8.881500244,163.7500916,193.2562714,161.2050934,159.9850311,277.6178589,157.1433868,132.4211731,0,0,0.00168672,0.000179894
2020-11-27,14:45:15,7.973300171,8.878099823,163.7490845,193.265152,161.2048187,159.984436,277.6196289,157.1446075,132.4202271,0,0,0.00168672,0.000179811
2020-11-27,14:45:16,7.972399902,8.874900055,163.7490845,193.273407,161.2050781,159.9841003,277.6204224,157.1449738,132.4199219,0,0,0.00168672,0.000179811
2020-11-27,14:45:17,7.971099854,8.871700287,163.7490845,193.2821045,161.2060089,159.984314,277.619873,157.146759,132.4185791,0,0,0.00168672,0.000179975
2020-11-27,14:45:18,7.970200348,8.868399811,163.7490845,193.2914124,161.2055054,159.9838715,277.6210938,157.1474152,132.418045,0,0,0.00168672,0.000179975
2020-11-27,14:45:19,7.969100189,8.865200043,163.7490845,193.2996216,161.2050934,159.9829407,277.6236877,157.1480713,132.417511,0,0,0.00168672,0.000179975
2020-11-27,14:45:20,7.968099976,8.86210022,163.7490845,193.3082581,161.2045746,159.9823456,277.6250916,157.1496887,132.416275,0,0,0.00168672,0.000179975
2020-11-27,14:45:21,7.966899872,8.858899689,163.7490845,193.3177643,161.2049103,159.982254,277.6253357,157.1504364,132.415741,0,0,0.00168672,0.000179975
2020-11-27,14:45:22,7.965699768,8.855799866,163.7490845,193.3256683,161.2039948,159.9815369,277.6273193,157.1513824,132.4149475,0,0,0.00168672,0.000179975
2020-11-27,14:45:23,7.964499664,8.852600098,163.7490845,193.3343506,161.2037201,159.9810944,277.6287537,157.15271,132.4139557,0,0,0.00168672,0.000179975
2020-11-27,14:45:24,7.963300323,8.84960022,163.7490845,193.3435822,161.2035828,159.9801483,277.631134,157.1534729,132.4134369,0,0,0.00168672,0.000179975
2020-11-27,14:45:25,7.962200165,8.846399689,163.7490845,193.3514099,161.2033234,159.9794922,277.6329651,157.1542206,132.4128113,0,0,0.001693451,0.000179975
2020-11-27,14:45:26,7.960700226,8.843299866,163.7490845,193.3610077,161.2037201,159.9791107,277.6340332,157.1554413,132.4118805,0,0,0.001693451,0.000179701
2020-11-27,14:45:27,7.959700012,8.840200043,163.7490845,193.3688049,161.2033844,159.9789429,277.6345825,157.1571503,132.4105835,0,0,0.001690391,0.000179841
2020-11-27,14:45:28,7.958399963,8.83730011,163.7501526,193.3767395,161.2026978,159.9781494,277.6366882,157.1582794,132.4096527,0,0,0.001690391,0.000179841
2020-11-27,14:45:29,7.95719986,8.834200287,163.7491302,193.3862152,161.2030029,159.9772644,277.6389771,157.1598816,132.408493,0,0,0.001690391,0.000179841
2020-11-27,14:45:30,7.955899811,8.831199646,163.7491302,193.3942566,161.2026367,159.9773712,277.6393433,157.1613922,132.4072418,0,0,0.001690391,0.000179841
2020-11-27,14:45:31,7.954599762,8.828299713,163.7491302,193.4037628,161.2028046,159.9763947,277.641449,157.1622314,132.4066162,0,0,0.001690391,0.000179841
2020-11-27,14:45:32,7.953299713,8.82519989,163.7491302,193.4116058,161.2016296,159.9760437,277.6423645,157.1641235,132.4051971,0,0,0.001698784,0.00017995
2020-11-27,14:45:33,7.952100372,8.822200012,163.7491302,193.4202728,161.2031708,159.9749146,277.6454773,157.1653595,132.4042206,0,0,0.001698784,0.000179867
2020-11-27,14:45:34,7.950499725,8.819400024,163.7491302,193.4292297,161.2015686,159.9745178,277.6464539,157.1663818,132.4033966,0,0,0.001698784,0.000179867
2020-11-27,14:45:35,7.949199677,8.816400146,163.7491302,193.4365692,161.2008972,159.9741364,277.647644,157.1678925,132.4022827,0,0,0.001713732,0.000179867
2020-11-27,14:45:36,7.947899628,8.813400269,163.7481079,193.44487,161.2032471,159.9733276,277.6498413,157.1693115,132.4011993,0,0,0.001713732,0.000179867
2020-11-27,14:45:37,7.946399689,8.810500336,163.7481079,193.4538116,161.2010651,159.9725037,277.6521301,157.1705475,132.4002686,0,0,0.001713732,0.000179867
2020-11-27,14:45:38,7.944799805,8.807499695,163.7481079,193.463089,161.2018585,159.9720001,277.653656,157.1722565,132.398941,0,0,0.001713732,0.000179867
2020-11-27,14:45:39,7.943699646,8.804599762,163.7481079,193.4711609,161.2013092,159.9716492,277.6544189,157.174408,132.3972168,0,0,0.001713732,0.000179867
2020-11-27,14:45:40,7.942199707,8.801799774,163.7481079,193.4787598,161.2003632,159.9709167,277.6563721,157.1750793,132.396698,0,0,0.001713732,0.00017978
2020-11-27,14:45:41,7.940399933,8.798799896,163.7481079,193.4878998,161.2015228,159.9701538,277.6585083,157.1772461,132.3950958,0,0,0.001713732,0.00017978
2020-11-27,14:45:42,7.939099884,8.795999908,163.7491302,193.4953461,161.2009277,159.9693756,277.6607361,157.1785583,132.3941193,0,0,0.001713732,0.00017978
2020-11-27,14:45:43,7.937599945,8.793199921,163.7491302,193.5035095,161.1994934,159.9687805,277.6622925,157.1799774,132.3929901,0,0,0.001713732,0.00017978
2020-11-27,14:45:44,7.936100006,8.790299988,163.7491302,193.5125275,161.2004547,159.9685669,277.6629944,157.1810913,132.3920746,0,0,0.001713732,0.00017978
2020-11-27,14:45:45,7.934700012,8.7875,163.7480927,193.5200958,161.2000275,159.9676666,277.6653442,157.1835785,132.3902435,0,0,0.001713732,0.00017978
2020-11-27,14:45:46,7.933200073,8.784700012,163.7480927,193.5286865,161.199646,159.9667206,277.6679993,157.1846161,132.3894348,0,0,0.001713732,0.00017978
2020-11-27,14:45:47,7.931600189,8.781800079,163.7480927,193.5369568,161.1994171,159.9665985,277.6676331,157.1863098,132.388092,0,0,0.001713732,0.00017978
2020-11-27,14:45:48,7.93010025,8.779000092,163.7480927,193.5458221,161.199646,159.9657593,277.6706238,157.1873627,132.3873291,0,0,0.001725096,0.00017978
2020-11-27,14:45:49,7.928600311,8.776300049,163.7480927,193.5540161,161.1986389,159.965271,277.6720276,157.1894379,132.3856964,0,0,0.001725096,0.000179752
2020-11-27,14:45:50,7.927100372,8.773500061,163.7480927,193.5610504,161.1993103,159.9644928,277.6741638,157.1917114,132.3840332,0,0,0.001725096,0.00017975
2020-11-27,14:45:51,7.92539978,8.770600128,163.7480927,193.5701447,161.1980438,159.9639435,277.6756287,157.1933136,132.3827209,0,0,0.001725096,0.00017975
2020-11-27,14:45:52,7.923899841,8.76780014,163.7480927,193.5780334,161.1976776,159.9631653,277.6778564,157.1950836,132.3813477,0,0,0.001725096,0.00017975
2020-11-27,14:45:53,7.922399902,8.765200043,163.7480927,193.5859375,161.1983643,159.9627838,277.678833,157.1965027,132.3802948,0,0,0.001725096,0.00017975
2020-11-27,14:45:54,7.920800018,8.76230011,163.7480927,193.5942688,161.197998,159.9618988,277.6813049,157.1987762,132.3785248,0,0,0.001725096,0.00017975
2020-11-27,14:45:55,7.919100189,8.759500122,163.7480927,193.6026917,161.1987915,159.9609528,277.6838379,157.2001801,132.3774261,0,0,0.001725096,0.00017975
2020-11-27,14:45:56,7.917500305,8.756800079,163.7480927,193.6108551,161.1968384,159.960434,277.6853333,157.2023621,132.3758392,0,0,0.001725096,0.00017975
2020-11-27,14:45:57,7.915899658,8.754100037,163.7480927,193.6192474,161.1973419,159.9599609,277.686615,157.2030182,132.3752289,0,0,0.001725096,0.000179832
2020-11-27,14:45:58,7.914199829,8.751300049,163.7480927,193.6275177,161.1976929,159.959198,277.6886902,157.2056732,132.3732147,0,0,0.001725096,0.000179832
2020-11-27,14:45:59,7.91269989,8.748600006,163.7480927,193.6345215,161.1968079,159.9588165,277.6898499,157.2070923,132.3721161,0,0,0.001725096,0.000179832
2020-11-27,14:46:00,7.911000061,8.745899963,163.7480927,193.642868,161.1966705,159.9576263,277.6930847,157.2094574,132.3703156,0,0,0.001725096,0.000179832
2020-11-27,14:46:01,7.909200287,8.743199921,163.749115,193.6507874,161.1964874,159.9572449,277.6941223,157.2110291,132.3691254,0,0,0.001725096,0.000179832
2020-11-27,14:46:02,7.90739975,8.740399933,163.749115,193.6576233,161.1965485,159.9561768,277.6968994,157.2130127,132.3675995,0,0,0.001725096,0.000179832
2020-11-27,14:46:03,7.905899811,8.73789978,163.7480774,193.6672668,161.1963043,159.9558105,277.6981201,157.214325,132.3665314,0,0,0.001725096,0.000179832
2020-11-27,14:46:04,7.904100037,8.735099792,163.7480774,193.6745758,161.1966248,159.9552612,277.6994934,157.2167206,132.3647614,0,0,0.001725096,0.000179832
2020-11-27,14:46:05,7.902400208,8.73239975,163.7480774,193.682785,161.1958313,159.9545746,277.7013855,157.2176361,132.3639679,0,0,0.001725096,0.000179832
2020-11-27,14:46:06,7.900800323,8.729599762,163.7491455,193.6905212,161.1950836,159.9536896,277.7037964,157.2202759,132.3619843,0,0,0.001725096,0.000179832
2020-11-27,14:46:07,7.898899841,8.726899719,163.7480774,193.6984253,161.1958466,159.953125,277.7054138,157.2217102,132.3608551,0,0,0.001725096,0.000179832
2020-11-27,14:46:08,7.897299957,8.724299622,163.7480774,193.7059021,161.1940308,159.9524231,277.707489,157.223877,132.3591766,0,0,0.001725096,0.000179832
2020-11-27,14:46:09,7.895600128,8.721600342,163.7480774,193.7133942,161.1952667,159.9515228,277.7097473,157.226059,132.3575592,0,0,0.001725096,0.000179832
2020-11-27,14:46:10,7.893900299,8.718900299,163.7480774,193.7221527,161.1944885,159.9511566,277.7108459,157.2274475,132.3564453,0,0,0.001725096,0.000179832
2020-11-27,14:46:11,7.892199707,8.716200256,163.7480774,193.7302094,161.1953735,159.9504089,277.7127991,157.2299042,132.3545074,0,0,0.001703067,0.000179832
2020-11-27,14:46:12,7.890499878,8.713600159,163.7480774,193.7373962,161.1945496,159.9497375,277.7146301,157.2313232,132.3534851,0,0,0.001703067,0.000179832
2020-11-27,14:46:13,7.888700104,8.711000061,163.749115,193.7460632,161.1948547,159.9490204,277.7166748,157.2335052,132.3518066,0,0,0.001704291,0.000179832
2020-11-27,14:46:14,7.887000275,8.708399963,163.749115,193.7540131,161.1954803,159.948349,277.7185364,157.236145,132.3497162,0,0,0.001704291,0.000179832
2020-11-27,14:46:15,7.885199738,8.705699921,163.749115,193.7614746,161.1939087,159.9477081,277.7203369,157.2377472,132.3485413,0,0,0.001704291,0.000179865
2020-11-27,14:46:16,7.883499908,8.702999878,163.7480927,193.7689362,161.1934967,159.9470825,277.7219849,157.2391815,132.3474274,0,0,0.001704291,0.000179865
2020-11-27,14:46:17,7.881800079,8.700499725,163.7480927,193.7762451,161.1944885,159.9459839,277.7249756,157.2406769,132.3462219,0,0,0.001704291,0.000179865
2020-11-27,14:46:18,7.87990036,8.697799683,163.7480927,193.7841797,161.193573,159.9456024,277.7261658,157.2433167,132.344223,0,0,0.001704291,0.000179865
2020-11-27,14:46:19,7.878199768,8.695200348,163.7480927,193.7928925,161.1933441,159.9450226,277.7276917,157.2454834,132.3425293,0,0,0.001704291,0.000179974
2020-11-27,14:46:20,7.876300049,8.69240036,163.7470856,193.8009644,161.1928711,159.9441528,277.730072,157.2471008,132.3413391,0,0,0.001704291,0.000179974
2020-11-27,14:46:21,7.874500275,8.689800262,163.7481537,193.8070526,161.1929932,159.9443665,277.7306213,157.2494507,132.3394775,0,0,0.001714956,0.000179836
2020-11-27,14:46:22,7.872399902,8.68730011,163.7481537,193.8149567,161.1920624,159.9425964,277.734375,157.2507935,132.3384705,0,0,0.001714956,0.000179836
2020-11-27,14:46:23,7.870600128,8.684600067,163.7492065,193.8233643,161.1927032,159.9424286,277.7347717,157.2527618,132.3369598,0,0,0.001714956,0.000179836
2020-11-27,14:46:24,7.869000244,8.681999969,163.7481842,193.8304138,161.1925354,159.9413147,277.737915,157.2555084,132.3348083,0,0,0.001714956,0.000179836
2020-11-27,14:46:25,7.866999817,8.679299927,163.7481842,193.8385925,161.1916962,159.940506,277.7401733,157.2574921,132.333313,0,0,0.001714956,0.000179836
2020-11-27,14:46:26,7.865299988,8.676699829,163.7481842,193.8458252,161.1906128,159.9408264,277.7393494,157.259079,132.3320923,0,0,0.001714956,0.000179836
2020-11-27,14:46:27,7.863400269,8.674099731,163.7481842,193.8533783,161.1867676,159.9393616,277.7432556,157.2602081,132.3312073,0,0,0.001714956,0.000179804
2020-11-27,14:46:28,7.861599731,8.653500366,163.7481842,193.8607025,161.1822662,159.9391479,277.7438965,157.262207,132.3297424,0,0,0.001720288,0.000179804
2020-11-27,14:46:29,7.859200287,8.606099701,163.7481842,193.8691254,161.1755829,159.9380951,277.7467957,157.2646484,132.3278198,0,0,0.001720288,0.000179804
2020-11-27,14:46:30,7.856199646,8.566799927,163.7481842,193.8762665,161.1679993,159.9375916,277.7480774,157.2661591,132.3266144,0,0,0.001720288,0.000179804
2020-11-27,14:46:31,7.852899933,8.533999634,163.7481842,193.8830109,161.157608,159.9367218,277.7505493,157.267868,132.3253784,0,0,0.001720288,0.000179804
2020-11-27,14:46:32,7.849500275,8.506400299,163.7481842,193.8900604,161.14711,159.935318,277.7543335,157.2699432,132.3237457,0,0,0.001720288,0.000179804
2020-11-27,14:46:33,7.848000336,8.479799652,163.7481842,193.8978119,161.133606,159.9350433,277.7550659,157.2720337,132.3221436,0,0,0.001720288,0.000179804
2020-11-27,14:46:34,7.853399658,8.456400299,163.7481842,193.9055481,161.1204529,159.9339752,277.7579651,157.2738953,132.320694,0,0,0.001720288,0.000179804
2020-11-27,14:46:35,7.860800171,8.430899811,163.7481842,193.9142303,161.1050873,159.9322662,277.7628479,157.2758789,132.3191986,0,0,0.001720288,0.000179804
2020-11-27,14:46:36,7.866400146,8.408999634,163.7481842,193.9210205,161.0876007,159.9311676,277.7657776,157.277771,132.317749,0,0,0.001753157,0.000179804
2020-11-27,14:46:37,7.870999908,8.387999725,163.7481842,193.9283295,161.0718231,159.9299774,277.7690735,157.2795715,132.3163452,0,0,0.001744765,0.000179804
2020-11-27,14:46:38,7.874700165,8.365899658,163.7481842,193.9345093,161.0533752,159.9277039,277.775238,157.2819214,132.3144836,0,0,0.001744765,0.000179759
2020-11-27,14:46:39,7.877600098,8.345500183,163.7481842,193.9429932,161.0341034,159.926651,277.7781372,157.2840271,132.312912,0,0,0.001744765,0.000179759
2020-11-27,14:46:40,7.879699707,8.326999664,163.7481842,193.9503937,161.0154114,159.9250336,277.7825623,157.2859955,132.3113708,0,0,0.001744765,0.000179759
2020-11-27,14:46:41,7.881600189,8.307499695,163.7481842,193.957962,160.9959106,159.9233398,277.7872314,157.2879791,132.3098297,0,0,0.001744765,0.000179759
2020-11-27,14:46:42,7.882800293,8.289299774,163.7481842,193.9660187,160.9757996,159.9210968,277.793396,157.290329,132.3080292,0,0,0.001744765,0.000179796
2020-11-27,14:46:43,7.883899689,8.270600128,163.7481842,193.9729156,160.95401,159.9194946,277.7977905,157.2920227,132.3067017,0,0,0.001744765,0.000179796
2020-11-27,14:46:44,7.884600067,8.252600098,163.7481842,193.9815216,160.9330292,159.9179382,277.8022156,157.2947845,132.3045959,0,0,0.001744765,0.000179687
2020-11-27,14:46:45,7.884899902,8.234400177,163.7481842,193.9894104,160.9114838,159.9161224,277.8072205,157.2966614,132.3031311,0,0,0.001744765,0.000179687
2020-11-27,14:46:46,7.884799957,8.218099976,163.7481842,193.9970856,160.8880005,159.9139404,277.8128357,157.2991333,132.3012238,0,0,0.001744765,0.000179687
2020-11-27,14:46:47,7.884899902,8.201499939,163.7481842,194.0041504,160.8670959,159.9129028,277.8160095,157.3015747,132.2993622,0,0,0.001744765,0.000179687
2020-11-27,14:46:48,7.884400177,8.184899902,163.7471466,194.012085,160.8455048,159.9098663,277.8244629,157.3034668,132.2978973,0,0,0.001744765,0.000179687
2020-11-27,14:46:49,7.883699799,8.16989975,163.7481689,194.0197754,160.8223724,159.9081726,277.8291016,157.3060913,132.2958527,0,0,0.001601313,0.000179687
2020-11-27,14:46:50,7.88259964,8.154699707,163.7481689,194.0278778,160.7995758,159.9062805,277.834259,157.3086395,132.2938995,0,0,0.001601313,0.000179687
2020-11-27,14:46:51,7.881300354,8.139700317,163.7481689,194.0362396,160.7768555,159.9043121,277.8396912,157.3100739,132.2928619,0,0,0.001601313,0.00017972
2020-11-27,14:46:52,7.879699707,8.126000214,163.7481689,194.04422,160.7534943,159.9022522,277.8453979,157.3130035,132.2905426,0,0,0.001601313,0.00017972
2020-11-27,14:46:53,7.878099823,8.110600281,163.7471161,194.0522766,160.7308044,159.8998108,277.8519897,157.3155518,132.2885895,0,0,0.001601313,0.00017975
2020-11-27,14:46:54,7.876000214,8.096900177,163.7471161,194.0608521,160.7070923,159.8981628,277.8566589,157.3178406,132.2868805,0,0,0.001601313,0.00017975
2020-11-27,14:46:55,7.873799896,8.083399963,163.7471161,194.0688782,160.6854706,159.8959351,277.8627625,157.3204346,132.2848053,0,0,0.001601313,0.00017975
2020-11-27,14:46:56,7.871399689,8.071499634,163.7471161,194.0756989,160.6625519,159.8942108,277.8674927,157.3233795,132.2825928,0,0,0.001601313,0.00017975
2020-11-27,14:46:57,7.868399811,8.05739975,163.7471161,194.0859985,160.6393127,159.8920593,277.8732605,157.3258514,132.2807159,0,0,0.001601313,0.00017975
2020-11-27,14:46:58,7.865799713,8.046700287,163.7471161,194.0928497,160.6165009,159.890152,277.8786011,157.3278198,132.2791748,0,0,0.001601313,0.00017975
2020-11-27,14:46:59,7.8625,8.034500122,163.7471161,194.1015625,160.5940704,159.8879547,277.8847351,157.3302917,132.2772369,0,0,0.001601313,0.00017975
2020-11-27,14:47:00,7.859300232,8.022200012,163.7471161,194.1090393,160.5698547,159.8857727,277.8905029,157.33284,132.2752686,0,0,0.001601313,0.00017975
2020-11-27,14:47:01,7.855899811,8.011299896,163.7471161,194.1182709,160.5486298,159.8841095,277.8951721,157.3362274,132.2727356,0,0,0.001601313,0.00017975
2020-11-27,14:47:02,7.852300262,8.000299835,163.7471161,194.1273193,160.5247345,159.8817291,277.9016418,157.3383789,132.2710724,0,0,0.001601313,0.00017975
2020-11-27,14:47:03,7.848400116,7.988200378,163.7471161,194.1355896,160.5010376,159.8799286,277.9066162,157.3415222,132.2686615,0,0,0.001601313,0.00017975
2020-11-27,14:47:04,7.844200134,7.977600098,163.7471161,194.1438751,160.4790344,159.8778992,277.9121704,157.3440857,132.2666779,0,0,0.001601313,0.000179556
2020-11-27,14:47:05,7.840000153,7.967500305,163.7471161,194.1527252,160.4553223,159.8764648,277.9160767,157.3471985,132.2643433,0,0,0.001601313,0.00017975
2020-11-27,14:47:06,7.836000061,7.956999969,163.7471161,194.1606903,160.4339752,159.8743439,277.9219666,157.3502045,132.2620239,0,0,0.001601313,0.00017975
2020-11-27,14:47:07,7.831500244,7.947200012,163.7471161,194.1692505,160.4098206,159.872406,277.9271851,157.3520966,132.2605743,0,0,0.001601313,0.00017975
2020-11-27,14:47:08,7.826799774,7.937799835,163.7471161,194.1772461,160.3874512,159.8707428,277.9318237,157.3550415,132.2583313,0,0,0.001601313,0.00017975
2020-11-27,14:47:09,7.822200012,7.928399658,163.7481842,194.1864166,160.3658905,159.8685608,277.9376526,157.3578644,132.2561188,0,0,0.001601313,0.00017975
2020-11-27,14:47:10,7.817199707,7.918900299,163.7471161,194.1952362,160.342453,159.8668518,277.9424744,157.3604126,132.2541656,0,0,0.001601313,0.00017975
2020-11-27,14:47:11,7.81210022,7.908899689,163.7471161,194.203598,160.3196411,159.8647461,277.9483032,157.3634338,132.2518311,0,0,0.001601313,0.00017975
2020-11-27,14:47:12,7.80719986,7.901000214,163.7471161,194.2115479,160.2974243,159.8634033,277.9519348,157.3664551,132.2495728,0,0,0.001601313,0.00017975
2020-11-27,14:47:13,7.801799774,7.891300201,163.7471161,194.2209778,160.2744904,159.8614807,277.9573364,157.3688202,132.2477264,0,0,0.001601313,0.00017975
2020-11-27,14:47:14,7.796399689,7.883200073,163.7471161,194.2292633,160.2522125,159.8600922,277.9611816,157.3721161,132.245163,0,0,0.001601313,0.00017975
2020-11-27,14:47:15,7.790899658,7.87480011,163.7471161,194.2379456,160.2283936,159.8578796,277.9672852,157.3754272,132.2426453,0,0,0.001601313,0.00017975
2020-11-27,14:47:16,7.785700226,7.866799927,163.7471161,194.2460632,160.2080994,159.8567047,277.97052,157.3773346,132.2411499,0,0,0.001601313,0.00017975
2020-11-27,14:47:17,7.78010025,7.858499908,163.7471161,194.2548981,160.1855621,159.8538818,277.9782104,157.3800507,132.2391052,0,0,0.001601313,0.00017975
2020-11-27,14:47:18,7.774199677,7.850099945,163.7471161,194.2639771,160.1633301,159.8530884,277.9804688,157.3831787,132.2366943,0,0,0.001601313,0.00017975
2020-11-27,14:47:19,7.76760025,7.841799927,163.7471161,194.2726593,160.1408539,159.8511658,277.9857483,157.3863831,132.2342224,0,0,0.001601313,0.00017975
2020-11-27,14:47:20,7.7625,7.833799744,163.7471161,194.2816162,160.1193237,159.8495026,277.9902039,157.3890381,132.232132,0,0,0.001569755,0.00017975
2020-11-27,14:47:21,7.756600189,7.826499939,163.7471161,194.2893066,160.0966034,159.8475494,277.9957275,157.3911133,132.2305603,0,0,0.001569755,0.00017975
2020-11-27,14:47:22,7.749700165,7.818099976,163.7471161,194.2986298,160.0739746,159.8460693,277.9998169,157.3940277,132.2282715,0,0,0.001569755,0.00017975
2020-11-27,14:47:23,7.745200348,7.811100006,163.7471161,194.307373,160.0519104,159.8450165,278.0027466,157.3979187,132.2253571,0,0,0.001569755,0.00017975
2020-11-27,14:47:24,7.739199829,7.802799988,163.7471161,194.3162384,160.0306549,159.8431854,278.0078125,157.3999939,132.2237396,0,0,0.001588375,0.00017975
2020-11-27,14:47:25,7.732700348,7.795800018,163.7471161,194.3246307,160.0084534,159.8419647,278.0110474,157.4031219,132.221344,0,0,0.001585053,0.00017975
2020-11-27,14:47:26,7.726399994,7.787999725,163.7471161,194.3342438,159.9860382,159.8402252,278.0158386,157.4064331,132.2188568,0,0,0.001585053,0.000179667
2020-11-27,14:47:27,7.71989975,7.780999756,163.7471161,194.3419647,159.964859,159.8394165,278.018158,157.4089508,132.2167969,0,0,0.001585053,0.000179667
2020-11-27,14:47:28,7.714700317,7.773899841,163.746109,194.3499298,159.9424744,159.8366852,278.0256348,157.4110565,132.2152405,0,0,0.001585053,0.000179667
2020-11-27,14:47:29,7.708200073,7.766300201,163.7471466,194.3592682,159.9208679,159.8357086,278.0282593,157.4147339,132.2124329,0,0,0.001585053,0.000179667
2020-11-27,14:47:30,7.701999664,7.760199738,163.7471466,194.3683624,159.8994141,159.8344727,278.0317993,157.417099,132.2106323,0,0,0.001585053,0.000179667
2020-11-27,14:47:31,7.695400238,7.752999878,163.7460632,194.3770142,159.8771667,159.8326416,278.0366516,157.4202118,132.2082062,0,0,0.001585053,0.000179667
2020-11-27,14:47:32,7.690100098,7.745700073,163.7460632,194.3856659,159.8545837,159.8313599,278.0402832,157.4226685,132.2063446,0,0,0.001585053,0.000179667
2020-11-27,14:47:33,7.683300018,7.738400269,163.7470703,194.3937225,159.8335114,159.8300781,278.0437927,157.4255066,132.2041168,0,0,0.001585053,0.000179667
2020-11-27,14:47:34,7.675900269,7.731300354,163.7470703,194.4024963,159.8102264,159.8282776,278.0488586,157.4283447,132.2019653,0,0,0.001585053,0.000179667
2020-11-27,14:47:35,7.670700073,7.725,163.7470703,194.4116058,159.7907562,159.8267517,278.0528564,157.4314575,132.1996155,0,0,0.001585053,0.000179667
2020-11-27,14:47:36,7.664199829,7.71780014,163.7470703,194.421524,159.7679138,159.8257599,278.055603,157.4347687,132.1970062,0,0,0.001585053,0.000179667
2020-11-27,14:47:37,7.656700134,7.710399628,163.7470703,194.4289703,159.746109,159.8248291,278.0583191,157.4376068,132.1949005,0,0,0.001585053,0.000179667
2020-11-27,14:47:38,7.651499939,7.704299927,163.7460632,194.4371796,159.7264404,159.8231964,278.0626831,157.4408112,132.1923828,0,0,0.001585053,0.000179677
2020-11-27,14:47:39,7.645400238,7.697000122,163.7460632,194.4468994,159.7039795,159.8223877,278.0650635,157.442688,132.1908875,0,0,0.001585053,0.000179677
2020-11-27,14:47:40,7.638700104,7.690399933,163.7470856,194.4546661,159.6822357,159.8200531,278.0714417,157.4458313,132.1885071,0,0,0.001585053,0.000179677
2020-11-27,14:47:41,7.63259964,7.684100342,163.7460632,194.4646606,159.6617889,159.8188324,278.0747681,157.4487762,132.1862946,0,0,0.001585053,0.000179677
2020-11-27,14:47:42,7.62539978,7.676899719,163.7460632,194.4735565,159.6393433,159.817627,278.0780945,157.4520569,132.1837463,0,0,0.00154388,0.00017987
2020-11-27,14:47:43,7.619300079,7.669799805,163.7460632,194.4818878,159.6176147,159.8164978,278.0811462,157.4549103,132.1815643,0,0,0.001541345,0.00017987
2020-11-27,14:47:44,7.612599945,7.663600159,163.7460632,194.4902649,159.5960541,159.8151703,278.0848694,157.4576416,132.1794739,0,0,0.001541345,0.00017987
2020-11-27,14:47:45,7.606800079,7.656999969,163.7460632,194.4985352,159.5757751,159.8138428,278.088623,157.4607697,132.1770782,0,0,0.001541345,0.00017987
2020-11-27,14:47:46,7.6,7.65,163.7460632,194.5079193,159.5532684,159.8123932,278.0925293,157.4636688,132.1748199,0,0,0.001541345,0.00017987
2020-11-27,14:47:47,7.593099976,7.643599701,163.7460632,194.5173798,159.532074,159.8112488,278.0957031,157.4674683,132.171936,0,0,0.001541345,0.000179648
2020-11-27,14:47:48,7.587000275,7.63710022,163.7460632,194.5266724,159.509964,159.8097534,278.099762,157.4709625,132.16922,0,0,0.001544754,0.000179648
2020-11-27,14:47:49,7.581099701,7.630599976,163.7460632,194.5346069,159.4900208,159.8088531,278.1021729,157.4726715,132.1678619,0,0,0.001544754,0.000179648
2020-11-27,14:47:50,7.574900055,7.623799896,163.7460632,194.5433502,159.4680481,159.8072662,278.1067505,157.4757996,132.1655426,0,0,0.001544754,0.000179648
2020-11-27,14:47:51,7.567700195,7.616699982,163.7460632,194.5515747,159.446991,159.8063049,278.1091919,157.4788055,132.1631927,0,0,0.001544754,0.000179648
2020-11-27,14:47:52,7.56230011,7.611000061,163.7460632,194.5611267,159.4254761,159.8048096,278.1133423,157.4825134,132.1603851,0,0,0.001544754,0.000179648
2020-11-27,14:47:53,7.555599976,7.604199982,163.7460632,194.5693054,159.4044647,159.8035889,278.1167297,157.4853516,132.1581726,0,0,0.001544754,0.000179648
2020-11-27,14:47:54,7.548699951,7.597499847,163.7460632,194.5786591,159.3826447,159.8022614,278.1203308,157.4884644,132.1557465,0,0,0.001544754,0.000179567
2020-11-27,14:47:55,7.541600037,7.591300201,163.7460632,194.5872498,159.3617401,159.8010864,278.1236877,157.4915771,132.1533661,0,0,0.001544754,0.000179567
2020-11-27,14:47:56,7.536599731,7.583999634,163.7460632,194.5964355,159.342453,159.8000488,278.1265564,157.4945221,132.1511383,0,0,0.001544754,0.000179567
2020-11-27,14:47:57,7.52990036,7.578099823,163.7460632,194.6060486,159.319046,159.7987518,278.1300659,157.4973602,132.1489868,0,0,0.001539422,0.000179567
2020-11-27,14:47:58,7.523500061,7.571499634,163.7460632,194.6130981,159.2978058,159.7971649,278.134491,157.5003815,132.146637,0,0,0.001539422,0.000179567
2020-11-27,14:47:59,7.516500092,7.565399933,163.7460632,194.6225128,159.2782898,159.7968445,278.135376,157.5040588,132.1437531,0,0,0.001539422,0.000179567
2020-11-27,14:48:00,7.510500336,7.558799744,163.7460632,194.6315918,159.2559509,159.7950897,278.1401672,157.5070801,132.1414795,0,0,0.001539422,0.000179567
2020-11-27,14:48:01,7.504499817,7.552400208,163.7460632,194.6413116,159.2347107,159.7937775,278.1438904,157.5101166,132.1391907,0,0,0.001539422,0.000179708
2020-11-27,14:48:02,7.497899628,7.545899963,163.7460632,194.6494446,159.2146759,159.7927246,278.1466064,157.5140991,132.1361694,0,0,0.001539422,0.000179708
2020-11-27,14:48:03,7.491699982,7.539299774,163.7460632,194.6587982,159.1918793,159.7913361,278.1504517,157.5174713,132.1335602,0,0,0.001539422,0.000179708
2020-11-27,14:48:04,7.485500336,7.533100128,163.7460632,194.6679535,159.1709442,159.7906799,278.1523438,157.5202179,132.1313934,0,0,0.001539422,0.000179708
2020-11-27,14:48:05,7.478900146,7.526499939,163.7460632,194.676712,159.1510162,159.7896271,278.1552124,157.5243683,132.1282806,0,0,0.001539422,0.000179708
2020-11-27,14:48:06,7.472399902,7.52009964,163.7460632,194.6854095,159.1297302,159.7875671,278.1609497,157.5281677,132.1253815,0,0,0.001539422,0.000179708
2020-11-27,14:48:07,7.465899658,7.513899994,163.7460632,194.6939545,159.1091766,159.7866364,278.1634521,157.5308075,132.1233368,0,0,0.001540383,0.000179708
2020-11-27,14:48:08,7.459400177,7.507499695,163.7450562,194.7032166,159.0882263,159.7856903,278.1661377,157.5345917,132.1204071,0,0,0.001537411,0.000179871
2020-11-27,14:48:09,7.453399658,7.500900269,163.7450562,194.7120056,159.0677032,159.7843475,278.1697693,157.5374298,132.1182404,0,0,0.001537411,0.000179871
2020-11-27,14:48:10,7.446299744,7.49509964,163.7450562,194.7212524,159.0462341,159.7830811,278.1731873,157.5407562,132.1157379,0,0,0.001537411,0.000179871
2020-11-27,14:48:11,7.440599823,7.488400269,163.7450562,194.7309723,159.0247498,159.7821503,278.1757202,157.5444336,132.1128998,0,0,0.001537411,0.000179871
2020-11-27,14:48:12,7.433999634,7.48219986,163.7450562,194.7393341,159.0036316,159.7805786,278.1801147,157.5479279,132.1102142,0,0,0.001527271,0.000179597
2020-11-27,14:48:13,7.426799774,7.474900055,163.7450562,194.7480927,158.9828491,159.7795258,278.1827698,157.5514221,132.1074982,0,0,0.001527008,0.000179626
2020-11-27,14:48:14,7.421700287,7.469400024,163.7450562,194.7567902,158.9633026,159.7782593,278.1864014,157.5549316,132.1048431,0,0,0.001524124,0.000179598
2020-11-27,14:48:15,7.415200043,7.463200378,163.7450562,194.7652893,158.9423676,159.7770844,278.1896362,157.558609,132.1019897,0,0,0.001524124,0.000179598
2020-11-27,14:48:16,7.408699799,7.456800079,163.7450562,194.7751923,158.9215088,159.7760925,278.1924744,157.5610809,132.1001129,0,0,0.001524124,0.000179598
2020-11-27,14:48:17,7.401499939,7.449900055,163.7450562,194.7841644,158.89888,159.7749329,278.1956482,157.5646667,132.0973358,0,0,0.001524124,0.000179622
2020-11-27,14:48:18,7.396299744,7.444000244,163.7450562,194.7924957,158.8787384,159.7737579,278.198761,157.5684662,132.0944366,0,0,0.001524124,0.000179652
2020-11-27,14:48:19,7.389600372,7.437400055,163.7450562,194.8019867,158.8583832,159.7729034,278.2010803,157.5724182,132.0914154,0,0,0.001524386,0.000179652
2020-11-27,14:48:20,7.383699799,7.431500244,163.7450562,194.8112183,158.8369446,159.7717743,278.2042542,157.5758362,132.0888214,0,0,0.001524386,0.000179652
2020-11-27,14:48:21,7.377200317,7.42539978,163.7450562,194.8201752,158.8171692,159.7700806,278.2088318,157.5795288,132.0860138,0,0,0.001524386,0.000179652
2020-11-27,14:48:22,7.371399689,7.418900299,163.7450562,194.828476,158.7984009,159.7688751,278.2123718,157.5829315,132.083313,0,0,0.001522463,0.000179653
2020-11-27,14:48:23,7.364600372,7.412599945,163.7450562,194.8374786,158.7751617,159.7678833,278.2150269,157.5870819,132.0802002,0,0,0.001522463,0.000179653
2020-11-27,14:48:24,7.358399963,7.406199646,163.7450562,194.8464966,158.7535858,159.7666779,278.2182617,157.5908661,132.0772095,0,0,0.001522463,0.000179653
2020-11-27,14:48:25,7.352600098,7.40019989,163.7450562,194.8567352,158.7345276,159.7655487,278.221405,157.5935211,132.0752106,0,0,0.001522463,0.000179653
2020-11-27,14:48:26,7.345999908,7.393800354,163.7450562,194.8646545,158.7137604,159.7646637,278.223877,157.5976715,132.0719757,0,0,0.001522463,0.000179653
2020-11-27,14:48:27,7.340000153,7.387400055,163.7450562,194.8743134,158.6920471,159.7633972,278.227356,157.6017609,132.0688934,0,0,0.001522463,0.000179653
2020-11-27,14:48:28,7.333200073,7.381600189,163.7450562,194.883606,158.6719971,159.7622833,278.2304382,157.6052551,132.0662079,0,0,0.001522463,0.000179653
2020-11-27,14:48:29,7.326499939,7.37480011,163.7450562,194.8914642,158.6517334,159.760849,278.234375,157.6091156,132.0632172,0,0,0.001522463,0.000179653
2020-11-27,14:48:30,7.321600342,7.369100189,163.7450562,194.9012909,158.6306305,159.7597656,278.2374878,157.6133881,132.059967,0,0,0.001522463,0.000179653
2020-11-27,14:48:31,7.314800262,7.362799835,163.7450562,194.9109192,158.6090698,159.7586823,278.240387,157.6166992,132.0574341,0,0,0.001522463,0.000179653
2020-11-27,14:48:32,7.308499908,7.356300354,163.7450562,194.9199829,158.5895081,159.75737,278.2440796,157.6213226,132.0539246,0,0,0.001522463,0.000179518
2020-11-27,14:48:33,7.302500153,7.35019989,163.7450562,194.9286652,158.5693665,159.7562561,278.2471008,157.6244507,132.0515137,0,0,0.001522463,0.000179518
2020-11-27,14:48:34,7.296499634,7.344000244,163.7440491,194.9393768,158.5475006,159.7554016,278.2492981,157.6282349,132.048645,0,0,0.001522463,0.000179518
2020-11-27,14:48:35,7.289800262,7.33769989,163.7440491,194.947052,158.5258636,159.7532196,278.2554626,157.6328735,132.0450134,0,0,0.001522463,0.000179518
2020-11-27,14:48:36,7.277999878,7.331400299,163.7440491,194.9568481,158.5063477,159.752533,278.2573853,157.6361694,132.042511,0,0,0.001522463,0.000179518
2020-11-27,14:48:37,7.257800293,7.323699951,163.7440491,194.9661713,158.4853821,159.751709,278.259613,157.6394043,132.0400696,0,0,0.001522463,0.000179518
2020-11-27,14:48:38,7.235199738,7.316699982,163.7440491,194.9750366,158.4657898,159.7507019,278.2624207,157.6443176,132.0362549,0,0,0.001522463,0.000179518
2020-11-27,14:48:39,7.208100128,7.30739975,163.7440491,194.9842987,158.4446869,159.7493896,278.2660522,157.6477966,132.0335388,0,0,0.001522463,0.000179518
2020-11-27,14:48:40,7.176399994,7.297899628,163.7440491,194.992569,158.424408,159.7482452,278.269165,157.6516876,132.0306244,0,0,0.001509962,0.000179518
2020-11-27,14:48:41,7.139299774,7.286799622,163.7440491,195.0026245,158.4025726,159.7468872,278.2728271,157.655014,132.0280762,0,0,0.001509962,0.000179518
2020-11-27,14:48:42,7.1,7.275900269,163.7440491,195.0115967,158.3816528,159.7457733,278.2759094,157.659256,132.0247955,0,0,0.001509962,0.000179518
2020-11-27,14:48:43,7.060600281,7.263800049,163.7440491,195.0203705,158.3630829,159.7450256,278.2781067,157.6622925,132.0224457,0,0,0.001509962,0.000179518
2020-11-27,14:48:44,7.016999817,7.25039978,163.7440491,195.028717,158.3428345,159.7433929,278.2826233,157.6665497,132.019165,0,0,0.001509962,0.000179518
2020-11-27,14:48:45,6.964900208,7.235199738,163.7440491,195.0389252,158.321167,159.7423096,278.285553,157.6708374,132.0159912,0,0,0.001509962,0.000179518
2020-11-27,14:48:46,6.916000366,7.221800232,163.7440491,195.0474396,158.3007813,159.7403564,278.2908936,157.6741943,132.0133514,0,0,0.001509962,0.000179518
2020-11-27,14:48:47,6.868800354,7.206800079,163.7440491,195.0557098,158.2803955,159.7394714,278.293457,157.6784973,132.0100403,0,0,0.001509962,0.000179518
2020-11-27,14:48:48,6.82539978,7.189900208,163.7440491,195.0638428,158.2610168,159.7384644,278.2961121,157.6830139,132.0066528,0,0,0.001509962,0.000179518
2020-11-27,14:48:49,6.781500244,7.173300171,163.7440491,195.071991,158.2394104,159.7371826,278.299469,157.6875458,132.0031891,0,0,0.001509962,0.000179518
2020-11-27,14:48:50,6.739499664,7.158300018,163.7440491,195.0789032,158.2195587,159.7355347,278.3043823,157.6926575,131.9992981,0,0,0.001722736,0.000179518
2020-11-27,14:48:51,6.698400116,7.139900208,163.7440491,195.0836945,158.2047272,159.7341919,278.3078918,157.697113,131.9958496,0,0,0.001722736,0.000179518
2020-11-27,14:48:52,6.65759964,7.123500061,163.7440491,195.0922394,158.1779022,159.7323608,278.3129272,157.7036438,131.99086,0,0,0.001722736,0.000179518
2020-11-27,14:48:53,6.617700195,7.105699921,163.7430115,195.0983734,158.1567688,159.7304077,278.3183594,157.7102661,131.985733,0,0,0.001722736,0.000179881
2020-11-27,14:48:54,6.58239975,7.087999725,163.7430115,195.1031647,158.1382141,159.7286224,278.3233948,157.7165222,131.9810486,0,0,0.001722736,0.000179881
2020-11-27,14:48:55,6.646099854,7.071600342,163.7430115,195.1071014,158.1181793,159.726593,278.3289185,157.7233429,131.9758301,0,0,0.001722736,0.000179881
2020-11-27,14:48:56,6.678800201,7.056300354,163.7430115,195.1114807,158.0962677,159.7246246,278.3342896,157.7301636,131.9706116,0,0,0.001722736,0.000179881
2020-11-27,14:48:57,6.70059967,7.04280014,163.7430115,195.1161499,158.076828,159.7225494,278.3400269,157.7371674,131.96521,0,0,0.001722736,0.000179881
2020-11-27,14:48:58,6.720600128,7.029100037,163.7430115,195.1166992,158.0568695,159.7200928,278.3468628,157.7458801,131.9585571,0,0,0.001722736,0.000179881
2020-11-27,14:48:59,6.7375,7.015599823,163.7430115,195.1203003,158.03508,159.7182312,278.3520508,157.7549744,131.9515991,0,0,0.001521851,0.000179881
2020-11-27,14:49:00,6.752400208,7.003500366,163.7440186,195.1233978,158.0151062,159.7153473,278.3599854,157.7631073,131.9453583,0,0,0.001521851,0.000179881
2020-11-27,14:49:01,6.766500092,6.992700195,163.7419586,195.1258392,157.9954224,159.7133484,278.3653564,157.7711487,131.9391632,0,0,0.001521851,0.000179881
2020-11-27,14:49:02,6.777300262,6.981999969,163.7419586,195.1292877,157.9750366,159.7110291,278.3717651,157.7797699,131.932663,0,0,0.001521851,0.000179881
2020-11-27,14:49:03,6.789299774,6.970999908,163.7419586,195.1322784,157.9540405,159.7085876,278.37854,157.7881012,131.9261932,0,0,0.001521851,0.000179881
2020-11-27,14:49:04,6.8,6.961299896,163.7429962,195.1351471,157.9337769,159.706665,278.3838806,157.7957611,131.9203644,0,0,0.002291561,0.000180063
2020-11-27,14:49:05,6.809600067,6.952999878,163.7429962,195.1386261,157.9140167,159.7041168,278.3908691,157.8036346,131.9142914,0,0,0.002291561,0.000180063
2020-11-27,14:49:06,6.819200134,6.944599915,163.7429962,195.143219,157.8930664,159.7015381,278.3979492,157.8111115,131.9085846,0,0,0.002291561,0.000180063
2020-11-27,14:49:07,6.828500366,6.936299896,163.7429962,195.1474304,157.872757,159.6996765,278.4032288,157.8192596,131.902359,0,0,0.002291561,0.000180063
2020-11-27,14:49:08,6.836799622,6.929299927,163.7429962,195.1524658,157.8524933,159.6976776,278.4086609,157.8256989,131.8974762,0,0,0.002291561,0.000180063
2020-11-27,14:49:09,6.843399811,6.922599792,163.7429962,195.1574554,157.8332825,159.6952209,278.4154358,157.8332672,131.8916779,0,0,0.001638728,0.000180063
2020-11-27,14:49:10,6.850700378,6.916500092,163.7429962,195.164032,157.8114777,159.6930847,278.4214172,157.8410339,131.8857422,0,0,0.001638728,0.000180063
2020-11-27,14:49:11,6.857800293,6.910800171,163.7419586,195.1694641,157.7904816,159.6910858,278.4268494,157.8478699,131.8806,0,0,0.001638728,0.000180063
2020-11-27,14:49:12,6.863500214,6.906099701,163.7419586,195.1758881,157.7709045,159.6890564,278.4326172,157.8541107,131.8758392,0,0,0.001638728,0.000180063
2020-11-27,14:49:13,6.869200134,6.901599884,163.7419586,195.1822815,157.7513275,159.6863251,278.4399719,157.8598175,131.87146,0,0,0.001638728,0.000180063
2020-11-27,14:49:14,6.87440033,6.897599792,163.7419586,195.188736,157.7307587,159.6847229,278.4442444,157.8672791,131.8657684,0,0,0.001638728,0.000180063
2020-11-27,14:49:15,6.879499817,6.894400024,163.7419586,195.1964569,157.7092285,159.6825562,278.4503479,157.8728943,131.8614655,0,0,0.000789292,0.000180063
2020-11-27,14:49:16,6.883699799,6.891899872,163.7419586,195.2032318,157.6904449,159.680603,278.4555664,157.878067,131.8574677,0,0,0.000789292,0.000180063
2020-11-27,14:49:17,6.8875,6.890100098,163.7419586,195.2111969,157.6715546,159.6786957,278.4610596,157.8842468,131.8528137,0,0,0.000789292,0.000180063
2020-11-27,14:49:18,6.890799713,6.889399719,163.7419586,195.2186432,157.6549377,159.6768951,278.4659729,157.8886871,131.8493195,0,0,0.000789292,0.000180063
2020-11-27,14:49:19,6.893099976,6.889700317,163.7419586,195.2271423,157.6395111,159.6747437,278.4719238,157.8937073,131.8455505,0,0,0.000789292,0.000180063
2020-11-27,14:49:20,6.895500183,6.890599823,163.7419586,195.2357483,157.6265259,159.6728973,278.4769592,157.897583,131.8425751,0,0,0.000789292,0.000180063
2020-11-27,14:49:21,6.897499847,6.891799927,163.7419586,195.2438812,157.617157,159.6714783,278.4808655,157.90242,131.8388977,0,0,0.000789292,0.000179041
2020-11-27,14:49:22,6.899500275,6.893000031,163.7419586,195.2523041,157.6077118,159.6698608,278.4853821,157.905365,131.8366547,0,0,0.000789292,0.000179041
2020-11-27,14:49:23,6.901399994,6.894200134,163.7419586,195.2615967,157.6021576,159.668045,278.490448,157.9083099,131.8343658,0,0,0.000789292,0.000179041
2020-11-27,14:49:24,6.903099823,6.895600128,163.7409515,195.2709198,157.5978241,159.6673126,278.4924622,157.9112396,131.8321075,0,0,0.000789292,0.000179041
2020-11-27,14:49:25,6.904799652,6.896900177,163.7409515,195.2798157,157.5943146,159.6656494,278.4969177,157.9140778,131.8300934,0,0,0.000789292,0.000179041
2020-11-27,14:49:26,6.906600189,6.898200226,163.7409515,195.2891388,157.591095,159.6645508,278.4999695,157.9156952,131.8287201,0,0,0.000789292,0.000178975
2020-11-27,14:49:27,6.908599854,6.89960022,163.7409515,195.2988586,157.5905914,159.663208,278.5036926,157.9185333,131.8265839,0,0,0.000417506,0.000179118
2020-11-27,14:49:28,6.910199738,6.901000214,163.7409515,195.3083038,157.5911255,159.6620026,278.5069885,157.920517,131.8250732,0,0,0.000417506,0.000179173
2020-11-27,14:49:29,6.911799622,6.902400208,163.7399292,195.3178711,157.5902252,159.6610107,278.5098267,157.922699,131.8233643,0,0,0.000417506,0.000179173
2020-11-27,14:49:30,6.913600159,6.903900146,163.7399292,195.3276825,157.5917816,159.6596832,278.5135803,157.9243011,131.8221741,0,0,0.000390319,0.000179258
2020-11-27,14:49:31,6.915100098,6.905200195,163.7399292,195.3371124,157.5930634,159.658844,278.5157776,157.9260254,131.8208923,0,0,0.00038621,0.000179258
2020-11-27,14:49:32,6.916699982,6.906600189,163.7399292,195.3485413,157.5946808,159.6579132,278.5184021,157.9268799,131.8202362,0,0,0.000382277,0.000179123
2020-11-27,14:49:33,6.918399811,6.908300018,163.7399292,195.3582916,157.5957794,159.6567993,278.5213623,157.928009,131.8193817,0,0,0.000382277,0.000179123
2020-11-27,14:49:34,6.91989975,6.909700012,163.7399292,195.3676605,157.5978394,159.6562347,278.5229797,157.9293365,131.8182678,0,0,0.000373535,0.000179123
2020-11-27,14:49:35,6.921600342,6.911100006,163.7399292,195.3788452,157.5995789,159.6554108,278.525177,157.9303741,131.8175201,0,0,0.000373535,0.000179123
2020-11-27,14:49:36,6.923000336,6.912599945,163.7399292,195.389267,157.6009827,159.6544189,278.5280457,157.9321747,131.8161163,0,0,0.000365318,0.000179123
2020-11-27,14:49:37,6.92460022,6.914099884,163.7399292,195.399231,157.6023407,159.6537018,278.5300903,157.932663,131.8157501,0,0,0.000364356,0.000179123
2020-11-27,14:49:38,6.926000214,6.915499878,163.7389069,195.4097443,157.6032104,159.653183,278.5314026,157.9343567,131.8144836,0,0,0.000358936,0.000179123
2020-11-27,14:49:39,6.927600098,6.917099762,163.7399292,195.4219208,157.6028748,159.6526337,278.53302,157.935318,131.8137512,0,0,0.000358936,0.000179123
2020-11-27,14:49:40,6.929000092,6.918499756,163.7388916,195.4324188,157.6026459,159.6519165,278.5349426,157.9358673,131.8132935,0,0,0.000358936,0.000179123
2020-11-27,14:49:41,6.930400085,6.91989975,163.7378845,195.4424896,157.6022797,159.6507568,278.5381775,157.937027,131.8123932,0,0,0.000358936,0.000179123
2020-11-27,14:49:42,6.931800079,6.921299744,163.7378845,195.4528961,157.6011505,159.651001,278.5375671,157.9376831,131.8119202,0,0,0.000358936,0.000178988
2020-11-27,14:49:43,6.950499725,8.521199799,163.7378845,195.4646759,157.5981598,159.650116,278.539978,157.9386444,131.8112335,0,0,0.000350806,0.000178988
2020-11-27,14:49:44,6.981500244,8.498799896,163.7378845,195.4763184,157.5956726,159.651001,278.5376587,157.9391937,131.810791,0,0,0.000350806,0.000178988
2020-11-27,14:49:45,7.008699799,8.482700348,163.7368469,195.4867401,157.5927429,159.6585693,278.5166626,157.9406281,131.8096313,0,0,0.000350806,0.000178988
2020-11-27,14:49:46,7.03710022,8.469400024,163.7368469,195.4984589,157.5871124,159.6677704,278.4912109,157.9458313,131.8056793,0,0,0.000350806,0.000178988
2020-11-27,14:49:47,7.063999939,8.459700012,163.7378693,195.5083313,157.5825043,159.6755829,278.4695129,157.9530334,131.8002167,0,0,0.000350806,0.000178988
2020-11-27,14:49:48,7.086199951,8.452799988,163.7368469,195.5208893,157.5772247,159.683609,278.4474487,157.9613037,131.7939301,0,0,0.000350806,0.000178988
2020-11-27,14:49:49,7.11230011,8.447399902,163.7379608,195.5317535,157.5703735,159.690918,278.4272766,157.9706879,131.7867584,0,0,0.000350806,0.000178988
2020-11-27,14:49:50,7.13769989,8.442199707,163.7369385,195.5434265,157.5621033,159.6983337,278.4068909,157.981308,131.7786407,0,0,0.000350806,0.000178988
2020-11-27,14:49:51,7.16309967,8.43769989,163.7369385,195.5555878,157.5544281,159.7047119,278.3892822,157.9909668,131.7712402,0,0,0.000350806,0.000178988
2020-11-27,14:49:52,7.185500336,8.433999634,163.7369385,195.566803,157.5469208,159.7111664,278.37146,158.0001526,131.764267,0,0,0.000350806,0.000178988
2020-11-27,14:49:53,7.210299683,8.430400085,163.7369385,195.5790405,157.5370483,159.7175903,278.3536682,158.0092468,131.7572937,0,0,0.000350806,0.000178988
2020-11-27,14:49:54,7.232299805,8.427300262,163.7369385,195.5901947,157.5273895,159.7230988,278.3385315,158.0182495,131.7504883,0,0,0.000350806,0.000178988
2020-11-27,14:49:55,7.25510025,8.42460022,163.7369385,195.6013336,157.5170135,159.7285461,278.3235474,158.0259552,131.7446136,0,0,0.000350806,0.000178988
2020-11-27,14:49:56,7.279000092,8.421800232,163.7369385,195.6131439,157.5064697,159.7341309,278.308075,158.0336304,131.7387238,0,0,0.000350806,0.000178988
2020-11-27,14:49:57,7.300900269,8.419200134,163.7359009,195.6271515,157.493927,159.7394714,278.293396,158.0408478,131.7332458,0,0,0.000338655,0.000178988
2020-11-27,14:49:58,7.32539978,8.416699982,163.7359009,195.6390686,157.4811554,159.7442322,278.2802734,158.0467072,131.7287598,0,0,0.000338655,0.000179078
2020-11-27,14:49:59,7.346099854,8.414399719,163.7359009,195.6489105,157.4688416,159.7487183,278.2678528,158.0520325,131.7247314,0,0,0.000338655,0.000179049
2020-11-27,14:50:00,7.36780014,8.412000275,163.7348938,195.6628113,157.4535828,159.7527771,278.2566833,158.057251,131.7207642,0,0,0.000338655,0.000179049
