date/yyyy-mm-dd,time/hh:mm:ss,PT102/MPa,PT101/MPa,TT009/K,TT010/K,TT008/K,TT101/K,RT101/ohm,TT102/K,RT102/ohm,Q008/W,x1,x2,impurity,err(x)
2020-12-09,17:00:00,0.995800018,7.998699951,162.9582367,179.2689209,161.0930786,159.9701538,277.6585999,124.0731049,163.868042,328.0326843,0.854695129,0.145304899,0.009634628,0.000314714
2020-12-09,17:00:01,0.996000004,7.999199677,162.9582367,179.2605286,161.0935059,159.9704285,277.6578064,124.0731735,163.8679504,328.0326843,0.854695129,0.145304899,0.009634628,0.000314714
2020-12-09,17:00:02,0.995899963,7.99980011,162.9582367,179.2509613,161.0945892,159.9698792,277.6593018,124.0725632,163.8686218,328.0326843,0.854695129,0.145304899,0.009634628,0.000314714
2020-12-09,17:00:03,0.996100044,8.000299835,162.9582367,179.243103,161.094986,159.9703827,277.6579895,124.0722427,163.8689423,327.8478394,0.854695129,0.145304899,0.009634628,0.000314714
2020-12-09,17:00:04,0.995899963,8.000800323,162.9592743,179.2341766,161.0944672,159.9700928,277.6588135,124.0730209,163.8680573,327.8478394,0.854695129,0.145304899,0.009634628,0.000314714
2020-12-09,17:00:05,0.996199989,8.001100159,162.9592743,179.2245331,161.095108,159.9701538,277.6586609,124.0727234,163.868454,327.8478394,0.854695129,0.145304899,0.009634628,0.000314714
2020-12-09,17:00:06,0.996000004,8.001000214,162.9602814,179.2156372,161.0960999,159.9702148,277.6583252,124.072937,163.8681335,327.8478394,0.854695129,0.145304899,0.009634628,0.000314714
2020-12-09,17:00:07,0.996199989,8.00059967,162.9602814,179.2074432,161.0963745,159.9700012,277.6590271,124.0725632,163.8686218,327.8478394,0.854695129,0.145304899,0.009634628,0.000314714
2020-12-09,17:00:08,0.996000004,8.00019989,162.9602814,179.1979523,161.0951996,159.9698181,277.6593933,124.0721054,163.8691864,327.8478394,0.854695129,0.145304899,0.009634628,0.000314714
2020-12-09,17:00:09,0.996199989,7.99980011,162.9602814,179.1887512,161.0955963,159.9696045,277.6600952,124.0723953,163.8688202,327.8478394,0.854695129,0.145304899,0.009634628,0.000314714
2020-12-09,17:00:10,0.996000004,7.999700165,162.9613495,179.1798096,161.0966644,159.9700012,277.6590271,124.0726318,163.8685303,327.8478394,0.854695129,0.145304899,0.009634628,0.000314714
2020-12-09,17:00:11,0.996100044,8.0,162.9613495,179.1713562,161.0964355,159.9693451,277.6609192,124.0722427,163.868988,327.8478394,0.854695129,0.145304899,0.009634628,0.000314714
2020-12-09,17:00:12,0.995800018,7.999199677,162.9613495,179.1617889,161.0959778,159.9697571,277.659668,124.0726318,163.8685608,327.8478394,0.854695129,0.145304899,0.009634628,0.000314714
2020-12-09,17:00:13,0.995600033,7.99940033,162.9613495,179.154068,161.098175,159.9694977,277.6603699,124.0723343,163.8688354,327.7207642,0.854695129,0.145304899,0.009634628,0.000314714
2020-12-09,17:00:14,0.995899963,7.99960022,162.9623566,179.1460419,161.0964355,159.9695435,277.6602173,124.0721817,163.8690948,327.7207642,0.854695129,0.145304899,0.009634628,0.000314714
2020-12-09,17:00:15,0.995699978,7.99980011,162.9623566,179.1361237,161.0962677,159.9693756,277.6606445,124.0720367,163.8693085,327.7207642,0.854695129,0.145304899,0.009634628,0.000314714
2020-12-09,17:00:16,0.996100044,8.000099945,162.9623566,179.1270142,161.097702,159.9699402,277.6591492,124.0721817,163.8691101,327.7207642,0.854695129,0.145304899,0.009634628,0.000314714
2020-12-09,17:00:17,0.995899963,8.00019989,162.9623566,179.1183014,161.0981445,159.9693451,277.6609497,124.0718689,163.8694458,327.7207642,0.854695129,0.145304899,0.009634628,0.000314714
2020-12-09,17:00:18,0.996000004,8.000499725,162.9623566,179.1101379,161.0971832,159.9694366,277.660553,124.0715637,163.8697815,327.7207642,0.854695129,0.145304899,0.009634628,0.000314714
2020-12-09,17:00:19,0.995800018,8.00059967,162.9623566,179.1027069,161.0980377,159.9693451,277.6608582,124.0721817,163.8690948,327.7207642,0.854695129,0.145304899,0.009634628,0.000314714
2020-12-09,17:00:20,0.996000004,8.000700378,162.9623566,179.0928345,161.0986786,159.969223,277.6611633,124.0717163,163.8696136,327.7207642,0.854695129,0.145304899,0.009634628,0.000314714
2020-12-09,17:00:21,0.996100044,8.000299835,162.9623566,179.0841827,161.098587,159.9693451,277.6607361,124.0712662,163.8701324,327.7207642,0.854695129,0.145304899,0.009634628,0.000314714
2020-12-09,17:00:22,0.995899963,7.999900055,162.9634552,179.0767822,161.0989075,159.9690552,277.6617432,124.0719528,163.8693695,327.7207642,0.854695129,0.145304899,0.009634628,0.000314714
2020-12-09,17:00:23,0.996100044,7.99980011,162.9634552,179.0685425,161.0993805,159.9693756,277.6606445,124.0711823,163.8702698,327.5977478,0.854695129,0.145304899,0.009634628,0.000314714
2020-12-09,17:00:24,0.995800018,7.99980011,162.9644928,179.0588684,161.0986481,159.9690552,277.6616211,124.0711136,163.8703613,327.5977478,0.854695129,0.145304899,0.009634628,0.000314714
2020-12-09,17:00:25,0.99630003,7.999700165,162.9644928,179.0506134,161.0980682,159.969162,277.6613159,124.0715027,163.869873,327.5977478,0.854695129,0.145304899,0.009634628,0.000314714
2020-12-09,17:00:26,0.996000004,7.99960022,162.9644928,179.0417633,161.09935,159.9688873,277.6621094,124.0716476,163.8697052,327.5977478,0.854695129,0.145304899,0.009634628,0.000314714
2020-12-09,17:00:27,0.996199989,7.999700165,162.9644928,179.0330658,161.1000061,159.9693756,277.660614,124.0719528,163.8693695,327.5977478,0.854695129,0.145304899,0.009634628,0.000314714
2020-12-09,17:00:28,0.996100044,7.99960022,162.9644928,179.0252838,161.0987091,159.9686127,277.6629028,124.0713348,163.8700562,327.5977478,0.854695129,0.145304899,0.009634628,0.000314714
2020-12-09,17:00:29,0.996000004,7.999700165,162.9644928,179.0182648,161.0996246,159.969162,277.6612549,124.0717163,163.8695374,327.5977478,0.854695129,0.145304899,0.009634628,0.000314714
2020-12-09,17:00:30,0.996199989,7.99960022,162.9644928,179.0085907,161.099884,159.9688263,277.6622314,124.0711136,163.8703613,327.5977478,0.854695129,0.145304899,0.009634628,0.000314714
2020-12-09,17:00:31,0.996000004,7.999700165,162.9644928,179.0009003,161.1004639,159.9689789,277.6618347,124.0708694,163.8706055,327.5977478,0.854695129,0.145304899,0.009634628,0.000314714
2020-12-09,17:00:32,0.996199989,7.99980011,162.9644928,178.9911041,161.1007385,159.9687805,277.662323,124.0716476,163.8697357,327.5977478,0.854695129,0.145304899,0.009634628,0.000314714
2020-12-09,17:00:33,0.996000004,7.999700165,162.9644928,178.9830475,161.0998688,159.969223,277.6612244,124.0710297,163.8704681,327.5977478,0.854695129,0.145304899,0.009634628,0.000314714
2020-12-09,17:00:34,0.995899963,7.99980011,162.9655304,178.9753418,161.0991211,159.9690552,277.6616821,124.0713348,163.8700562,327.5977478,0.854695129,0.145304899,0.009634628,0.000314714
2020-12-09,17:00:35,0.996000004,7.999700165,162.9655304,178.9676514,161.1012573,159.9688873,277.6620789,124.0711136,163.8703156,327.5977478,0.854695129,0.145304899,0.009634628,0.000314714
2020-12-09,17:00:36,0.995899963,7.99980011,162.9655304,178.9588013,161.1011047,159.9688263,277.6622314,124.0708694,163.8706055,327.5977478,0.854695129,0.145304899,0.009634628,0.000314714
2020-12-09,17:00:37,0.996100044,7.99980011,162.9655304,178.9516602,161.100296,159.969162,277.6613159,124.070488,163.8710632,327.5977478,0.854695129,0.145304899,0.009634628,0.000314714
2020-12-09,17:00:38,0.996000004,7.99980011,162.9665985,178.9433441,161.1010895,159.9693756,277.6618958,124.0710297,163.8704681,327.470459,0.854695129,0.145304899,0.009634628,0.000314714
2020-12-09,17:00:39,0.99630003,7.99980011,162.9665985,178.9358826,161.1006012,159.9686584,277.6626282,124.0707932,163.8706665,327.470459,0.854695129,0.145304899,0.009634628,0.000314714
2020-12-09,17:00:40,0.996000004,7.99980011,162.9665985,178.9262238,161.102356,159.9689484,277.6619873,124.0707321,163.8707581,327.470459,0.854695129,0.145304899,0.009634628,0.000314714
2020-12-09,17:00:41,0.996199989,7.999900055,162.9665985,178.9194641,161.1020966,159.9687805,277.6624146,124.0712662,163.8701477,327.470459,0.854695129,0.145304899,0.009634628,0.000315683
2020-12-09,17:00:42,0.996000004,7.999900055,162.9665985,178.911499,161.1012268,159.9686584,277.6620789,124.0708694,163.8706055,327.470459,0.854695129,0.145304899,0.009634628,0.000315683
2020-12-09,17:00:43,0.996100044,7.99980011,162.9676056,178.9032745,161.1015625,159.9688263,277.6624451,124.0702591,163.8712921,327.470459,0.854695129,0.145304899,0.009634628,0.000315683
2020-12-09,17:00:44,0.996199989,7.999900055,162.9676056,178.8948059,161.102005,159.9690552,277.6617432,124.0713348,163.8700409,327.470459,0.854695129,0.145304899,0.009634628,0.000315683
2020-12-09,17:00:45,0.995899963,7.99980011,162.9676056,178.8864899,161.101532,159.9688263,277.662262,124.0702591,163.8713074,327.470459,0.854695129,0.145304899,0.009634628,0.000315683
2020-12-09,17:00:46,0.996100044,7.99980011,162.9676056,178.8791351,161.1022797,159.9689484,277.6618958,124.0704193,163.8711548,327.470459,0.854695129,0.145304899,0.009634628,0.000315683
2020-12-09,17:00:47,0.995800018,7.999900055,162.9676056,178.87117,161.1012726,159.9685059,277.6630859,124.0705795,163.8709717,327.470459,0.854695129,0.145304899,0.009634628,0.000315683
2020-12-09,17:00:48,0.996000004,7.99980011,162.9676056,178.8646545,161.1025543,159.9688263,277.6622009,124.0702591,163.8712769,327.470459,0.854695129,0.145304899,0.009634628,0.000315683
2020-12-09,17:00:49,0.995800018,7.999900055,162.9676056,178.8554993,161.1035156,159.968399,277.6634216,124.0707932,163.8706665,327.470459,0.854695129,0.145304899,0.009634628,0.000315683
2020-12-09,17:00:50,0.996000004,7.99980011,162.9676056,178.847641,161.1029358,159.9689789,277.6618347,124.0701828,163.8714142,327.470459,0.854695129,0.145304899,0.009634628,0.000315683
2020-12-09,17:00:51,0.995800018,7.99980011,162.969635,178.8396759,161.1036987,159.9687195,277.6624756,124.0704193,163.871109,327.470459,0.854695129,0.145304899,0.009634628,0.000315683
2020-12-09,17:00:52,0.995699978,7.99980011,162.969635,178.8314209,161.1030426,159.9686584,277.6626282,124.0707321,163.8707581,327.470459,0.854695129,0.145304899,0.009634628,0.000315683
2020-12-09,17:00:53,0.996000004,7.99980011,162.969635,178.8239441,161.104248,159.9682465,277.6638489,124.0704193,163.87117,330.7757568,0.854695129,0.145304899,0.009634628,0.000315683
2020-12-09,17:00:54,0.995699978,7.99980011,162.969635,178.8171844,161.1029816,159.9687195,277.6625366,124.070343,163.871048,330.7757568,0.854695129,0.145304899,0.009634628,0.000315683
2020-12-09,17:00:55,0.995600033,7.999700165,162.969635,178.8096924,161.1045837,159.9686127,277.6629028,124.0705795,163.8709717,330.7757568,0.854695129,0.145304899,0.009634628,0.000315683
2020-12-09,17:00:56,0.995800018,7.999700165,162.969635,178.8011169,161.1037292,159.9688263,277.6622314,124.0698853,163.8717499,330.7757568,0.854695129,0.145304899,0.009634628,0.000315683
2020-12-09,17:00:57,0.995899963,7.999700165,162.969635,178.7934875,161.1043243,159.9685669,277.6629639,124.070343,163.8712463,330.7757568,0.854695129,0.145304899,0.009634628,0.000315683
2020-12-09,17:00:58,0.995800018,7.999700165,162.969635,178.7856293,161.1041565,159.9683228,277.6636047,124.0707321,163.8708496,330.7757568,0.854695129,0.145304899,0.009634628,0.000315683
2020-12-09,17:00:59,0.995699978,7.999700165,162.9706573,178.7781219,161.1037598,159.9686127,277.6629333,124.0700989,163.8715668,330.7757568,0.854695129,0.145304899,0.009634628,0.000315683
2020-12-09,17:01:00,0.995800018,7.999700165,162.9706573,178.7705994,161.1047516,159.9684448,277.6632996,124.0709686,163.8704834,330.7757568,0.854695129,0.145304899,0.009634628,0.000315683
2020-12-09,17:01:01,0.995699978,7.999700165,162.9706573,178.763092,161.1038513,159.9688873,277.6621399,124.0704193,163.871109,330.7757568,0.854695129,0.145304899,0.009634628,0.000315683
2020-12-09,17:01:02,0.995899963,7.99960022,162.9706573,178.7548676,161.1047821,159.9686584,277.6627808,124.070343,163.8712311,330.7757568,0.145179901,0.218267498,0.009634628,0.000315683
2020-12-09,17:01:03,0.996000004,7.99960022,162.9706573,178.7475128,161.105484,159.9684448,277.6632996,124.0701828,163.871048,330.9487305,0.145179901,0.218267498,0.009634628,0.000315683
2020-12-09,17:01:04,0.995600033,7.99960022,162.9706573,178.7405548,161.1048737,159.9688263,277.6621704,124.0707321,163.8707581,330.9487305,0.145179901,0.218267498,0.009634628,0.000315683
2020-12-09,17:01:05,0.995699978,7.99960022,162.9706573,178.7333832,161.1052551,159.9682465,277.6637573,124.0699615,163.8717041,330.9487305,0.145179901,0.218267498,0.009634628,0.000315683
2020-12-09,17:01:06,0.995899963,7.999500275,162.9706573,178.7259979,161.1060181,159.967926,277.6646118,124.070343,163.8712616,330.9487305,0.145179901,0.218267498,0.009634628,0.000315683
2020-12-09,17:01:07,0.995699978,7.999500275,162.971756,178.7182922,161.1065063,159.9685669,277.6630554,124.0701828,163.87146,330.9487305,0.145179901,0.218267498,0.009634628,0.000315683
2020-12-09,17:01:08,0.995899963,7.999500275,162.9728241,178.7108307,161.1071014,159.9686584,277.6626892,124.0697174,163.8718872,330.9487305,0.854800263,0.145199699,0.009634628,0.000315683
2020-12-09,17:01:09,0.995800018,7.99940033,162.9716949,178.703537,161.1074677,159.9691162,277.6614075,124.0700378,163.871582,330.9487305,0.854800263,0.145199699,0.009634628,0.000315683
2020-12-09,17:01:10,0.995600033,7.999500275,162.9727631,178.6962891,161.1078491,159.9689484,277.6619873,124.070343,163.8712616,330.9487305,0.854800263,0.145199699,0.009634628,0.000315683
2020-12-09,17:01:11,0.995800018,7.99940033,162.9727631,178.6885834,161.1082458,159.9686584,277.6627197,124.0699615,163.8716888,330.9487305,0.854800263,0.145199699,0.009634628,0.000315683
2020-12-09,17:01:12,0.995600033,7.99940033,162.9727631,178.6820068,161.1080017,159.9688263,277.662262,124.070343,163.8711853,330.9487305,0.854800263,0.145199699,0.009634628,0.000315683
2020-12-09,17:01:13,0.995499992,7.999299622,162.9727631,178.6740723,161.1094818,159.9687195,277.6625366,124.0695877,163.8721466,330.9487305,0.854800263,0.145199699,0.009634628,0.000315683
2020-12-09,17:01:14,0.996000004,7.999299622,162.9727631,178.6670532,161.1090851,159.9686584,277.6626892,124.0698853,163.8717346,330.9487305,0.854800263,0.145199699,0.009634628,0.000315683
2020-12-09,17:01:15,0.995800018,7.999299622,162.9727631,178.6598511,161.1105652,159.9685669,277.6630554,124.0701828,163.8713531,330.9487305,0.854800263,0.145199699,0.009634628,0.000315683
2020-12-09,17:01:16,0.995899963,7.999299622,162.9727631,178.6530457,161.1113434,159.969223,277.6612244,124.070488,163.8710632,330.9487305,0.854800263,0.145199699,0.009634628,0.000315683
2020-12-09,17:01:17,0.995699978,7.999199677,162.9727631,178.644928,161.1123047,159.9691162,277.661438,124.0701828,163.8713684,330.9487305,0.854800263,0.145199699,0.009634628,0.000315683
2020-12-09,17:01:18,0.995899963,7.999099731,162.9738312,178.6383057,161.1126709,159.9688873,277.6620178,124.0697174,163.8719482,330.8210144,0.854800263,0.145199699,0.009634628,0.000315683
2020-12-09,17:01:19,0.995699978,7.999199677,162.9748535,178.6311188,161.1139679,159.969162,277.6612549,124.0701828,163.8714142,330.8210144,0.854800263,0.145199699,0.009634628,0.000315683
2020-12-09,17:01:20,0.995800018,7.999099731,162.9748535,178.6240234,161.1131439,159.969223,277.661438,124.0699615,163.8717194,330.8210144,0.854800263,0.145199699,0.009634628,0.000315683
2020-12-09,17:01:21,0.995600033,7.999099731,162.9738464,178.6168671,161.114212,159.9688263,277.6622009,124.0701828,163.8713837,330.8210144,0.854800263,0.145199699,0.009634628,0.000315683
2020-12-09,17:01:22,0.995800018,7.998999786,162.9748535,178.6094208,161.1157227,159.9695435,277.6602173,124.0702591,163.8713074,330.8210144,0.854800263,0.145199699,0.009634628,0.000315683
2020-12-09,17:01:23,0.996000004,7.998999786,162.9748535,178.6021729,161.1161346,159.9690552,277.6617126,124.0705795,163.8709869,330.8210144,0.854800263,0.145199699,0.009634628,0.000315683
2020-12-09,17:01:24,0.995699978,7.998899841,162.9748535,178.5951233,161.1172943,159.969223,277.6612244,124.0699615,163.8717041,330.8210144,0.854800263,0.145199699,0.009634628,0.000315683
2020-12-09,17:01:25,0.995899963,7.998899841,162.9748535,178.58815,161.1164093,159.9688263,277.6622009,124.070343,163.8712616,330.8210144,0.854800263,0.145199699,0.009634628,0.000315683
2020-12-09,17:01:26,0.996000004,7.998899841,162.9748535,178.5825806,161.1181335,159.969223,277.6610718,124.0700378,163.8716125,330.8210144,0.854800263,0.145199699,0.009634628,0.000315683
2020-12-09,17:01:27,0.995699978,7.998799896,162.9748535,178.5745239,161.1200562,159.9694977,277.6603699,124.0701828,163.8714294,330.8210144,0.854800263,0.145199699,0.009634628,0.000315683
2020-12-09,17:01:28,0.996000004,7.998899841,162.9759216,178.5671539,161.1202545,159.9690552,277.6617126,124.0698853,163.8717346,330.4939575,0.854800263,0.145199699,0.009634628,0.000315683
2020-12-09,17:01:29,0.995899963,7.998699951,162.9759216,178.5601349,161.1198425,159.9687805,277.6623535,124.0705795,163.8710022,330.4939575,0.854800263,0.145199699,0.009634628,0.000315683
2020-12-09,17:01:30,0.995800018,7.998699951,162.9759216,178.5535736,161.1213226,159.9692841,277.6609802,124.0704193,163.8711243,330.4939575,0.854800263,0.145199699,0.009634628,0.000315683
2020-12-09,17:01:31,0.995800018,7.998600006,162.9759216,178.5467072,161.1220856,159.9688263,277.6622009,124.0698853,163.8717804,330.4939575,0.854800263,0.145199699,0.009634628,0.000315683
2020-12-09,17:01:32,0.996000004,7.998799896,162.9769592,178.5395203,161.1227875,159.9690552,277.6615295,124.0704193,163.8711243,330.4939575,0.854800263,0.145199699,0.009634628,0.000315683
2020-12-09,17:01:33,0.995800018,7.998999786,162.9769592,178.5332489,161.1240845,159.9696503,277.6600342,124.0702591,163.8713074,330.3920593,0.854800263,0.145199699,0.009634628,0.000314699
2020-12-09,17:01:34,0.995699978,7.999199677,162.9769592,178.5258789,161.124527,159.9692841,277.6610413,124.0698013,163.8718414,330.3920593,0.854800263,0.145199699,0.009634628,0.000314699
2020-12-09,17:01:35,0.995800018,7.999299622,162.9769592,178.5188904,161.1243286,159.9691162,277.661438,124.0705795,163.8709869,330.3920593,0.854800263,0.145199699,0.009634628,0.000314699
2020-12-09,17:01:36,0.995899963,7.999500275,162.9769592,178.5115814,161.1258545,159.9693451,277.6608582,124.0702591,163.8713074,330.3920593,0.854800263,0.145199699,0.009634628,0.000314699
2020-12-09,17:01:37,0.995600033,7.999700165,162.9769592,178.5056305,161.126236,159.9695435,277.6602173,124.0704193,163.8711395,330.3920593,0.854800263,0.145199699,0.009634628,0.000314699
2020-12-09,17:01:38,0.995800018,7.99980011,162.9779968,178.4989166,161.1274719,159.9690552,277.6615295,124.0707932,163.8706207,330.1750793,0.854800263,0.145199699,0.009634628,0.000314714
2020-12-09,17:01:39,0.996000004,7.999500275,162.9779968,178.4918823,161.128006,159.9698181,277.6595154,124.0701828,163.8714447,330.1750793,0.854800263,0.145199699,0.009634628,0.000314714
2020-12-09,17:01:40,0.995699978,7.99940033,162.9779968,178.4852142,161.1284027,159.9700012,277.6590271,124.0707321,163.8707428,330.1750793,0.854800263,0.145199699,0.009634628,0.000314714
2020-12-09,17:01:41,0.995899963,7.99960022,162.9779968,178.478714,161.1296539,159.9696045,277.6600952,124.0707932,163.8706665,330.1750793,0.854800263,0.145199699,0.009634628,0.000314714
2020-12-09,17:01:42,0.995800018,7.99980011,162.9779968,178.471344,161.1298065,159.9693756,277.6607361,124.0711136,163.8703766,330.1750793,0.854800263,0.145199699,0.009634628,0.000314714
2020-12-09,17:01:43,0.995600033,8.0,162.9779968,178.4657288,161.131073,159.9696045,277.6600647,124.0705795,163.8710175,330.0116882,0.854800263,0.145199699,0.009634628,0.00031564
2020-12-09,17:01:44,0.995899963,8.000099945,162.9779968,178.4594116,161.1311798,159.9698792,277.6593018,124.0707932,163.870636,330.0116882,0.854800263,0.145199699,0.009634628,0.00031564
2020-12-09,17:01:45,0.996000004,7.999900055,162.9779968,178.4525757,161.1320496,159.9693451,277.6609192,124.0705795,163.8709412,330.0116882,0.854800263,0.145199699,0.009634628,0.00031564
2020-12-09,17:01:46,0.995699978,7.99980011,162.9779968,178.444519,161.1327362,159.9694977,277.6604004,124.0710297,163.8704681,330.0116882,0.854800263,0.145199699,0.009634628,0.00031564
2020-12-09,17:01:47,0.995800018,7.999700165,162.9790344,178.4390106,161.1321869,159.9696503,277.6600037,124.0704193,163.8711548,330.0116882,0.854800263,0.145199699,0.009634628,0.00031564
2020-12-09,17:01:48,0.995600033,7.99980011,162.9800415,178.4325104,161.1346588,159.969223,277.6611633,124.0710297,163.8704071,329.8641357,0.854800263,0.145199699,0.009634628,0.00031564
2020-12-09,17:01:49,0.995800018,7.999700165,162.9789886,178.4271088,161.1358795,159.9698792,277.6593323,124.070488,163.8710785,329.8641357,0.854800263,0.145199699,0.009634628,0.00031564
2020-12-09,17:01:50,0.995899963,7.99980011,162.9789886,178.4194031,161.1346588,159.9700012,277.6590576,124.0705795,163.8709412,329.8641357,0.854800263,0.145199699,0.009634628,0.00031564
2020-12-09,17:01:51,0.995699978,7.99980011,162.980011,178.4127655,161.135849,159.969696,277.6598816,124.0707321,163.8707275,329.8641357,0.854800263,0.145199699,0.009634628,0.00031564
2020-12-09,17:01:52,0.995800018,7.999700165,162.980011,178.4073486,161.1370087,159.9698181,277.6594238,124.0709686,163.8705139,329.8641357,0.854800263,0.145199699,0.009634628,0.00031564
2020-12-09,17:01:53,0.995600033,7.99980011,162.980011,178.3995056,161.1362305,159.9700012,277.6590271,124.0706558,163.8708649,329.6670837,0.854800263,0.145199699,0.009634628,0.00031564
2020-12-09,17:01:54,0.995899963,7.999700165,162.980011,178.3932037,161.1380463,159.9701538,277.6585388,124.070488,163.8710785,329.6670837,0.854800263,0.145199699,0.009634628,0.00031564
2020-12-09,17:01:55,0.995499992,7.999700165,162.980011,178.3868713,161.139328,159.9702148,277.6583862,124.0712662,163.8700867,329.6670837,0.854800263,0.145199699,0.009634628,0.00031564
2020-12-09,17:01:56,0.995699978,7.99980011,162.980011,178.3808136,161.1386871,159.9701538,277.6586914,124.0712662,163.870163,329.6670837,0.854800263,0.145199699,0.009634628,0.00031564
2020-12-09,17:01:57,0.995499992,7.999700165,162.9810181,178.375,161.1401062,159.9703827,277.6579285,124.0711136,163.8703613,329.6670837,0.854800263,0.145199699,0.009634628,0.00031564
2020-12-09,17:01:58,0.995800018,7.99980011,162.9810333,178.3677673,161.1402283,159.9702606,277.6582336,124.0708694,163.8700104,329.4745178,0.854800263,0.145199699,0.009634628,0.00031564
2020-12-09,17:01:59,0.995600033,7.999700165,162.9810333,178.3618927,161.1409149,159.9701538,277.6585693,124.0716476,163.8697205,329.4745178,0.854800263,0.145199699,0.009634628,0.00031564
2020-12-09,17:02:00,0.995899963,7.99980011,162.9810333,178.3546753,161.1406403,159.9703827,277.6579285,124.0707321,163.8707123,329.4745178,0.854800263,0.145199699,0.009634628,0.00031564
2020-12-09,17:02:01,0.995600033,7.999700165,162.9820557,178.3490753,161.1423187,159.9707642,277.6569214,124.0715637,163.869812,329.4745178,0.854800263,0.145199699,0.009634628,0.00031564
2020-12-09,17:02:02,0.995300007,7.99980011,162.9820557,178.3426819,161.1428375,159.9705811,277.6573181,124.0713348,163.8702087,329.4745178,0.854800263,0.145199699,0.009634628,0.00031564
2020-12-09,17:02:03,0.995499992,7.999700165,162.9820557,178.3364258,161.14328,159.9703827,277.65802,124.0716476,163.8697357,329.2912903,0.854800263,0.145199699,0.009634628,0.00031564
2020-12-09,17:02:04,0.995699978,7.99980011,162.9820557,178.3303528,161.1434021,159.9711304,277.6558533,124.0714188,163.8699951,329.2912903,0.854800263,0.145199699,0.009634628,0.00031564
2020-12-09,17:02:05,0.995499992,7.999700165,162.9820557,178.3243713,161.1440887,159.9708252,277.6567383,124.0711136,163.8703461,329.2912903,0.854800263,0.145199699,0.009634628,0.00031564
2020-12-09,17:02:06,0.995400047,7.99960022,162.9820557,178.3182678,161.1446533,159.9707184,277.657074,124.0714188,163.8699341,329.2912903,0.854800263,0.145199699,0.009634628,0.00031564
2020-12-09,17:02:07,0.995499992,7.99960022,162.9830627,178.3130035,161.1448212,159.9713135,277.6553345,124.0709686,163.8705292,329.2912903,0.854800263,0.145199699,0.009634628,0.00031564
2020-12-09,17:02:08,0.995600033,7.999500275,162.9830627,178.3051453,161.145401,159.9710388,277.6560974,124.0718689,163.8694305,329.1730347,0.854800263,0.145199699,0.009634628,0.00031564
2020-12-09,17:02:09,0.995400047,7.99960022,162.9830627,178.3000031,161.1456299,159.970871,277.6566162,124.0707932,163.8706512,329.1730347,0.854800263,0.145199699,0.009634628,0.00031564
2020-12-09,17:02:10,0.995300007,7.999900055,162.9830627,178.2941284,161.1471252,159.9714355,277.6550903,124.0712662,163.870224,329.1730347,0.854800263,0.145199699,0.009634628,0.00031564
2020-12-09,17:02:11,0.995400047,8.00039978,162.9830627,178.2873077,161.1476288,159.9711304,277.6558533,124.0718689,163.8694,329.1730347,0.854800263,0.145199699,0.009634628,0.00031564
2020-12-09,17:02:12,0.995100021,8.000700378,162.9830627,178.2814941,161.1469879,159.9716034,277.6546021,124.0717163,163.8696442,329.1730347,0.854800263,0.145199699,0.009634628,0.00031564
2020-12-09,17:02:13,0.995499992,8.001000214,162.9841003,178.2760925,161.1482391,159.9714966,277.6549988,124.0719528,163.8693542,328.974762,0.854800263,0.145199699,0.009634628,0.00031564
2020-12-09,17:02:14,0.995100021,8.000800323,162.9841003,178.2701569,161.1478577,159.9715424,277.6546021,124.0723953,163.8688049,328.974762,0.854800263,0.145199699,0.009634628,0.000315698
2020-12-09,17:02:15,0.995600033,8.000499725,162.9851379,178.2633362,161.1484985,159.9716034,277.6549072,124.0716476,163.8697205,328.974762,0.854800263,0.145199699,0.009634628,0.000315698
2020-12-09,17:02:16,0.995300007,8.000299835,162.9851379,178.2569122,161.1488647,159.9713135,277.6552734,124.0713348,163.8700256,328.974762,0.854800263,0.145199699,0.009634628,0.000315698
2020-12-09,17:02:17,0.995499992,8.0,162.9841309,178.2520599,161.1488953,159.9717102,277.6542664,124.0722427,163.8690186,328.974762,0.854800263,0.145199699,0.009634628,0.000315698
2020-12-09,17:02:18,0.995300007,7.999700165,162.9841309,178.2467194,161.1500854,159.9716492,277.6543579,124.0721054,163.8692017,328.974762,0.854800263,0.145199699,0.009634628,0.000315698
2020-12-09,17:02:19,0.995800018,7.99980011,162.9841309,178.2395935,161.1511536,159.97229,277.6528625,124.0723343,163.8688812,328.974762,0.854800263,0.145199699,0.009634628,0.000315698
2020-12-09,17:02:20,0.995499992,7.99940033,162.9851532,178.232666,161.1513062,159.9720459,277.6532593,124.0720367,163.8692627,328.974762,0.854800263,0.145199699,0.009634628,0.000315698
2020-12-09,17:02:21,0.995699978,7.999199677,162.9861908,178.2273865,161.1509552,159.9721069,277.6536255,124.0722427,163.8689728,328.974762,0.854800263,0.145199699,0.009634628,0.000315698
2020-12-09,17:02:22,0.995400047,7.999199677,162.9861908,178.2225647,161.1511993,159.9723358,277.6526489,124.0723953,163.8687744,328.974762,0.854800263,0.145199699,0.009634628,0.000315698
2020-12-09,17:02:23,0.995300007,7.999199677,162.9861908,178.2158508,161.1520691,159.972168,277.6530762,124.0722427,163.8690338,328.7385254,0.854800263,0.145199699,0.009634628,0.000315698
2020-12-09,17:02:24,0.995199966,7.999099731,162.9861908,178.2102661,161.15242,159.9727631,277.6513672,124.0727234,163.868515,328.7385254,0.854800263,0.145199699,0.009634628,0.000315698
2020-12-09,17:02:25,0.995499992,7.999099731,162.9861908,178.2045746,161.153183,159.9723358,277.6524963,124.0722427,163.8690186,328.7385254,0.854800263,0.145199699,0.009634628,0.000315698
2020-12-09,17:02:26,0.995199966,7.999099731,162.9861908,178.1984863,161.1529999,159.9728241,277.6512451,124.0727844,163.8683319,328.7385254,0.854760513,0.145239496,0.009634628,0.000315698
2020-12-09,17:02:27,0.995400047,7.998999786,162.9861908,178.1928711,161.1535187,159.9723816,277.6523743,124.0723953,163.8687744,328.7385254,0.854760513,0.145239496,0.009634628,0.000315698
2020-12-09,17:02:28,0.995499992,7.999199677,162.9872894,178.1869507,161.1548157,159.9729309,277.651001,124.0727234,163.8683624,328.5700989,0.854760513,0.145239496,0.009634628,0.000315698
2020-12-09,17:02:29,0.995300007,7.99940033,162.9862366,178.1819305,161.155014,159.9728851,277.6509399,124.0727844,163.868454,328.5700989,0.854760513,0.145239496,0.009634628,0.000315698
2020-12-09,17:02:30,0.995400047,7.99960022,162.9862366,178.1755371,161.1542969,159.9725494,277.6520386,124.0732574,163.8679047,328.5700989,0.854768524,0.145231504,0.009634628,0.000315698
2020-12-09,17:02:31,0.995300007,7.99980011,162.9872437,178.1699371,161.1552887,159.9732666,277.6499634,124.0731735,163.8678284,328.5700989,0.854768524,0.145231504,0.009634628,0.000315698
2020-12-09,17:02:32,0.995400047,8.0,162.9872437,178.1639404,161.1557159,159.9729919,277.6508484,124.0727234,163.8683777,328.5700989,0.854808197,0.145191803,0.009634628,0.000315698
2020-12-09,17:02:33,0.995499992,8.00019989,162.9882507,178.1588593,161.1561737,159.9732208,277.650177,124.0728683,163.8682251,328.4118347,0.854808197,0.145191803,0.009634628,0.000315698
2020-12-09,17:02:34,0.995400047,8.00039978,162.9882507,178.1527863,161.1559143,159.9734192,277.6495667,124.0731049,163.8680115,328.4118347,0.854808197,0.145191803,0.009634628,0.000315698
2020-12-09,17:02:35,0.995600033,8.00059967,162.9882507,178.1471863,161.1570892,159.9732208,277.6501465,124.0730209,163.8681183,328.4118347,0.854808197,0.145191803,0.009634628,0.000315698
2020-12-09,17:02:36,0.995400047,8.000700378,162.9882507,178.1413574,161.1573181,159.9736481,277.6489258,124.073555,163.8674927,328.4118347,0.854808197,0.145191803,0.009634628,0.000315698
2020-12-09,17:02:37,0.995600033,8.000800323,162.9882507,178.1359711,161.1565094,159.9737549,277.6487122,124.0737076,163.8676605,328.4118347,0.854808197,0.145191803,0.009634628,0.000315626
2020-12-09,17:02:38,0.995400047,8.000700378,162.9882507,178.131134,161.1576843,159.973877,277.6482544,124.0732574,163.8678741,328.310791,0.854808197,0.145191803,0.009634628,0.000315626
2020-12-09,17:02:39,0.995499992,8.000499725,162.9892578,178.1243591,161.1571198,159.9736023,277.6490784,124.0737076,163.8673553,328.310791,0.854808197,0.145191803,0.009634628,0.000315626
2020-12-09,17:02:40,0.995600033,8.00039978,162.9892578,178.1188354,161.1583405,159.9739838,277.6479797,124.0740128,163.8668976,328.310791,0.854808197,0.145191803,0.009634628,0.000315626
2020-12-09,17:02:41,0.995499992,8.00019989,162.9882202,178.1135864,161.1573792,159.9741364,277.6474609,124.0738602,163.8671112,328.310791,0.854808197,0.145191803,0.009634628,0.000314699
2020-12-09,17:02:42,0.995699978,8.000099945,162.9882202,178.1091156,161.1590881,159.9742584,277.6472778,124.0740128,163.8668976,328.310791,0.854808197,0.145191803,0.009634628,0.000314699
2020-12-09,17:02:43,0.995400047,7.999900055,162.9882202,178.1026306,161.1600037,159.9744263,277.6468811,124.0737762,163.8673553,328.113678,0.854808197,0.145191803,0.009634628,0.000314699
2020-12-09,17:02:44,0.995499992,7.999700165,162.9882202,178.0970764,161.1591034,159.9741364,277.647522,124.0734711,163.867157,328.113678,0.854808197,0.145191803,0.009634628,0.000314699
2020-12-09,17:02:45,0.995499992,7.999500275,162.9893036,178.0918427,161.1598206,159.9745789,277.6463623,124.0740128,163.8674927,328.113678,0.854808197,0.145191803,0.009634628,0.000314699
2020-12-09,17:02:46,0.995600033,7.999299622,162.9903412,178.0867615,161.1605835,159.9746552,277.6461182,124.0743256,163.8665314,328.113678,0.854808197,0.145191803,0.009634628,0.000314699
2020-12-09,17:02:47,0.995400047,7.999199677,162.9903412,178.0815887,161.161438,159.9748688,277.6456299,124.0737762,163.8671417,328.113678,0.854808197,0.145191803,0.009634628,0.000314699
2020-12-09,17:02:48,0.995600033,7.999099731,162.9903412,178.0761566,161.1604004,159.9751587,277.6448669,124.0750198,163.8657532,327.9918823,0.854808197,0.145191803,0.009634628,0.000314699
2020-12-09,17:02:49,0.995400047,7.998999786,162.9903412,178.0695038,161.1600037,159.974762,277.6459045,124.0744858,163.8663788,327.9918823,0.854808197,0.145191803,0.009634628,0.000314699
2020-12-09,17:02:50,0.995300007,7.998999786,162.9903412,178.0651245,161.1609192,159.9753113,277.6443481,124.074173,163.866745,327.9918823,0.854808197,0.145191803,0.009634628,0.000314699
2020-12-09,17:02:51,0.995199966,7.999099731,162.991394,178.0593262,161.1612396,159.9756165,277.6436768,124.0752563,163.865448,327.9918823,0.854808197,0.145191803,0.009634628,0.000314699
2020-12-09,17:02:52,0.995499992,7.99940033,162.9903564,178.0547028,161.1609497,159.9754486,277.644104,124.0744019,163.8664856,327.9918823,0.854780426,0.145219603,0.009634628,0.000314699
2020-12-09,17:02:53,0.995400047,7.99960022,162.991394,178.0500183,161.1613922,159.9759369,277.6427917,124.0747833,163.8660126,327.9918823,0.854780426,0.145219603,0.009634628,0.000314699
2020-12-09,17:02:54,0.995300007,7.998899841,162.991394,178.0429382,161.1609497,159.9761505,277.6420288,124.0751724,163.8655853,327.9918823,0.854780426,0.145219603,0.009634628,0.000314699
2020-12-09,17:02:55,0.995400047,7.998699951,162.991394,178.0379639,161.1624908,159.9756622,277.6433716,124.0749283,163.8657837,327.9918823,0.854780426,0.145219603,0.009634628,0.000314699
2020-12-09,17:02:56,0.995300007,7.999299622,162.991394,178.0330505,161.1625824,159.9759979,277.6426697,124.0756989,163.8649292,327.9918823,0.854780426,0.145219603,0.009634628,0.000314699
2020-12-09,17:02:57,0.995499992,7.99960022,162.991394,178.028656,161.1628418,159.9760437,277.6422729,124.0752563,163.865509,327.9918823,0.854780426,0.145219603,0.009634628,0.000314699
2020-12-09,17:02:58,0.995300007,7.999900055,162.9924164,178.0217438,161.1624451,159.9766541,277.6407166,124.0756989,163.8649292,327.8223572,0.854780426,0.145219603,0.009634628,0.000314699
2020-12-09,17:02:59,0.995400047,8.000299835,162.9924164,178.0177917,161.1625671,159.9762115,277.6418762,124.0757904,163.8648376,327.8223572,0.854780426,0.145219603,0.009634628,0.000314699
2020-12-09,17:03:00,0.995100021,8.000499725,162.9924164,178.0122223,161.163208,159.9767151,277.6405945,124.0756226,163.8650208,327.8223572,0.854780426,0.145219603,0.009634628,0.000314699
2020-12-09,17:03:01,0.995499992,8.00019989,162.9924164,178.0068207,161.1625214,159.9764862,277.6411743,124.0760117,163.8645935,327.8223572,0.854780426,0.145219603,0.009634628,0.000314699
2020-12-09,17:03:02,0.995300007,7.99980011,162.9924164,178.0004578,161.16362,159.9770508,277.639679,124.0763245,163.8641968,327.8223572,0.854780426,0.145219603,0.009634628,0.000314699
2020-12-09,17:03:03,0.995499992,7.99960022,162.9924164,177.9969482,161.1633453,159.9769745,277.6394958,124.0756989,163.864975,327.690033,0.854780426,0.145219603,0.009634628,0.000314699
2020-12-09,17:03:04,0.995300007,7.99940033,162.9924164,177.9910278,161.1629791,159.9769287,277.6399536,124.0766296,163.8638306,327.690033,0.854780426,0.145219603,0.009634628,0.000314699
2020-12-09,17:03:05,0.995499992,7.999299622,162.9934845,177.9864655,161.1639252,159.9772644,277.6389771,124.0764694,163.8640594,327.690033,0.854780426,0.145219603,0.009634628,0.000314699
2020-12-09,17:03:06,0.995199966,7.999700165,162.9934845,177.9815063,161.1651001,159.9774323,277.6385803,124.0762482,163.8643494,327.690033,0.854780426,0.145219603,0.009634628,0.000314699
2020-12-09,17:03:07,0.995400047,7.999199677,162.9934845,177.9759674,161.1647034,159.9776459,277.638031,124.0766983,163.8637848,327.690033,0.854780426,0.145219603,0.009634628,0.000314699
2020-12-09,17:03:08,0.995100021,7.998699951,162.9934845,177.9705353,161.1633606,159.9774323,277.6385803,124.0770035,163.8633728,327.690033,0.854780426,0.145219603,0.009634628,0.000314699
2020-12-09,17:03:09,0.995199966,7.998200226,162.9934845,177.9654236,161.1649933,159.9776459,277.6380005,124.0775452,163.8627625,327.690033,0.854780426,0.145219603,0.009634628,0.000314699
2020-12-09,17:03:10,0.995300007,7.998500061,162.9945068,177.9591522,161.1655731,159.9782104,277.6365662,124.0771637,163.8632813,327.690033,0.854780426,0.145219603,0.009634628,0.000314699
2020-12-09,17:03:11,0.995199966,7.998799896,162.9945068,177.9549561,161.1649628,159.9779816,277.637085,124.0778503,163.8623962,327.690033,0.854780426,0.145219603,0.009634628,0.000314699
2020-12-09,17:03:12,0.995300007,7.999199677,162.9945068,177.9505615,161.1653595,159.9784088,277.6357727,124.0771637,163.8632355,327.690033,0.854780426,0.145219603,0.009634628,0.000315869
2020-12-09,17:03:13,0.995100021,7.999500275,162.9945068,177.945282,161.1655273,159.9780884,277.6368103,124.0778503,163.8624725,327.4890747,0.854780426,0.145219603,0.009634628,0.000315869
2020-12-09,17:03:14,0.995300007,7.999900055,162.9945068,177.9403992,161.1643372,159.9784698,277.6357117,124.0780716,163.8621216,327.4890747,0.854780426,0.145219603,0.009634628,0.000315869
2020-12-09,17:03:15,0.995100021,8.00019989,162.9945068,177.9346771,161.1655579,159.9786377,277.6352234,124.077774,163.8625488,327.4890747,0.854780426,0.145219603,0.009634628,0.000315869
2020-12-09,17:03:16,0.995300007,8.00059967,162.9955139,177.9307861,161.1658783,159.9782104,277.636322,124.078392,163.8618011,327.4890747,0.854780426,0.145219603,0.009634628,0.000315869
2020-12-09,17:03:17,0.995199966,8.000900269,162.9955139,177.9251404,161.1654358,159.9792175,277.6336975,124.0778503,163.862381,327.4890747,0.854780426,0.145219603,0.009634628,0.000315869
2020-12-09,17:03:18,0.995100021,8.001200104,162.9955139,177.9208679,161.1661682,159.9790497,277.6341553,124.078476,163.8616943,327.4890747,0.854780426,0.145219603,0.009634628,0.000315869
2020-12-09,17:03:19,0.995300007,8.001399994,162.9955139,177.9159546,161.1658325,159.9794464,277.6331177,124.0789261,163.8611603,327.4890747,0.854780426,0.145219603,0.009634628,0.000315869
2020-12-09,17:03:20,0.994999981,8.000700378,162.9955139,177.9099579,161.1654968,159.9792175,277.633728,124.0793228,163.860733,327.4890747,0.854599762,0.1454002,0.009634628,0.000315869
2020-12-09,17:03:21,0.995199966,8.0,162.9955139,177.9058228,161.1669617,159.9794464,277.6330872,124.0788422,163.8612518,327.4890747,0.854599762,0.1454002,0.009634628,0.000315869
2020-12-09,17:03:22,0.995300007,7.99960022,162.9955139,177.9010315,161.1666718,159.9800415,277.6313477,124.0794601,163.8604889,327.4890747,0.854599762,0.1454002,0.009634628,0.000315869
2020-12-09,17:03:23,0.995100021,7.99940033,162.9955139,177.8959961,161.1666107,159.9802094,277.6308899,124.0786972,163.861496,327.3183289,0.854599762,0.1454002,0.009634628,0.000315869
2020-12-09,17:03:24,0.995300007,7.99940033,162.9955139,177.8911896,161.1665039,159.9800415,277.6312561,124.0791473,163.8608704,327.3183289,0.854599762,0.1454002,0.009634628,0.000315869
2020-12-09,17:03:25,0.994900036,7.999299622,162.9955139,177.8866119,161.1663818,159.9802094,277.6309814,124.0793839,163.8605804,327.3183289,0.854599762,0.1454002,0.009634628,0.000315869
2020-12-09,17:03:26,0.995199966,7.999299622,162.996521,177.8813629,161.1670685,159.9811554,277.6286011,124.0797729,163.860199,327.3183289,0.854599762,0.1454002,0.009634628,0.000315869
2020-12-09,17:03:27,0.995100021,7.99940033,162.996521,177.8760071,161.1672668,159.980545,277.6301575,124.0800781,163.8598175,327.3183289,0.854599762,0.1454002,0.009634628,0.000315869
2020-12-09,17:03:28,0.995199966,7.999500275,162.9975586,177.8721313,161.167984,159.9803772,277.6305237,124.0802231,163.8596802,327.3183289,0.854599762,0.1454002,0.009634628,0.000314699
2020-12-09,17:03:29,0.995100021,7.99960022,162.9975586,177.8672943,161.1677246,159.981369,277.6278687,124.080307,163.8595428,327.3183289,0.854599762,0.1454002,0.009634628,0.000314699
2020-12-09,17:03:30,0.995300007,7.999700165,162.9965057,177.8631134,161.1676941,159.9812012,277.6283264,124.0798492,163.8600311,327.3183289,0.854599762,0.1454002,0.009634628,0.000314699
2020-12-09,17:03:31,0.994999981,7.999900055,162.9975891,177.8573303,161.168457,159.9814301,277.6277771,124.0805359,163.8592529,327.3183289,0.854599762,0.1454002,0.009634628,0.000314699
2020-12-09,17:03:32,0.995300007,8.0,162.9975891,177.8533936,161.1671906,159.9812622,277.6280823,124.0803909,163.8594055,327.3183289,0.854599762,0.1454002,0.009634628,0.000314699
2020-12-09,17:03:33,0.995100021,8.000099945,162.9975891,177.8482208,161.1681213,159.9816895,277.6269226,124.0806885,163.8591003,327.1520691,0.854599762,0.1454002,0.009634628,0.000314699
2020-12-09,17:03:34,0.995199966,8.00019989,162.9975891,177.8441162,161.1686554,159.9815369,277.6274109,124.0812378,163.8585052,327.1520691,0.854599762,0.1454002,0.009634628,0.000314699
2020-12-09,17:03:35,0.994999981,8.00039978,162.9975891,177.8386993,161.1678925,159.9820251,277.6260376,124.0813828,163.8583221,327.1520691,0.854599762,0.1454002,0.009634628,0.000314699
2020-12-09,17:03:36,0.995199966,8.000499725,162.998642,177.8345947,161.169281,159.982254,277.6254578,124.0813828,163.8582153,327.1520691,0.854599762,0.1454002,0.009634628,0.000314699
2020-12-09,17:03:37,0.994999981,8.00059967,162.998642,177.8297577,161.1685333,159.9824066,277.6249084,124.080986,163.8587341,327.1520691,0.854599762,0.1454002,0.009634628,0.000314699
2020-12-09,17:03:38,0.995199966,8.000700378,162.998642,177.8245544,161.1687775,159.9829407,277.6236267,124.0820007,163.8575745,327.0412292,0.854599762,0.1454002,0.009634628,0.000314699
2020-12-09,17:03:39,0.995300007,8.000800323,162.998642,177.8203735,161.1682587,159.9826202,277.6245422,124.081543,163.8580475,327.0412292,0.854599762,0.1454002,0.009634628,0.000314699
2020-12-09,17:03:40,0.995400047,8.000900269,162.998642,177.8161469,161.1692047,159.9827728,277.624054,124.0818481,163.8578033,327.0412292,0.854599762,0.1454002,0.009634628,0.000314699
2020-12-09,17:03:41,0.995199966,8.000900269,162.998642,177.8115692,161.1683655,159.9833221,277.6226196,124.0816116,163.858017,327.0412292,0.854599762,0.1454002,0.009634628,0.000314699
2020-12-09,17:03:42,0.995400047,8.001000214,162.998642,177.8051453,161.1688538,159.9836578,277.6216431,124.0820694,163.8574982,327.0412292,0.854599762,0.1454002,0.009634628,0.000314699
2020-12-09,17:03:43,0.995100021,8.001100159,162.998642,177.8028107,161.1677399,159.98349,277.6221008,124.0826721,163.8567505,327.0412292,0.854599762,0.1454002,0.009634628,0.000314699
2020-12-09,17:03:44,0.994999981,8.001200104,162.998642,177.7980652,161.1697235,159.9835968,277.6217957,124.0829926,163.8563843,327.0412292,0.854599762,0.1454002,0.009634628,0.000314699
2020-12-09,17:03:45,0.995199966,8.001200104,162.9996796,177.7931671,161.168335,159.9837189,277.6213989,124.0826721,163.8567963,327.0412292,0.854599762,0.1454002,0.009634628,0.000314699
2020-12-09,17:03:46,0.995300007,8.001300049,163.0007019,177.7877808,161.1694031,159.9838104,277.6211243,124.0835266,163.8557281,327.0412292,0.854599762,0.1454002,0.009634628,0.000314699
2020-12-09,17:03:47,0.995400047,8.001300049,163.0007019,177.7843933,161.1687164,159.9842072,277.6200562,124.0832291,163.8561401,327.0412292,0.854599762,0.1454002,0.009634628,0.000314699
2020-12-09,17:03:48,0.995199966,8.001399994,163.0007019,177.7794189,161.1684875,159.9845428,277.6192017,124.0836792,163.8555603,326.9196167,0.854673309,0.1453267,0.009634628,0.000314699
2020-12-09,17:03:49,0.995400047,8.001300049,163.0007019,177.7745972,161.1696625,159.9848175,277.6183167,124.0839157,163.8553314,326.9196167,0.854673309,0.1453267,0.009634628,0.000314699
2020-12-09,17:03:50,0.995100021,8.001399994,163.0007019,177.7702026,161.1685028,159.9845886,277.6190796,124.0840607,163.8550873,326.9196167,0.854673309,0.1453267,0.009634628,0.000314699
2020-12-09,17:03:51,0.995400047,8.001499939,163.0007019,177.7652283,161.1697235,159.9849091,277.6180725,124.0835266,163.8557587,326.9196167,0.854673309,0.1453267,0.009634628,0.000314699
2020-12-09,17:03:52,0.995100021,8.001399994,163.0007019,177.761322,161.1690826,159.98526,277.6171265,124.0839157,163.8552704,326.9196167,0.854673309,0.1453267,0.009634628,0.000314699
2020-12-09,17:03:53,0.995300007,8.001499939,163.0007019,177.7573395,161.1696777,159.9855347,277.6177368,124.0844498,163.8546143,326.9196167,0.854673309,0.1453267,0.009634628,0.000314699
2020-12-09,17:03:54,0.994900036,8.001599884,163.001709,177.7534485,161.1701965,159.9854126,277.6162415,124.0843735,163.8548126,326.9196167,0.854673309,0.1453267,0.009634628,0.000314699
2020-12-09,17:03:55,0.995199966,8.001499939,163.0027771,177.7487793,161.1697083,159.9855804,277.6167297,124.0849075,163.854126,326.9196167,0.854673309,0.1453267,0.009634628,0.000314699
2020-12-09,17:03:56,0.995300007,8.001599884,163.0017548,177.7439423,161.1711731,159.9858704,277.6156006,124.084671,163.8544159,326.9196167,0.854673309,0.1453267,0.009634628,0.000314699
2020-12-09,17:03:57,0.995499992,8.001599884,163.0017548,177.7399445,161.1704407,159.9864349,277.6140137,124.0855255,163.8534241,326.9196167,0.854673309,0.1453267,0.009634628,0.000314699
2020-12-09,17:03:58,0.995300007,8.001599884,163.0017548,177.7351074,161.1686707,159.986084,277.6149597,124.0856781,163.8532257,326.7385559,0.854673309,0.1453267,0.009634628,0.000314699
2020-12-09,17:03:59,0.995400047,8.001699829,163.0027771,177.7303772,161.1699219,159.9864349,277.6139832,124.0853653,163.8536377,326.7385559,0.854673309,0.1453267,0.009634628,0.000314699
2020-12-09,17:04:00,0.995199966,8.001599884,163.0027771,177.726532,161.1694946,159.9866638,277.6132813,124.0854416,163.8535004,326.7385559,0.854673309,0.1453267,0.009634628,0.000314699
2020-12-09,17:04:01,0.995499992,8.001699829,163.0027771,177.7226563,161.1705933,159.9868164,277.6128845,124.085144,163.8538666,326.7385559,0.854673309,0.1453267,0.009634628,0.000314699
2020-12-09,17:04:02,0.995199966,8.001699829,163.0027771,177.718338,161.1696167,159.9867249,277.6131592,124.0860596,163.8528137,326.7385559,0.854673309,0.1453267,0.009634628,0.000314699
2020-12-09,17:04:03,0.995300007,8.001699829,163.0027771,177.7133179,161.1706543,159.9871063,277.6120911,124.0857468,163.8531952,326.6280823,0.854673309,0.1453267,0.009634628,0.000314699
2020-12-09,17:04:04,0.995100021,8.001699829,163.0027771,177.710022,161.1696014,159.9875031,277.6110535,124.0864334,163.8524017,326.6280823,0.854673309,0.1453267,0.009634628,0.000314699
2020-12-09,17:04:05,0.995300007,8.001699829,163.0027771,177.7059021,161.1705627,159.9875946,277.6108093,124.0867538,163.8519592,326.6280823,0.854673309,0.1453267,0.009634628,0.000314699
2020-12-09,17:04:06,0.995199966,8.001699829,163.0038605,177.7012177,161.1710358,159.9880219,277.6096497,124.0859833,163.8528748,326.6280823,0.854673309,0.1453267,0.009634628,0.000314699
2020-12-09,17:04:07,0.995300007,8.001699829,163.0038605,177.6970825,161.1702728,159.9879761,277.6097412,124.087822,163.8507233,326.6280823,0.854673309,0.1453267,0.009634628,0.000314699
2020-12-09,17:04:08,0.995100021,8.001699829,163.0038605,177.692688,161.1708221,159.9883118,277.6087952,124.0864334,163.8523712,326.6280823,0.854673309,0.1453267,0.009634628,0.000314699
2020-12-09,17:04:09,0.994999981,8.001699829,163.0038605,177.6878052,161.1702118,159.9888,277.6074524,124.087677,163.8509369,326.6280823,0.854673309,0.1453267,0.009634628,0.000314699
2020-12-09,17:04:10,0.995300007,8.001699829,163.0038605,177.6851044,161.169632,159.9883728,277.6086731,124.0879745,163.8506165,326.6280823,0.854673309,0.1453267,0.009634628,0.000314699
2020-12-09,17:04:11,0.994999981,8.001699829,163.0038605,177.6795654,161.1691742,159.9890442,277.606842,124.0875092,163.8511353,326.6280823,0.854673309,0.1453267,0.009634628,0.000314699
2020-12-09,17:04:12,0.995300007,8.001699829,163.0049286,177.6753387,161.1700745,159.9889069,277.6071167,124.0878983,163.8506012,326.6280823,0.854673309,0.1453267,0.009634628,0.000315755
2020-12-09,17:04:13,0.995100021,8.001599884,163.0049286,177.6723633,161.1697845,159.9891968,277.6063538,124.0871429,163.8515167,326.5201721,0.854673309,0.1453267,0.009634628,0.000315755
2020-12-09,17:04:14,0.995300007,8.001699829,163.0049286,177.6673584,161.1707764,159.9894104,277.6057129,124.0884323,163.8500061,326.5201721,0.854673309,0.1453267,0.009634628,0.000314699
2020-12-09,17:04:15,0.995199966,8.001599884,163.0049286,177.6627808,161.1690826,159.9891968,277.6062927,124.0882111,163.8502655,326.5201721,0.854673309,0.1453267,0.009634628,0.000314714
2020-12-09,17:04:16,0.995300007,8.001699829,163.0059814,177.6585541,161.1708069,159.9897003,277.6049194,124.0882797,163.8502045,326.5201721,0.854673309,0.1453267,0.009634628,0.000314714
2020-12-09,17:04:17,0.995199966,8.001599884,163.0059814,177.6555176,161.1689606,159.9898224,277.6047058,124.0886688,163.8497467,326.5201721,0.854673309,0.1453267,0.009634628,0.000314714
2020-12-09,17:04:18,0.995300007,8.001599884,163.0059814,177.651123,161.1701965,159.9897003,277.6049194,124.0890503,163.8492737,326.5201721,0.854673309,0.1453267,0.009634628,0.000314714
2020-12-09,17:04:19,0.995199966,8.001599884,163.0059814,177.6471863,161.1695404,159.9900513,277.6040649,124.0886688,163.8496857,326.5201721,0.854673309,0.1453267,0.009634628,0.000314714
2020-12-09,17:04:20,0.995300007,8.001599884,163.0070038,177.6432343,161.1690979,159.9904327,277.6029968,124.0898972,163.8482971,326.5201721,0.854766464,0.145233498,0.009634628,0.000314714
2020-12-09,17:04:21,0.995499992,8.001499939,163.0070038,177.6390991,161.1699219,159.9907684,277.6021118,124.0893478,163.8489227,326.5201721,0.854766464,0.145233498,0.009634628,0.000314714
2020-12-09,17:04:22,0.995600033,8.001599884,163.0059509,177.6356354,161.1700897,159.9906616,277.6025085,124.0894394,163.8487244,326.5201721,0.85475853,0.145241404,0.009634628,0.000315683
2020-12-09,17:04:23,0.995199966,8.001499939,163.0059509,177.6304474,161.169632,159.9907684,277.6020203,124.0892868,163.8490448,326.4029541,0.85475853,0.145241404,0.009634628,0.000315683
2020-12-09,17:04:24,0.995400047,8.001499939,163.0079956,177.6264496,161.1695099,159.9909821,277.6015625,124.0899734,163.8481903,326.4029541,0.85475853,0.145241404,0.009634628,0.000315855
2020-12-09,17:04:25,0.995199966,8.001399994,163.0079956,177.6226654,161.1711121,159.9917603,277.5994873,124.0902786,163.8478851,326.4029541,0.85475853,0.145241404,0.009634628,0.000315855
2020-12-09,17:04:26,0.995400047,8.001499939,163.006958,177.6177826,161.1699371,159.9916992,277.5993042,124.0904312,163.8477325,326.4029541,0.85475853,0.145241404,0.009634628,0.000315855
2020-12-09,17:04:27,0.995100021,8.001399994,163.006958,177.6144104,161.1707306,159.9917603,277.5996094,124.0909729,163.8470001,326.4029541,0.85475853,0.145241404,0.009634628,0.000315855
2020-12-09,17:04:28,0.995300007,8.001399994,163.0080719,177.6105194,161.1709137,159.9920197,277.5986023,124.0910492,163.8471222,326.2800293,0.85475853,0.145241404,0.009634628,0.000315855
2020-12-09,17:04:29,0.995100021,8.001399994,163.0080719,177.6075745,161.1694031,159.9922028,277.598175,124.0912018,163.8467407,326.2800293,0.85475853,0.145241404,0.009634628,0.000315855
2020-12-09,17:04:30,0.995300007,8.001300049,163.0080719,177.6039124,161.1699982,159.9924774,277.5974731,124.0914993,163.8463745,326.2800293,0.85475853,0.145241404,0.009634628,0.000315683
2020-12-09,17:04:31,0.995100021,8.001300049,163.0080719,177.5994873,161.1700745,159.9922028,277.5981445,124.0911102,163.8468018,326.2800293,0.85475853,0.145241404,0.009634628,0.000315683
2020-12-09,17:04:32,0.995300007,8.001200104,163.0080719,177.5951843,161.1698456,159.9929199,277.5960999,124.0916519,163.8462219,326.2800293,0.85475853,0.145241404,0.009634628,0.000315683
2020-12-09,17:04:33,0.995100021,8.001200104,163.00914,177.5900879,161.169281,159.9928436,277.596405,124.0920334,163.8458557,326.2800293,0.85475853,0.145241404,0.009634628,0.000315683
2020-12-09,17:04:34,0.994999981,8.001200104,163.0081177,177.5874481,161.1701813,159.9935303,277.5945435,124.0917282,163.8461304,326.2800293,0.85475853,0.145241404,0.009634628,0.000315683
2020-12-09,17:04:35,0.995199966,8.001200104,163.0091553,177.5834351,161.1698151,159.993103,277.5957031,124.0919724,163.8457031,326.2800293,0.85475853,0.145241404,0.009634628,0.000315683
2020-12-09,17:04:36,0.995300007,8.001100159,163.0091553,177.579834,161.1694946,159.9934692,277.5946045,124.0925674,163.8451538,326.2800293,0.85475853,0.145241404,0.009634628,0.000315683
2020-12-09,17:04:37,0.994999981,8.001200104,163.0091553,177.5751038,161.1707458,159.9933167,277.5950623,124.0931091,163.8445282,326.2800293,0.85475853,0.145241404,0.009634628,0.000314699
2020-12-09,17:04:38,0.995100021,8.001100159,163.0091553,177.571579,161.1686707,159.9937744,277.5938416,124.0931931,163.8444214,326.2800293,0.85475853,0.145241404,0.009634628,0.000314699
2020-12-09,17:04:39,0.994900036,8.001000214,163.0091553,177.5682831,161.1695404,159.9940491,277.5930786,124.092804,163.8448792,326.2800293,0.85475853,0.145241404,0.009634628,0.000314699
2020-12-09,17:04:40,0.995100021,8.001000214,163.0091553,177.56427,161.1698608,159.9937744,277.5939331,124.0934906,163.8440857,326.2800293,0.85475853,0.145241404,0.009634628,0.000314699
2020-12-09,17:04:41,0.994799995,8.001000214,163.0091553,177.5606842,161.170517,159.9944916,277.5918274,124.0938797,163.8436432,326.2800293,0.85475853,0.145241404,0.009634628,0.000314699
2020-12-09,17:04:42,0.994999981,8.000900269,163.0101929,177.5568848,161.1694031,159.9947052,277.5913391,124.0934906,163.8440399,326.2800293,0.85475853,0.145241404,0.009634628,0.000314699
2020-12-09,17:04:43,0.995100021,8.000900269,163.0101929,177.5541534,161.1704559,159.9945526,277.5917053,124.0939484,163.8435669,326.1307373,0.85475853,0.145241404,0.009634628,0.000314699
2020-12-09,17:04:44,0.994999981,8.000800323,163.0101929,177.5480652,161.1686401,159.9947052,277.5913391,124.0945663,163.8427582,326.1307373,0.85475853,0.145241404,0.009634628,0.000314699
2020-12-09,17:04:45,0.994900036,8.000900269,163.0112,177.5449371,161.1699982,159.9953613,277.5895691,124.0941162,163.843277,326.1307373,0.85475853,0.145241404,0.009634628,0.000314699
2020-12-09,17:04:46,0.995100021,8.000800323,163.0112,177.5421143,161.1706085,159.9954224,277.5894165,124.0945663,163.842804,326.1307373,0.85475853,0.145241404,0.009634628,0.000314699
2020-12-09,17:04:47,0.994900036,8.000700378,163.0112,177.5382233,161.169342,159.9955292,277.5888977,124.0950165,163.8423157,326.1307373,0.85475853,0.145241404,0.009634628,0.000314699
2020-12-09,17:04:48,0.995100021,8.000700378,163.0112,177.5343475,161.1689148,159.9953613,277.5895386,124.0947876,163.8425293,326.1307373,0.85475853,0.145241404,0.009634628,0.000314699
2020-12-09,17:04:49,0.995199966,8.000700378,163.0112,177.5298615,161.1695557,159.9959106,277.5879822,124.0960999,163.8409882,326.1307373,0.85475853,0.145241404,0.009634628,0.000314699
2020-12-09,17:04:50,0.994799995,8.00059967,163.0112,177.5276184,161.1677551,159.9961395,277.5873718,124.0961838,163.8408661,326.1307373,0.85475853,0.145241404,0.009634628,0.000314699
2020-12-09,17:04:51,0.994999981,8.000499725,163.0112,177.5231323,161.1687775,159.9960327,277.5870972,124.0956345,163.8415375,326.1307373,0.85475853,0.145241404,0.009634628,0.000314699
2020-12-09,17:04:52,0.994799995,8.00059967,163.0112,177.5204773,161.1679688,159.9964142,277.5865479,124.095871,163.8413086,326.1307373,0.85475853,0.145241404,0.009634628,0.000314699
2020-12-09,17:04:53,0.994900036,8.000499725,163.0122223,177.5160675,161.1674347,159.9958038,277.5881958,124.0965652,163.8405304,326.1307373,0.85475853,0.145241404,0.009634628,0.000314699
2020-12-09,17:04:54,0.994799995,8.000499725,163.0122223,177.5124207,161.1686249,159.9964142,277.5865784,124.097023,163.83992,326.1307373,0.85475853,0.145241404,0.009634628,0.000314699
2020-12-09,17:04:55,0.994799995,8.00039978,163.0122223,177.5088043,161.1687469,159.9966431,277.5858765,124.0974731,163.8394318,326.1307373,0.85475853,0.145241404,0.009634628,0.000314699
2020-12-09,17:04:56,0.995100021,8.000299835,163.0122223,177.5050201,161.1676025,159.9970398,277.5848999,124.097023,163.8399506,326.1307373,0.85475853,0.145241404,0.009634628,0.000314699
2020-12-09,17:04:57,0.994900036,8.00039978,163.0122223,177.5017853,161.1679688,159.9972534,277.5843506,124.0972595,163.8396149,326.1307373,0.85475853,0.145241404,0.009634628,0.000314699
2020-12-09,17:04:58,0.994799995,8.000299835,163.0122223,177.4973755,161.1675262,159.9976501,277.583313,124.0975571,163.8393097,326.1307373,0.85475853,0.145241404,0.009634628,0.000314699
2020-12-09,17:04:59,0.995199966,8.00019989,163.0122223,177.4936523,161.1681213,159.9975433,277.5834961,124.0977097,163.8390961,326.1307373,0.85475853,0.145241404,0.009634628,0.000314699
2020-12-09,17:05:00,0.994900036,8.00019989,163.0122223,177.4911041,161.1676025,159.9975433,277.5834656,124.0981827,163.8385468,326.1307373,0.85475853,0.145241404,0.009634628,0.000314699
2020-12-09,17:05:01,0.995199966,8.000099945,163.0132599,177.4865112,161.1677551,159.9976044,277.5835876,124.0990219,163.8375854,326.1307373,0.85475853,0.145241404,0.009634628,0.000314699
2020-12-09,17:05:02,0.995300007,8.00019989,163.0132599,177.483551,161.16716,159.9981537,277.5818787,124.0985413,163.8381653,326.1307373,0.85475853,0.145241404,0.009634628,0.000314699
2020-12-09,17:05:03,0.994900036,8.0,163.014267,177.4804993,161.1681824,159.9983215,277.5814209,124.0990219,163.8376312,326.1307373,0.85475853,0.145241404,0.009634628,0.000314699
2020-12-09,17:05:04,0.994699955,8.000099945,163.0131836,177.4753418,161.1676636,159.9980316,277.5822144,124.0994034,163.8371735,326.1307373,0.85475853,0.145241404,0.009634628,0.000314699
2020-12-09,17:05:05,0.994900036,8.0,163.014267,177.4728241,161.16745,159.9987183,277.5803223,124.0990219,163.8376465,326.1307373,0.85475853,0.145241404,0.009634628,0.000314699
2020-12-09,17:05:06,0.994799995,7.999900055,163.014267,177.4689941,161.1670837,159.9986572,277.5804749,124.0993271,163.8371887,326.1307373,0.85475853,0.145241404,0.009634628,0.000314699
2020-12-09,17:05:07,0.994999981,7.999900055,163.014267,177.4658051,161.1667633,159.9988708,277.5798035,124.1000977,163.8363647,326.1307373,0.85475853,0.145241404,0.009634628,0.000314699
2020-12-09,17:05:08,0.994799995,7.99980011,163.014267,177.461792,161.1678314,159.9989777,277.5795288,124.1000214,163.8364563,326.1307373,0.85475853,0.145241404,0.009634628,0.000314699
2020-12-09,17:05:09,0.994999981,7.99980011,163.0152893,177.4584045,161.1673126,159.9991913,277.5789185,124.1004028,163.8359833,326.1307373,0.85475853,0.145241404,0.009634628,0.000314699
2020-12-09,17:05:10,0.994799995,7.999700165,163.0152893,177.4549561,161.1675262,159.9996338,277.5776672,124.1004715,163.8358917,326.1307373,0.85475853,0.145241404,0.009634628,0.000315626
2020-12-09,17:05:11,0.994900036,7.999700165,163.0152893,177.4520874,161.1668396,159.9993134,277.5786133,124.1005554,163.8358307,326.1307373,0.85475853,0.145241404,0.009634628,0.000315626
2020-12-09,17:05:12,0.99460001,7.99960022,163.0152893,177.448349,161.1671143,160.0002594,277.5761719,124.101326,163.8348846,326.1307373,0.85475853,0.145241404,0.009634628,0.000315626
2020-12-09,17:05:13,0.994999981,7.99960022,163.0152893,177.4450073,161.1671753,160.0000916,277.5765076,124.1016235,163.834549,326.1307373,0.85475853,0.145241404,0.009634628,0.000315626
2020-12-09,17:05:14,0.994900036,7.999500275,163.0152893,177.4409943,161.1663818,160.0005341,277.5753479,124.1012421,163.8349915,326.1307373,0.85475853,0.145241404,0.009634628,0.000315626
2020-12-09,17:05:15,0.994699955,7.99960022,163.0162964,177.438324,161.1667633,160.0006409,277.5749207,124.1017761,163.8343048,326.1307373,0.85475853,0.145241404,0.009634628,0.000315626
2020-12-09,17:05:16,0.995100021,7.99940033,163.0152893,177.4350739,161.1664886,160.0004272,277.5756531,124.1021576,163.8346558,326.1307373,0.85475853,0.145241404,0.009634628,0.000315626
2020-12-09,17:05:17,0.994699955,7.99940033,163.0163269,177.4307861,161.1663513,160.0005798,277.5751343,124.1023102,163.833725,326.1307373,0.85475853,0.145241404,0.009634628,0.000315626
2020-12-09,17:05:18,0.994900036,7.999299622,163.0163269,177.4288635,161.166687,160.0002136,277.5762024,124.1029358,163.8330383,326.0264587,0.85475853,0.145241404,0.009634628,0.000315626
2020-12-09,17:05:19,0.994799995,7.999299622,163.0163269,177.4254761,161.1672516,160.0012207,277.5734863,124.1030807,163.83284,326.0264587,0.85475853,0.145241404,0.009634628,0.000315626
2020-12-09,17:05:20,0.994900036,7.999199677,163.0163269,177.4204407,161.1661224,160.0009308,277.5742493,124.1035385,163.8323364,326.0264587,0.85475853,0.145241404,0.009634628,0.000315626
2020-12-09,17:05:21,0.994699955,7.999199677,163.0163269,177.4180756,161.1655121,160.0007477,277.5738525,124.1038589,163.8319397,326.0264587,0.85475853,0.145241404,0.009634628,0.000315626
2020-12-09,17:05:22,0.994999981,7.999099731,163.0163269,177.4138794,161.1663208,160.0014191,277.5727844,124.1040039,163.8317261,326.0264587,0.85475853,0.145241404,0.009634628,0.000315582
2020-12-09,17:05:23,0.994799995,7.999099731,163.017334,177.411438,161.1652679,160.0016479,277.5723572,124.1042328,163.8314514,326.0264587,0.85475853,0.145241404,0.009634628,0.000315582
2020-12-09,17:05:24,0.994699955,7.998999786,163.017334,177.4068604,161.1657715,160.0017242,277.5720825,124.1044617,163.8312073,326.0264587,0.85475853,0.145241404,0.009634628,0.000315582
2020-12-09,17:05:25,0.994999981,7.998999786,163.017334,177.404953,161.1661682,160.0015869,277.5723877,124.1046982,163.8309326,326.0264587,0.85475853,0.145241404,0.009634628,0.000315582
2020-12-09,17:05:26,0.99460001,7.998899841,163.017334,177.4020386,161.1660309,160.0019379,277.5715027,124.1051483,163.8303528,326.0264587,0.85475853,0.145241404,0.009634628,0.000315582
2020-12-09,17:05:27,0.994699955,7.998899841,163.017334,177.3981476,161.164917,160.0024719,277.5699463,124.1050034,163.8305969,326.0264587,0.85475853,0.145241404,0.009634628,0.000315582
2020-12-09,17:05:28,0.99449997,7.998799896,163.017334,177.3948975,161.1643372,160.0023041,277.5704956,124.1060104,163.8294373,323.9490051,0.85475853,0.145241404,0.009634628,0.000315582
2020-12-09,17:05:29,0.994699955,7.998799896,163.0184326,177.3911285,161.1658783,160.0029755,277.5685425,124.1056061,163.8298645,323.9490051,0.85475853,0.145241404,0.009634628,0.000315582
2020-12-09,17:05:30,0.99449997,7.998699951,163.0184326,177.388092,161.1651001,160.0022583,277.5705261,124.106308,163.8290405,323.9490051,0.85475853,0.145241404,0.009634628,0.000315582
2020-12-09,17:05:31,0.994699955,7.998600006,163.0194397,177.38591,161.1648407,160.0027618,277.5692139,124.1065216,163.8287811,323.9490051,0.85475853,0.145241404,0.009634628,0.000315582
2020-12-09,17:05:32,0.994799995,7.998699951,163.0194397,177.3825226,161.164444,160.002594,277.5696411,124.1060104,163.829361,323.9490051,0.85475853,0.145241404,0.009634628,0.000315582
2020-12-09,17:05:33,0.99460001,7.998500061,163.0194397,177.3785858,161.1664124,160.0031433,277.5680542,124.1067657,163.828476,323.7077332,0.85475853,0.145241404,0.009634628,0.000315582
2020-12-09,17:05:34,0.99449997,7.998500061,163.0194397,177.3748932,161.1643372,160.003418,277.5673828,124.1066818,163.828537,323.7077332,0.854738693,0.145261297,0.009634628,0.000315582
2020-12-09,17:05:35,0.99460001,7.998500061,163.0194397,177.3716125,161.1633301,160.0029755,277.568573,124.1072922,163.8278656,323.7077332,0.854738693,0.145261297,0.009634628,0.000315582
2020-12-09,17:05:36,0.994400024,7.998400116,163.0194397,177.3685608,161.1646729,160.0038757,277.5661926,124.1073914,163.8278046,323.7077332,0.854738693,0.145261297,0.009634628,0.000315582
2020-12-09,17:05:37,0.994699955,7.998400116,163.0194397,177.3660583,161.1639252,160.0042572,277.5651245,124.1075287,163.8276367,323.7077332,0.854738693,0.145261297,0.009634628,0.000315582
2020-12-09,17:05:38,0.994400024,7.998300171,163.0194397,177.3624725,161.164566,160.0038147,277.5663452,124.1080704,163.8269653,323.7077332,0.854738693,0.145261297,0.009634628,0.000315582
2020-12-09,17:05:39,0.99449997,7.998300171,163.0194397,177.3585663,161.1637268,160.0039673,277.5657959,124.1086044,163.826355,323.7077332,0.854738693,0.145261297,0.009634628,0.000315582
2020-12-09,17:05:40,0.99460001,7.998200226,163.0204468,177.3558655,161.1638641,160.0044708,277.5644531,124.1087646,163.8260956,323.7077332,0.854738693,0.145261297,0.009634628,0.000315582
2020-12-09,17:05:41,0.994400024,7.998100281,163.0204468,177.3531494,161.1630096,160.0046387,277.5640259,124.1089935,163.8258667,323.7077332,0.854738693,0.145261297,0.009634628,0.000315582
2020-12-09,17:05:42,0.99460001,7.998100281,163.0204468,177.348999,161.1638031,160.0042572,277.5651245,124.10923,163.8255768,323.7077332,0.854738693,0.145261297,0.009634628,0.000315582
2020-12-09,17:05:43,0.994400024,7.998100281,163.0204468,177.3463593,161.163147,160.0044708,277.5644226,124.1099014,163.8247986,324.2801208,0.854738693,0.145261297,0.009634628,0.000315582
2020-12-09,17:05:44,0.994699955,7.998000336,163.0204468,177.3436584,161.1625366,160.0049286,277.563324,124.1102905,163.8244171,324.2801208,0.85475853,0.145241404,0.009634628,0.000315582
2020-12-09,17:05:45,0.99449997,7.997899628,163.0204468,177.3405151,161.1628265,160.0052032,277.5624695,124.1099854,163.8247223,324.2801208,0.85475853,0.145241404,0.009634628,0.000315582
2020-12-09,17:05:46,0.994699955,7.998000336,163.0204468,177.3364716,161.1611481,160.0050964,277.5627441,124.1109161,163.8236389,324.2801208,0.85475853,0.145241404,0.009634628,0.000315582
2020-12-09,17:05:47,0.99449997,7.997799683,163.0214844,177.3343964,161.1608276,160.0050507,277.5629272,124.111351,163.8230896,324.2801208,0.85475853,0.145241404,0.009634628,0.000315582
2020-12-09,17:05:48,0.99460001,7.997899628,163.0214844,177.3314056,161.1618652,160.0053253,277.5622253,124.1112747,163.8232422,324.2801208,0.85475853,0.145241404,0.009634628,0.000315582
2020-12-09,17:05:49,0.99449997,7.997699738,163.0214844,177.328598,161.159317,160.0051422,277.5626831,124.1115036,163.8228912,324.2801208,0.85475853,0.145241404,0.009634628,0.000315582
2020-12-09,17:05:50,0.99460001,7.997699738,163.0214844,177.3252258,161.1596069,160.005661,277.5613098,124.1117401,163.8225861,324.2801208,0.85475853,0.145241404,0.009634628,0.000315582
2020-12-09,17:05:51,0.994400024,7.997599792,163.0214844,177.3232574,161.1599884,160.0058594,277.5605774,124.1121216,163.8221893,324.2801208,0.85475853,0.145241404,0.009634628,0.000315582
2020-12-09,17:05:52,0.994200039,7.997599792,163.0225677,177.3193359,161.1602325,160.0055237,277.561554,124.1128922,163.8213196,324.2801208,0.85475853,0.145241404,0.009634628,0.000315582
2020-12-09,17:05:53,0.99449997,7.997499847,163.0225677,177.3167114,161.1594238,160.0062408,277.5596619,124.1120453,163.8223267,324.2801208,0.85475853,0.145241404,0.009634628,0.000315582
2020-12-09,17:05:54,0.994200039,7.997599792,163.0225677,177.3131104,161.157486,160.006485,277.559082,124.1129684,163.8211823,324.2801208,0.85475853,0.145241404,0.009634628,0.000315582
2020-12-09,17:05:55,0.99449997,7.997399902,163.0225677,177.3105469,161.1578674,160.0059814,277.5603638,124.1135025,163.8205414,324.2801208,0.85475853,0.145241404,0.009634628,0.000315582
2020-12-09,17:05:56,0.99460001,7.997399902,163.0236816,177.3074493,161.157547,160.0061493,277.5598755,124.113121,163.8210754,324.2801208,0.85475853,0.145241404,0.009634628,0.000315582
2020-12-09,17:05:57,0.994299984,7.997299957,163.0236816,177.3047485,161.1580658,160.0068054,277.5581665,124.113884,163.8200836,324.2801208,0.85475853,0.145241404,0.009634628,0.000315582
2020-12-09,17:05:58,0.994400024,7.997299957,163.0236816,177.301712,161.1569672,160.0067444,277.5583191,124.1141205,163.8198853,324.4381104,0.85475853,0.145241404,0.009634628,0.000315582
2020-12-09,17:05:59,0.994200039,7.997200012,163.0236816,177.2972412,161.1561432,160.0068054,277.558136,124.1148987,163.8188934,324.4381104,0.85475853,0.145241404,0.009634628,0.000315582
2020-12-09,17:06:00,0.994400024,7.997200012,163.0236816,177.2952423,161.1564636,160.006546,277.5587463,124.1150284,163.8190308,324.4381104,0.85475853,0.145241404,0.009634628,0.000315582
2020-12-09,17:06:01,0.994200039,7.997100067,163.0236816,177.2927094,161.1568298,160.0072784,277.5567932,124.1153488,163.8184662,324.4381104,0.85475853,0.145241404,0.009634628,0.000315582
2020-12-09,17:06:02,0.994099999,7.997399902,163.0236816,177.2907104,161.154892,160.00737,277.5565186,124.1153488,163.8184204,324.4381104,0.85475853,0.145241404,0.009634628,0.000315582
2020-12-09,17:06:03,0.994299984,7.997899628,163.0246887,177.2868347,161.1557312,160.0072021,277.5569458,124.1156464,163.8180695,324.4381104,0.85475853,0.145241404,0.009634628,0.000315582
2020-12-09,17:06:04,0.994400024,7.998400116,163.0246887,177.2838135,161.1540985,160.0075989,277.5559387,124.1159744,163.8177032,324.4381104,0.85475853,0.145241404,0.009634628,0.000315582
2020-12-09,17:06:05,0.994200039,7.998799896,163.0246887,177.2811432,161.1539764,160.00737,277.5565186,124.1161041,163.8175201,324.4381104,0.85475853,0.145241404,0.009634628,0.000315582
2020-12-09,17:06:06,0.994400024,7.999199677,163.0246887,177.2783356,161.1534576,160.0075989,277.5560303,124.1164246,163.8171387,324.4381104,0.85475853,0.145241404,0.009634628,0.000315582
2020-12-09,17:06:07,0.994200039,7.998799896,163.0246887,177.2749634,161.1536255,160.0078125,277.5553284,124.1169739,163.8164825,324.4381104,0.85475853,0.145241404,0.009634628,0.000315582
2020-12-09,17:06:08,0.99449997,7.998500061,163.0257111,177.2724762,161.1521912,160.0081482,277.5543518,124.1171875,163.8162384,324.5904846,0.85475853,0.145241404,0.009634628,0.000315582
2020-12-09,17:06:09,0.994200039,7.998600006,163.0257111,177.2692261,161.1516418,160.0085754,277.5532532,124.1178055,163.815567,324.5904846,0.85475853,0.145241404,0.009634628,0.000315582
2020-12-09,17:06:10,0.99449997,7.998699951,163.0257111,177.2658386,161.1526031,160.0083618,277.5537109,124.118042,163.8152313,324.5904846,0.85475853,0.145241404,0.009634628,0.000315582
2020-12-09,17:06:11,0.994400024,7.998799896,163.0257111,177.2627106,161.1518097,160.0080414,277.554718,124.1182632,163.815033,324.5904846,0.85475853,0.145241404,0.009634628,0.000315582
2020-12-09,17:06:12,0.994299984,7.998899841,163.0257111,177.2612457,161.1520386,160.0078125,277.5552979,124.1186523,163.8145905,324.5904846,0.85475853,0.145241404,0.009634628,0.000315582
2020-12-09,17:06:13,0.99449997,7.998999786,163.0257111,177.2576294,161.1503296,160.0085144,277.5533752,124.1188889,163.8142242,324.6907959,0.85475853,0.145241404,0.009634628,0.000315582
2020-12-09,17:06:14,0.994400024,7.999199677,163.0257111,177.2553101,161.149704,160.0088806,277.5524597,124.1191254,163.8140106,324.6907959,0.85475853,0.145241404,0.009634628,0.000315582
2020-12-09,17:06:15,0.994200039,7.999299622,163.0257111,177.2521057,161.1510468,160.0090485,277.552063,124.1186523,163.8145294,324.6907959,0.85475853,0.145241404,0.009634628,0.000315611
2020-12-09,17:06:16,0.994099999,7.99940033,163.0257111,177.2490845,161.1504364,160.0086365,277.5531311,124.1197281,163.8132935,324.6907959,0.85475853,0.145241404,0.009634628,0.000315611
2020-12-09,17:06:17,0.994400024,7.999500275,163.0267181,177.246582,161.149292,160.0085144,277.5534363,124.1202621,163.8127136,324.6907959,0.85475853,0.145241404,0.009634628,0.000315611
2020-12-09,17:06:18,0.994200039,7.999700165,163.0267181,177.2441559,161.1495361,160.0091553,277.5516663,124.119873,163.8131714,324.6907959,0.85475853,0.145241404,0.009634628,0.000314642
2020-12-09,17:06:19,0.99449997,7.99980011,163.027771,177.241684,161.1491699,160.0090485,277.5520935,124.1204147,163.8124847,324.6907959,0.85475853,0.145241404,0.009634628,0.000314642
2020-12-09,17:06:20,0.994400024,7.999900055,163.027771,177.2394257,161.1483002,160.0096436,277.550354,124.120575,163.8123169,324.6907959,0.85475853,0.145241404,0.009634628,0.000314642
2020-12-09,17:06:21,0.994299984,8.0,163.027771,177.2355499,161.1489563,160.0097656,277.5500488,124.1204987,163.8125458,324.6907959,0.85475853,0.145241404,0.009634628,0.000314642
2020-12-09,17:06:22,0.994400024,8.0,163.027771,177.2332764,161.1473694,160.0100861,277.5491943,124.1210327,163.8117218,324.6907959,0.854689179,0.145310803,0.009634628,0.000314642
2020-12-09,17:06:23,0.994200039,8.000099945,163.027771,177.2310333,161.1480103,160.0102997,277.5485229,124.1216431,163.8110657,324.6907959,0.854689179,0.145310803,0.009634628,0.000314642
2020-12-09,17:06:24,0.994400024,8.00019989,163.027771,177.2282562,161.1468353,160.0097046,277.5502014,124.1221008,163.8105164,324.6907959,0.854689179,0.145310803,0.009634628,0.000314642
2020-12-09,17:06:25,0.994200039,8.000299835,163.027771,177.2246399,161.1474457,160.0098114,277.5498047,124.1216431,163.8110809,324.6907959,0.854689179,0.145310803,0.009634628,0.000314642
2020-12-09,17:06:26,0.99449997,8.000299835,163.027771,177.2231598,161.1457825,160.0101318,277.5488586,124.1224899,163.8100281,324.6907959,0.854659424,0.145340595,0.009634628,0.000314642
2020-12-09,17:06:27,0.994200039,8.000299835,163.027771,177.2201843,161.1466675,160.0107574,277.5473022,124.1217117,163.8109436,324.6907959,0.854659424,0.145340595,0.009634628,0.000314642
2020-12-09,17:06:28,0.99449997,8.000299835,163.027771,177.2172241,161.145462,160.0101318,277.5488281,124.122551,163.8099518,324.839447,0.854659424,0.145340595,0.009634628,0.000314642
2020-12-09,17:06:29,0.994299984,8.000299835,163.0288239,177.2149811,161.1447296,160.0107574,277.5473022,124.1221848,163.8104248,324.839447,0.854659424,0.145340595,0.009634628,0.000314642
2020-12-09,17:06:30,0.99449997,8.000299835,163.0298309,177.210434,161.1449585,160.0108185,277.5470886,124.1233902,163.8089752,324.839447,0.854659424,0.145340595,0.009634628,0.000314642
2020-12-09,17:06:31,0.994200039,8.000299835,163.0298309,177.2092896,161.1456604,160.0109863,277.5466614,124.1234818,163.8091125,324.839447,0.854659424,0.145340595,0.009634628,0.000314642
2020-12-09,17:06:32,0.99449997,8.000299835,163.0298309,177.2062531,161.1453247,160.0107574,277.5473328,124.123024,163.8094177,324.839447,0.854659424,0.145340595,0.009634628,0.000314642
2020-12-09,17:06:33,0.994400024,8.000299835,163.0298309,177.204422,161.1449585,160.0110931,277.5463257,124.1235657,163.8087769,324.839447,0.854659424,0.145340595,0.009634628,0.000314642
2020-12-09,17:06:34,0.99449997,8.000299835,163.0298309,177.2014008,161.1453857,160.0112,277.5460815,124.1239395,163.8083801,324.839447,0.854659424,0.145340595,0.009634628,0.000314642
2020-12-09,17:06:35,0.99460001,8.000299835,163.0298309,177.1985626,161.1436462,160.0114746,277.5452576,124.124321,163.8079529,324.839447,0.854659424,0.145340595,0.009634628,0.000314642
2020-12-09,17:06:36,0.994200039,8.00019989,163.030838,177.1961212,161.1430817,160.0115356,277.5454102,124.1241684,163.8078003,324.839447,0.854659424,0.145340595,0.009634628,0.000314642
2020-12-09,17:06:37,0.994400024,8.000299835,163.030838,177.193985,161.1435242,160.0114746,277.5448303,124.1250076,163.8070526,324.839447,0.854659424,0.145340595,0.009634628,0.000314642
2020-12-09,17:06:38,0.994200039,8.00019989,163.030838,177.1909332,161.1437683,160.0116425,277.5456848,124.1250839,163.8071594,324.956604,0.854659424,0.145340595,0.009634628,0.000314642
2020-12-09,17:06:39,0.994400024,8.000299835,163.030838,177.1878204,161.1422119,160.011261,277.5446472,124.1253281,163.8067627,324.956604,0.854659424,0.145340595,0.009634628,0.000314642
2020-12-09,17:06:40,0.994099999,8.00019989,163.0318756,177.1857605,161.1429596,160.011795,277.5443115,124.1250076,163.8070526,324.956604,0.854659424,0.145340595,0.009634628,0.000314642
2020-12-09,17:06:41,0.994299984,8.00019989,163.0307922,177.1837158,161.1421661,160.0116425,277.5447083,124.1256256,163.806366,324.956604,0.854659424,0.145340595,0.009634628,0.000314642
2020-12-09,17:06:42,0.994200039,8.00019989,163.0318298,177.1804047,161.1426239,160.0118561,277.5442505,124.1259537,163.8059998,324.956604,0.854659424,0.145340595,0.009634628,0.000314642
2020-12-09,17:06:43,0.994099999,8.000099945,163.0318298,177.17836,161.141098,160.012146,277.5434265,124.1256256,163.8063812,325.0650635,0.854659424,0.145340595,0.009634628,0.000314642
2020-12-09,17:06:44,0.99449997,8.00019989,163.0318298,177.1761627,161.1423492,160.0121002,277.5436096,124.1260834,163.8058319,325.0650635,0.854655533,0.145344601,0.009634628,0.000315683
2020-12-09,17:06:45,0.994299984,8.000099945,163.0318298,177.1730347,161.1428833,160.0122986,277.5430603,124.1262436,163.8056335,325.0650635,0.854655533,0.145344601,0.009634628,0.000315683
2020-12-09,17:06:46,0.994200039,8.000099945,163.0318298,177.1708221,161.1409912,160.0121002,277.5435486,124.1273956,163.8043518,325.0650635,0.854655533,0.145344601,0.009634628,0.000315683
2020-12-09,17:06:47,0.994400024,8.000099945,163.0328522,177.1683044,161.1413727,160.0119019,277.5441284,124.1270065,163.8047638,325.0650635,0.854655533,0.145344601,0.009634628,0.000315683
2020-12-09,17:06:48,0.994299984,8.0,163.0328522,177.1656342,161.1405029,160.0117493,277.5444946,124.1270981,163.8046112,325.0650635,0.854763489,0.145236502,0.009634628,0.000315683
2020-12-09,17:06:49,0.994099999,8.0,163.0328522,177.1631317,161.1399078,160.0126343,277.5421448,124.1279907,163.8036346,325.0650635,0.854763489,0.145236502,0.009634628,0.000315683
2020-12-09,17:06:50,0.99449997,8.0,163.0328522,177.1613617,161.1393585,160.0134735,277.5398254,124.1270981,163.8046112,325.0650635,0.854763489,0.145236502,0.009634628,0.000315683
2020-12-09,17:06:51,0.994200039,8.0,163.0338593,177.1577911,161.1398468,160.0127563,277.541748,124.127861,163.803772,325.0650635,0.854763489,0.145236502,0.009634628,0.000315683
2020-12-09,17:06:52,0.994400024,7.999900055,163.0338593,177.1559448,161.1384583,160.0126953,277.5415955,124.1284714,163.8030548,325.0650635,0.854763489,0.145236502,0.009634628,0.000315683
2020-12-09,17:06:53,0.994299984,7.999900055,163.0338593,177.1537933,161.1385803,160.0129395,277.5412903,124.127861,163.803772,325.2013245,0.854763489,0.145236502,0.009634628,0.000315683
2020-12-09,17:06:54,0.994400024,7.999900055,163.0338593,177.150589,161.1394348,160.013031,277.5410156,124.128624,163.8028717,325.2013245,0.854763489,0.145236502,0.009634628,0.000315683
2020-12-09,17:06:55,0.994200039,7.999900055,163.0338593,177.1479492,161.1385803,160.0129395,277.5413208,124.1290741,163.8022919,325.2013245,0.854763489,0.145236502,0.009634628,0.000315683
2020-12-09,17:06:56,0.994099999,7.99980011,163.0338593,177.1468506,161.138443,160.013031,277.5407715,124.1289368,163.8025208,325.2013245,0.854599762,0.1454002,0.009634628,0.000315683
2020-12-09,17:06:57,0.994200039,7.99980011,163.0338593,177.1434631,161.1376801,160.0134735,277.5398865,124.1296234,163.801651,325.2013245,0.854599762,0.1454002,0.009634628,0.000315683
2020-12-09,17:06:58,0.994299984,7.999700165,163.0338593,177.1399078,161.1375885,160.0129395,277.5413513,124.1295395,163.8017273,325.2013245,0.854599762,0.1454002,0.009634628,0.000315683
2020-12-09,17:06:59,0.994200039,7.99980011,163.0338593,177.1387482,161.137207,160.013092,277.540741,124.1290741,163.8022766,325.2013245,0.854599762,0.1454002,0.009634628,0.000315683
2020-12-09,17:07:00,0.994099999,7.999700165,163.0338593,177.1365814,161.1375732,160.0132599,277.5404053,124.1300125,163.8011627,325.2013245,0.854599762,0.1454002,0.009634628,0.000315683
2020-12-09,17:07:01,0.994400024,7.999700165,163.0359497,177.1345215,161.1374207,160.0131531,277.5408936,124.1300735,163.801239,325.2013245,0.854599762,0.1454002,0.009634628,0.000315683
2020-12-09,17:07:02,0.994200039,7.99960022,163.0349274,177.1326447,161.1377258,160.0135193,277.5396423,124.1300125,163.8011017,325.2013245,0.854599762,0.1454002,0.009634628,0.000315683
2020-12-09,17:07:03,0.994400024,7.99960022,163.0349274,177.1293793,161.1371613,160.0137482,277.5391235,124.1306915,163.8003998,325.2013245,0.854599762,0.1454002,0.009634628,0.000315683
2020-12-09,17:07:04,0.994200039,7.99960022,163.0349274,177.1266632,161.1361237,160.0138702,277.5386047,124.1309967,163.8000946,325.2013245,0.854599762,0.1454002,0.009634628,0.000315683
2020-12-09,17:07:05,0.994099999,7.999500275,163.0349274,177.1248016,161.1365051,160.013916,277.5385132,124.1306915,163.8004456,325.2013245,0.854599762,0.1454002,0.009634628,0.000315683
2020-12-09,17:07:06,0.994200039,7.999500275,163.0349274,177.1219635,161.1354065,160.0134735,277.539917,124.1309128,163.8001556,325.2013245,0.854599762,0.1454002,0.009634628,0.000315683
2020-12-09,17:07:07,0.994099999,7.99940033,163.0359955,177.1196747,161.1360931,160.0137482,277.539032,124.1313782,163.7996063,325.2013245,0.854599762,0.1454002,0.009634628,0.000315683
2020-12-09,17:07:08,0.994299984,7.999500275,163.0359955,177.1179962,161.1355133,160.0141754,277.5379333,124.1315231,163.7994537,325.2013245,0.854599762,0.1454002,0.009634628,0.000315683
2020-12-09,17:07:09,0.994099999,7.99940033,163.0370026,177.1148682,161.1345062,160.0137482,277.5389709,124.1316147,163.7992859,325.2013245,0.854599762,0.1454002,0.009634628,0.000315683
2020-12-09,17:07:10,0.994200039,7.999299622,163.0380096,177.1143036,161.135025,160.013916,277.5385437,124.1319199,163.798996,325.2013245,0.854599762,0.1454002,0.009634628,0.000315683
2020-12-09,17:07:11,0.994099999,7.999299622,163.0380096,177.1104736,161.1356201,160.0140686,277.5381165,124.1322861,163.798584,325.2013245,0.854599762,0.1454002,0.009634628,0.000315683
2020-12-09,17:07:12,0.994200039,7.999299622,163.0369415,177.1087341,161.1351624,160.0142975,277.5389404,124.1322861,163.7985382,325.2013245,0.854599762,0.1454002,0.009634628,0.000315683
2020-12-09,17:07:13,0.994099999,7.999199677,163.0379791,177.1056213,161.1354065,160.0146942,277.536438,124.1323776,163.7986298,325.3303528,0.854599762,0.1454002,0.009634628,0.000315683
2020-12-09,17:07:14,0.994299984,7.999199677,163.0379791,177.1034393,161.1345215,160.0138702,277.5386047,124.1328278,163.7978821,325.3303528,0.854599762,0.1454002,0.009634628,0.000315683
2020-12-09,17:07:15,0.994099999,7.999099731,163.0379791,177.1008148,161.1336212,160.0144653,277.5370483,124.132515,163.7982941,325.3303528,0.854599762,0.1454002,0.009634628,0.000315683
2020-12-09,17:07:16,0.994200039,7.999199677,163.0379791,177.0991821,161.1340942,160.0140686,277.538147,124.1330643,163.7975616,325.3303528,0.854599762,0.1454002,0.009634628,0.000315683
2020-12-09,17:07:17,0.993999958,7.999099731,163.0379791,177.0969086,161.1345978,160.0138092,277.5389099,124.1335907,163.7970886,325.3303528,0.854599762,0.1454002,0.009634628,0.000315683
2020-12-09,17:07:18,0.994299984,7.999199677,163.0389862,177.0946198,161.1337585,160.0144653,277.5371094,124.1345215,163.7959747,325.3303528,0.854658432,0.145341597,0.009634628,0.000315683
2020-12-09,17:07:19,0.994099999,7.999299622,163.0389862,177.0936127,161.13414,160.0145874,277.5367432,124.1335907,163.7969513,325.3303528,0.854658432,0.145341597,0.009634628,0.000315683
2020-12-09,17:07:20,0.994200039,7.999299622,163.0389862,177.090271,161.1334229,160.0140686,277.538147,124.1342163,163.7962494,325.3303528,0.854658432,0.145341597,0.009634628,0.00031678
2020-12-09,17:07:21,0.993999958,7.999299622,163.0389862,177.0873871,161.1337585,160.0149078,277.5359802,124.134613,163.7958069,325.3303528,0.854658432,0.145341597,0.009634628,0.00031678
2020-12-09,17:07:22,0.994299984,7.99940033,163.0389862,177.085968,161.1342773,160.0147858,277.5361633,124.1343765,163.7961426,325.3303528,0.854658432,0.145341597,0.009634628,0.00031678
2020-12-09,17:07:23,0.994400024,7.999299622,163.0389862,177.0844421,161.1329651,160.0145264,277.5368042,124.13414,163.7963409,325.4559937,0.854658432,0.145341597,0.009634628,0.00031678
2020-12-09,17:07:24,0.994099999,7.99940033,163.0389862,177.0811768,161.1332092,160.0147858,277.5362244,124.1346741,163.7957153,325.4559937,0.854658432,0.145341597,0.009634628,0.00031678
2020-12-09,17:07:25,0.994200039,7.99940033,163.0400238,177.0787659,161.1320648,160.0146332,277.5367126,124.1349792,163.7954407,325.4559937,0.854658432,0.145341597,0.009634628,0.00031678
2020-12-09,17:07:26,0.994099999,7.99940033,163.0400238,177.0773926,161.1330719,160.0144653,277.5362244,124.1356049,163.794693,325.4559937,0.854658432,0.145341597,0.009634628,0.00031678
2020-12-09,17:07:27,0.994200039,7.999500275,163.0400238,177.0740967,161.1322479,160.0145264,277.5370483,124.1353607,163.7949219,325.4559937,0.854658432,0.145341597,0.009634628,0.00031678
2020-12-09,17:07:28,0.994099999,7.99940033,163.0400238,177.0730133,161.1316376,160.0147552,277.5362854,124.1356888,163.7945251,325.4559937,0.854658432,0.145341597,0.009634628,0.00031678
2020-12-09,17:07:29,0.994299984,7.999500275,163.0400238,177.0702057,161.1311493,160.0144653,277.5370789,124.1356049,163.7947235,325.4559937,0.854658432,0.145341597,0.009634628,0.00031678
2020-12-09,17:07:30,0.994099999,7.99940033,163.0400238,177.0678101,161.132019,160.0143585,277.537384,124.1358337,163.7943878,325.4559937,0.854658432,0.145341597,0.009634628,0.00031678
2020-12-09,17:07:31,0.994299984,7.99940033,163.0400238,177.0655975,161.1311493,160.0146332,277.5365295,124.1362228,163.7939453,325.4559937,0.854658432,0.145341597,0.009634628,0.00031678
2020-12-09,17:07:32,0.994400024,7.999500275,163.0400238,177.0643158,161.131546,160.0149078,277.5359497,124.1361465,163.7940063,325.4559937,0.854658432,0.145341597,0.009634628,0.00031678
2020-12-09,17:07:33,0.994099999,7.99940033,163.0400238,177.0614929,161.1311951,160.0145264,277.5368347,124.1364365,163.7936859,325.5661011,0.854658432,0.145341597,0.009634628,0.00031678
2020-12-09,17:07:34,0.994200039,7.999500275,163.04216,177.060791,161.130127,160.0151215,277.5351868,124.1365967,163.7935333,325.5661011,0.854658432,0.145341597,0.009634628,0.000314642
2020-12-09,17:07:35,0.993900013,7.99940033,163.04216,177.0581818,161.1300659,160.0146942,277.5364685,124.1369781,163.793045,325.5661011,0.854658432,0.145341597,0.009634628,0.000314642
2020-12-09,17:07:36,0.994299984,7.999500275,163.04216,177.0550079,161.1299744,160.0151215,277.5352478,124.1373672,163.7925568,325.5661011,0.854658432,0.145341597,0.009634628,0.000314642
2020-12-09,17:07:37,0.993999958,7.99940033,163.0431671,177.0535736,161.1309967,160.0153503,277.5346069,124.1371307,163.7929535,325.5661011,0.854658432,0.145341597,0.009634628,0.000314642
2020-12-09,17:07:38,0.994200039,7.99940033,163.0431671,177.0515137,161.1305389,160.0151215,277.5352478,124.1376724,163.7922058,325.5661011,0.854658432,0.145341597,0.009634628,0.000314642
2020-12-09,17:07:39,0.993999958,7.999299622,163.0431671,177.0491028,161.1300201,160.0151825,277.5351257,124.1374512,163.792511,325.5661011,0.854658432,0.145341597,0.009634628,0.000314642
2020-12-09,17:07:40,0.994299984,7.999299622,163.04216,177.0469971,161.1309052,160.0149078,277.5357971,124.1377487,163.7921143,325.5661011,0.854658432,0.145341597,0.009634628,0.000314642
2020-12-09,17:07:41,0.993999958,7.999199677,163.04216,177.0456543,161.1296234,160.0145874,277.5366516,124.1375198,163.7924805,325.5661011,0.854658432,0.145341597,0.009634628,0.000314642
2020-12-09,17:07:42,0.994299984,7.999299622,163.04216,177.0430298,161.1307373,160.0149078,277.5358276,124.1378326,163.7920837,325.5661011,0.854658432,0.145341597,0.009634628,0.000314642
2020-12-09,17:07:43,0.993999958,7.999099731,163.0431976,177.0409088,161.1310272,160.0152893,277.5348206,124.1386795,163.7910919,325.5661011,0.854658432,0.145341597,0.009634628,0.000314642
2020-12-09,17:07:44,0.994299984,7.998999786,163.0431976,177.0386353,161.1294098,160.0149078,277.5359192,124.1385193,163.7912445,325.5661011,0.854658432,0.145341597,0.009634628,0.00031564
2020-12-09,17:07:45,0.994200039,7.998899841,163.0442047,177.0368347,161.1290894,160.0151215,277.5352478,124.1382141,163.7915497,325.5661011,0.854658432,0.145341597,0.009634628,0.00031564
2020-12-09,17:07:46,0.994099999,7.998899841,163.0442047,177.0352325,161.1298676,160.0148468,277.5362244,124.1392136,163.7904053,325.5661011,0.854658432,0.145341597,0.009634628,0.00031564
2020-12-09,17:07:47,0.994200039,7.998799896,163.0442047,177.032959,161.1292114,160.0152435,277.5349731,124.1383743,163.7914429,325.5661011,0.854658432,0.145341597,0.009634628,0.00031564
2020-12-09,17:07:48,0.993999958,7.998699951,163.0442047,177.0320587,161.1291046,160.0147552,277.5362854,124.1389084,163.790802,325.7219543,0.854658432,0.145341597,0.009634628,0.00031564
2020-12-09,17:07:49,0.994200039,7.998600006,163.0442047,177.0290527,161.1285248,160.0150757,277.5353088,124.1392136,163.79039,325.7219543,0.854658432,0.145341597,0.009634628,0.00031564
2020-12-09,17:07:50,0.994099999,7.998500061,163.0442047,177.0263519,161.1279144,160.0149536,277.535675,124.1398239,163.7897034,325.7219543,0.854658432,0.145341597,0.009634628,0.00031564
2020-12-09,17:07:51,0.994200039,7.998500061,163.0442047,177.0248871,161.1287231,160.0155182,277.5341187,124.1393661,163.7902222,325.7219543,0.854658432,0.145341597,0.009634628,0.00031564
2020-12-09,17:07:52,0.993999958,7.998400116,163.0442047,177.0234528,161.1282806,160.0145874,277.5366821,124.139595,163.7900238,325.7219543,0.854658432,0.145341597,0.009634628,0.00031564
2020-12-09,17:07:53,0.994299984,7.998300171,163.0452118,177.0209045,161.1277924,160.0142975,277.5374756,124.1398239,163.7896881,325.7219543,0.854658432,0.145341597,0.009634628,0.00031564
2020-12-09,17:07:54,0.993999958,7.998300171,163.0452118,177.0191193,161.12883,160.0152435,277.5349121,124.1401215,163.7893677,325.7219543,0.854658432,0.145341597,0.009634628,0.00031564
2020-12-09,17:07:55,0.994200039,7.998200226,163.0452118,177.0168152,161.1279449,160.0149078,277.5357666,124.1398239,163.7896729,325.7219543,0.854658432,0.145341597,0.009634628,0.00031564
2020-12-09,17:07:56,0.994099999,7.998100281,163.0452118,177.0145416,161.1278076,160.0151825,277.5350952,124.1400528,163.7894745,325.7219543,0.854658432,0.145341597,0.009634628,0.00031564
2020-12-09,17:07:57,0.993999958,7.998000336,163.0452118,177.0128174,161.1281281,160.0152893,277.534729,124.1408844,163.7884827,325.7219543,0.854658432,0.145341597,0.009634628,0.00031564
2020-12-09,17:07:58,0.994200039,7.997899628,163.0462341,177.010498,161.1275024,160.0150757,277.5354004,124.1403503,163.789093,325.8414001,0.854658432,0.145341597,0.009634628,0.000315698
2020-12-09,17:07:59,0.994099999,7.997899628,163.0462341,177.0082245,161.1278839,160.0152893,277.534729,124.1405869,163.7888794,325.8414001,0.854658432,0.145341597,0.009634628,0.000315698
2020-12-09,17:08:00,0.994200039,7.997799683,163.0462341,177.0066528,161.1284485,160.0149078,277.5357361,124.140274,163.7892914,325.8414001,0.854695129,0.145304899,0.009634628,0.000315698
2020-12-09,17:08:01,0.993999958,7.997699738,163.0462341,177.0048065,161.1270142,160.0152435,277.5349121,124.1415939,163.7876892,325.8414001,0.854695129,0.145304899,0.009634628,0.000315698
2020-12-09,17:08:02,0.993799973,7.997599792,163.0462341,177.0034637,161.1266479,160.0150146,277.535553,124.1418915,163.7872772,325.8414001,0.854695129,0.145304899,0.009634628,0.000315698
2020-12-09,17:08:03,0.994099999,7.997599792,163.0472717,177.0022583,161.1277161,160.0153503,277.5345154,124.1411209,163.7882233,325.8414001,0.854695129,0.145304899,0.009634628,0.000315698
2020-12-09,17:08:04,0.994299984,7.997499847,163.0472717,177.0001221,161.126709,160.0154114,277.534729,124.1413574,163.7878876,325.8414001,0.854695129,0.145304899,0.009634628,0.000315698
2020-12-09,17:08:05,0.993999958,7.997799683,163.0472717,176.9969788,161.1271667,160.0150757,277.5353699,124.1418915,163.7872772,325.8414001,0.854695129,0.145304899,0.009634628,0.000315698
2020-12-09,17:08:06,0.993900013,7.998400116,163.0472717,176.9950714,161.1270599,160.0149536,277.535614,124.1414261,163.7878723,325.8414001,0.854695129,0.145304899,0.009634628,0.000315626
2020-12-09,17:08:07,0.993999958,7.999099731,163.0472717,176.9939575,161.1265106,160.0145264,277.5369873,124.1421967,163.786972,325.8414001,0.854695129,0.145304899,0.009634628,0.000314699
2020-12-09,17:08:08,0.993999958,7.99960022,163.0472717,176.9921875,161.1264191,160.0149078,277.5357666,124.1424332,163.7866821,325.8414001,0.854695129,0.145304899,0.009634628,0.000314699
2020-12-09,17:08:09,0.994099999,7.999900055,163.0483093,176.9898529,161.126297,160.0153503,277.5346069,124.1422577,163.7867889,325.8414001,0.854695129,0.145304899,0.009634628,0.000314699
2020-12-09,17:08:10,0.993900013,8.0,163.0483093,176.9885101,161.1269379,160.0147858,277.5361938,124.1429672,163.7860413,325.8414001,0.854695129,0.145304899,0.009634628,0.000314699
2020-12-09,17:08:11,0.993999958,8.000099945,163.0483093,176.9853821,161.1270599,160.0151825,277.5350647,124.1431198,163.7858887,325.8414001,0.854695129,0.145304899,0.009634628,0.000314699
2020-12-09,17:08:12,0.994200039,7.999900055,163.0483093,176.9855042,161.1255951,160.015625,277.5338135,124.142807,163.7861938,325.8414001,0.854695129,0.145304899,0.009634628,0.000314699
2020-12-09,17:08:13,0.994099999,7.999700165,163.0483093,176.9826813,161.1251373,160.0149536,277.5357056,124.1427307,163.7863159,326.0379944,0.854695129,0.145304899,0.009634628,0.000314699
2020-12-09,17:08:14,0.993999958,7.99960022,163.0493164,176.9813232,161.1269684,160.0152893,277.5348511,124.1431885,163.7857666,326.0379944,0.854661408,0.145338602,0.009634628,0.000314699
2020-12-09,17:08:15,0.994200039,7.999500275,163.0493164,176.9785004,161.1264038,160.0149536,277.5357056,124.1431198,163.7858582,326.0379944,0.854661408,0.145338602,0.009634628,0.000314699
2020-12-09,17:08:16,0.993900013,7.99940033,163.0493164,176.977356,161.1261444,160.0145264,277.5367737,124.1435165,163.7854156,326.0379944,0.854639511,0.145360498,0.009634628,0.000314699
2020-12-09,17:08:17,0.994200039,7.999199677,163.0503387,176.9757538,161.1257629,160.0151825,277.5351257,124.1437302,163.7851715,326.0379944,0.854639511,0.145360498,0.009634628,0.000314699
2020-12-09,17:08:18,0.993999958,7.999099731,163.0493317,176.9733276,161.1254425,160.0149078,277.5357971,124.1435165,163.7854309,326.0379944,0.854639511,0.145360498,0.009634628,0.000314699
2020-12-09,17:08:19,0.994200039,7.99940033,163.0503693,176.971283,161.1251526,160.0152435,277.5349426,124.1432724,163.785614,326.0379944,0.854639511,0.145360498,0.009634628,0.000314699
2020-12-09,17:08:20,0.994099999,7.99960022,163.0503693,176.9688263,161.126297,160.0149536,277.535614,124.1437302,163.7850952,326.0379944,0.854639511,0.145360498,0.009634628,0.000314699
2020-12-09,17:08:21,0.994200039,7.999700165,163.0503693,176.9678345,161.125946,160.0154114,277.5343933,124.1441803,163.7845154,326.0379944,0.854639511,0.145360498,0.009634628,0.000314699
2020-12-09,17:08:22,0.993999958,7.999299622,163.0503693,176.9665985,161.1256409,160.0147858,277.5361633,124.1440277,163.78479,326.0379944,0.854639511,0.145360498,0.009634628,0.000314699
2020-12-09,17:08:23,0.994099999,7.998899841,163.0513916,176.964325,161.1252441,160.0149078,277.5357971,124.1442642,163.7845001,326.0379944,0.854639511,0.145360498,0.009634628,0.000314699
2020-12-09,17:08:24,0.993999958,7.998799896,163.0513916,176.963028,161.1256409,160.0147552,277.5363464,124.1445847,163.7841339,326.0379944,0.854639511,0.145360498,0.009634628,0.000314699
2020-12-09,17:08:25,0.994099999,7.998699951,163.0513916,176.9607086,161.1259613,160.0149078,277.5357971,124.1442642,163.7845001,326.0379944,0.854639511,0.145360498,0.009634628,0.000314699
2020-12-09,17:08:26,0.993999958,7.998899841,163.0513916,176.9594574,161.1248932,160.0152893,277.53479,124.1444931,163.7842255,326.0379944,0.854639511,0.145360498,0.009634628,0.000314699
2020-12-09,17:08:27,0.994099999,7.998899841,163.0513916,176.95755,161.1246185,160.0149078,277.5357666,124.1443481,163.7843933,326.0379944,0.854639511,0.145360498,0.009634628,0.000314699
2020-12-09,17:08:28,0.994099999,7.998999786,163.0524902,176.9556274,161.1249847,160.0148468,277.5360413,124.1444931,163.7841949,326.0379944,0.854639511,0.145360498,0.009634628,0.000314699
2020-12-09,17:08:29,0.994200039,7.999199677,163.0524902,176.9541473,161.1258392,160.0145264,277.5368347,124.1446533,163.7843323,326.0379944,0.854639511,0.145360498,0.009634628,0.000314699
2020-12-09,17:08:30,0.993999958,7.999099731,163.0524902,176.9518127,161.1247101,160.0148468,277.5360718,124.1451035,163.7835388,326.0379944,0.85475853,0.145241404,0.009634628,0.000314699
2020-12-09,17:08:31,0.994200039,7.99940033,163.0524902,176.9502106,161.1255188,160.0142975,277.5374756,124.1452637,163.7833252,326.0379944,0.85475853,0.145241404,0.009634628,0.000314699
2020-12-09,17:08:32,0.994099999,7.999299622,163.0524902,176.9490051,161.1256714,160.0145874,277.5366211,124.1452637,163.7832947,326.0379944,0.85475853,0.145241404,0.009634628,0.000314699
2020-12-09,17:08:33,0.994200039,7.999500275,163.0524902,176.9467773,161.1248779,160.0149078,277.5359497,124.1447144,163.783905,326.0379944,0.85475853,0.145241404,0.009634628,0.000314699
2020-12-09,17:08:34,0.993900013,7.99960022,163.0524902,176.944931,161.1251678,160.0143585,277.5372925,124.14534,163.7832336,326.0379944,0.85475853,0.145241404,0.009634628,0.000314699
2020-12-09,17:08:35,0.993999958,7.999700165,163.0524902,176.9423828,161.1246185,160.0151215,277.5352783,124.1451035,163.7835083,326.0379944,0.85475853,0.145241404,0.009634628,0.000314699
2020-12-09,17:08:36,0.994099999,7.99960022,163.0524902,176.9421082,161.1247559,160.0144196,277.5372314,124.1454926,163.7830353,326.0379944,0.85475853,0.145241404,0.009634628,0.000314699
2020-12-09,17:08:37,0.993999958,7.99980011,163.0534973,176.9398804,161.1242676,160.0151215,277.5352783,124.1452637,163.7832794,326.0379944,0.85475853,0.145241404,0.009634628,0.000314699
2020-12-09,17:08:38,0.994200039,7.99980011,163.0534973,176.9381409,161.1253204,160.0145264,277.5367737,124.1457291,163.7828217,326.0379944,0.85475853,0.145241404,0.009634628,0.000314699
2020-12-09,17:08:39,0.993999958,7.999900055,163.0534973,176.9369049,161.1244507,160.0141754,277.5378113,124.1459579,163.782486,326.0379944,0.85475853,0.145241404,0.009634628,0.000314699
2020-12-09,17:08:40,0.994099999,8.0,163.0534973,176.9345856,161.1250153,160.0146332,277.5365601,124.1457291,163.7828674,326.0379944,0.85475853,0.145241404,0.009634628,0.000314699
2020-12-09,17:08:41,0.993900013,7.999900055,163.0545654,176.9330139,161.1240082,160.0144653,277.5371094,124.145874,163.7825928,326.0379944,0.85475853,0.145241404,0.009634628,0.000314699
2020-12-09,17:08:42,0.994200039,8.0,163.0545654,176.9321442,161.1248322,160.0142212,277.5375977,124.1460342,163.7824249,326.0379944,0.85475853,0.145241404,0.009634628,0.000314699
2020-12-09,17:08:43,0.993999958,8.0,163.0535278,176.9296722,161.1245575,160.0141144,277.5380554,124.145874,163.7825775,326.1557312,0.85475853,0.145241404,0.009634628,0.000314699
2020-12-09,17:08:44,0.994200039,8.000099945,163.0546112,176.928421,161.1240692,160.0141754,277.5378418,124.1464157,163.7819672,326.1557312,0.85475853,0.145241404,0.009634628,0.000314699
2020-12-09,17:08:45,0.993999958,8.000099945,163.0556183,176.9271545,161.1251984,160.0144653,277.5370483,124.1461105,163.7823334,326.1557312,0.85475853,0.145241404,0.009634628,0.000314699
2020-12-09,17:08:46,0.994099999,8.0,163.0556183,176.9254608,161.1242523,160.0140686,277.5381165,124.1457291,163.7827301,326.1557312,0.85475853,0.145241404,0.009634628,0.000314699
2020-12-09,17:08:47,0.993999958,8.000099945,163.0556183,176.9229584,161.1249237,160.0144196,277.5372314,124.146492,163.7818756,326.1557312,0.85475853,0.145241404,0.009634628,0.000315626
2020-12-09,17:08:48,0.994200039,8.0,163.0556183,176.9214325,161.1243744,160.0138092,277.5387573,124.1463318,163.7820435,326.1557312,0.85475853,0.145241404,0.009634628,0.000315626
2020-12-09,17:08:49,0.993999958,8.000099945,163.0556183,176.9202423,161.1247406,160.0140686,277.5381775,124.1467285,163.781662,326.1557312,0.85475853,0.145241404,0.009634628,0.000315626
2020-12-09,17:08:50,0.994200039,8.000099945,163.0556183,176.9181519,161.1235199,160.0138092,277.5388489,124.1464157,163.7819519,326.1557312,0.85475853,0.145241404,0.009634628,0.000315626
2020-12-09,17:08:51,0.993999958,8.000099945,163.0556183,176.916626,161.1248779,160.0134125,277.5400391,124.1462555,163.7821503,326.1557312,0.85475853,0.145241404,0.009634628,0.000315626
2020-12-09,17:08:52,0.994099999,8.000099945,163.0566864,176.9156952,161.1245728,160.0141754,277.5378113,124.1470413,163.7812347,326.1557312,0.85475853,0.145241404,0.009634628,0.000315626
2020-12-09,17:08:53,0.994299984,8.000099945,163.0566864,176.9133911,161.1236877,160.0146332,277.5365601,124.1472549,163.7810669,326.1557312,0.85475853,0.145241404,0.009634628,0.000315626
2020-12-09,17:08:54,0.994099999,8.000099945,163.0577087,176.9125824,161.1239471,160.0140686,277.5380859,124.1468048,163.7815399,326.1557312,0.85475853,0.145241404,0.009634628,0.000316552
2020-12-09,17:08:55,0.993900013,8.000099945,163.0566406,176.9100037,161.1239014,160.0141754,277.5377502,124.1467285,163.7815857,326.1557312,0.85475853,0.145241404,0.009634628,0.000316552
2020-12-09,17:08:56,0.994299984,8.000099945,163.0566406,176.9086304,161.1238098,160.0145264,277.5368347,124.1473389,163.780838,326.1557312,0.85475853,0.145241404,0.009634628,0.000316552
2020-12-09,17:08:57,0.994400024,8.000099945,163.0566406,176.907486,161.1246185,160.0138702,277.5386658,124.1474075,163.7807922,326.1557312,0.85475853,0.145241404,0.009634628,0.000316552
2020-12-09,17:08:58,0.994099999,8.000099945,163.0566406,176.9051971,161.1237335,160.0141754,277.5379333,124.1471024,163.7811584,326.1557312,0.85475853,0.145241404,0.009634628,0.000316552
2020-12-09,17:08:59,0.994299984,8.0,163.0566406,176.9026337,161.1248779,160.0136566,277.5392761,124.1476364,163.7805634,326.1557312,0.85475853,0.145241404,0.009634628,0.000316552
2020-12-09,17:09:00,0.994099999,8.000099945,163.0566406,176.9020691,161.1237183,160.0138092,277.5388184,124.1468658,163.7813873,326.1557312,0.854692078,0.145307903,0.009634628,0.000316552
2020-12-09,17:09:01,0.994299984,8.0,163.0576782,176.9008942,161.1244812,160.0142212,277.5376587,124.1474915,163.7807159,326.1557312,0.854692078,0.145307903,0.009634628,0.000316552
2020-12-09,17:09:02,0.994200039,8.000099945,163.0576782,176.899765,161.1231384,160.0132599,277.5404053,124.1471024,163.7812195,326.1557312,0.854692078,0.145307903,0.009634628,0.000316552
2020-12-09,17:09:03,0.994400024,8.0,163.0576782,176.8977356,161.1236877,160.0137482,277.5391235,124.1474075,163.7808228,326.3528137,0.854692078,0.145307903,0.009634628,0.000316552
2020-12-09,17:09:04,0.994299984,8.0,163.0587006,176.8957672,161.1230774,160.0138092,277.5389099,124.1474915,163.7807465,326.3528137,0.854692078,0.145307903,0.009634628,0.000316552
2020-12-09,17:09:05,0.994099999,8.0,163.0587006,176.8950806,161.1228943,160.0140381,277.538208,124.1471786,163.7810822,326.3528137,0.854692078,0.145307903,0.009634628,0.000316552
2020-12-09,17:09:06,0.994200039,8.0,163.0587006,176.8933563,161.1243591,160.0133057,277.5402832,124.147728,163.7804871,326.3528137,0.854692078,0.145307903,0.009634628,0.000316552
2020-12-09,17:09:07,0.994400024,7.999900055,163.0587006,176.8916779,161.1245422,160.0138092,277.5387268,124.1471786,163.7810974,326.3528137,0.854692078,0.145307903,0.009634628,0.000316552
2020-12-09,17:09:08,0.994200039,8.0,163.0587006,176.890686,161.1231079,160.0134125,277.5399475,124.1471024,163.781189,326.3528137,0.854692078,0.145307903,0.009634628,0.000316552
2020-12-09,17:09:09,0.994400024,7.999900055,163.0587006,176.888443,161.1243591,160.0131531,277.5407104,124.1473389,163.7808533,326.3528137,0.854692078,0.145307903,0.009634628,0.000316552
2020-12-09,17:09:10,0.994200039,7.999900055,163.0597076,176.8869629,161.1233673,160.0134735,277.5398254,124.1470413,163.7812805,326.3528137,0.854692078,0.145307903,0.009634628,0.000316552
2020-12-09,17:09:11,0.994099999,7.99980011,163.0597076,176.885376,161.124649,160.0131989,277.5404968,124.1474915,163.7807465,326.3528137,0.854692078,0.145307903,0.009634628,0.000316552
2020-12-09,17:09:12,0.994299984,7.999900055,163.0597076,176.8858948,161.1245117,160.0137482,277.5391235,124.1479416,163.7801361,326.3528137,0.854692078,0.145307903,0.009634628,0.000316552
2020-12-09,17:09:13,0.994400024,7.99980011,163.0597076,176.8823547,161.1238403,160.0129395,277.5412903,124.1474075,163.7808075,326.3528137,0.854692078,0.145307903,0.009634628,0.000316552
2020-12-09,17:09:14,0.994200039,7.99980011,163.0597076,176.8816223,161.1242218,160.0131531,277.5406189,124.1477966,163.780304,326.3528137,0.854692078,0.145307903,0.009634628,0.000316552
2020-12-09,17:09:15,0.994099999,7.999700165,163.06073,176.8800049,161.1235352,160.013092,277.5409241,124.1481094,163.7799988,326.3528137,0.854692078,0.145307903,0.009634628,0.000316552
2020-12-09,17:09:16,0.994200039,7.999700165,163.06073,176.8775482,161.1240845,160.0133514,277.5401611,124.1475677,163.7806702,326.3528137,0.854692078,0.145307903,0.009634628,0.000316552
2020-12-09,17:09:17,0.994400024,7.999700165,163.06073,176.8765259,161.123764,160.0135193,277.5396118,124.1477966,163.7802124,326.3528137,0.854692078,0.145307903,0.009634628,0.000316552
2020-12-09,17:09:18,0.994200039,7.999700165,163.06073,176.875351,161.1242676,160.0128784,277.5414429,124.1479416,163.7805786,326.3528137,0.854692078,0.145307903,0.009634628,0.000316552
2020-12-09,17:09:19,0.994400024,7.99960022,163.06073,176.8743591,161.1234131,160.0129852,277.5411377,124.147728,163.7801666,326.3528137,0.854692078,0.145307903,0.009634628,0.000316552
2020-12-09,17:09:20,0.994200039,7.99960022,163.06073,176.8716583,161.1241913,160.013031,277.5412598,124.1481857,163.7804871,326.3528137,0.854692078,0.145307903,0.009634628,0.000316552
2020-12-09,17:09:21,0.994400024,7.99960022,163.06073,176.870636,161.1229858,160.0126953,277.5418701,124.1483231,163.7796783,326.3528137,0.854692078,0.145307903,0.009634628,0.000316552
2020-12-09,17:09:22,0.994200039,7.999500275,163.0617676,176.8688965,161.1237488,160.0125885,277.5422668,124.1475677,163.7806702,326.3528137,0.854692078,0.145307903,0.009634628,0.000316552
2020-12-09,17:09:23,0.994400024,7.99960022,163.0617676,176.8676147,161.123291,160.0126953,277.5418396,124.148262,163.7798462,326.3528137,0.854692078,0.145307903,0.009634628,0.000316552
2020-12-09,17:09:24,0.994200039,7.999500275,163.0617676,176.8678894,161.1239014,160.013092,277.5409546,124.1483231,163.7796936,326.3528137,0.854692078,0.145307903,0.009634628,0.000316552
2020-12-09,17:09:25,0.994400024,7.99940033,163.0617676,176.8646088,161.121933,160.012146,277.543457,124.1477966,163.780304,326.3528137,0.854692078,0.145307903,0.009634628,0.000316552
2020-12-09,17:09:26,0.994200039,7.99940033,163.0617676,176.8628998,161.1226959,160.0125427,277.5424194,124.1478729,163.7802277,326.3528137,0.854692078,0.145307903,0.009634628,0.000316552
2020-12-09,17:09:27,0.994299984,7.99940033,163.0628357,176.8627014,161.123764,160.0128174,277.5415955,124.1477966,163.7804108,326.3528137,0.854692078,0.145307903,0.009634628,0.000316552
2020-12-09,17:09:28,0.994099999,7.999299622,163.0628357,176.8600159,161.1235657,160.0123596,277.5429077,124.148262,163.7798157,326.3528137,0.854692078,0.145307903,0.009634628,0.000316552
2020-12-09,17:09:29,0.994299984,7.999299622,163.0628357,176.8595428,161.1229858,160.0121002,277.5435486,124.1478729,163.7802429,326.3528137,0.854692078,0.145307903,0.009634628,0.000316552
2020-12-09,17:09:30,0.994200039,7.999199677,163.0628357,176.8571472,161.1237793,160.0123596,277.5428772,124.1481094,163.7799988,326.3528137,0.854504623,0.145495396,0.009634628,0.000316552
2020-12-09,17:09:31,0.994400024,7.999299622,163.0628357,176.8565521,161.1241608,160.0120392,277.5436401,124.1479416,163.7801666,326.3528137,0.854504623,0.145495396,0.009634628,0.000316552
2020-12-09,17:09:32,0.994200039,7.999700165,163.0628357,176.8541412,161.1239319,160.0125885,277.5422668,124.1484146,163.7796173,326.3528137,0.854504623,0.145495396,0.009634628,0.000316552
2020-12-09,17:09:33,0.994299984,8.000099945,163.0638733,176.853302,161.1242828,160.0120392,277.5436401,124.1476364,163.7805634,326.3528137,0.854504623,0.145495396,0.009634628,0.000316552
2020-12-09,17:09:34,0.994400024,7.99940033,163.0638733,176.8534393,161.1228333,160.0123596,277.5429077,124.1486435,163.7794037,326.3528137,0.854632568,0.145367403,0.009634628,0.000316552
2020-12-09,17:09:35,0.994200039,7.999900055,163.0638733,176.8504486,161.1237335,160.0116425,277.5447083,124.1488037,163.7791901,326.3528137,0.854632568,0.145367403,0.009634628,0.000316552
2020-12-09,17:09:36,0.994299984,8.00019989,163.0638733,176.848587,161.1240845,160.0118561,277.54422,124.1484146,163.7796173,326.3528137,0.854632568,0.145367403,0.009634628,0.000316552
2020-12-09,17:09:37,0.99449997,7.99940033,163.0638733,176.8491516,161.1230316,160.0120392,277.5437622,124.1483231,163.7794342,326.3528137,0.854632568,0.145367403,0.009634628,0.000316552
2020-12-09,17:09:38,0.994299984,7.998899841,163.0649261,176.8465881,161.1240845,160.0115814,277.5449829,124.1481094,163.780014,326.3528137,0.854632568,0.145367403,0.009634628,0.000316552
2020-12-09,17:09:39,0.994400024,7.998500061,163.0659332,176.845459,161.1230927,160.0110931,277.5462952,124.148262,163.7797394,326.3528137,0.854632568,0.145367403,0.009634628,0.000316552
2020-12-09,17:09:40,0.994099999,7.998400116,163.0659332,176.8440704,161.12323,160.0119019,277.5440979,124.1480255,163.7801056,326.3528137,0.854632568,0.145367403,0.009634628,0.000315869
2020-12-09,17:09:41,0.994299984,7.998300171,163.0659332,176.8424225,161.1233673,160.0115814,277.5450134,124.1485596,163.77948,326.3528137,0.854632568,0.145367403,0.009634628,0.000315869
2020-12-09,17:09:42,0.994400024,7.998200226,163.0648804,176.8412628,161.1237183,160.0119629,277.5438843,124.148262,163.7798767,326.3528137,0.854632568,0.145367403,0.009634628,0.000314699
2020-12-09,17:09:43,0.994200039,7.998300171,163.0648804,176.8395691,161.1227264,160.0119019,277.5441284,124.1480255,163.7801056,326.4529419,0.854632568,0.145367403,0.009634628,0.000314699
2020-12-09,17:09:44,0.994400024,7.998799896,163.0659027,176.8379211,161.1235657,160.0111389,277.5461731,124.148262,163.7797546,326.4529419,0.854632568,0.145367403,0.009634628,0.000314699
2020-12-09,17:09:45,0.994200039,7.99940033,163.0659027,176.8352509,161.122757,160.0108643,277.546814,124.1486435,163.7794189,326.4529419,0.854632568,0.145367403,0.009634628,0.000314699
2020-12-09,17:09:46,0.994299984,7.999900055,163.0659027,176.8355713,161.1234131,160.0116425,277.5447388,124.1484146,163.7796173,326.4529419,0.854632568,0.145367403,0.009634628,0.000314699
2020-12-09,17:09:47,0.993999958,8.000299835,163.0659027,176.8338165,161.1240692,160.0111389,277.5461426,124.1483231,163.7796783,326.4529419,0.854632568,0.145367403,0.009634628,0.000314699
2020-12-09,17:09:48,0.994200039,8.000099945,163.0659027,176.8331757,161.1233826,160.0115356,277.5451965,124.1484833,163.779541,326.4529419,0.854632568,0.145367403,0.009634628,0.000314699
2020-12-09,17:09:49,0.994099999,7.999700165,163.0659027,176.8315125,161.1245117,160.0109863,277.5466003,124.1488037,163.7792664,326.4529419,0.854632568,0.145367403,0.009634628,0.000314699
2020-12-09,17:09:50,0.994299984,7.999900055,163.0659027,176.8308105,161.1227722,160.0108643,277.5469666,124.1486435,163.779129,326.4529419,0.854632568,0.145367403,0.009634628,0.000314699
2020-12-09,17:09:51,0.994099999,8.0,163.0669556,176.8292847,161.1241608,160.011261,277.5460205,124.1481857,163.7799377,326.4529419,0.854632568,0.145367403,0.009634628,0.000314699
2020-12-09,17:09:52,0.994200039,8.000099945,163.0669556,176.8283234,161.1237183,160.0109863,277.5466309,124.1488647,163.7790833,326.4529419,0.854632568,0.145367403,0.009634628,0.000314699
2020-12-09,17:09:53,0.994099999,8.0,163.0669556,176.8270874,161.1235046,160.0112,277.5460815,124.1492538,163.7786865,326.4529419,0.854632568,0.145367403,0.009634628,0.000314699
2020-12-09,17:09:54,0.994299984,8.000099945,163.0669556,176.825119,161.1240692,160.0105286,277.54776,124.1485596,163.7794342,326.4529419,0.854632568,0.145367403,0.009634628,0.000314699
2020-12-09,17:09:55,0.994099999,8.000099945,163.0669556,176.82341,161.1238861,160.0108643,277.546936,124.1484146,163.7796326,326.4529419,0.854632568,0.145367403,0.009634628,0.000314699
2020-12-09,17:09:56,0.994200039,8.000099945,163.0669556,176.8223114,161.1241913,160.0105286,277.5479126,124.148262,163.7798767,326.4529419,0.854632568,0.145367403,0.009634628,0.000314699
2020-12-09,17:09:57,0.993999958,8.00019989,163.0680084,176.8211365,161.1229553,160.0106506,277.5475464,124.1491013,163.7788239,326.4529419,0.854632568,0.145367403,0.009634628,0.000314699
2020-12-09,17:09:58,0.994200039,8.000099945,163.0680084,176.8196259,161.1239014,160.0109863,277.5465698,124.148941,163.7789764,326.4529419,0.854632568,0.145367403,0.009634628,0.000314699
2020-12-09,17:09:59,0.994099999,8.00019989,163.0680084,176.8199768,161.1233063,160.0107574,277.5472717,124.1491013,163.7791901,326.4529419,0.854632568,0.145367403,0.009634628,0.000314699
2020-12-09,17:10:00,0.994099999,8.00019989,163.0690308,176.8181458,161.1236725,160.0108643,277.546814,124.1481857,163.7799683,326.4529419,0.854632568,0.145367403,0.009634628,0.000314699
2020-12-09,17:10:01,0.994299984,8.00019989,163.0690308,176.8162842,161.1231384,160.0105896,277.547699,124.1478729,163.7797089,326.4529419,0.854632568,0.145367403,0.009634628,0.000314699
2020-12-09,17:10:02,0.994400024,8.00019989,163.0680084,176.8152618,161.1233215,160.0102997,277.5484314,124.1486435,163.7794037,326.4529419,0.854632568,0.145367403,0.009634628,0.000314699
2020-12-09,17:10:03,0.994200039,8.00019989,163.0690308,176.8141479,161.1238251,160.0104828,277.5481262,124.1484833,163.7795105,326.4529419,0.854632568,0.145367403,0.009634628,0.000314699
2020-12-09,17:10:04,0.994400024,8.00019989,163.0690308,176.8124695,161.1235809,160.0102539,277.5485535,124.148262,163.7798157,326.4529419,0.854657364,0.145342598,0.009634628,0.000314699
2020-12-09,17:10:05,0.994299984,8.000299835,163.0690308,176.8109894,161.1238098,160.0106812,277.5473633,124.148941,163.7790375,326.4529419,0.854657364,0.145342598,0.009634628,0.000314699
2020-12-09,17:10:06,0.994400024,8.00019989,163.0690308,176.8095093,161.1236572,160.0100861,277.5491028,124.1488037,163.7792358,326.4529419,0.854657364,0.145342598,0.009634628,0.000314699
2020-12-09,17:10:07,0.994200039,8.000299835,163.0690308,176.8085632,161.1230316,160.009964,277.5494385,124.1485596,163.77948,326.4529419,0.854657364,0.145342598,0.009634628,0.000316766
2020-12-09,17:10:08,0.994400024,8.00019989,163.0700836,176.8071594,161.1235504,160.0102997,277.5484619,124.1487045,163.7793274,326.5582886,0.854657364,0.145342598,0.009634628,0.000316766
2020-12-09,17:10:09,0.993999958,8.000299835,163.0700836,176.8056183,161.1233368,160.0105896,277.5476685,124.148941,163.7789917,326.5582886,0.854657364,0.145342598,0.009634628,0.000316766
2020-12-09,17:10:10,0.994400024,8.00019989,163.0700836,176.8045197,161.1241302,160.0101318,277.5490417,124.1488037,163.7791443,326.5582886,0.854657364,0.145342598,0.009634628,0.000316766
2020-12-09,17:10:11,0.994200039,8.00019989,163.0711365,176.8042603,161.1231384,160.0098114,277.5497437,124.1490173,163.7788849,326.5582886,0.854657364,0.145342598,0.009634628,0.000316766
2020-12-09,17:10:12,0.994099999,8.000299835,163.0700989,176.8019867,161.1240387,160.0101929,277.5487671,124.1492538,163.7792358,326.5582886,0.854657364,0.145342598,0.009634628,0.00031691
2020-12-09,17:10:13,0.994299984,8.00019989,163.0711212,176.8013,161.1237183,160.0098724,277.5496521,124.1484146,163.7796021,326.5582886,0.854657364,0.145342598,0.009634628,0.00031691
2020-12-09,17:10:14,0.994099999,8.00019989,163.0711212,176.7993317,161.1234131,160.0095978,277.5504761,124.1488647,163.779068,326.5582886,0.854657364,0.145342598,0.009634628,0.00031691
2020-12-09,17:10:15,0.994299984,8.00019989,163.0711212,176.7983704,161.1239319,160.0098724,277.5496521,124.1488037,163.7791443,326.5582886,0.854657364,0.145342598,0.009634628,0.00031691
2020-12-09,17:10:16,0.994099999,8.00019989,163.0711212,176.7967987,161.1236115,160.0094147,277.5509644,124.1486435,163.7793579,326.5582886,0.854657364,0.145342598,0.009634628,0.000316552
2020-12-09,17:10:17,0.994400024,8.00019989,163.0711212,176.7965851,161.1242218,160.0095367,277.5505676,124.1490173,163.7789307,326.5582886,0.854657364,0.145342598,0.009634628,0.000316552
2020-12-09,17:10:18,0.994099999,8.00019989,163.0721588,176.7938385,161.1226349,160.0101929,277.5487366,124.1481857,163.7799072,326.5582886,0.854687195,0.145312796,0.009634628,0.00031691
2020-12-09,17:10:19,0.994200039,8.00019989,163.0721588,176.7944794,161.124588,160.0097046,277.5501709,124.1488037,163.7791901,326.5582886,0.854687195,0.145312796,0.009634628,0.00031691
2020-12-09,17:10:20,0.994099999,8.00019989,163.0721588,176.7924957,161.1233673,160.0093079,277.5512695,124.1487045,163.7792816,326.5582886,0.854687195,0.145312796,0.009634628,0.00031691
2020-12-09,17:10:21,0.994299984,8.000099945,163.0721588,176.7905579,161.1231689,160.0095367,277.5505981,124.1490173,163.7789001,326.5582886,0.854687195,0.145312796,0.009634628,0.00031691
2020-12-09,17:10:22,0.994200039,8.00019989,163.0721588,176.7900696,161.1238251,160.0095978,277.550415,124.1486435,163.7794037,326.5582886,0.854687195,0.145312796,0.009634628,0.00031691
2020-12-09,17:10:23,0.994099999,8.000099945,163.0731812,176.7885742,161.1227722,160.0094147,277.5509033,124.1481857,163.779953,326.5582886,0.854687195,0.145312796,0.009634628,0.00031691
2020-12-09,17:10:24,0.994299984,8.00019989,163.0731812,176.7877502,161.1232605,160.0090942,277.5517578,124.1485596,163.77948,326.5582886,0.854687195,0.145312796,0.009634628,0.00031691
2020-12-09,17:10:25,0.994099999,8.000099945,163.0731812,176.7866821,161.1230927,160.0091553,277.5516663,124.1480255,163.7800751,326.5582886,0.854687195,0.145312796,0.009634628,0.00031691
2020-12-09,17:10:26,0.994400024,8.000099945,163.0731812,176.7849121,161.1227264,160.0095978,277.5505066,124.1488037,163.7792053,326.5582886,0.854687195,0.145312796,0.009634628,0.00031691
2020-12-09,17:10:27,0.994200039,8.000099945,163.0731812,176.7845764,161.1236267,160.0090485,277.552002,124.148262,163.7797699,326.5582886,0.854687195,0.145312796,0.009634628,0.00031691
2020-12-09,17:10:28,0.994299984,8.0,163.0731812,176.782196,161.1245575,160.0092468,277.5513306,124.1488037,163.7792358,326.5582886,0.854687195,0.145312796,0.009634628,0.00031691
2020-12-09,17:10:29,0.994400024,8.000099945,163.0731812,176.7816162,161.1236115,160.0094147,277.5509033,124.1486435,163.7794647,326.5582886,0.854687195,0.145312796,0.009634628,0.00031691
2020-12-09,17:10:30,0.994099999,8.0,163.0742035,176.7810211,161.1238098,160.0089874,277.552124,124.1483231,163.7797241,326.5582886,0.854687195,0.145312796,0.009634628,0.00031691
2020-12-09,17:10:31,0.994299984,8.0,163.0742035,176.7804718,161.1234131,160.0093079,277.5513,124.1486435,163.7793732,326.5582886,0.854687195,0.145312796,0.009634628,0.00031691
2020-12-09,17:10:32,0.993999958,8.0,163.0742035,176.7784271,161.1225433,160.0087585,277.5527954,124.148262,163.7797852,326.5582886,0.854687195,0.145312796,0.009634628,0.00031691
2020-12-09,17:10:33,0.994299984,7.999900055,163.0742035,176.7772369,161.1235046,160.0088806,277.5524292,124.1486435,163.7794189,326.7012329,0.854687195,0.145312796,0.009634628,0.00031691
2020-12-09,17:10:34,0.993999958,8.0,163.0742035,176.7756195,161.1240692,160.0087585,277.5527954,124.148262,163.7798004,326.7012329,0.854687195,0.145312796,0.009634628,0.00031691
2020-12-09,17:10:35,0.994299984,7.999900055,163.0742035,176.7747955,161.1235962,160.0083618,277.5538025,124.1484146,163.7796478,326.7012329,0.854687195,0.145312796,0.009634628,0.00031691
2020-12-09,17:10:36,0.994400024,7.999900055,163.0752106,176.7734985,161.1243591,160.0084229,277.5539551,124.148262,163.7798615,326.7012329,0.854687195,0.145312796,0.009634628,0.00031691
2020-12-09,17:10:37,0.994200039,7.99980011,163.0752106,176.7731934,161.1237335,160.0088348,277.5526123,124.1485596,163.7794952,326.7012329,0.854687195,0.145312796,0.009634628,0.00031691
2020-12-09,17:10:38,0.994299984,7.999900055,163.0752106,176.7716064,161.1244354,160.008194,277.5543213,124.147728,163.7804871,326.7012329,0.854687195,0.145312796,0.009634628,0.00031691
2020-12-09,17:10:39,0.993999958,7.99980011,163.0752106,176.7713776,161.1239319,160.008255,277.5541687,124.1484146,163.7796478,326.7012329,0.854687195,0.145312796,0.009634628,0.00031691
2020-12-09,17:10:40,0.994200039,7.99980011,163.0752106,176.7689819,161.1249084,160.0084229,277.5536194,124.1479416,163.7801819,326.7012329,0.854687195,0.145312796,0.009634628,0.00031691
2020-12-09,17:10:41,0.994099999,7.999700165,163.0752106,176.7693787,161.1228485,160.008194,277.5542908,124.148262,163.7798462,326.7012329,0.854687195,0.145312796,0.009634628,0.00031691
2020-12-09,17:10:42,0.994400024,7.999700165,163.0752106,176.7683868,161.1253815,160.0083618,277.5537415,124.1481094,163.7800293,326.7012329,0.854687195,0.145312796,0.009634628,0.00031691
2020-12-09,17:10:43,0.994099999,7.999700165,163.0752106,176.7660828,161.1233521,160.0079803,277.5548401,124.1484833,163.7795563,326.7012329,0.854687195,0.145312796,0.009634628,0.00031691
2020-12-09,17:10:44,0.994299984,7.99960022,163.0762634,176.7647552,161.1238708,160.0075378,277.5561523,124.148262,163.7798004,326.7012329,0.854576111,0.145423899,0.009634628,0.00031691
2020-12-09,17:10:45,0.993999958,7.999700165,163.0762634,176.7644806,161.1242828,160.0079193,277.5550537,124.1478729,163.7802582,326.7012329,0.854576111,0.145423899,0.009634628,0.00031691
2020-12-09,17:10:46,0.994200039,7.99960022,163.0762634,176.7618561,161.1256714,160.0077515,277.5554199,124.147728,163.7804871,326.7012329,0.854576111,0.145423899,0.009634628,0.00031691
2020-12-09,17:10:47,0.994099999,7.99960022,163.0762634,176.7628174,161.1243591,160.008316,277.5540771,124.1480255,163.7801056,326.7012329,0.854576111,0.145423899,0.009634628,0.00031691
2020-12-09,17:10:48,0.994200039,7.999500275,163.077301,176.7605438,161.1250763,160.0076904,277.555603,124.1484146,163.7796326,326.7012329,0.854576111,0.145423899,0.009634628,0.00031691
2020-12-09,17:10:49,0.993999958,7.999500275,163.0762939,176.7591553,161.1241302,160.0075989,277.5559998,124.1486435,163.7793579,326.7012329,0.854576111,0.145423899,0.009634628,0.00031691
2020-12-09,17:10:50,0.994299984,7.999500275,163.0762939,176.7584686,161.1230927,160.0070801,277.557312,124.1477966,163.7803192,326.7012329,0.854576111,0.145423899,0.009634628,0.00031691
2020-12-09,17:10:51,0.993999958,7.99940033,163.0773468,176.7570801,161.1249084,160.0075378,277.5561829,124.1480255,163.7800751,326.7012329,0.854576111,0.145423899,0.009634628,0.00031691
2020-12-09,17:10:52,0.993900013,7.999500275,163.0773468,176.7566986,161.1253357,160.0073242,277.5566101,124.1477966,163.7803192,326.7012329,0.854576111,0.145423899,0.009634628,0.000315626
2020-12-09,17:10:53,0.994099999,7.99940033,163.0773468,176.7546844,161.1246796,160.00737,277.5565186,124.148262,163.7797699,326.7012329,0.854576111,0.145423899,0.009634628,0.000315626
2020-12-09,17:10:54,0.993999958,7.999299622,163.0773468,176.7552185,161.1250305,160.0075989,277.5559692,124.1479416,163.7801361,326.7012329,0.854576111,0.145423899,0.009634628,0.000315626
2020-12-09,17:10:55,0.994099999,7.999500275,163.0773468,176.7531738,161.1242523,160.0076904,277.5555725,124.148262,163.7798157,326.7012329,0.854576111,0.145423899,0.009634628,0.000315626
2020-12-09,17:10:56,0.993900013,7.99960022,163.0783997,176.7517395,161.1244507,160.0072784,277.5568542,124.1476364,163.7805328,326.7012329,0.854576111,0.145423899,0.009634628,0.000315626
2020-12-09,17:10:57,0.994099999,7.999700165,163.0783997,176.7507019,161.1251526,160.0070801,277.5573425,124.1480255,163.7800598,326.7012329,0.854576111,0.145423899,0.009634628,0.000315626
2020-12-09,17:10:58,0.993900013,7.99960022,163.0783997,176.7500305,161.1245728,160.0075378,277.5561218,124.1476364,163.7805786,326.7012329,0.854576111,0.145423899,0.009634628,0.000315626
2020-12-09,17:10:59,0.994299984,7.99980011,163.0783997,176.7489929,161.125,160.0075989,277.5559692,124.1480255,163.7801208,326.7012329,0.854576111,0.145423899,0.009634628,0.000315626
2020-12-09,17:11:00,0.993900013,7.999900055,163.0783997,176.7488098,161.124588,160.00737,277.556488,124.1476364,163.7805634,326.7012329,0.854576111,0.145423899,0.009634628,0.000315626
2020-12-09,17:11:01,0.994099999,8.0,163.0783997,176.7474823,161.1253815,160.0070801,277.557312,124.147728,163.7804718,326.7012329,0.854576111,0.145423899,0.009634628,0.000315626
2020-12-09,17:11:02,0.993900013,8.000099945,163.0783997,176.745575,161.125824,160.0066986,277.5584106,124.1480255,163.7800751,326.7012329,0.854576111,0.145423899,0.009634628,0.000315626
2020-12-09,17:11:03,0.994099999,8.00019989,163.0783997,176.7453156,161.1248932,160.0069275,277.5577698,124.1477966,163.7803497,326.7012329,0.854576111,0.145423899,0.009634628,0.000315626
2020-12-09,17:11:04,0.993900013,8.000299835,163.0783997,176.7440033,161.1245117,160.0074768,277.5562744,124.147728,163.7804565,326.7012329,0.854576111,0.145423899,0.009634628,0.000315626
2020-12-09,17:11:05,0.994099999,8.000299835,163.0794067,176.7423401,161.1249542,160.0070801,277.5573425,124.1474915,163.7807159,326.7012329,0.854576111,0.145423899,0.009634628,0.000315626
2020-12-09,17:11:06,0.994200039,8.00039978,163.0794067,176.7407379,161.1256409,160.0066986,277.5583496,124.1477966,163.7803497,326.7012329,0.854576111,0.145423899,0.009634628,0.000315626
2020-12-09,17:11:07,0.993900013,8.000499725,163.0794067,176.7410583,161.1242218,160.0068665,277.5579224,124.1479416,163.7801971,326.7012329,0.854576111,0.145423899,0.009634628,0.000315626
2020-12-09,17:11:08,0.993999958,8.00019989,163.0804291,176.7401123,161.1257019,160.006485,277.5589294,124.1475677,163.7806549,326.7012329,0.854576111,0.145423899,0.009634628,0.000315626
2020-12-09,17:11:09,0.994099999,7.999500275,163.0804291,176.7386017,161.1252136,160.0068054,277.558075,124.1472549,163.7810669,326.7012329,0.854576111,0.145423899,0.009634628,0.000315626
2020-12-09,17:11:10,0.994200039,7.99960022,163.0804291,176.7378235,161.1246796,160.0063019,277.5594482,124.1478729,163.7802734,326.7012329,0.854576111,0.145423899,0.009634628,0.000315626
2020-12-09,17:11:11,0.993999958,7.99960022,163.0804291,176.7366791,161.1257782,160.0065765,277.5586853,124.1481094,163.7800293,326.7012329,0.854576111,0.145423899,0.009634628,0.000315626
2020-12-09,17:11:12,0.993900013,7.999700165,163.0804291,176.7362671,161.1243591,160.0071259,277.5571899,124.1476364,163.7805481,326.7012329,0.854576111,0.145423899,0.009634628,0.000315626
2020-12-09,17:11:13,0.993999958,7.99980011,163.0814362,176.735321,161.1250763,160.007019,277.5574036,124.1480255,163.7801056,326.7012329,0.854576111,0.145423899,0.009634628,0.000315626
2020-12-09,17:11:14,0.993799973,7.999900055,163.0814362,176.7340088,161.1253967,160.006546,277.5588074,124.1475677,163.7806091,326.7012329,0.854576111,0.145423899,0.009634628,0.000315626
2020-12-09,17:11:15,0.993999958,7.999900055,163.0814362,176.7323761,161.1257172,160.0058289,277.5608215,124.1473389,163.7808838,326.7012329,0.854576111,0.145423899,0.009634628,0.000315626
2020-12-09,17:11:16,0.993900013,8.000099945,163.0814362,176.731369,161.1253662,160.0063629,277.5592651,124.1468658,163.7814178,326.7012329,0.854576111,0.145423899,0.009634628,0.000315626
2020-12-09,17:11:17,0.993999958,8.0,163.0814362,176.7304077,161.1248169,160.0060425,277.5602722,124.1477966,163.7804108,326.7012329,0.854576111,0.145423899,0.009634628,0.000315626
2020-12-09,17:11:18,0.994099999,8.000299835,163.0814362,176.7301331,161.1249847,160.0057068,277.5611572,124.1474075,163.780777,326.7012329,0.854576111,0.145423899,0.009634628,0.000315626
2020-12-09,17:11:19,0.993900013,8.000299835,163.0824585,176.7284851,161.1257019,160.0064087,277.5592346,124.1476364,163.7805481,326.7012329,0.854576111,0.145423899,0.009634628,0.000315626
2020-12-09,17:11:20,0.994099999,8.00039978,163.0824585,176.7281647,161.1247406,160.0060425,277.5601807,124.1468048,163.7814789,326.7012329,0.854576111,0.145423899,0.009634628,0.000315626
2020-12-09,17:11:21,0.993700028,8.000499725,163.0824585,176.7271576,161.1257172,160.0060883,277.5599976,124.1474075,163.7808075,326.7012329,0.854576111,0.145423899,0.009634628,0.000315626
2020-12-09,17:11:22,0.993999958,8.00059967,163.0824585,176.725647,161.1260986,160.0057678,277.5610352,124.1475677,163.7806702,326.7012329,0.854576111,0.145423899,0.009634628,0.000315626
2020-12-09,17:11:23,0.994400024,8.000700378,163.0824585,176.7250519,161.1257172,160.0054321,277.5617676,124.1472549,163.7809296,326.7012329,0.854576111,0.145423899,0.009634628,0.000315626
2020-12-09,17:11:24,1.00539999,8.000800323,163.0824585,176.7241669,161.125946,160.0061493,277.559906,124.1468658,163.7814178,326.7012329,0.854613724,0.145386295,0.009634628,0.000314772
2020-12-09,17:11:25,1.026599979,8.000800323,163.0824585,176.7221832,161.1255341,160.0053253,277.5621643,124.1472549,163.7810059,326.7012329,0.854613724,0.145386295,0.009634628,0.000314772
2020-12-09,17:11:26,1.051799965,8.000900269,163.0824585,176.7218323,161.1254272,160.0055847,277.5614929,124.1468658,163.7813873,326.7012329,0.854613724,0.145386295,0.009634628,0.000314772
2020-12-09,17:11:27,1.07869997,8.001000214,163.0824585,176.7209473,161.1256256,160.0053253,277.5621643,124.1472549,163.7809906,326.7012329,0.854613724,0.145386295,0.009634628,0.000314699
2020-12-09,17:11:28,1.103800011,8.001100159,163.0824585,176.7199249,161.1257324,160.0052643,277.5624084,124.1480255,163.7801208,326.7012329,0.854613724,0.145386295,0.009634628,0.000314699
2020-12-09,17:11:29,1.130599976,8.001100159,163.0824585,176.7196503,161.12677,160.0057678,277.5609436,124.1487045,163.7793274,326.7012329,0.854613724,0.145386295,0.009634628,0.000314699
2020-12-09,17:11:30,1.156999969,8.001200104,163.0845337,176.7187653,161.1253967,160.0061493,277.5598145,124.1496353,163.778244,326.7012329,0.854613724,0.145386295,0.009634628,0.000314714
2020-12-09,17:11:31,1.180599976,8.001200104,163.0845337,176.7189331,161.1260223,160.0050964,277.5627441,124.151329,163.7762756,326.7012329,0.854613724,0.145386295,0.009634628,0.000314714
2020-12-09,17:11:32,1.205599976,8.001399994,163.0845337,176.7200775,161.1262054,160.0054779,277.561676,124.1537857,163.7733917,326.7012329,0.854613724,0.145386295,0.009634628,0.000314714
2020-12-09,17:11:33,1.230099964,8.001399994,163.0834351,176.7214355,161.1253967,160.0052032,277.5625,124.1562424,163.7704773,326.7012329,0.854613724,0.145386295,0.009634628,0.000314714
2020-12-09,17:11:34,1.254100037,8.001499939,163.0844574,176.7212219,161.1265717,160.0057068,277.5611877,124.1596909,163.7664185,326.7012329,0.854613724,0.145386295,0.009634628,0.000314714
2020-12-09,17:11:35,1.275,8.001599884,163.0844574,176.723175,161.126358,160.0049896,277.5631104,124.1636734,163.7617493,326.7012329,0.854613724,0.145386295,0.009634628,0.000314714
2020-12-09,17:11:36,1.297900009,8.001699829,163.0844574,176.7248077,161.1261597,160.0053711,277.5619202,124.1684341,163.7561798,326.7012329,0.854613724,0.145386295,0.009634628,0.000314714
2020-12-09,17:11:37,1.319499969,8.001699829,163.0844574,176.7280273,161.1255341,160.0050964,277.5627441,124.1740417,163.7496338,326.7012329,0.854613724,0.145386295,0.009634628,0.000314714
2020-12-09,17:11:38,1.34090004,8.001799774,163.0844574,176.730072,161.126297,160.0052643,277.5623779,124.1805496,163.7419891,326.7012329,0.854613724,0.145386295,0.009634628,0.000314714
2020-12-09,17:11:39,1.362300014,8.001899719,163.085556,176.733429,161.1259918,160.0054779,277.5616455,124.1874619,163.7338257,326.7012329,0.854613724,0.145386295,0.009634628,0.000314714
2020-12-09,17:11:40,1.383300018,8.001799774,163.085556,176.7355652,161.1262512,160.0050507,277.5629272,124.1959076,163.7240753,326.7012329,0.854613724,0.145386295,0.009634628,0.000314714
2020-12-09,17:11:41,1.404500008,8.001999664,163.085556,176.7398071,161.1265106,160.0054779,277.5617065,124.2048035,163.7136383,326.7012329,0.854613724,0.145386295,0.009634628,0.000314714
2020-12-09,17:11:42,1.422700024,8.002100372,163.085556,176.7437439,161.1258545,160.0052032,277.5624695,124.2143936,163.7023468,326.7012329,0.854613724,0.145386295,0.009634628,0.000314714
2020-12-09,17:11:43,1.442500019,8.002200317,163.085556,176.7483215,161.1263275,160.0049896,277.5631714,124.2248306,163.6901855,326.7012329,0.854613724,0.145386295,0.009634628,0.000314714
2020-12-09,17:11:44,1.46260004,8.002200317,163.085556,176.7516327,161.1257324,160.0047913,277.5635986,124.236969,163.6759796,326.7012329,0.854613724,0.145386295,0.009634628,0.000314714
2020-12-09,17:11:45,1.482499981,8.002300262,163.0865936,176.7584686,161.1270294,160.0047455,277.5637207,124.2496185,163.6611481,326.7012329,0.854613724,0.145386295,0.009634628,0.000314714
2020-12-09,17:11:46,1.498999977,8.002400208,163.0855713,176.7628479,161.1259155,160.0045319,277.5643921,124.2623672,163.6461487,326.7012329,0.854613724,0.145386295,0.009634628,0.000314714
2020-12-09,17:11:47,1.518700027,8.002500153,163.0855713,176.7675781,161.1263733,160.0052032,277.5624695,124.276886,163.6291809,326.7012329,0.854613724,0.145386295,0.009634628,0.000314714
2020-12-09,17:11:48,1.536299992,8.002600098,163.0865936,176.7738342,161.1265259,160.0045929,277.56427,124.2924728,163.6109009,326.7012329,0.854613724,0.145386295,0.009634628,0.000314714
2020-12-09,17:11:49,1.553100014,8.002600098,163.0865936,176.7781525,161.127655,160.0047913,277.5635376,124.3079758,163.592804,326.7012329,0.854613724,0.145386295,0.009634628,0.000314714
2020-12-09,17:11:50,1.571500015,8.002700043,163.0865936,176.783844,161.126236,160.0052032,277.5625,124.3258667,163.5720062,326.7012329,0.854613724,0.145386295,0.009634628,0.000314714
2020-12-09,17:11:51,1.587899971,8.002799988,163.0865936,176.7895508,161.126709,160.004425,277.5645752,124.3441544,163.5506287,326.7012329,0.854613724,0.145386295,0.009634628,0.000314714
2020-12-09,17:11:52,1.604299927,8.002899933,163.0865936,176.7949371,161.126358,160.0046844,277.5638123,124.3612671,163.5305634,326.7012329,0.854613724,0.145386295,0.009634628,0.000314714
2020-12-09,17:11:53,1.61970005,8.002999878,163.0876465,176.8016052,161.1272888,160.0049286,277.563324,124.3810349,163.5075226,326.7012329,0.854613724,0.145386295,0.009634628,0.000314714
2020-12-09,17:11:54,1.636800003,8.003099823,163.0876465,176.8078918,161.1281738,160.0043182,277.5649414,124.4029236,163.4819031,326.7012329,0.854613724,0.145386295,0.009634628,0.000314714
2020-12-09,17:11:55,1.652499962,8.003199768,163.0886993,176.8143005,161.1264648,160.0041504,277.5653381,124.4238434,163.4574127,326.7012329,0.854613724,0.145386295,0.009634628,0.000314714
2020-12-09,17:11:56,1.669000053,8.003199768,163.0876617,176.8204651,161.1272278,160.0045929,277.5641785,124.4461975,163.4312897,326.7012329,0.854613724,0.145386295,0.009634628,0.000314714
2020-12-09,17:11:57,1.68239994,8.003299713,163.0876617,176.8276215,161.1279449,160.0044708,277.5638123,124.4691925,163.4045868,326.7012329,0.854613724,0.145386295,0.009634628,0.000314714
2020-12-09,17:11:58,1.697299957,8.003399658,163.0876617,176.8332214,161.1270752,160.004364,277.5647583,124.493103,163.3766937,326.7012329,0.854613724,0.145386295,0.009634628,0.000314714
2020-12-09,17:11:59,1.712599945,8.003500366,163.0876617,176.8403625,161.1278076,160.004425,277.5644531,124.5183258,163.3472443,326.7012329,0.854613724,0.145386295,0.009634628,0.000314714
2020-12-09,17:12:00,1.726300049,8.003600311,163.0876617,176.8464661,161.1268768,160.0041504,277.5654602,124.5432434,163.3182068,326.7012329,0.854613724,0.145386295,0.009634628,0.000314714
2020-12-09,17:12:01,1.741200066,8.003600311,163.0876617,176.8526917,161.1273499,160.004364,277.5647888,124.5697098,163.287323,326.7012329,0.854613724,0.145386295,0.009634628,0.000314714
2020-12-09,17:12:02,1.753499985,8.003700256,163.0886993,176.8598633,161.1274719,160.0042572,277.565155,124.5970993,163.2554016,326.7012329,0.854613724,0.145386295,0.009634628,0.000314714
2020-12-09,17:12:03,1.769000053,8.003800201,163.0886993,176.8662415,161.127655,160.0039673,277.5657959,124.6253433,163.2225189,326.7012329,0.854613724,0.145386295,0.009634628,0.000314642
2020-12-09,17:12:04,1.782099915,8.003900146,163.0886993,176.8735657,161.1271362,160.0043182,277.5649109,124.6531219,163.1901398,326.7012329,0.854613724,0.145386295,0.009634628,0.000314642
2020-12-09,17:12:05,1.795599937,8.004000092,163.0886993,176.8805084,161.1279144,160.0032501,277.5677795,124.6820755,163.1565552,326.7012329,0.854613724,0.145386295,0.009634628,0.000314642
2020-12-09,17:12:06,1.807900047,8.004100037,163.0897369,176.888092,161.1285095,160.0041504,277.5653687,124.7127228,163.1207886,326.7012329,0.854839935,0.145160103,0.009634628,0.000314642
2020-12-09,17:12:07,1.819799995,8.004199982,163.0897369,176.8939362,161.1270142,160.0037079,277.5665588,124.7416077,163.0873718,326.7012329,0.854839935,0.145160103,0.009634628,0.000314642
2020-12-09,17:12:08,1.832099915,8.004299927,163.0897369,176.9011383,161.1272736,160.0039215,277.5660095,124.7737274,163.0500336,326.7012329,0.854839935,0.145160103,0.009634628,0.000314642
2020-12-09,17:12:09,1.844400024,8.004299927,163.0897369,176.9081879,161.1277924,160.0037079,277.5665894,124.8066483,163.0117035,326.7012329,0.854839935,0.145160103,0.009634628,0.000314642
2020-12-09,17:12:10,1.856599998,8.004399872,163.0897369,176.9151764,161.1266937,160.0040436,277.5656433,124.8396301,162.9734192,326.7012329,0.854839935,0.145160103,0.009634628,0.000314642
2020-12-09,17:12:11,1.868499947,8.004499817,163.0897369,176.9216309,161.1280975,160.0036316,277.5666809,124.8720016,162.9359436,326.7012329,0.854839935,0.145160103,0.009634628,0.000314642
2020-12-09,17:12:12,1.879400063,8.004599762,163.0907593,176.9288635,161.1272736,160.0037079,277.5664368,124.9061661,162.8962555,326.7012329,0.854839935,0.145160103,0.009634628,0.000314642
2020-12-09,17:12:13,1.891399956,8.004699707,163.0907593,176.9358521,161.1270752,160.00354,277.5671997,124.9419556,162.8548126,326.7012329,0.854839935,0.145160103,0.009634628,0.000314642
2020-12-09,17:12:14,1.902499962,8.004799652,163.0907593,176.943512,161.1274872,160.0042114,277.5653076,124.9770432,162.8140564,326.7012329,0.854839935,0.145160103,0.009634628,0.000314642
2020-12-09,17:12:15,1.912700081,8.00490036,163.0907593,176.9506073,161.1286316,160.0038147,277.5662842,125.0123138,162.7733002,326.7012329,0.854839935,0.145160103,0.009634628,0.000314642
2020-12-09,17:12:16,1.924799919,8.00490036,163.0907593,176.9562988,161.1273499,160.0039215,277.5660095,125.0485992,162.7312164,326.7012329,0.854839935,0.145160103,0.009634628,0.000314642
2020-12-09,17:12:17,1.934399986,8.00510025,163.0907593,176.963913,161.1277618,160.0040436,277.5657654,125.0850372,162.6891022,326.7012329,0.854839935,0.145160103,0.009634628,0.000314642
2020-12-09,17:12:18,1.945299911,8.005000305,163.0907593,176.9706726,161.1271362,160.003479,277.5672607,125.1217041,162.6466217,326.7012329,0.854839935,0.145160103,0.009634628,0.000314642
2020-12-09,17:12:19,1.954899979,8.005200195,163.0907593,176.9778137,161.127655,160.0038147,277.5663452,125.1603317,162.6019745,326.7012329,0.854839935,0.145160103,0.009634628,0.000314642
2020-12-09,17:12:20,1.965500069,8.00530014,163.0907593,176.9850006,161.1282196,160.0036316,277.5667725,125.1989517,162.5574493,326.7012329,0.854839935,0.145160103,0.009634628,0.000316552
2020-12-09,17:12:21,1.974699974,8.005400085,163.0907593,176.9916992,161.1276703,160.0033112,277.567627,125.2354431,162.5153198,326.7012329,0.854839935,0.145160103,0.009634628,0.000316552
2020-12-09,17:12:22,1.984199905,8.005400085,163.0917664,176.9981842,161.1284027,160.0037079,277.5665894,125.2752533,162.4694061,326.7012329,0.854839935,0.145160103,0.009634628,0.000316552
2020-12-09,17:12:23,1.993799973,8.005599976,163.0917664,177.0055542,161.1271973,160.0038757,277.5661926,125.3150024,162.4235229,326.7012329,0.854839935,0.145160103,0.009634628,0.000316552
2020-12-09,17:12:24,2.003300095,8.005599976,163.0917664,177.0125732,161.1283569,160.00354,277.5671692,125.3550568,162.3772888,326.7012329,0.854839935,0.145160103,0.009634628,0.000316552
2020-12-09,17:12:25,2.012299919,8.005699921,163.0917664,177.0199585,161.1274719,160.0033112,277.5677185,125.3966141,162.329422,326.7012329,0.854839935,0.145160103,0.009634628,0.000316552
2020-12-09,17:12:26,2.009700012,8.005799866,163.0917664,177.0271149,161.1282349,160.0031433,277.5681458,125.4363174,162.2838593,326.7012329,0.854839935,0.145160103,0.009634628,0.000316552
2020-12-09,17:12:27,2.007600021,8.005799866,163.0928192,177.0336914,161.1291046,160.00354,277.5669861,125.4776611,162.2362518,326.7012329,0.854839935,0.145160103,0.009634628,0.000316552
2020-12-09,17:12:28,2.009300041,8.005899811,163.0928192,177.0413208,161.128006,160.0031433,277.5680847,125.5193939,162.1881866,326.5624084,0.854839935,0.145160103,0.009634628,0.000316552
2020-12-09,17:12:29,2.01079998,8.005999756,163.0928192,177.0485077,161.1270142,160.003479,277.5672607,125.5602036,162.1413422,326.5624084,0.854839935,0.145160103,0.009634628,0.000316552
2020-12-09,17:12:30,2.012199974,8.006099701,163.0928192,177.0549469,161.1277924,160.0037537,277.5664978,125.6027603,162.0924072,326.5624084,0.854839935,0.145160103,0.009634628,0.000316552
2020-12-09,17:12:31,2.013500023,8.006199646,163.0928192,177.0623016,161.1282349,160.003479,277.5673218,125.6453705,162.0434265,326.5624084,0.854839935,0.145160103,0.009634628,0.000316552
2020-12-09,17:12:32,2.014599991,8.006199646,163.0928192,177.0686951,161.1280365,160.003418,277.5670471,125.686615,161.99617,326.5624084,0.854839935,0.145160103,0.009634628,0.000316552
2020-12-09,17:12:33,2.015999985,8.006300354,163.0928192,177.0759583,161.1283569,160.0029144,277.5686951,125.7297363,161.9467316,326.5624084,0.854839935,0.145160103,0.009634628,0.000316552
2020-12-09,17:12:34,2.017200089,8.006400299,163.0928192,177.081955,161.1278229,160.0033569,277.5675354,125.7730103,161.8970795,326.5624084,0.854839935,0.145160103,0.009634628,0.000316552
2020-12-09,17:12:35,2.018600082,8.006400299,163.0928192,177.0883636,161.1287537,160.0037079,277.5665588,125.8164597,161.8473206,326.5624084,0.854839935,0.145160103,0.009634628,0.000316552
2020-12-09,17:12:36,2.01989994,8.006500244,163.0939178,177.0943756,161.1284485,160.0031738,277.5678711,125.8571243,161.8008118,326.5624084,0.854839935,0.145160103,0.009634628,0.000316552
2020-12-09,17:12:37,2.020999908,8.006500244,163.0950165,177.1016998,161.1286469,160.0033569,277.5684204,125.8995285,161.7522278,326.5624084,0.854839935,0.145160103,0.009634628,0.000316552
2020-12-09,17:12:38,2.022200012,8.006600189,163.0939636,177.1073303,161.1282043,160.0037079,277.5666504,125.9441833,161.7012787,326.5624084,0.854839935,0.145160103,0.009634628,0.000316552
2020-12-09,17:12:39,2.023500061,8.006700134,163.0939636,177.1136932,161.1286621,160.0031433,277.5681458,125.9875336,161.6517334,326.5624084,0.854839935,0.145160103,0.009634628,0.000314714
2020-12-09,17:12:40,2.024600029,8.006600189,163.0939636,177.119873,161.1273499,160.0031738,277.5679321,126.0294266,161.6039886,326.5624084,0.854839935,0.145160103,0.009634628,0.000314714
2020-12-09,17:12:41,2.025600052,8.006800079,163.0939636,177.1253204,161.1284332,160.0029144,277.5687256,126.0728683,161.554306,326.5624084,0.854839935,0.145160103,0.009634628,0.000314714
2020-12-09,17:12:42,2.02670002,8.006800079,163.0939636,177.1317139,161.1279297,160.0031433,277.5680237,126.1160278,161.5051727,326.5624084,0.854839935,0.145160103,0.009634628,0.000315698
2020-12-09,17:12:43,2.027899933,8.006900024,163.094986,177.1373901,161.1276245,160.00354,277.5671082,126.1601334,161.4548187,326.6651917,0.854839935,0.145160103,0.009634628,0.000315855
2020-12-09,17:12:44,2.028800011,8.006900024,163.094986,177.1430511,161.1274261,160.0032501,277.5677795,126.200737,161.4085388,326.6651917,0.854839935,0.145160103,0.009634628,0.000315855
2020-12-09,17:12:45,2.029999924,8.006999969,163.094986,177.1482239,161.1281433,160.0035706,277.566925,126.2438354,161.3594666,326.6651917,0.854839935,0.145160103,0.009634628,0.000315855
2020-12-09,17:12:46,2.030999947,8.006999969,163.094986,177.1548157,161.1278381,160.0028229,277.5690308,126.2863541,161.3111877,326.6651917,0.854839935,0.145160103,0.009634628,0.000315855
2020-12-09,17:12:47,2.031999969,8.007099915,163.094986,177.1591034,161.1273804,160.0032501,277.5677795,126.3285522,161.2631378,326.6651917,0.854839935,0.145160103,0.009634628,0.000315855
2020-12-09,17:12:48,2.033099937,8.006999969,163.0960693,177.1645813,161.1284637,160.0028534,277.5689087,126.3716202,161.2141571,326.6651917,0.854839935,0.145160103,0.009634628,0.000315855
2020-12-09,17:12:49,2.034000015,8.007099915,163.0960693,177.1702728,161.1287537,160.0030823,277.5683289,126.4138565,161.1662292,326.6651917,0.854839935,0.145160103,0.009634628,0.000315855
2020-12-09,17:12:50,2.034799957,8.00719986,163.0960693,177.1754456,161.1284943,160.0029144,277.5687561,126.4542389,161.1204376,326.6651917,0.854839935,0.145160103,0.009634628,0.000315855
2020-12-09,17:12:51,2.03560009,8.007099915,163.0960693,177.1812134,161.1272125,160.002655,277.5694885,126.4970398,161.0717926,326.6651917,0.854839935,0.145160103,0.009634628,0.000315855
2020-12-09,17:12:52,2.036599922,8.00719986,163.0960693,177.1860809,161.1279755,160.0029755,277.568634,126.5389709,161.0242615,326.6651917,0.854647522,0.145352497,0.009634628,0.000315855
2020-12-09,17:12:53,2.0375,8.007299805,163.0960693,177.1918335,161.1285248,160.0027008,277.5694275,126.5815811,160.9760742,326.6651917,0.854647522,0.145352497,0.009634628,0.000315855
2020-12-09,17:12:54,2.038299942,8.007299805,163.0960693,177.1973114,161.1279297,160.0029144,277.5687561,126.6229324,160.9292145,326.6651917,0.854647522,0.145352497,0.009634628,0.000315855
2020-12-09,17:12:55,2.039100075,8.007299805,163.0960693,177.201828,161.1283875,160.00354,277.5671997,126.6631927,160.883667,326.6651917,0.854647522,0.145352497,0.009634628,0.000315855
2020-12-09,17:12:56,2.040299988,8.006999969,163.0970764,177.2064972,161.1279144,160.0031738,277.5679016,126.7049637,160.8364716,326.6651917,0.854647522,0.145352497,0.009634628,0.000315855
2020-12-09,17:12:57,2.040800095,8.006199646,163.0970764,177.2112732,161.1286011,160.0030212,277.5683899,126.7464294,160.789444,326.6651917,0.854647522,0.145352497,0.009634628,0.000315855
2020-12-09,17:12:58,2.041500092,8.005400085,163.0970764,177.2164917,161.1276245,160.0024261,277.5701904,126.7858124,160.7449493,326.6651917,0.854647522,0.145352497,0.009634628,0.000315855
2020-12-09,17:12:59,2.042499924,8.004499817,163.0970764,177.2207031,161.1282654,160.0028229,277.5691833,126.8268967,160.6986542,326.6651917,0.854647522,0.145352497,0.009634628,0.000315855
2020-12-09,17:13:00,2.043000031,8.003700256,163.0970764,177.2258148,161.127594,160.002594,277.5697021,126.8679276,160.6522675,326.6651917,0.854647522,0.145352497,0.009634628,0.000315855
2020-12-09,17:13:01,2.043899918,8.003399658,163.0970764,177.2310944,161.1282349,160.002533,277.5698547,126.9071121,160.608139,326.6651917,0.854647522,0.145352497,0.009634628,0.000315855
2020-12-09,17:13:02,2.044499969,8.003299713,163.0970764,177.2359924,161.1283875,160.0028229,277.5691223,126.9468231,160.5633698,326.6651917,0.854647522,0.145352497,0.009634628,0.000315855
2020-12-09,17:13:03,2.045000076,8.003199768,163.0981445,177.2416077,161.128006,160.0024261,277.5700989,126.9878922,160.5170746,326.6651917,0.854647522,0.145352497,0.009634628,0.000315855
2020-12-09,17:13:04,2.045299911,8.003099823,163.0981445,177.2449036,161.1274261,160.0031738,277.5679626,127.0277176,160.4721832,326.6651917,0.854647522,0.145352497,0.009634628,0.000315855
2020-12-09,17:13:05,2.044499969,8.002999878,163.0981445,177.249176,161.1278687,160.0020905,277.5711365,127.0655212,160.4296875,326.6651917,0.854647522,0.145352497,0.009634628,0.000315855
2020-12-09,17:13:06,2.044000053,8.002899933,163.0981445,177.2546844,161.128952,160.0027008,277.569397,127.1054535,160.3848419,326.6651917,0.854647522,0.145352497,0.009634628,0.000315855
2020-12-09,17:13:07,2.043700027,8.002799988,163.0981445,177.2590637,161.1279907,160.0024719,277.5699158,127.1449051,160.3403625,326.6651917,0.854647522,0.145352497,0.009634628,0.000315855
2020-12-09,17:13:08,2.043499947,8.002600098,163.0981445,177.2643127,161.127533,160.0028229,277.5690918,127.1845551,160.2958832,326.6651917,0.854647522,0.145352497,0.009634628,0.000315855
2020-12-09,17:13:09,2.041200066,8.002300262,163.0981445,177.2687073,161.1271362,160.0022583,277.5706482,127.2212067,160.2546844,326.6651917,0.854647522,0.145352497,0.009634628,0.000315855
2020-12-09,17:13:10,2.038699913,8.001999664,163.0981445,177.2727203,161.1277466,160.0020905,277.571167,127.2601624,160.2109833,326.6651917,0.854647522,0.145352497,0.009634628,0.000315855
2020-12-09,17:13:11,2.036599922,8.001799774,163.0981445,177.2772217,161.1279755,160.0024261,277.5700073,127.2990417,160.1672821,326.6651917,0.854647522,0.145352497,0.009634628,0.000315855
2020-12-09,17:13:12,2.034499931,8.001499939,163.0991669,177.2819672,161.1275482,160.0021362,277.5708008,127.3369141,160.1248932,326.6651917,0.854647522,0.145352497,0.009634628,0.000315855
2020-12-09,17:13:13,2.032600021,8.001200104,163.0991669,177.285675,161.1276855,160.0018158,277.5716858,127.373703,160.0836639,326.6651917,0.854647522,0.145352497,0.009634628,0.000315855
2020-12-09,17:13:14,2.030599976,8.000900269,163.0991669,177.2900696,161.1278381,160.0022583,277.5706177,127.4112854,160.0415192,326.6651917,0.854647522,0.145352497,0.009634628,0.000315855
2020-12-09,17:13:15,2.028499985,8.000700378,163.0991669,177.2953949,161.128418,160.0016479,277.5722961,127.4492645,159.999115,326.6651917,0.854647522,0.145352497,0.009634628,0.000315855
2020-12-09,17:13:16,2.02689991,8.00039978,163.0991669,177.2990265,161.12677,160.0023651,277.570343,127.4844284,159.9597473,326.6651917,0.854647522,0.145352497,0.009634628,0.000315855
2020-12-09,17:13:17,2.025,8.000099945,163.0991669,177.302597,161.1281586,160.0022583,277.5705261,127.5217896,159.9178925,326.6651917,0.854647522,0.145352497,0.009634628,0.000315855
2020-12-09,17:13:18,2.023200035,7.999900055,163.0991669,177.3074188,161.1273041,160.0016479,277.5723267,127.5584641,159.8769226,326.6651917,0.854647522,0.145352497,0.009634628,0.000315855
2020-12-09,17:13:19,2.021299934,7.99960022,163.0991669,177.3115387,161.126236,160.0020905,277.5709534,127.5923157,159.8391113,326.6651917,0.854647522,0.145352497,0.009634628,0.000315855
2020-12-09,17:13:20,2.019799995,7.99940033,163.0991669,177.3152008,161.1269684,160.0023651,277.5703735,127.6284561,159.7987823,326.6651917,0.854647522,0.145352497,0.009634628,0.000315855
2020-12-09,17:13:21,2.018000031,8.0,163.1001892,177.319397,161.1266022,160.0019836,277.5713501,127.6635818,159.7595062,326.6651917,0.854647522,0.145352497,0.009634628,0.000315855
2020-12-09,17:13:22,2.016300011,8.000700378,163.1001892,177.3232727,161.1279755,160.0021973,277.5707092,127.69944,159.7194824,326.6651917,0.854647522,0.145352497,0.009634628,0.000315855
2020-12-09,17:13:23,2.014699936,8.001300049,163.1001892,177.3281555,161.1275787,160.0015869,277.5724182,127.7351303,159.6797028,326.6651917,0.854647522,0.145352497,0.009634628,0.000315855
2020-12-09,17:13:24,2.013199997,8.001699829,163.1001892,177.3310394,161.1280212,160.00177,277.5718079,127.7690964,159.6418915,326.6651917,0.854647522,0.145352497,0.009634628,0.000315855
2020-12-09,17:13:25,2.011700058,8.001999664,163.1001892,177.3354645,161.1270905,160.0013885,277.572937,127.8031616,159.6039734,326.6651917,0.854647522,0.145352497,0.009634628,0.000315855
2020-12-09,17:13:26,2.010300064,8.002100372,163.1011963,177.3392029,161.1267395,160.0017242,277.5722046,127.8367462,159.5664673,326.6651917,0.854647522,0.145352497,0.009634628,0.000315855
2020-12-09,17:13:27,2.008799934,8.001399994,163.1022644,177.3422852,161.1269379,160.0018158,277.5718079,127.8702011,159.5293274,326.6651917,0.854647522,0.145352497,0.009634628,0.000315855
2020-12-09,17:13:28,2.00720005,8.000700378,163.1012573,177.345459,161.1267395,160.0019836,277.5713196,127.9036636,159.4920349,326.7882385,0.854647522,0.145352497,0.009634628,0.000315855
2020-12-09,17:13:29,2.006100082,7.999900055,163.1012573,177.3495483,161.1266022,160.0015411,277.5726013,127.9373474,159.4546204,326.7882385,0.854647522,0.145352497,0.009634628,0.000315855
2020-12-09,17:13:30,2.004700089,7.999299622,163.1012573,177.3528595,161.1276245,160.0015869,277.5723877,127.9688644,159.4195404,326.7882385,0.854647522,0.145352497,0.009634628,0.000315855
2020-12-09,17:13:31,2.003300095,7.998799896,163.1022644,177.3577118,161.1266022,160.0014191,277.5728149,128.0015411,159.3831787,326.7882385,0.854647522,0.145352497,0.009634628,0.000315855
2020-12-09,17:13:32,2.002099991,7.998400116,163.1022644,177.3610382,161.1273041,160.0013275,277.5732117,128.0340729,159.347229,326.7882385,0.854647522,0.145352497,0.009634628,0.000315855
2020-12-09,17:13:33,2.000799942,7.998500061,163.1022644,177.363739,161.1280518,160.0009766,277.5740356,128.0655975,159.312149,326.7882385,0.854647522,0.145352497,0.009634628,0.000315855
2020-12-09,17:13:34,1.999600029,7.998699951,163.1022644,177.3673859,161.127655,160.0013885,277.5729065,128.0962524,159.278183,326.7882385,0.854619675,0.145380297,0.009634628,0.000315855
2020-12-09,17:13:35,1.99829998,7.998799896,163.1022644,177.3702698,161.1269226,160.0013885,277.5731506,128.1277161,159.2432404,326.7882385,0.854619675,0.145380297,0.009634628,0.000315855
2020-12-09,17:13:36,1.997299957,7.998999786,163.1022644,177.3735504,161.127533,160.0010376,277.5739441,128.1598816,159.2076721,326.7882385,0.854619675,0.145380297,0.009634628,0.000315855
2020-12-09,17:13:37,1.996199989,7.999099731,163.1022644,177.3771973,161.1262665,160.0006409,277.5749512,128.1904144,159.1737823,326.7882385,0.854619675,0.145380297,0.009634628,0.000315855
2020-12-09,17:13:38,1.995000076,7.999299622,163.1022644,177.3816223,161.1282043,160.0007477,277.5746765,128.2195892,159.1414642,326.7882385,0.854619675,0.145380297,0.009634628,0.000315855
2020-12-09,17:13:39,1.993700027,7.99940033,163.1022644,177.3840332,161.1260986,160.0005798,277.5750732,128.2500458,159.1077728,326.7882385,0.854619675,0.145380297,0.009634628,0.000315855
2020-12-09,17:13:40,1.99260006,7.999500275,163.1022644,177.388092,161.12677,160.0009766,277.5741882,128.2804413,159.0740509,326.7882385,0.854619675,0.145380297,0.009634628,0.000315855
2020-12-09,17:13:41,1.991399956,7.99960022,163.1022644,177.3908844,161.1276398,160.0006409,277.5750122,128.3100281,159.0413666,326.7882385,0.854619675,0.145380297,0.009634628,0.000315855
2020-12-09,17:13:42,1.990600014,7.999700165,163.1022644,177.3940277,161.1272736,160.0010376,277.573761,128.3386841,159.0096893,326.7882385,0.854619675,0.145380297,0.009634628,0.000315855
2020-12-09,17:13:43,1.989500046,7.99980011,163.1033325,177.3977661,161.1265411,160.0005798,277.5750732,128.3673553,158.9779968,326.7882385,0.854619675,0.145380297,0.009634628,0.000315855
2020-12-09,17:13:44,1.988699913,7.999900055,163.1033325,177.4002228,161.127655,160.0008087,277.574585,128.3964996,158.945755,326.7882385,0.854619675,0.145380297,0.009634628,0.000315855
2020-12-09,17:13:45,1.987700081,8.0,163.1033325,177.4041443,161.1269531,160.0006409,277.5749512,128.4235229,158.9159241,326.7882385,0.854619675,0.145380297,0.009634628,0.000315855
2020-12-09,17:13:46,1.986700058,8.000099945,163.1033325,177.4075165,161.1273193,160.0009766,277.5742188,128.4528351,158.8836212,326.7882385,0.854619675,0.145380297,0.009634628,0.000315855
2020-12-09,17:13:47,1.985700035,8.00019989,163.1033325,177.4100647,161.1268311,160.0008087,277.574585,128.480011,158.8536072,326.7882385,0.854619675,0.145380297,0.009634628,0.000315855
2020-12-09,17:13:48,1.985000038,8.000299835,163.1033325,177.413269,161.1265411,160.0010376,277.5739441,128.5062408,158.8246307,326.7882385,0.854619675,0.145380297,0.009634628,0.000315855
2020-12-09,17:13:49,1.984199905,8.00039978,163.1043549,177.4152527,161.1273804,160.0008087,277.5745544,128.5344696,158.7934875,326.7882385,0.854619675,0.145380297,0.009634628,0.000315855
2020-12-09,17:13:50,1.983300018,8.000499725,163.1043549,177.4197845,161.1269684,160.0005798,277.5752869,128.561203,158.7640533,326.7882385,0.854619675,0.145380297,0.009634628,0.000315855
2020-12-09,17:13:51,1.982500076,8.00059967,163.1043549,177.4225616,161.1272278,160.0000153,277.5766602,128.5886993,158.7337341,326.7882385,0.854619675,0.145380297,0.009634628,0.000315855
2020-12-09,17:13:52,1.981399918,8.000700378,163.1043549,177.4249573,161.1274414,160.0009766,277.5740967,128.6151428,158.7046509,326.7882385,0.854619675,0.145380297,0.009634628,0.000315855
2020-12-09,17:13:53,1.980800056,8.000800323,163.1043549,177.4275055,161.1270142,160.0002594,277.5761108,128.6403809,158.6768341,328.1979065,0.854619675,0.145380297,0.009634628,0.000315855
2020-12-09,17:13:54,1.979700089,8.000700378,163.1043549,177.4313354,161.1266174,160.0005798,277.5750732,128.6666412,158.6478882,328.1979065,0.854619675,0.145380297,0.009634628,0.000315855
2020-12-09,17:13:55,1.979000092,8.000900269,163.1043549,177.4353333,161.1273499,160.0004272,277.575592,128.6921997,158.6197052,328.1979065,0.854619675,0.145380297,0.009634628,0.000315855
2020-12-09,17:13:56,1.978300095,8.000900269,163.1053619,177.4361725,161.127121,160.0000153,277.5766296,128.7172394,158.5922394,328.1979065,0.854619675,0.145380297,0.009634628,0.000315855
2020-12-09,17:13:57,1.977700043,8.001000214,163.1053619,177.4400177,161.1275635,160.0005798,277.5752258,128.7424011,158.5645447,328.1979065,0.854619675,0.145380297,0.009634628,0.000315855
2020-12-09,17:13:58,1.976799965,8.001100159,163.1063843,177.4427032,161.1268005,160.0001526,277.5763855,128.7677155,158.5367737,328.3063049,0.854619675,0.145380297,0.009634628,0.000315855
2020-12-09,17:13:59,1.976099968,8.001100159,163.1063843,177.4456329,161.1284943,159.9998627,277.5770264,128.790863,158.5113983,328.3063049,0.854619675,0.145380297,0.009634628,0.000315855
2020-12-09,17:14:00,1.975600052,8.001200104,163.1053619,177.4482269,161.1264038,160.0000153,277.5766907,128.8157196,158.4839478,328.3063049,0.854619675,0.145380297,0.009634628,0.000315855
2020-12-09,17:14:01,1.975,8.001100159,163.1064301,177.4511414,161.1274567,160.0002594,277.5761108,128.84021,158.4570007,328.3063049,0.854619675,0.145380297,0.009634628,0.000315855
2020-12-09,17:14:02,1.974300003,8.001200104,163.1064301,177.4549561,161.1280365,159.9998627,277.5770264,128.8649139,158.4299927,328.3063049,0.854637528,0.145362396,0.009634628,0.000315855
2020-12-09,17:14:03,1.973399925,8.001300049,163.1064301,177.456955,161.1277924,160.0003662,277.5756836,128.8870392,158.4057465,328.3063049,0.854637528,0.145362396,0.009634628,0.000315855
2020-12-09,17:14:04,1.97310009,8.001300049,163.1064301,177.4594879,161.1271362,160.0005798,277.5751953,128.9107361,158.3796997,328.3063049,0.854637528,0.145362396,0.009634628,0.000315855
2020-12-09,17:14:05,1.972200012,8.001399994,163.1064301,177.4616547,161.1269226,159.9999084,277.5769653,128.9337921,158.3544312,328.3063049,0.854637528,0.145362396,0.009634628,0.000315855
2020-12-09,17:14:06,1.97159996,8.001300049,163.1064301,177.4647064,161.1284637,160.0002594,277.5759888,128.957428,158.3284607,328.3063049,0.854637528,0.145362396,0.009634628,0.000315855
2020-12-09,17:14:07,1.971100044,8.001399994,163.1064301,177.4680481,161.1278076,160.0005341,277.5766602,128.9792328,158.3045654,328.3063049,0.854637528,0.145362396,0.009634628,0.000315855
2020-12-09,17:14:08,1.970499992,8.001399994,163.1064301,177.4705353,161.1280518,159.9996948,277.5775757,129.00177,158.2799377,327.6723022,0.854637528,0.145362396,0.009634628,0.000315855
2020-12-09,17:14:09,1.969799995,8.001499939,163.1064301,177.473175,161.1289825,160.0001526,277.576416,129.0245209,158.2550354,327.6723022,0.854637528,0.145362396,0.009634628,0.000315855
2020-12-09,17:14:10,1.969300079,8.001499939,163.1064301,177.4763641,161.1286469,159.9998016,277.5773621,129.0471191,158.2301941,327.6723022,0.854637528,0.145362396,0.009634628,0.000315855
2020-12-09,17:14:11,1.969099998,8.001499939,163.1074371,177.4784241,161.1281128,159.9999542,277.5768127,129.0680847,158.2072754,327.6723022,0.854637528,0.145362396,0.009634628,0.000315855
2020-12-09,17:14:12,1.968600082,8.001499939,163.1074371,177.4820557,161.1292267,159.9996948,277.5775757,129.0900269,158.1832428,327.6723022,0.854637528,0.145362396,0.009634628,0.000315855
2020-12-09,17:14:13,1.96779995,8.001599884,163.1074371,177.4839783,161.1296387,160.0000153,277.5766602,129.1110687,158.160202,327.6723022,0.854637528,0.145362396,0.009634628,0.000315855
2020-12-09,17:14:14,1.967200089,8.001499939,163.1074371,177.486557,161.1292267,159.999527,277.5779724,129.131485,158.13797,327.6723022,0.854637528,0.145362396,0.009634628,0.000315855
2020-12-09,17:14:15,1.966900063,8.001599884,163.1074371,177.4891663,161.1293945,159.9998627,277.5770874,129.1525116,158.1148834,327.6723022,0.854637528,0.145362396,0.009634628,0.000315855
2020-12-09,17:14:16,1.966399956,8.001499939,163.1074371,177.4916382,161.131073,159.999588,277.5777893,129.1737823,158.0916595,327.6723022,0.854637528,0.145362396,0.009634628,0.000315855
2020-12-09,17:14:17,1.965999985,8.001599884,163.1074371,177.494278,161.1304016,160.0000916,277.5765076,129.1930084,158.0706635,327.6723022,0.854637528,0.145362396,0.009634628,0.000315855
2020-12-09,17:14:18,1.965500069,8.001599884,163.1074371,177.4970398,161.1307526,159.9996948,277.5776367,129.2134247,158.0483856,327.5687256,0.854637528,0.145362396,0.009634628,0.000315855
2020-12-09,17:14:19,1.964900017,8.001599884,163.10849,177.499649,161.1311035,159.999588,277.5778198,129.2339172,158.0259399,327.5687256,0.854637528,0.145362396,0.009634628,0.000315855
2020-12-09,17:14:20,1.964500046,8.001599884,163.10849,177.5018616,161.1306915,159.9994659,277.5782776,129.2548828,158.0030975,327.5687256,0.854637528,0.145362396,0.009634628,0.000315855
2020-12-09,17:14:21,1.964100075,8.001699829,163.10849,177.5044861,161.131546,159.9996338,277.5777283,129.2743683,157.9819183,327.5687256,0.854637528,0.145362396,0.009634628,0.000315855
2020-12-09,17:14:22,1.963599968,8.001599884,163.10849,177.506012,161.1307831,159.9994659,277.5782471,129.2927246,157.961731,327.5687256,0.854637528,0.145362396,0.009634628,0.000315855
2020-12-09,17:14:23,1.963299942,8.001699829,163.10849,177.5089111,161.1316223,159.9994354,277.5784607,129.3128204,157.9398346,327.5687256,0.854637528,0.145362396,0.009634628,0.000315855
2020-12-09,17:14:24,1.962899971,8.001599884,163.10849,177.5118103,161.1328583,159.9991913,277.5789185,129.3321228,157.9188538,327.5687256,0.854637528,0.145362396,0.009634628,0.000315855
2020-12-09,17:14:25,1.962400055,8.001699829,163.10849,177.5142059,161.1329346,159.9993744,277.5785522,129.3502502,157.8990326,327.5687256,0.854637528,0.145362396,0.009634628,0.000315855
2020-12-09,17:14:26,1.962000084,8.001599884,163.1094971,177.5168915,161.1331329,159.9994354,277.5783997,129.3696747,157.8778687,327.5687256,0.854637528,0.145362396,0.009634628,0.000315855
2020-12-09,17:14:27,1.961800003,8.001699829,163.1094971,177.5189972,161.1319885,159.9997559,277.5774231,129.3886566,157.8571167,327.5687256,0.854637528,0.145362396,0.009634628,0.000315855
2020-12-09,17:14:28,1.961499977,8.001599884,163.1094971,177.5211945,161.1318512,159.9994659,277.578186,129.40625,157.8379974,327.5687256,0.854637528,0.145362396,0.009634628,0.000315855
2020-12-09,17:14:29,1.961000061,8.001599884,163.1094971,177.5231018,161.1328278,159.9993134,277.5786438,129.4250641,157.8174744,327.5687256,0.854637528,0.145362396,0.009634628,0.000315855
2020-12-09,17:14:30,1.960499954,8.001599884,163.1094971,177.5257263,161.1320953,159.9991302,277.5791626,129.4430542,157.7978516,327.5687256,0.854637528,0.145362396,0.009634628,0.000315855
2020-12-09,17:14:31,1.960199928,8.001599884,163.1105499,177.5276794,161.1334076,159.9993744,277.5785828,129.4608765,157.7785187,327.5687256,0.854637528,0.145362396,0.009634628,0.000315855
2020-12-09,17:14:32,1.959900093,8.001599884,163.1105499,177.5292358,161.1335754,159.9990692,277.5794983,129.4777374,157.7601471,327.5687256,0.854637528,0.145362396,0.009634628,0.000315855
2020-12-09,17:14:33,1.959600067,8.001499939,163.1105499,177.5327606,161.1330872,159.999527,277.5779114,129.4956512,157.7405853,327.427887,0.854637528,0.145362396,0.009634628,0.000315855
2020-12-09,17:14:34,1.959199905,8.001599884,163.1105499,177.5354614,161.1335297,159.9988098,277.5799561,129.5133972,157.721283,327.427887,0.854637528,0.145362396,0.009634628,0.000315855
2020-12-09,17:14:35,1.958799934,8.001499939,163.1105499,177.5374146,161.1340637,159.9994659,277.578064,129.5305786,157.7037048,327.427887,0.854637528,0.145362396,0.009634628,0.000315855
2020-12-09,17:14:36,1.958699989,8.001599884,163.1105499,177.5392151,161.1344757,159.9992523,277.5787964,129.5475311,157.6841736,327.427887,0.854637528,0.145362396,0.009634628,0.000315855
2020-12-09,17:14:37,1.958300018,8.001499939,163.1105499,177.5422363,161.1334534,159.999527,277.5780029,129.5639191,157.6663666,327.427887,0.854637528,0.145362396,0.009634628,0.000315855
2020-12-09,17:14:38,1.958099937,8.001499939,163.1105499,177.544342,161.1342163,159.9993134,277.5786133,129.5804138,157.648407,327.427887,0.854685211,0.145314798,0.009634628,0.000315626
2020-12-09,17:14:39,1.957900047,8.001499939,163.1105499,177.5458527,161.1340179,159.9990692,277.5792847,129.5969086,157.6305084,327.427887,0.854685211,0.145314798,0.009634628,0.000315626
2020-12-09,17:14:40,1.957299995,8.001399994,163.1116333,177.5484161,161.1337585,159.9991913,277.578949,129.61409,157.6117859,327.427887,0.854685211,0.145314798,0.009634628,0.000315626
2020-12-09,17:14:41,1.95720005,8.001499939,163.1116333,177.5502625,161.1344757,159.9989166,277.5796814,129.6302643,157.5941772,327.427887,0.854685211,0.145314798,0.009634628,0.000315626
2020-12-09,17:14:42,1.956999969,8.001399994,163.1116333,177.5518494,161.1348419,159.9993744,277.5785522,129.6460571,157.5771637,327.427887,0.854685211,0.145314798,0.009634628,0.000315626
2020-12-09,17:14:43,1.956599998,8.001399994,163.1116333,177.5539398,161.1356354,159.9990387,277.5793762,129.6618958,157.5598907,327.3121643,0.854685211,0.145314798,0.009634628,0.000315626
2020-12-09,17:14:44,1.956399918,8.001399994,163.1116333,177.5572357,161.1345978,159.9989166,277.5796814,129.6772919,157.5431976,327.3121643,0.854685211,0.145314798,0.009634628,0.000315626
2020-12-09,17:14:45,1.956100082,8.001300049,163.1116333,177.5576935,161.1341095,159.9985504,277.5807495,129.6936035,157.5255127,327.3121643,0.854685211,0.145314798,0.009634628,0.000315626
2020-12-09,17:14:46,1.955900002,8.001399994,163.1116333,177.5608215,161.1359406,159.9991302,277.5791626,129.7081604,157.5097198,327.3121643,0.854685211,0.145314798,0.009634628,0.000315626
2020-12-09,17:14:47,1.955699921,8.001300049,163.1116333,177.5627441,161.1356506,159.9988708,277.5799255,129.7235718,157.4929657,327.3121643,0.854685211,0.145314798,0.009634628,0.000315626
2020-12-09,17:14:48,1.95529995,8.001200104,163.1116333,177.5647125,161.1360931,159.9985962,277.5806885,129.7397461,157.4754639,327.3121643,0.854685211,0.145314798,0.009634628,0.000315626
2020-12-09,17:14:49,1.95510006,8.001300049,163.1116333,177.5667419,161.1363678,159.9987488,277.5801086,129.7542572,157.4597015,327.3121643,0.854685211,0.145314798,0.009634628,0.000315626
2020-12-09,17:14:50,1.954800034,8.001200104,163.1116333,177.5687256,161.1356659,159.9989777,277.5796509,129.7696381,157.4430695,327.3121643,0.854685211,0.145314798,0.009634628,0.000315626
2020-12-09,17:14:51,1.954899979,8.001200104,163.1116333,177.5700684,161.1361847,159.9984741,277.5808411,129.7835999,157.4279633,327.3121643,0.854685211,0.145314798,0.009634628,0.000315626
2020-12-09,17:14:52,1.954500008,8.001200104,163.1116333,177.5719299,161.1368713,159.9990692,277.5793152,129.7983246,157.4119263,327.3121643,0.854685211,0.145314798,0.009634628,0.000315626
2020-12-09,17:14:53,1.954199982,8.001100159,163.1126556,177.5748444,161.1360626,159.9991302,277.57901,129.813324,157.3956451,327.3121643,0.854685211,0.145314798,0.009634628,0.000315626
2020-12-09,17:14:54,1.954299927,8.001200104,163.1126556,177.576355,161.1363983,159.9989777,277.5795898,129.8265839,157.3813782,327.3121643,0.854685211,0.145314798,0.009634628,0.000315626
2020-12-09,17:14:55,1.954000092,8.001100159,163.1126556,177.5782166,161.1371765,159.9988098,277.5800476,129.8415833,157.3651428,327.3121643,0.854685211,0.145314798,0.009634628,0.000315626
2020-12-09,17:14:56,1.953800011,8.001100159,163.1126556,177.5801544,161.1359558,159.9986572,277.5805664,129.8556061,157.3499146,327.3121643,0.854685211,0.145314798,0.009634628,0.000315626
2020-12-09,17:14:57,1.95359993,8.001000214,163.1136932,177.5829163,161.1364746,159.9987488,277.5802307,129.8690033,157.3353882,327.3121643,0.854685211,0.145314798,0.009634628,0.000315626
2020-12-09,17:14:58,1.953199959,8.001000214,163.1136932,177.583313,161.1363068,159.9988708,277.5799255,129.882431,157.3208618,327.3121643,0.854685211,0.145314798,0.009634628,0.000316852
2020-12-09,17:14:59,1.952899933,8.001000214,163.1136932,177.5855103,161.136673,159.9984131,277.5809937,129.8974915,157.3045349,327.3121643,0.854685211,0.145314798,0.009634628,0.000316852
2020-12-09,17:15:00,1.952700043,8.000900269,163.1136932,177.5869904,161.1368408,159.9989166,277.5797119,129.9107971,157.2901306,327.3121643,0.854685211,0.145314798,0.009634628,0.000316852
2020-12-09,17:15:01,1.952899933,8.001000214,163.1136932,177.5885925,161.1372681,159.9989777,277.5795593,129.9230347,157.2768555,327.3121643,0.854685211,0.145314798,0.009634628,0.000316852
2020-12-09,17:15:02,1.952400017,8.000900269,163.1136932,177.5902863,161.1366272,159.9990692,277.5797729,129.9369049,157.2618866,327.3121643,0.854685211,0.145314798,0.009634628,0.000316852
2020-12-09,17:15:03,1.952300072,8.000800323,163.1136932,177.5926056,161.1358795,159.9987183,277.5803528,129.9499054,157.2477417,327.3121643,0.854685211,0.145314798,0.009634628,0.000316852
2020-12-09,17:15:04,1.952199936,8.000900269,163.1136932,177.594101,161.1380768,159.9984741,277.5808716,129.9627686,157.2338562,327.3121643,0.854685211,0.145314798,0.009634628,0.000316852
2020-12-09,17:15:05,1.952000046,8.000800323,163.1136932,177.5963898,161.1376038,159.9986572,277.5805664,129.9757843,157.2198944,327.3121643,0.854685211,0.145314798,0.009634628,0.000316852
2020-12-09,17:15:06,1.95189991,8.000700378,163.1148071,177.5979004,161.1379852,159.9984131,277.5810242,129.9888763,157.205658,327.3121643,0.854685211,0.145314798,0.009634628,0.000316852
2020-12-09,17:15:07,1.952000046,8.000800323,163.1148071,177.5988617,161.137146,159.9980927,277.5819702,130.0025177,157.1908875,327.3121643,0.854685211,0.145314798,0.009634628,0.000316852
2020-12-09,17:15:08,1.951600075,8.000700378,163.1148071,177.6018677,161.1378479,159.9984131,277.5811462,130.0138702,157.1787109,327.3121643,0.854685211,0.145314798,0.009634628,0.000316852
2020-12-09,17:15:09,1.951799965,8.000700378,163.1148071,177.6027985,161.1368561,159.9987183,277.5804138,130.0268097,157.1646576,327.3121643,0.854685211,0.145314798,0.009634628,0.000316852
2020-12-09,17:15:10,1.951499939,8.00059967,163.1148071,177.6051178,161.1373444,159.9984131,277.5810242,130.0394287,157.1510315,327.3121643,0.854685211,0.145314798,0.009634628,0.000316852
2020-12-09,17:15:11,1.951399994,8.00059967,163.1148071,177.6067505,161.1378326,159.9985962,277.5806274,130.0511627,157.1383667,327.3121643,0.854685211,0.145314798,0.009634628,0.000316852
2020-12-09,17:15:12,1.951300049,8.00059967,163.1158295,177.6083527,161.1370544,159.9984741,277.5808716,130.0632172,157.1253357,327.3121643,0.854685211,0.145314798,0.009634628,0.000316852
2020-12-09,17:15:13,1.951099968,8.000499725,163.1158295,177.6092377,161.138092,159.9987488,277.5801697,130.0756226,157.111969,327.2041931,0.854685211,0.145314798,0.009634628,0.000316852
2020-12-09,17:15:14,1.951300049,8.000499725,163.1158295,177.6112671,161.1374207,159.9984131,277.5810852,130.0873566,157.0992737,327.2041931,0.854685211,0.145314798,0.009634628,0.000316852
2020-12-09,17:15:15,1.950699997,8.00039978,163.1158295,177.6138306,161.1378021,159.9980316,277.5821228,130.0979767,157.0877228,327.2041931,0.854685211,0.145314798,0.009634628,0.000316852
2020-12-09,17:15:16,1.950900078,8.00039978,163.1158295,177.6125946,161.1375275,159.9983826,277.5812683,130.1102142,157.0746307,327.2041931,0.854685211,0.145314798,0.009634628,0.000316852
2020-12-09,17:15:17,1.950600052,8.00039978,163.1158295,177.615799,161.1387939,159.9981537,277.5817871,130.1221924,157.0617371,327.2041931,0.854685211,0.145314798,0.009634628,0.000316852
2020-12-09,17:15:18,1.950499916,8.000299835,163.1158295,177.6173706,161.1378326,159.9979401,277.582489,130.1337738,157.0492401,327.2041931,0.854685211,0.145314798,0.009634628,0.000316852
2020-12-09,17:15:19,1.950300026,8.00039978,163.1158295,177.6186523,161.1383514,159.9981995,277.5817566,130.1445618,157.0375824,327.2041931,0.854685211,0.145314798,0.009634628,0.000316852
2020-12-09,17:15:20,1.950099945,8.000299835,163.1158295,177.6205444,161.1378326,159.9979858,277.582428,130.1560669,157.0252075,327.2041931,0.854685211,0.145314798,0.009634628,0.000316852
2020-12-09,17:15:21,1.950200081,8.00019989,163.1169281,177.6220703,161.138504,159.9984131,277.5810852,130.1665497,157.0138702,327.2041931,0.854685211,0.145314798,0.009634628,0.000316852
2020-12-09,17:15:22,1.95,8.000299835,163.1169281,177.6245117,161.1383057,159.9977722,277.5828552,130.1782837,157.0012207,327.2041931,0.854685211,0.145314798,0.009634628,0.000316852
2020-12-09,17:15:23,1.949799919,8.00019989,163.1169281,177.6256714,161.1391144,159.9982605,277.581543,130.1890869,156.989563,327.2041931,0.854685211,0.145314798,0.009634628,0.000316852
2020-12-09,17:15:24,1.949600029,8.000099945,163.1169281,177.6254272,161.1379242,159.9981537,277.5818787,130.1999359,156.9778595,327.2041931,0.854685211,0.145314798,0.009634628,0.000315626
2020-12-09,17:15:25,1.949699974,8.00019989,163.1169281,177.6277618,161.138443,159.9977112,277.5830383,130.2108612,156.9661255,327.2041931,0.854685211,0.145314798,0.009634628,0.000315626
2020-12-09,17:15:26,1.949399948,8.000099945,163.1169281,177.629364,161.1387482,159.9980927,277.5819702,130.2211456,156.9549408,327.2041931,0.854685211,0.145314798,0.009634628,0.000315626
2020-12-09,17:15:27,1.949300003,8.0,163.1169281,177.6300659,161.1380615,159.997879,277.5826111,130.2313843,156.9439087,327.2041931,0.854685211,0.145314798,0.009634628,0.000315626
2020-12-09,17:15:28,1.949399948,8.0,163.1169281,177.6312103,161.1401367,159.9979858,277.5823059,130.2422791,156.9322357,327.0763855,0.854685211,0.145314798,0.009634628,0.000315626
2020-12-09,17:15:29,1.949500084,8.0,163.117981,177.6334686,161.1391449,159.9984131,277.5810852,130.2527466,156.921051,327.0763855,0.854685211,0.145314798,0.009634628,0.000315626
2020-12-09,17:15:30,1.949099922,7.999900055,163.117981,177.6339569,161.1399384,159.9980316,277.5820618,130.2622528,156.9107666,327.0763855,0.854685211,0.145314798,0.009634628,0.000315626
2020-12-09,17:15:31,1.949200058,8.0,163.117981,177.6357727,161.1392822,159.9978333,277.5827942,130.2729034,156.8993073,327.0763855,0.854685211,0.145314798,0.009634628,0.000315626
2020-12-09,17:15:32,1.948800087,7.999900055,163.117981,177.6365814,161.1390686,159.9976501,277.5831604,130.2828979,156.8885498,327.0763855,0.854685211,0.145314798,0.009634628,0.000315626
2020-12-09,17:15:33,1.949099922,7.99980011,163.117981,177.6386719,161.1398773,159.9981995,277.5816956,130.292984,156.8776855,327.0763855,0.854685211,0.145314798,0.009634628,0.000315626
2020-12-09,17:15:34,1.948800087,7.99980011,163.117981,177.6392822,161.1391602,159.9980316,277.5820618,130.3026428,156.8672028,327.0763855,0.854685211,0.145314798,0.009634628,0.000315626
2020-12-09,17:15:35,1.948900032,7.999700165,163.117981,177.6404724,161.1396332,159.9980927,277.5819702,130.3117676,156.8573914,327.0763855,0.854685211,0.145314798,0.009634628,0.000315626
2020-12-09,17:15:36,1.948600006,7.999700165,163.117981,177.6424561,161.1392365,159.9979401,277.582428,130.3220978,156.8463287,327.0763855,0.854685211,0.145314798,0.009634628,0.000315626
2020-12-09,17:15:37,1.948800087,7.99960022,163.117981,177.6440887,161.1403198,159.9980316,277.5821838,130.3313751,156.8363342,327.0763855,0.854685211,0.145314798,0.009634628,0.000315626
2020-12-09,17:15:38,1.948500061,7.99960022,163.117981,177.6436157,161.1392212,159.9978333,277.5828247,130.3412933,156.8256683,327.0763855,0.854685211,0.145314798,0.009634628,0.000315626
2020-12-09,17:15:39,1.948399925,7.999500275,163.117981,177.6457214,161.1400146,159.9981537,277.5818787,130.3514709,156.8146667,327.0763855,0.854685211,0.145314798,0.009634628,0.000315626
2020-12-09,17:15:40,1.94810009,7.99940033,163.1190186,177.646347,161.1404419,159.9980316,277.5822144,130.3602905,156.805191,327.0763855,0.854685211,0.145314798,0.009634628,0.000315626
2020-12-09,17:15:41,1.948200035,7.99940033,163.1190186,177.6474304,161.1403503,159.9981537,277.5818787,130.3692322,156.795578,327.0763855,0.854685211,0.145314798,0.009634628,0.000315626
2020-12-09,17:15:42,1.947999954,7.999299622,163.1190186,177.6485901,161.1398163,159.9975433,277.5834961,130.3781128,156.7859344,327.0763855,0.854685211,0.145314798,0.009634628,0.000315626
2020-12-09,17:15:43,1.94810009,7.99940033,163.1190186,177.6502991,161.1404572,159.9973602,277.5839539,130.3881378,156.7753754,327.0763855,0.854685211,0.145314798,0.009634628,0.000315626
2020-12-09,17:15:44,1.947900009,7.999199677,163.1190186,177.6504211,161.1392212,159.9972992,277.5841064,130.3966217,156.7662048,327.0763855,0.854685211,0.145314798,0.009634628,0.000315626
2020-12-09,17:15:45,1.94810009,7.999199677,163.1190186,177.651825,161.1399689,159.9979401,277.582428,130.4051056,156.7570038,327.0763855,0.854685211,0.145314798,0.009634628,0.000315626
2020-12-09,17:15:46,1.947800064,7.999099731,163.1190186,177.6532898,161.1395569,159.9978333,277.5820313,130.4141693,156.7474213,327.0763855,0.854620667,0.145379295,0.009634628,0.000315626
2020-12-09,17:15:47,1.947699928,7.999099731,163.1190186,177.6539917,161.1412659,159.9973602,277.5839539,130.4234467,156.7373352,327.0763855,0.854620667,0.145379295,0.009634628,0.000315626
2020-12-09,17:15:48,1.947500038,7.998999786,163.1200256,177.6544647,161.1403198,159.9978333,277.5828247,130.4322357,156.7278748,327.0763855,0.854566193,0.145433903,0.009634628,0.000315626
2020-12-09,17:15:49,1.947699928,7.999299622,163.1189728,177.6559601,161.1401367,159.9979401,277.582489,130.4403992,156.7191162,327.0763855,0.854566193,0.145433903,0.009634628,0.000315626
2020-12-09,17:15:50,1.947400093,7.99940033,163.1200562,177.6572571,161.1409607,159.9977112,277.5830688,130.4486542,156.7102356,327.0763855,0.854566193,0.145433903,0.009634628,0.000315626
2020-12-09,17:15:51,1.947200012,7.999500275,163.1210632,177.6584167,161.1416321,159.9980316,277.5822754,130.4577942,156.7004547,327.0763855,0.854566193,0.145433903,0.009634628,0.000315626
2020-12-09,17:15:52,1.947500038,7.99940033,163.1210632,177.6592255,161.140274,159.9973602,277.5838928,130.4659576,156.6916809,327.0763855,0.854566193,0.145433903,0.009634628,0.000315626
2020-12-09,17:15:53,1.947200012,7.999299622,163.1200256,177.6605225,161.1398468,159.9981995,277.5817566,130.4741211,156.6829071,327.0763855,0.854566193,0.145433903,0.009634628,0.000315626
2020-12-09,17:15:54,1.947400093,7.999099731,163.1210785,177.661499,161.1412506,159.9976501,277.583313,130.4826965,156.6736908,327.0763855,0.854566193,0.145433903,0.009634628,0.000315626
2020-12-09,17:15:55,1.947200012,7.998999786,163.1210785,177.6621857,161.1408844,159.9972992,277.584137,130.4904022,156.66539,327.0763855,0.854566193,0.145433903,0.009634628,0.000315626
2020-12-09,17:15:56,1.947100067,7.998799896,163.1210785,177.6625214,161.1400146,159.9977112,277.5829773,130.4984741,156.6566772,327.0763855,0.854566193,0.145433903,0.009634628,0.000315626
2020-12-09,17:15:57,1.947299957,7.998799896,163.1210785,177.6634521,161.1405029,159.9977722,277.5831909,130.506485,156.6480865,327.0763855,0.854566193,0.145433903,0.009634628,0.000315626
2020-12-09,17:15:58,1.947100067,7.998600006,163.1210785,177.6649933,161.1411133,159.9976044,277.5826111,130.5145111,156.6394958,327.0763855,0.854566193,0.145433903,0.009634628,0.000315626
2020-12-09,17:15:59,1.946999931,7.998500061,163.1210785,177.6656952,161.1408386,159.9972992,277.5842896,130.5212402,156.6322632,327.0763855,0.854566193,0.145433903,0.009634628,0.000315626
2020-12-09,17:16:00,1.947100067,7.998699951,163.1210785,177.6669464,161.1411285,159.9977112,277.5829773,130.5305939,156.6222839,327.0763855,0.854566193,0.145433903,0.009634628,0.000315626
2020-12-09,17:16:01,1.946800041,7.998999786,163.1221161,177.6670685,161.1403961,159.9973602,277.5839844,130.538208,156.6140442,327.0763855,0.854566193,0.145433903,0.009634628,0.000315626
2020-12-09,17:16:02,1.946999931,7.999199677,163.1221161,177.6689911,161.1410217,159.9979401,277.582489,130.5457458,156.6060028,327.0763855,0.854663391,0.145336599,0.009634628,0.000315626
2020-12-09,17:16:03,1.947100067,7.99940033,163.1221161,177.6682739,161.141449,159.9976044,277.5834351,130.5533752,156.5978241,327.0763855,0.854663391,0.145336599,0.009634628,0.000315626
2020-12-09,17:16:04,1.946899986,7.999700165,163.1221161,177.6700134,161.1407471,159.9978333,277.5827942,130.5605011,156.5901642,327.0763855,0.854663391,0.145336599,0.009634628,0.000315626
2020-12-09,17:16:05,1.946800041,7.999900055,163.1221161,177.6708069,161.1403961,159.9976501,277.583252,130.568512,156.5816193,327.0763855,0.854663391,0.145336599,0.009634628,0.000315626
2020-12-09,17:16:06,1.946899986,8.000099945,163.1221161,177.67099,161.1415405,159.9975433,277.5834961,130.5751038,156.5745392,327.0763855,0.854663391,0.145336599,0.009634628,0.000315626
2020-12-09,17:16:07,1.946999931,8.000299835,163.1221161,177.6718292,161.1407166,159.9981537,277.5818787,130.5833282,156.5657043,327.0763855,0.854663391,0.145336599,0.009634628,0.000315626
2020-12-09,17:16:08,1.946800041,8.000499725,163.1221161,177.6717072,161.1416931,159.9976501,277.583252,130.5907898,156.5577087,326.9549561,0.854663391,0.145336599,0.009634628,0.000315626
2020-12-09,17:16:09,1.946699905,8.00039978,163.1221161,177.6721802,161.140625,159.9972992,277.5840454,130.5971375,156.5509186,326.9549561,0.854663391,0.145336599,0.009634628,0.000315626
2020-12-09,17:16:10,1.946899986,8.000299835,163.1221161,177.6725464,161.1416016,159.9977722,277.5828857,130.6044159,156.5430908,326.9549561,0.854626617,0.145373297,0.009634628,0.000315626
2020-12-09,17:16:11,1.946500015,8.000099945,163.1231232,177.6739655,161.1420898,159.9980316,277.5822144,130.6118011,156.535141,326.9549561,0.854626617,0.145373297,0.009634628,0.000315626
2020-12-09,17:16:12,1.946699905,8.0,163.1220398,177.6750488,161.1416168,159.9976044,277.5834045,130.618866,156.5276031,326.9549561,0.854677277,0.145322704,0.009634628,0.000315626
2020-12-09,17:16:13,1.946800041,7.999900055,163.1230774,177.6759186,161.1418915,159.9972992,277.584198,130.6251831,156.5207825,326.9549561,0.854677277,0.145322704,0.009634628,0.000315626
2020-12-09,17:16:14,1.946299934,7.99980011,163.1230774,177.6754456,161.1429596,159.9976501,277.5831604,130.6323242,156.5131226,326.9549561,0.854677277,0.145322704,0.009634628,0.000315626
2020-12-09,17:16:15,1.946699905,7.99960022,163.1230774,177.6769409,161.1406403,159.9974213,277.5837708,130.639389,156.5055695,326.9549561,0.854677277,0.145322704,0.009634628,0.000315626
2020-12-09,17:16:16,1.94640007,7.999500275,163.1230774,177.6763763,161.1413574,159.9974976,277.5839233,130.6461182,156.4983215,326.9549561,0.854677277,0.145322704,0.009634628,0.000315626
2020-12-09,17:16:17,1.946500015,7.999299622,163.1230774,177.6781464,161.1419678,159.9978333,277.5827332,130.6528625,156.4911804,326.9549561,0.854677277,0.145322704,0.009634628,0.000315626
2020-12-09,17:16:18,1.946199989,7.99940033,163.1230774,177.67836,161.1412964,159.9974976,277.5836487,130.6591034,156.484436,326.9549561,0.854677277,0.145322704,0.009634628,0.000315626
2020-12-09,17:16:19,1.94659996,7.99960022,163.1240997,177.6773682,161.1424103,159.9976501,277.5831299,130.6656036,156.4775085,326.9549561,0.854677277,0.145322704,0.009634628,0.000315626
2020-12-09,17:16:20,1.94640007,7.99980011,163.1240997,177.6785583,161.1413116,159.9977112,277.5831909,130.6728363,156.4697723,326.9549561,0.854677277,0.145322704,0.009634628,0.000315626
2020-12-09,17:16:21,1.946299934,7.999900055,163.1240997,177.6792755,161.1424103,159.9981537,277.5818481,130.6790924,156.4630737,326.9549561,0.854677277,0.145322704,0.009634628,0.000315626
2020-12-09,17:16:22,1.946500015,8.00019989,163.1240997,177.6810608,161.141037,159.9976044,277.5834351,130.6853333,156.4563904,326.9549561,0.854677277,0.145322704,0.009634628,0.000315626
2020-12-09,17:16:23,1.946199989,8.00039978,163.1240997,177.6800385,161.1417389,159.9974213,277.5838623,130.6919098,156.4493713,326.9549561,0.854677277,0.145322704,0.009634628,0.000315626
2020-12-09,17:16:24,1.946299934,8.00059967,163.1240997,177.681427,161.1414185,159.9977112,277.5830688,130.6975403,156.4433441,326.9549561,0.854677277,0.145322704,0.009634628,0.000315626
2020-12-09,17:16:25,1.94640007,8.000800323,163.1240997,177.6819153,161.1424561,159.9979858,277.5823669,130.7042847,156.4361115,326.9549561,0.854677277,0.145322704,0.009634628,0.000315626
2020-12-09,17:16:26,1.946199989,8.001000214,163.1251068,177.6833191,161.1420135,159.9977112,277.5829773,130.7105255,156.4293976,326.9549561,0.854677277,0.145322704,0.009634628,0.000315626
2020-12-09,17:16:27,1.946199989,8.001200104,163.1251068,177.6817474,161.1410675,159.9979401,277.582428,130.716629,156.4229126,326.9549561,0.854677277,0.145322704,0.009634628,0.000315626
2020-12-09,17:16:28,1.946299934,8.001399994,163.1251068,177.6824341,161.1405792,159.9980316,277.5820923,130.7233582,156.4157104,326.9549561,0.854677277,0.145322704,0.009634628,0.000315626
2020-12-09,17:16:29,1.945999908,8.001499939,163.1251068,177.6828003,161.1410675,159.997879,277.5825806,130.7288971,156.4096985,326.9549561,0.854677277,0.145322704,0.009634628,0.000315626
2020-12-09,17:16:30,1.946100044,8.001699829,163.1251068,177.6832886,161.1423035,159.9976501,277.5833435,130.7342682,156.4039612,326.9549561,0.854677277,0.145322704,0.009634628,0.000315626
2020-12-09,17:16:31,1.946199989,8.001899719,163.1251068,177.6840057,161.1415405,159.9974976,277.5836182,130.7407684,156.3970795,326.9549561,0.854677277,0.145322704,0.009634628,0.000315626
2020-12-09,17:16:32,1.945899963,8.001999664,163.1251068,177.6845093,161.141922,159.9974213,277.5838318,130.7462158,156.3912506,326.9549561,0.854677277,0.145322704,0.009634628,0.000315626
2020-12-09,17:16:33,1.945999908,8.002200317,163.1251068,177.6838074,161.1423187,159.9976044,277.5834351,130.7520142,156.385025,326.9549561,0.854677277,0.145322704,0.009634628,0.000315626
2020-12-09,17:16:34,1.946100044,8.002300262,163.1251068,177.6855621,161.1412964,159.9974213,277.5838013,130.7578735,156.3787842,326.9549561,0.854677277,0.145322704,0.009634628,0.000315626
2020-12-09,17:16:35,1.946100044,8.002400208,163.1251068,177.6851196,161.1417694,159.9981995,277.5816956,130.7634888,156.3726959,326.9549561,0.854677277,0.145322704,0.009634628,0.000315626
2020-12-09,17:16:36,1.945899963,8.002600098,163.1251068,177.6849213,161.141983,159.9978333,277.5827637,130.7695007,156.3663025,326.9549561,0.854677277,0.145322704,0.009634628,0.000315626
2020-12-09,17:16:37,1.946100044,8.002700043,163.1251068,177.6854248,161.1425934,159.9972534,277.5843201,130.7750244,156.3603668,326.9549561,0.854677277,0.145322704,0.009634628,0.000315626
2020-12-09,17:16:38,1.945899963,8.002799988,163.1251068,177.6857147,161.1413422,159.9983215,277.5813599,130.7800903,156.3549347,326.9549561,0.854677277,0.145322704,0.009634628,0.000315626
2020-12-09,17:16:39,1.945999908,8.002899933,163.1261444,177.6864624,161.1418457,159.9974213,277.5837708,130.785553,156.3491364,326.9549561,0.854677277,0.145322704,0.009634628,0.000315626
2020-12-09,17:16:40,1.946199989,8.002999878,163.1261444,177.6872101,161.140976,159.997879,277.5825806,130.7917328,156.3424683,326.9549561,0.854677277,0.145322704,0.009634628,0.000315626
2020-12-09,17:16:41,1.945800018,8.003199768,163.1271667,177.6852417,161.1424255,159.9979401,277.5824585,130.7967224,156.3371735,326.9549561,0.854677277,0.145322704,0.009634628,0.00031661
2020-12-09,17:16:42,1.946100044,8.003199768,163.1271667,177.686615,161.1417389,159.9976044,277.583374,130.8016205,156.3318939,326.9549561,0.854677277,0.145322704,0.009634628,0.00031661
2020-12-09,17:16:43,1.945800018,8.003399658,163.1271667,177.6864777,161.1413269,159.9978333,277.5828247,130.8071594,156.3259888,326.9549561,0.854677277,0.145322704,0.009634628,0.00031661
2020-12-09,17:16:44,1.945999908,8.003399658,163.1261597,177.6867371,161.1429443,159.9982605,277.581604,130.8125916,156.3201599,326.9549561,0.854677277,0.145322704,0.009634628,0.00031661
2020-12-09,17:16:45,1.945899963,8.003500366,163.1271667,177.6871948,161.1420593,159.9978333,277.5827026,130.8180695,156.3143768,326.9549561,0.854677277,0.145322704,0.009634628,0.00031661
2020-12-09,17:16:46,1.945800018,8.003600311,163.1271667,177.6865082,161.142868,159.9984131,277.5811157,130.823761,156.3083496,326.9549561,0.854677277,0.145322704,0.009634628,0.00031661
2020-12-09,17:16:47,1.945899963,8.003700256,163.1271667,177.6872101,161.1432037,159.9981537,277.5818787,130.827774,156.3040466,326.9549561,0.854677277,0.145322704,0.009634628,0.00031661
2020-12-09,17:16:48,1.945800018,8.003800201,163.1271667,177.6870117,161.1416016,159.9980316,277.5821533,130.8333282,156.2981262,326.9549561,0.854677277,0.145322704,0.009634628,0.00031661
2020-12-09,17:16:49,1.945999908,8.003900146,163.1271667,177.6867065,161.142746,159.9983215,277.5814209,130.8383026,156.2927551,326.9549561,0.854677277,0.145322704,0.009634628,0.00031661
2020-12-09,17:16:50,1.946100044,8.004000092,163.1271667,177.6879883,161.1420593,159.9977722,277.5829163,130.8428955,156.2879028,326.9549561,0.854677277,0.145322704,0.009634628,0.00031661
2020-12-09,17:16:51,1.945800018,8.004100037,163.1281738,177.6876984,161.1431274,159.9979401,277.582489,130.8480988,156.2823944,326.9549561,0.854677277,0.145322704,0.009634628,0.00031661
2020-12-09,17:16:52,1.946100044,8.004199982,163.1281738,177.6874847,161.1421509,159.9981995,277.581665,130.8529053,156.2771912,326.9549561,0.854677277,0.145322704,0.009634628,0.00031661
2020-12-09,17:16:53,1.945800018,8.004199982,163.1271515,177.6868439,161.1420746,159.9985962,277.580658,130.8571625,156.2725677,326.9549561,0.854677277,0.145322704,0.009634628,0.00031661
2020-12-09,17:16:54,1.945899963,8.004299927,163.1282349,177.6875458,161.1424866,159.9981995,277.5817566,130.8621368,156.2673035,326.9549561,0.854677277,0.145322704,0.009634628,0.00031661
2020-12-09,17:16:55,1.946100044,8.004299927,163.1282349,177.6871338,161.1417542,159.9985504,277.5808105,130.8672028,156.2619476,326.9549561,0.854677277,0.145322704,0.009634628,0.00031661
2020-12-09,17:16:56,1.945899963,8.004399872,163.1282349,177.6876221,161.1429291,159.9981995,277.581665,130.8715363,156.2572174,326.9549561,0.854677277,0.145322704,0.009634628,0.00031661
2020-12-09,17:16:57,1.946100044,8.004499817,163.1282349,177.6875458,161.1435242,159.9984131,277.5810852,130.8755493,156.2529449,326.9549561,0.854677277,0.145322704,0.009634628,0.00031661
2020-12-09,17:16:58,1.945899963,8.004499817,163.1282349,177.6878357,161.1438904,159.9981995,277.5817261,130.8811798,156.246933,326.7437134,0.854571075,0.145428896,0.009634628,0.00031661
2020-12-09,17:16:59,1.945800018,8.004599762,163.1282349,177.6864166,161.1421814,159.9983826,277.5812073,130.8858337,156.2420044,326.7437134,0.854571075,0.145428896,0.009634628,0.00031661
2020-12-09,17:17:00,1.945899963,8.004599762,163.1292725,177.6870422,161.1429443,159.9987488,277.5801086,130.8900146,156.2375336,326.7437134,0.854571075,0.145428896,0.009634628,0.00031661
2020-12-09,17:17:01,1.946100044,8.004599762,163.1292725,177.6862183,161.1431122,159.9985962,277.5805969,130.8942719,156.233017,326.7437134,0.854571075,0.145428896,0.009634628,0.00031661
2020-12-09,17:17:02,1.945999908,8.004699707,163.1292725,177.6867523,161.1435699,159.9981995,277.581665,130.8987732,156.2281494,326.7437134,0.854571075,0.145428896,0.009634628,0.00031661
2020-12-09,17:17:03,1.946299934,8.004799652,163.1292725,177.6863708,161.142746,159.9987488,277.5802917,130.9031982,156.223465,326.7437134,0.854571075,0.145428896,0.009634628,0.00031661
2020-12-09,17:17:04,1.945999908,8.004699707,163.1292725,177.6855469,161.1429291,159.9983826,277.5812073,130.9073029,156.2190552,326.7437134,0.854571075,0.145428896,0.009634628,0.00031661
2020-12-09,17:17:05,1.946100044,8.00490036,163.1292725,177.685379,161.1427002,159.9984131,277.5810242,130.9116974,156.2143707,326.7437134,0.854571075,0.145428896,0.009634628,0.00031661
2020-12-09,17:17:06,1.946199989,8.004799652,163.1292725,177.6859741,161.1434021,159.9989166,277.5797729,130.9166718,156.2090454,326.7437134,0.854571075,0.145428896,0.009634628,0.000315568
2020-12-09,17:17:07,1.946100044,8.00490036,163.1292725,177.6855469,161.1431122,159.9984741,277.5809021,130.9203796,156.2050171,326.7437134,0.854571075,0.145428896,0.009634628,0.000315568
2020-12-09,17:17:08,1.94640007,8.005000305,163.1292725,177.6857452,161.1429443,159.9988098,277.5799866,130.9250488,156.2001038,326.7437134,0.854571075,0.145428896,0.009634628,0.000315698
2020-12-09,17:17:09,1.946299934,8.004799652,163.1303101,177.6853485,161.1426544,159.9989166,277.5796814,130.9287415,156.1961517,326.7437134,0.854571075,0.145428896,0.009634628,0.000315698
2020-12-09,17:17:10,1.94640007,8.004199982,163.1292267,177.6850433,161.1433258,159.9987488,277.5802612,130.9333801,156.1912231,326.7437134,0.854571075,0.145428896,0.009634628,0.000315698
2020-12-09,17:17:11,1.946199989,8.003600311,163.1302948,177.6841583,161.1427765,159.9985962,277.580658,130.9368439,156.1875458,326.7437134,0.854571075,0.145428896,0.009634628,0.000315698
2020-12-09,17:17:12,1.946299934,8.002999878,163.1302948,177.6830139,161.1424103,159.9989777,277.5795898,130.9410858,156.1829376,326.7437134,0.854571075,0.145428896,0.009634628,0.000315698
2020-12-09,17:17:13,1.945999908,8.002300262,163.1302948,177.6837463,161.1430664,159.9990387,277.5793762,130.9453735,156.1784363,326.7437134,0.854571075,0.145428896,0.009634628,0.000315698
2020-12-09,17:17:14,1.946199989,8.001699829,163.1302948,177.6833496,161.1427155,159.9986572,277.5805664,130.9493103,156.1742096,326.7437134,0.854571075,0.145428896,0.009634628,0.000315698
2020-12-09,17:17:15,1.946100044,8.001100159,163.1302948,177.6824188,161.1433716,159.9987488,277.5802002,130.9528198,156.1703644,326.7437134,0.854571075,0.145428896,0.009634628,0.000315698
2020-12-09,17:17:16,1.946199989,8.00039978,163.1302948,177.6827698,161.143692,159.9986572,277.5804443,130.9579926,156.1650085,326.7437134,0.854545364,0.145454702,0.009634628,0.000315698
2020-12-09,17:17:17,1.946100044,7.99980011,163.1292419,177.6822357,161.1433716,159.9988708,277.579834,130.9610443,156.1617279,326.7437134,0.854545364,0.145454702,0.009634628,0.000315698
2020-12-09,17:17:18,1.945999908,7.999700165,163.1302643,177.6815643,161.1431427,159.9983826,277.5812988,130.9645691,156.1579437,326.7437134,0.854545364,0.145454702,0.009634628,0.000315698
2020-12-09,17:17:19,1.945899963,7.99980011,163.1313171,177.6810455,161.1439667,159.9993744,277.5785522,130.9683533,156.1539154,326.7437134,0.854545364,0.145454702,0.009634628,0.000315698
2020-12-09,17:17:20,1.945800018,7.999900055,163.1313171,177.6817017,161.1432648,159.9988708,277.579895,130.9727783,156.149231,326.7437134,0.854545364,0.145454702,0.009634628,0.000315698
2020-12-09,17:17:21,1.946100044,8.000099945,163.1301575,177.6809387,161.1428833,159.9985504,277.5807495,130.9763794,156.1453857,326.7437134,0.854545364,0.145454702,0.009634628,0.000315582
2020-12-09,17:17:22,1.945899963,8.00019989,163.1312103,177.6805115,161.142746,159.9986572,277.5805054,130.9799957,156.1414795,326.7437134,0.854545364,0.145454702,0.009634628,0.000315582
2020-12-09,17:17:23,1.946199989,8.00019989,163.1312103,177.6795349,161.1429291,159.9990387,277.5794678,130.9836884,156.137558,326.7437134,0.854545364,0.145454702,0.009634628,0.000315582
2020-12-09,17:17:24,1.945800018,8.000299835,163.1322632,177.6791992,161.1434479,159.9988098,277.5800476,130.9870758,156.1339722,326.7437134,0.854522629,0.145477505,0.009634628,0.000315582
2020-12-09,17:17:25,1.946100044,8.00039978,163.1322632,177.6799011,161.1422882,159.9991913,277.578949,130.99086,156.1299286,326.7437134,0.854522629,0.145477505,0.009634628,0.000315582
2020-12-09,17:17:26,1.945899963,8.00039978,163.1322632,177.6775513,161.1439209,159.9985962,277.580658,130.9947815,156.1256866,326.7437134,0.854522629,0.145477505,0.009634628,0.000315582
2020-12-09,17:17:27,1.946100044,8.000499725,163.1322632,177.6783295,161.1443176,159.9993744,277.5785828,130.9984741,156.1218567,326.7437134,0.854522629,0.145477505,0.009634628,0.000315582
2020-12-09,17:17:28,1.945700073,8.00059967,163.1312256,177.676239,161.1433563,159.9989777,277.5796509,131.0021667,156.1178894,326.7437134,0.854522629,0.145477505,0.009634628,0.000315582
2020-12-09,17:17:29,1.945899963,8.00059967,163.1312256,177.6757202,161.1443329,159.9991302,277.5790405,131.0059509,156.1138153,326.7437134,0.854522629,0.145477505,0.009634628,0.000315582
2020-12-09,17:17:30,1.945800018,8.000700378,163.1322327,177.6768341,161.1424713,159.9988708,277.579834,131.0082245,156.1114349,326.7437134,0.854522629,0.145477505,0.009634628,0.000315582
2020-12-09,17:17:31,1.945899963,8.000800323,163.1322327,177.6752319,161.1436615,159.9991302,277.5791321,131.0127869,156.1065216,326.7437134,0.854522629,0.145477505,0.009634628,0.000315582
2020-12-09,17:17:32,1.945700073,8.000800323,163.1322327,177.6745148,161.1434937,159.9989777,277.5796509,131.016098,156.1029663,326.7437134,0.854522629,0.145477505,0.009634628,0.000315582
2020-12-09,17:17:33,1.945899963,8.000900269,163.1322327,177.6748352,161.1428833,159.9988708,277.5799255,131.0192261,156.0996704,326.7437134,0.854522629,0.145477505,0.009634628,0.000315582
2020-12-09,17:17:34,1.946100044,8.000900269,163.1322327,177.6735535,161.1434937,159.9983826,277.5812073,131.0227661,156.0959167,326.7437134,0.854522629,0.145477505,0.009634628,0.000315582
2020-12-09,17:17:35,1.945899963,8.000900269,163.1332397,177.6725464,161.1427612,159.9994354,277.5783691,131.0262909,156.0921173,326.7437134,0.854522629,0.145477505,0.009634628,0.000315582
2020-12-09,17:17:36,1.946100044,8.001000214,163.1322021,177.672226,161.1432495,159.9991913,277.578949,131.0303345,156.0878906,326.7437134,0.854522629,0.145477505,0.009634628,0.000315582
2020-12-09,17:17:37,1.945899963,8.001100159,163.1332397,177.6728821,161.1434937,159.9986572,277.5804443,131.0331421,156.0847931,326.7437134,0.854522629,0.145477505,0.009634628,0.000315582
2020-12-09,17:17:38,1.945800018,8.001000214,163.1332397,177.671814,161.1434479,159.9991913,277.5789185,131.0362701,156.0814819,326.7437134,0.854522629,0.145477505,0.009634628,0.000315582
2020-12-09,17:17:39,1.945999908,8.001100159,163.1332397,177.6706543,161.1443787,159.9993744,277.5784912,131.039566,156.0780029,326.7437134,0.854522629,0.145477505,0.009634628,0.000315582
2020-12-09,17:17:40,1.945899963,8.001100159,163.1332397,177.6687012,161.1437683,159.9990387,277.5794373,131.0426178,156.0747223,326.7437134,0.854522629,0.145477505,0.009634628,0.000315582
2020-12-09,17:17:41,1.945999908,8.001200104,163.1332397,177.6681519,161.1434326,159.9985962,277.580658,131.0457611,156.0714417,326.7437134,0.854522629,0.145477505,0.009634628,0.000315582
2020-12-09,17:17:42,1.945800018,8.001200104,163.1332397,177.6691895,161.1436615,159.9996948,277.5775757,131.0488129,156.0681152,326.7437134,0.854522629,0.145477505,0.009634628,0.000315582
2020-12-09,17:17:43,1.945899963,8.001300049,163.1332397,177.6676788,161.1440277,159.9988708,277.579834,131.0523529,156.0643768,326.7437134,0.854522629,0.145477505,0.009634628,0.000315582
2020-12-09,17:17:44,1.945700073,8.001200104,163.1332397,177.6668549,161.1434174,159.9993134,277.5787048,131.0550079,156.0615234,326.7437134,0.854522629,0.145477505,0.009634628,0.000315582
2020-12-09,17:17:45,1.945800018,8.001300049,163.1332397,177.6661835,161.1438904,159.9990387,277.5794983,131.058548,156.0577393,326.7437134,0.854522629,0.145477505,0.009634628,0.000315582
2020-12-09,17:17:46,1.945700073,8.001300049,163.1332397,177.6646271,161.1428375,159.9993744,277.5785522,131.0615997,156.0545197,326.7437134,0.854522629,0.145477505,0.009634628,0.000315582
2020-12-09,17:17:47,1.945899963,8.001300049,163.1343231,177.6638641,161.1435394,159.9991302,277.57901,131.0644073,156.0514221,326.7437134,0.854522629,0.145477505,0.009634628,0.000315582
2020-12-09,17:17:48,1.945599937,8.001300049,163.1343231,177.663681,161.1429749,159.9994659,277.578064,131.0677795,156.0478973,326.7437134,0.854522629,0.145477505,0.009634628,0.000315582
2020-12-09,17:17:49,1.945700073,8.001300049,163.1343231,177.662674,161.1436462,159.999588,277.5777893,131.069809,156.0457001,326.7437134,0.854522629,0.145477505,0.009634628,0.000315582
2020-12-09,17:17:50,1.945499992,8.001300049,163.1343231,177.6617584,161.1431885,159.9994659,277.5782166,131.0738983,156.0413055,326.7437134,0.854522629,0.145477505,0.009634628,0.000315582
2020-12-09,17:17:51,1.945800018,8.001300049,163.1343231,177.6610107,161.1427155,159.9991913,277.578949,131.076416,156.0387115,326.7437134,0.854522629,0.145477505,0.009634628,0.000315582
2020-12-09,17:17:52,1.945599937,8.001300049,163.1343231,177.659668,161.1435242,159.9994659,277.5783081,131.0788879,156.0360565,326.7437134,0.854522629,0.145477505,0.009634628,0.000315582
2020-12-09,17:17:53,1.945800018,8.001399994,163.1343231,177.6590729,161.1430969,159.9991302,277.5790405,131.0825043,156.0321655,326.6422729,0.854522629,0.145477505,0.009634628,0.000315582
2020-12-09,17:17:54,1.945499992,8.001300049,163.1343231,177.6582489,161.1425171,159.9990387,277.5794983,131.0854034,156.0291595,326.6422729,0.854522629,0.145477505,0.009634628,0.00031678
2020-12-09,17:17:55,1.945800018,8.001399994,163.1353302,177.6557159,161.1432343,159.9998627,277.5770569,131.0880737,156.0262909,326.6422729,0.854522629,0.145477505,0.009634628,0.00031678
2020-12-09,17:17:56,1.945400047,8.001399994,163.1353302,177.6564941,161.1423187,159.9994659,277.5780334,131.0909424,156.0232697,326.6422729,0.854522629,0.145477505,0.009634628,0.00031678
2020-12-09,17:17:57,1.945700073,8.001300049,163.1353302,177.6547394,161.1436462,159.9993744,277.5784912,131.0936127,156.0203705,326.6422729,0.854522629,0.145477505,0.009634628,0.00031678
2020-12-09,17:17:58,1.945400047,8.001300049,163.1363983,177.6531525,161.1424255,159.999588,277.5778809,131.0970001,156.0167847,326.6422729,0.854522629,0.145477505,0.009634628,0.000315683
2020-12-09,17:17:59,1.945800018,8.001300049,163.1363983,177.6543884,161.1432648,159.9992523,277.5787659,131.0991364,156.0144958,326.6422729,0.854522629,0.145477505,0.009634628,0.000315683
2020-12-09,17:18:00,1.945599937,8.001300049,163.1363983,177.6514282,161.1424866,159.9990692,277.5793457,131.1023712,156.0111237,326.6422729,0.854522629,0.145477505,0.009634628,0.000315683
2020-12-09,17:18:01,1.945700073,8.001300049,163.1363983,177.6504517,161.1433105,159.9994659,277.5783081,131.1051025,156.0081482,326.6422729,0.854522629,0.145477505,0.009634628,0.000315683
2020-12-09,17:18:02,1.945499992,8.001300049,163.1363983,177.6505432,161.1425629,159.9996948,277.5776062,131.1074371,156.0056458,326.6422729,0.854522629,0.145477505,0.009634628,0.000315683
2020-12-09,17:18:03,1.945599937,8.001300049,163.1363983,177.6486053,161.1429596,159.9994659,277.5782166,131.1100922,156.0028992,326.6422729,0.854522629,0.145477505,0.009634628,0.000315683
2020-12-09,17:18:04,1.945700073,8.001300049,163.1363983,177.6473999,161.1422882,159.9993744,277.5784912,131.1126709,156.0001221,326.6422729,0.854522629,0.145477505,0.009634628,0.000315698
2020-12-09,17:18:05,1.945499992,8.001200104,163.1363983,177.6470947,161.1431427,159.9996948,277.5775452,131.1158905,155.9967499,326.6422729,0.854522629,0.145477505,0.009634628,0.000315698
2020-12-09,17:18:06,1.945700073,8.001300049,163.1363983,177.645401,161.1428375,159.999588,277.5777893,131.1180725,155.9944153,326.6422729,0.85452652,0.145473499,0.009634628,0.000315698
2020-12-09,17:18:07,1.945499992,8.001200104,163.1363983,177.6448059,161.1431732,159.9992523,277.5788574,131.1205292,155.9917297,326.6422729,0.85452652,0.145473499,0.009634628,0.000315698
2020-12-09,17:18:08,1.945599937,8.001200104,163.1363983,177.6434937,161.1430206,159.9998627,277.5771484,131.1231079,155.9889679,326.6422729,0.85452652,0.145473499,0.009634628,0.000315698
2020-12-09,17:18:09,1.945700073,8.001200104,163.1363983,177.6421661,161.1434021,159.9996338,277.5776978,131.1255493,155.9863892,326.6422729,0.85452652,0.145473499,0.009634628,0.000315698
2020-12-09,17:18:10,1.945499992,8.001200104,163.1363983,177.6413269,161.1426849,159.9989166,277.5797729,131.1284332,155.9833374,326.6422729,0.85452652,0.145473499,0.009634628,0.000315698
2020-12-09,17:18:11,1.945599937,8.001100159,163.1363983,177.6408691,161.1433716,159.9994659,277.5782471,131.1307678,155.9808502,326.6422729,0.85452652,0.145473499,0.009634628,0.000315698
2020-12-09,17:18:12,1.945700073,8.001100159,163.1363983,177.6382751,161.1438446,159.9994659,277.5780334,131.1338959,155.9775848,326.6422729,0.85452652,0.145473499,0.009634628,0.000315698
2020-12-09,17:18:13,1.945499992,8.001200104,163.1363983,177.6379547,161.1420135,159.9996338,277.5777588,131.1359253,155.9754028,326.6422729,0.85452652,0.145473499,0.009634628,0.000315698
2020-12-09,17:18:14,1.945700073,8.001100159,163.1363983,177.6367798,161.1432495,159.9993744,277.5785217,131.138092,155.973053,326.6422729,0.85452652,0.145473499,0.009634628,0.000315698
2020-12-09,17:18:15,1.945499992,8.001100159,163.1363983,177.6346588,161.1420898,159.9996948,277.5775452,131.1412964,155.9696198,326.6422729,0.85452652,0.145473499,0.009634628,0.000315698
2020-12-09,17:18:16,1.945700073,8.001100159,163.1363983,177.6344299,161.1439209,159.999588,277.5780029,131.142746,155.9680939,326.6422729,0.85452652,0.145473499,0.009634628,0.000315698
2020-12-09,17:18:17,1.945599937,8.001000214,163.1374054,177.6334991,161.1443176,159.9997559,277.5772705,131.14534,155.9653473,326.6422729,0.85452652,0.145473499,0.009634628,0.000315698
2020-12-09,17:18:18,1.945400047,8.001100159,163.1374054,177.63237,161.1417542,160.0000916,277.5764771,131.148056,155.9624176,326.6422729,0.85452652,0.145473499,0.009634628,0.000315698
2020-12-09,17:18:19,1.945899963,8.001000214,163.1374054,177.6305084,161.1429749,159.9998627,277.5769958,131.15065,155.9597015,326.6422729,0.85452652,0.145473499,0.009634628,0.000315698
2020-12-09,17:18:20,1.945499992,8.001000214,163.1374054,177.6293488,161.1425171,160.0002594,277.5760803,131.1525726,155.9575958,326.6422729,0.85452652,0.145473499,0.009634628,0.000315698
2020-12-09,17:18:21,1.945299911,8.000900269,163.1374054,177.6286621,161.1447754,159.9993744,277.5785522,131.1549072,155.9551086,326.6422729,0.85452652,0.145473499,0.009634628,0.000315698
2020-12-09,17:18:22,1.945499992,8.000900269,163.1374054,177.625824,161.1429443,159.999588,277.5778809,131.1567535,155.9532166,326.6422729,0.85452652,0.145473499,0.009634628,0.000314699
2020-12-09,17:18:23,1.945400047,8.000900269,163.1384277,177.626236,161.1446686,159.9999084,277.5769653,131.1591034,155.9506531,326.6422729,0.85452652,0.145473499,0.009634628,0.000314699
2020-12-09,17:18:24,1.945700073,8.000900269,163.1384277,177.623764,161.1426086,159.9998627,277.5770264,131.1610107,155.9486542,326.6422729,0.85452652,0.145473499,0.009634628,0.000314699
2020-12-09,17:18:25,1.945499992,8.000800323,163.1384277,177.6224823,161.1436005,159.9999084,277.5772095,131.1636658,155.9458008,326.6422729,0.85452652,0.145473499,0.009634628,0.000314699
2020-12-09,17:18:26,1.945599937,8.000800323,163.1384277,177.6210632,161.1432648,159.9999542,277.5768127,131.1660919,155.9432678,326.6422729,0.85452652,0.145473499,0.009634628,0.000314699
2020-12-09,17:18:27,1.945299911,8.000800323,163.1384277,177.6201019,161.1439056,160.0002136,277.5762329,131.1681824,155.9411163,326.6422729,0.85452652,0.145473499,0.009634628,0.000314699
2020-12-09,17:18:28,1.945599937,8.000700378,163.1394348,177.6192017,161.1435394,160.0003204,277.5758972,131.1701813,155.9388885,326.6422729,0.85452652,0.145473499,0.009634628,0.000314699
2020-12-09,17:18:29,1.945400047,8.000700378,163.1384125,177.6172791,161.1437836,159.9998016,277.5772705,131.1726227,155.9363403,326.6422729,0.85452652,0.145473499,0.009634628,0.000314699
2020-12-09,17:18:30,1.945599937,8.000700378,163.1395111,177.6153412,161.1435852,159.999527,277.5780029,131.1745453,155.9342041,326.6422729,0.85452652,0.145473499,0.009634628,0.000314699
2020-12-09,17:18:31,1.945400047,8.00059967,163.1395111,177.6148987,161.1429443,160.0001526,277.5763245,131.1765594,155.9320831,326.6422729,0.85452652,0.145473499,0.009634628,0.000314699
2020-12-09,17:18:32,1.945599937,8.000700378,163.1395111,177.6140289,161.1424866,159.999588,277.5778503,131.1785583,155.9300232,326.6422729,0.854545364,0.145454702,0.009634628,0.000314699
2020-12-09,17:18:33,1.945400047,8.00059967,163.1384888,177.6112213,161.1441956,159.999588,277.5777893,131.1805878,155.9278717,326.6422729,0.854545364,0.145454702,0.009634628,0.000314699
2020-12-09,17:18:34,1.945599937,8.000499725,163.1395416,177.6100616,161.1442871,160.0003204,277.5759277,131.1831512,155.9250793,326.6422729,0.854545364,0.145454702,0.009634628,0.000315683
2020-12-09,17:18:35,1.945400047,8.000499725,163.1395416,177.608551,161.1429443,159.9997559,277.5774231,131.1847534,155.9233704,326.6422729,0.854545364,0.145454702,0.009634628,0.000315683
2020-12-09,17:18:36,1.945599937,8.000499725,163.1395416,177.6077728,161.14328,160.0001526,277.5763245,131.1877441,155.9202271,326.6422729,0.854545364,0.145454702,0.009634628,0.000315683
2020-12-09,17:18:37,1.945400047,8.00039978,163.1395416,177.6068115,161.1439514,159.9996948,277.5775452,131.1898956,155.9178772,326.6422729,0.854545364,0.145454702,0.009634628,0.000315683
2020-12-09,17:18:38,1.945299911,8.000499725,163.1395416,177.6043854,161.1435699,160.0004272,277.575592,131.1906433,155.91716,326.6422729,0.854545364,0.145454702,0.009634628,0.000315683
2020-12-09,17:18:39,1.945499992,8.00039978,163.1395416,177.6025696,161.1437225,160.0004883,277.57547,131.1929016,155.9147491,326.6422729,0.854545364,0.145454702,0.009634628,0.000315683
2020-12-09,17:18:40,1.945299911,8.000299835,163.1395416,177.6018524,161.1427917,159.9999542,277.5767517,131.1951599,155.9122925,326.6422729,0.854545364,0.145454702,0.009634628,0.000315869
2020-12-09,17:18:41,1.945499992,8.000299835,163.140625,177.6010132,161.1429749,160.0002594,277.5760803,131.1968384,155.9105225,326.6422729,0.854545364,0.145454702,0.009634628,0.000315869
2020-12-09,17:18:42,1.945299911,8.00019989,163.140625,177.598053,161.1433105,159.9998627,277.5771179,131.1993256,155.9078827,326.6422729,0.854545364,0.145454702,0.009634628,0.000315869
2020-12-09,17:18:43,1.945299911,8.000299835,163.140625,177.5964813,161.142746,160.0005798,277.5752563,131.2003937,155.9067993,326.6422729,0.854545364,0.145454702,0.009634628,0.000315869
2020-12-09,17:18:44,1.945400047,8.00019989,163.140625,177.5950012,161.1437378,160.0002136,277.5762024,131.2029572,155.904007,326.6422729,0.854545364,0.145454702,0.009634628,0.000315869
2020-12-09,17:18:45,1.945199966,8.00019989,163.140625,177.5944519,161.1432037,160.0003204,277.5759277,131.2043915,155.9024658,326.6422729,0.854545364,0.145454702,0.009634628,0.000315869
2020-12-09,17:18:46,1.945400047,8.000099945,163.140625,177.592392,161.142746,160.0004883,277.57547,131.2063141,155.9004822,326.6422729,0.854545364,0.145454702,0.009634628,0.000315869
2020-12-09,17:18:47,1.945199966,8.000099945,163.1395721,177.5901031,161.1426849,159.9999084,277.5769348,131.2082672,155.8983765,326.6422729,0.854545364,0.145454702,0.009634628,0.000315869
2020-12-09,17:18:48,1.945400047,8.000099945,163.1405945,177.5883026,161.1434174,160.0004272,277.5756226,131.2100372,155.8964386,326.6422729,0.854545364,0.145454702,0.009634628,0.000315626
2020-12-09,17:18:49,1.945299911,8.0,163.1405945,177.5873871,161.1435547,160.0002136,277.5762329,131.2123566,155.8940125,326.6422729,0.854545364,0.145454702,0.009634628,0.000315626
2020-12-09,17:18:50,1.945400047,8.0,163.1405945,177.5858459,161.1426086,160.0005798,277.5752869,131.2142029,155.8920288,326.6422729,0.854545364,0.145454702,0.009634628,0.000315626
2020-12-09,17:18:51,1.945199966,8.0,163.1416168,177.5847168,161.1434021,160.0002136,277.5762329,131.2153473,155.8907776,326.6422729,0.854545364,0.145454702,0.009634628,0.000315626
2020-12-09,17:18:52,1.945400047,7.999900055,163.1416168,177.5825043,161.1429291,160.0005798,277.5750732,131.217514,155.8885956,326.6422729,0.854545364,0.145454702,0.009634628,0.000315626
2020-12-09,17:18:53,1.945499992,7.999900055,163.1416168,177.5817566,161.1433411,159.9999542,277.5767517,131.2196045,155.8862305,326.6422729,0.854545364,0.145454702,0.009634628,0.000315626
2020-12-09,17:18:54,1.945400047,7.99980011,163.1416168,177.5803528,161.1427765,160.0004883,277.5754395,131.2211456,155.8847351,326.6422729,0.854545364,0.145454702,0.009634628,0.000315626
2020-12-09,17:18:55,1.945299911,7.999900055,163.1416168,177.577179,161.1433411,160.0008698,277.5744629,131.2229156,155.8827515,326.6422729,0.854545364,0.145454702,0.009634628,0.000315626
2020-12-09,17:18:56,1.945400047,7.99980011,163.1416168,177.5756836,161.1436615,160.0005798,277.5751038,131.2244263,155.8811951,326.6422729,0.854545364,0.145454702,0.009634628,0.000315626
2020-12-09,17:18:57,1.945100021,7.999700165,163.1416168,177.574646,161.1429443,160.0004883,277.5754395,131.2263031,155.8792114,326.6422729,0.854545364,0.145454702,0.009634628,0.000315626
2020-12-09,17:18:58,1.945400047,7.99980011,163.1416168,177.5726318,161.1437073,160.0007477,277.574646,131.2278137,155.8775482,326.6422729,0.854545364,0.145454702,0.009634628,0.000315626
2020-12-09,17:18:59,1.945299911,7.999700165,163.1416168,177.5708313,161.1432648,160.0004272,277.5756531,131.2297668,155.8754425,326.6422729,0.854545364,0.145454702,0.009634628,0.000315626
2020-12-09,17:19:00,1.945199966,7.999700165,163.1416168,177.5693817,161.1438599,160.0006866,277.5747986,131.2314453,155.8736572,326.6422729,0.854545364,0.145454702,0.009634628,0.000315626
2020-12-09,17:19:01,1.945100021,7.99960022,163.1416168,177.5670319,161.1419983,160.0003204,277.5758972,131.2329712,155.8720703,326.6422729,0.854545364,0.145454702,0.009634628,0.000315626
2020-12-09,17:19:02,1.945299911,7.99960022,163.1416168,177.5658569,161.1437988,160.0001526,277.5763245,131.2357178,155.8691406,326.6422729,0.854545364,0.145454702,0.009634628,0.000315626
2020-12-09,17:19:03,1.945199966,7.999500275,163.1426239,177.5632477,161.1427612,159.9999084,277.5769043,131.2360382,155.8688812,326.5184937,0.854545364,0.145454702,0.009634628,0.000315626
2020-12-09,17:19:04,1.945299911,7.99960022,163.1426239,177.5625458,161.1433258,160.0008698,277.5744324,131.2382202,155.8665619,326.5184937,0.854545364,0.145454702,0.009634628,0.000315626
2020-12-09,17:19:05,1.945199966,7.99940033,163.1426239,177.5612488,161.1436462,160.0003662,277.5757141,131.2395172,155.8651276,326.5184937,0.854545364,0.145454702,0.009634628,0.000315626
2020-12-09,17:19:06,1.945100021,7.999500275,163.1426239,177.5595703,161.1432037,160.0005798,277.5751648,131.2419891,155.8625946,326.5184937,0.854570236,0.145429897,0.009634628,0.000315626
2020-12-09,17:19:07,1.945499992,7.99940033,163.1426239,177.5578766,161.1424255,160.0004272,277.575592,131.2433624,155.861084,326.5184937,0.854570236,0.145429897,0.009634628,0.000315626
2020-12-09,17:19:08,1.945299911,7.99940033,163.1426239,177.5548553,161.1427765,160.0005798,277.5750122,131.2445526,155.8598633,326.5184937,0.854504623,0.145495396,0.009634628,0.000315626
2020-12-09,17:19:09,1.945199966,7.999299622,163.1426239,177.5527954,161.143158,160.0004883,277.575531,131.2464142,155.8578644,326.5184937,0.854504623,0.145495396,0.009634628,0.000315626
2020-12-09,17:19:10,1.945499992,7.99940033,163.143631,177.5514526,161.1428223,160.0005341,277.5753174,131.2473755,155.8568573,326.5184937,0.854504623,0.145495396,0.009634628,0.000315626
2020-12-09,17:19:11,1.945299911,7.999299622,163.143631,177.5504761,161.1429291,160.0003204,277.5758057,131.2498779,155.8542023,326.5184937,0.854504623,0.145495396,0.009634628,0.000315626
2020-12-09,17:19:12,1.945199966,7.999199677,163.143631,177.547699,161.1433105,160.0004272,277.5756531,131.2506104,155.8534241,326.5184937,0.854504623,0.145495396,0.009634628,0.000315626
2020-12-09,17:19:13,1.945299911,7.999199677,163.143631,177.5457611,161.1426849,160.0004883,277.5754395,131.2521362,155.8517914,326.5184937,0.854504623,0.145495396,0.009634628,0.000315626
2020-12-09,17:19:14,1.945100021,7.999700165,163.143631,177.5437927,161.1422577,160.0005341,277.5755615,131.25383,155.8499908,326.5184937,0.854504623,0.145495396,0.009634628,0.000315626
2020-12-09,17:19:15,1.945499992,8.0,163.143631,177.5426025,161.1435699,160.0003204,277.5758057,131.2553558,155.8483429,326.5184937,0.854504623,0.145495396,0.009634628,0.000315626
2020-12-09,17:19:16,1.945299911,7.999700165,163.143631,177.5405273,161.1425018,160.0010376,277.573822,131.2569122,155.8466644,326.5184937,0.854504623,0.145495396,0.009634628,0.000315626
2020-12-09,17:19:17,1.945400047,8.000099945,163.143631,177.5385284,161.1434937,160.0011444,277.5735474,131.2580109,155.8454742,326.5184937,0.854504623,0.145495396,0.009634628,0.000315626
2020-12-09,17:19:18,1.945199966,8.00039978,163.143631,177.5365143,161.1419067,160.0006866,277.5748291,131.2600403,155.843399,326.5184937,0.854504623,0.145495396,0.009634628,0.000315626
2020-12-09,17:19:19,1.945299911,8.000499725,163.1446533,177.5342712,161.1431732,160.0009766,277.5740967,131.2611694,155.8422241,326.5184937,0.854504623,0.145495396,0.009634628,0.000315626
2020-12-09,17:19:20,1.945000076,8.000099945,163.1446533,177.5329437,161.1438446,160.0001526,277.576355,131.2623596,155.8409271,326.5184937,0.854504623,0.145495396,0.009634628,0.000315626
2020-12-09,17:19:21,1.945299911,8.0,163.1446533,177.530899,161.1425476,160.0008087,277.5745239,131.2639771,155.8391876,326.5184937,0.854504623,0.145495396,0.009634628,0.000315626
2020-12-09,17:19:22,1.945400047,8.00039978,163.1446533,177.5288849,161.14328,160.0005798,277.5751648,131.2655792,155.8374939,326.5184937,0.854504623,0.145495396,0.009634628,0.000315626
2020-12-09,17:19:23,1.945400047,8.000700378,163.1457672,177.5265808,161.1436462,160.0010834,277.5736694,131.2662354,155.8368073,326.5184937,0.854504623,0.145495396,0.009634628,0.000315626
2020-12-09,17:19:24,1.945299911,8.000499725,163.1446991,177.5240784,161.1426086,160.0008087,277.5745544,131.2683868,155.8345337,326.5184937,0.854504623,0.145495396,0.009634628,0.000315626
2020-12-09,17:19:25,1.945199966,8.00039978,163.1446991,177.5229645,161.1429138,160.0004272,277.5755615,131.2697754,155.8330383,326.5184937,0.854504623,0.145495396,0.009634628,0.000315626
2020-12-09,17:19:26,1.945100021,8.000299835,163.1446991,177.5211334,161.1433258,160.0009766,277.5740051,131.2702484,155.8325195,326.5184937,0.854504623,0.145495396,0.009634628,0.000315626
2020-12-09,17:19:27,1.945400047,8.00019989,163.1457214,177.5202484,161.1421661,160.0011444,277.5736389,131.2728271,155.8297882,326.5184937,0.854504623,0.145495396,0.009634628,0.000315626
2020-12-09,17:19:28,1.945199966,8.000099945,163.1457214,177.5163116,161.1438599,160.0004272,277.575592,131.2737885,155.8288116,326.5184937,0.854504623,0.145495396,0.009634628,0.000315626
2020-12-09,17:19:29,1.945299911,8.0,163.1457214,177.5147247,161.1414337,160.0006409,277.5749817,131.274765,155.8277435,326.5184937,0.854504623,0.145495396,0.009634628,0.000315626
2020-12-09,17:19:30,1.945400047,7.999900055,163.1457214,177.51297,161.1420288,160.0010834,277.5737915,131.2762909,155.8260803,326.5184937,0.854504623,0.145495396,0.009634628,0.000315626
2020-12-09,17:19:31,1.945199966,7.999700165,163.1457214,177.5106354,161.1430054,160.0009766,277.5740356,131.2776489,155.8246002,326.5184937,0.854504623,0.145495396,0.009634628,0.000315626
2020-12-09,17:19:32,1.945199966,7.99960022,163.1457214,177.5084229,161.1424866,160.0008087,277.5744934,131.2788849,155.8233337,326.5184937,0.854504623,0.145495396,0.009634628,0.000315626
2020-12-09,17:19:33,1.945299911,7.999500275,163.1457214,177.5068817,161.1430054,160.0010376,277.573822,131.2803192,155.8218689,326.5184937,0.854504623,0.145495396,0.009634628,0.000315626
2020-12-09,17:19:34,1.945499992,7.99960022,163.1457214,177.5041046,161.1432495,160.0006866,277.5747375,131.2814636,155.8205719,326.5184937,0.854504623,0.145495396,0.009634628,0.000315626
2020-12-09,17:19:35,1.945199966,7.99940033,163.1457214,177.5029449,161.1424103,160.0013275,277.5731812,131.2830505,155.818924,326.5184937,0.854504623,0.145495396,0.009634628,0.000315626
2020-12-09,17:19:36,1.945299911,7.999500275,163.1457214,177.5010223,161.1425476,160.0012665,277.5733643,131.2841187,155.8177643,326.5184937,0.854504623,0.145495396,0.009634628,0.000315626
2020-12-09,17:19:37,1.945400047,7.999700165,163.1467285,177.4988251,161.1417847,160.0008698,277.5744324,131.2850037,155.8169098,326.5184937,0.854504623,0.145495396,0.009634628,0.000315626
2020-12-09,17:19:38,1.945299911,7.999900055,163.1456757,177.4958801,161.1412354,160.0010834,277.5737305,131.2866821,155.8150482,326.6184998,0.854504623,0.145495396,0.009634628,0.000315626
2020-12-09,17:19:39,1.945199966,8.00019989,163.1456757,177.4948273,161.1431274,160.0013885,277.5729065,131.2877197,155.8139801,326.6184998,0.854504623,0.145495396,0.009634628,0.000315582
2020-12-09,17:19:40,1.945299911,8.000299835,163.1467133,177.4925079,161.1420441,160.0015869,277.5724792,131.2888489,155.8127899,326.6184998,0.854504623,0.145495396,0.009634628,0.000315582
2020-12-09,17:19:41,1.945400047,8.00039978,163.1467133,177.4906616,161.1422577,160.0008698,277.5744324,131.29039,155.8111877,326.6184998,0.854504623,0.145495396,0.009634628,0.000315582
2020-12-09,17:19:42,1.945199966,8.00039978,163.1467133,177.4883575,161.1425934,160.0014801,277.5726318,131.2914429,155.8100739,326.6184998,0.854504623,0.145495396,0.009634628,0.000315582
2020-12-09,17:19:43,1.945299911,8.000499725,163.1467133,177.4859314,161.1430359,160.0012665,277.5733643,131.2924805,155.8089142,326.4871826,0.854504623,0.145495396,0.009634628,0.000315582
2020-12-09,17:19:44,1.945400047,8.000499725,163.1467133,177.4841766,161.1423187,160.0013885,277.572998,131.2940216,155.8072815,326.4871826,0.854504623,0.145495396,0.009634628,0.000315582
2020-12-09,17:19:45,1.945400047,8.00059967,163.1467133,177.4823914,161.1412048,160.0009766,277.5741272,131.2949677,155.8062592,326.4871826,0.854504623,0.145495396,0.009634628,0.000315582
2020-12-09,17:19:46,1.945199966,8.00059967,163.1477203,177.4800873,161.1416779,160.0014191,277.5728455,131.2959442,155.805191,326.4871826,0.854504623,0.145495396,0.009634628,0.000315626
2020-12-09,17:19:47,1.945400047,8.00059967,163.1477203,177.4778442,161.1420288,160.0011444,277.5735474,131.297226,155.8038788,326.4871826,0.854504623,0.145495396,0.009634628,0.000315626
2020-12-09,17:19:48,1.945100021,8.000700378,163.1477203,177.4752197,161.141861,160.0012207,277.5736389,131.2985229,155.802475,326.4871826,0.854504623,0.145495396,0.009634628,0.000315698
2020-12-09,17:19:49,1.945299911,8.00059967,163.1477203,177.4735413,161.1426697,160.0010834,277.5737915,131.2996674,155.8013153,326.4871826,0.854504623,0.145495396,0.009634628,0.000315698
2020-12-09,17:19:50,1.945199966,8.000700378,163.1466827,177.4719238,161.1425629,160.0013885,277.5729065,131.300705,155.8001556,326.4871826,0.854504623,0.145495396,0.009634628,0.000315698
2020-12-09,17:19:51,1.945299911,8.000700378,163.1477814,177.4685974,161.1416168,160.0012665,277.5733948,131.3017426,155.799057,326.4871826,0.854504623,0.145495396,0.009634628,0.000315698
2020-12-09,17:19:52,1.945199966,8.000700378,163.1477814,177.4667206,161.1427765,160.0009766,277.5742188,131.3027802,155.7979584,326.4871826,0.854504623,0.145495396,0.009634628,0.000315698
2020-12-09,17:19:53,1.945499992,8.000700378,163.1488342,177.4635468,161.1425171,160.0014801,277.5726318,131.3037567,155.796875,326.4871826,0.854504623,0.145495396,0.009634628,0.000315698
2020-12-09,17:19:54,1.945199966,8.000800323,163.1477966,177.4625549,161.1423035,160.00177,277.5718994,131.304306,155.7963409,326.4871826,0.854513474,0.145486403,0.009634628,0.000315698
2020-12-09,17:19:55,1.945299911,8.000700378,163.1477966,177.4610748,161.1426086,160.0010376,277.5738831,131.3056183,155.7949677,326.4871826,0.854513474,0.145486403,0.009634628,0.000315698
2020-12-09,17:19:56,1.945199966,8.000800323,163.1477966,177.4583435,161.1421814,160.00177,277.5719299,131.3070679,155.793396,326.4871826,0.854513474,0.145486403,0.009634628,0.000315698
2020-12-09,17:19:57,1.945400047,8.000700378,163.1488342,177.4560089,161.1429291,160.0019379,277.5714722,131.3080139,155.7923737,326.4871826,0.854513474,0.145486403,0.009634628,0.000315698
2020-12-09,17:19:58,1.945100021,8.000800323,163.1488342,177.4545288,161.1416016,160.0013885,277.572998,131.3088989,155.7914581,326.4871826,0.854513474,0.145486403,0.009634628,0.000315698
2020-12-09,17:19:59,1.945299911,8.000700378,163.1488342,177.4522247,161.1421967,160.0013275,277.5732422,131.3097839,155.7904816,326.4871826,0.854513474,0.145486403,0.009634628,0.000315698
2020-12-09,17:20:00,1.945499992,8.000800323,163.1488342,177.4495239,161.1424561,160.0017242,277.572113,131.3116302,155.78862,326.4871826,0.854513474,0.145486403,0.009634628,0.000315698
2020-12-09,17:20:01,1.945400047,8.000800323,163.1488342,177.4465179,161.1422729,160.0013275,277.5731812,131.3118134,155.7883301,326.4871826,0.854513474,0.145486403,0.009634628,0.000315698
2020-12-09,17:20:02,1.945299911,8.000800323,163.1488342,177.4447632,161.1418304,160.0010834,277.573761,131.3133392,155.7867584,326.4871826,0.854513474,0.145486403,0.009634628,0.000315698
2020-12-09,17:20:03,1.945199966,8.000800323,163.1488342,177.4431305,161.1414948,160.0015411,277.5725403,131.3141479,155.7858887,325.8531494,0.854513474,0.145486403,0.009634628,0.000315698
2020-12-09,17:20:04,1.945400047,8.000800323,163.1488342,177.4405212,161.141922,160.0017242,277.572052,131.3155975,155.7843475,325.8531494,0.854513474,0.145486403,0.009634628,0.000315698
2020-12-09,17:20:05,1.945100021,8.000800323,163.1488342,177.4377899,161.141449,160.0013275,277.5732727,131.3164825,155.783371,325.8531494,0.854513474,0.145486403,0.009634628,0.000315698
2020-12-09,17:20:06,1.945499992,8.000800323,163.1488342,177.4355164,161.1418152,160.0012665,277.5732117,131.3173828,155.782486,325.8531494,0.854513474,0.145486403,0.009634628,0.000315698
2020-12-09,17:20:07,1.945299911,8.000800323,163.1498413,177.4334412,161.1416168,160.0012207,277.5734253,131.3181763,155.7816162,325.8531494,0.854513474,0.145486403,0.009634628,0.000315698
2020-12-09,17:20:08,1.945499992,8.000700378,163.1498413,177.4323578,161.1422729,160.0015869,277.5724792,131.3194427,155.7802734,325.8531494,0.854513474,0.145486403,0.009634628,0.000315698
2020-12-09,17:20:09,1.945299911,8.000800323,163.1498413,177.4294586,161.1417084,160.0014801,277.5726624,131.3202667,155.7793274,325.8531494,0.854513474,0.145486403,0.009634628,0.000315698
2020-12-09,17:20:10,1.945400047,8.000800323,163.1498413,177.4270782,161.1421509,160.0013275,277.5731812,131.3213959,155.7781372,325.8531494,0.854513474,0.145486403,0.009634628,0.000315698
2020-12-09,17:20:11,1.945400047,8.000700378,163.1498413,177.4246063,161.1412506,160.0013885,277.572937,131.3218079,155.77771,325.8531494,0.854513474,0.145486403,0.009634628,0.000315698
2020-12-09,17:20:12,1.945299911,8.000800323,163.1498413,177.421936,161.1418915,160.0018158,277.5717773,131.3232574,155.7762146,325.8531494,0.854513474,0.145486403,0.009634628,0.000315698
2020-12-09,17:20:13,1.945499992,8.000700378,163.1508484,177.4205017,161.1425476,160.00177,277.5718689,131.3236694,155.7757568,325.7364197,0.854513474,0.145486403,0.009634628,0.000315698
2020-12-09,17:20:14,1.945299911,8.000800323,163.1508484,177.4171143,161.1406555,160.0019379,277.5714417,131.3244629,155.7748566,325.7364197,0.854513474,0.145486403,0.009634628,0.000315698
2020-12-09,17:20:15,1.945499992,8.000700378,163.1508484,177.4143677,161.1417694,160.0015869,277.5723877,131.3257446,155.7735901,325.7364197,0.854513474,0.145486403,0.009634628,0.000315698
2020-12-09,17:20:16,1.945299911,8.000700378,163.1508484,177.4134369,161.1425323,160.0018158,277.5717468,131.3260651,155.7731628,325.7364197,0.854513474,0.145486403,0.009634628,0.000315698
2020-12-09,17:20:17,1.945400047,8.000700378,163.1508484,177.410965,161.1417847,160.0013885,277.572998,131.3274384,155.7718048,325.7364197,0.854513474,0.145486403,0.009634628,0.000315698
2020-12-09,17:20:18,1.945299911,8.000700378,163.1508484,177.4085541,161.1422119,160.0019836,277.5713806,131.328476,155.7706299,325.7364197,0.854513474,0.145486403,0.009634628,0.000315698
2020-12-09,17:20:19,1.945499992,8.000700378,163.1508484,177.4066925,161.1411133,160.0018158,277.5717163,131.3295135,155.7695313,325.7364197,0.854513474,0.145486403,0.009634628,0.000315698
2020-12-09,17:20:20,1.945299911,8.00059967,163.1508484,177.4043884,161.1412659,160.0020447,277.5711975,131.3306427,155.7684021,325.7364197,0.854513474,0.145486403,0.009634628,0.000315698
2020-12-09,17:20:21,1.945400047,8.000700378,163.1508484,177.4016418,161.139679,160.0018158,277.5716858,131.3309784,155.7679901,325.7364197,0.854513474,0.145486403,0.009634628,0.000315698
2020-12-09,17:20:22,1.945299911,8.00059967,163.1508484,177.4004211,161.1413116,160.0016479,277.5722656,131.3318634,155.7671051,325.7364197,0.854513474,0.145486403,0.009634628,0.000315698
2020-12-09,17:20:23,1.945599937,8.00059967,163.1508484,177.3968964,161.1418457,160.0013885,277.5729065,131.3331451,155.7656708,325.7364197,0.854513474,0.145486403,0.009634628,0.000315698
2020-12-09,17:20:24,1.945400047,8.00059967,163.1508484,177.3953552,161.1402283,160.0015869,277.5723877,131.333786,155.7650146,325.7364197,0.854513474,0.145486403,0.009634628,0.000315698
2020-12-09,17:20:25,1.945299911,8.00059967,163.1518555,177.3919373,161.1407623,160.0019379,277.5714417,131.3343658,155.7644196,325.7364197,0.854513474,0.145486403,0.009634628,0.000315698
2020-12-09,17:20:26,1.945199966,8.000499725,163.1518555,177.3905792,161.1405029,160.0016479,277.5723572,131.3351898,155.7635651,325.7364197,0.854513474,0.145486403,0.009634628,0.000315698
2020-12-09,17:20:27,1.945400047,8.00059967,163.1508179,177.3877258,161.141098,160.0013275,277.5730591,131.3358917,155.7627869,325.7364197,0.854513474,0.145486403,0.009634628,0.000315698
2020-12-09,17:20:28,1.945299911,8.000499725,163.1518555,177.3855286,161.1396332,160.0021362,277.5708313,131.3370209,155.7615967,325.7364197,0.854513474,0.145486403,0.009634628,0.000315698
2020-12-09,17:20:29,1.945199966,8.000499725,163.1518555,177.3818665,161.1394806,160.0019836,277.5714111,131.3375702,155.7610321,325.7364197,0.854513474,0.145486403,0.009634628,0.000315698
2020-12-09,17:20:30,1.945100021,8.00039978,163.1518555,177.381134,161.1404877,160.0018158,277.5718079,131.3384705,155.7600098,325.7364197,0.854513474,0.145486403,0.009634628,0.000315698
2020-12-09,17:20:31,1.945400047,8.000499725,163.1518555,177.3775024,161.140274,160.0019836,277.5713501,131.3393555,155.759201,325.7364197,0.854513474,0.145486403,0.009634628,0.000315698
2020-12-09,17:20:32,1.945199966,8.00039978,163.1518555,177.3759918,161.1394196,160.0020905,277.5709839,131.3400879,155.7584076,325.7364197,0.854513474,0.145486403,0.009634628,0.000316552
2020-12-09,17:20:33,1.945599937,8.00039978,163.1518555,177.3733521,161.1397095,160.0017242,277.572113,131.3408966,155.7575226,325.7364197,0.854513474,0.145486403,0.009634628,0.000316552
2020-12-09,17:20:34,1.945400047,8.00039978,163.1528778,177.3719788,161.1389923,160.0014801,277.5726624,131.3421936,155.756134,325.7364197,0.854513474,0.145486403,0.009634628,0.000316552
2020-12-09,17:20:35,1.945199966,8.000299835,163.1528778,177.3701477,161.1379395,160.00177,277.5718994,131.342514,155.7558136,325.7364197,0.854513474,0.145486403,0.009634628,0.000316552
2020-12-09,17:20:36,1.945400047,8.00039978,163.1528778,177.3659515,161.1395569,160.0019836,277.5714111,131.3427582,155.7555237,325.7364197,0.854513474,0.145486403,0.009634628,0.000316552
2020-12-09,17:20:37,1.945199966,8.000299835,163.1528778,177.3651276,161.1390228,160.0022583,277.5706482,131.3442078,155.7540894,325.7364197,0.854513474,0.145486403,0.009634628,0.000315524
2020-12-09,17:20:38,1.945299911,8.000299835,163.1528778,177.3615417,161.1382751,160.0020905,277.5709534,131.3442688,155.753891,325.8369751,0.854513474,0.145486403,0.009634628,0.000315524
2020-12-09,17:20:39,1.945100021,8.00019989,163.1528778,177.3593292,161.1392822,160.0020447,277.5711975,131.3452454,155.7528687,325.8369751,0.854513474,0.145486403,0.009634628,0.000315524
2020-12-09,17:20:40,1.945499992,8.000299835,163.1528778,177.355896,161.1379395,160.0018768,277.5716553,131.3464508,155.7516327,325.8369751,0.854513474,0.145486403,0.009634628,0.000315524
2020-12-09,17:20:41,1.945199966,8.00019989,163.1528778,177.3538666,161.138443,160.0020905,277.571167,131.3466187,155.7514648,325.8369751,0.854513474,0.145486403,0.009634628,0.000315524
2020-12-09,17:20:42,1.945199966,8.000099945,163.1528778,177.3526611,161.1375275,160.0021362,277.5708618,131.3474884,155.7505341,325.8369751,0.854513474,0.145486403,0.009634628,0.000315524
2020-12-09,17:20:43,1.945000076,8.00019989,163.1539917,177.3501129,161.1385498,160.0020447,277.5712585,131.3489532,155.7489166,325.8369751,0.854513474,0.145486403,0.009634628,0.000315524
2020-12-09,17:20:44,1.945299911,8.000099945,163.1539917,177.3482056,161.1375732,160.0022583,277.5705261,131.3491058,155.7488098,325.8369751,0.854513474,0.145486403,0.009634628,0.000315524
2020-12-09,17:20:45,1.945100021,8.000099945,163.1539917,177.3453217,161.1374817,160.0018158,277.5718079,131.3500671,155.7478333,325.8369751,0.854513474,0.145486403,0.009634628,0.000315524
2020-12-09,17:20:46,1.945299911,8.000099945,163.1539917,177.3421021,161.1362305,160.00177,277.5718689,131.350296,155.7475433,325.8369751,0.854513474,0.145486403,0.009634628,0.000315524
2020-12-09,17:20:47,1.945199966,8.0,163.1529694,177.3404541,161.1382446,160.0024261,277.5701294,131.3512726,155.746521,325.8369751,0.854513474,0.145486403,0.009634628,0.000315524
2020-12-09,17:20:48,1.945299911,8.0,163.154007,177.3386383,161.1369019,160.0021362,277.5708923,131.3518372,155.7458649,325.8369751,0.854513474,0.145486403,0.009634628,0.000315524
2020-12-09,17:20:49,1.945000076,8.0,163.154007,177.3354492,161.1365051,160.0022583,277.5706177,131.3532257,155.7444916,325.8369751,0.854513474,0.145486403,0.009634628,0.000315524
2020-12-09,17:20:50,1.945299911,7.999900055,163.154007,177.3335876,161.1370697,160.0015411,277.5725098,131.3535461,155.7441254,325.8369751,0.854513474,0.145486403,0.009634628,0.000315524
2020-12-09,17:20:51,1.945100021,8.0,163.154007,177.3305664,161.1373901,160.0022583,277.5705261,131.3544922,155.7430725,325.8369751,0.854513474,0.145486403,0.009634628,0.000315524
2020-12-09,17:20:52,1.945199966,7.999900055,163.154007,177.3282776,161.1365356,160.00177,277.5718689,131.3552399,155.7423248,325.8369751,0.854513474,0.145486403,0.009634628,0.000315524
2020-12-09,17:20:53,1.945000076,7.999900055,163.154007,177.325943,161.1369171,160.0020905,277.5709229,131.355545,155.7419891,325.8369751,0.854513474,0.145486403,0.009634628,0.000315524
2020-12-09,17:20:54,1.945000076,7.99980011,163.154007,177.3239746,161.1363525,160.0022583,277.5705872,131.3564301,155.7410431,325.8369751,0.854513474,0.145486403,0.009634628,0.000315524
2020-12-09,17:20:55,1.945199966,7.999900055,163.154007,177.3209229,161.1367188,160.0021362,277.5711365,131.3566742,155.7407837,325.8369751,0.854513474,0.145486403,0.009634628,0.000315524
2020-12-09,17:20:56,1.945000076,7.99980011,163.1550598,177.3179626,161.1357269,160.0021973,277.5707397,131.3579712,155.7394409,325.8369751,0.854513474,0.145486403,0.009634628,0.000315524
2020-12-09,17:20:57,1.945199966,7.99980011,163.1550598,177.3153992,161.1348877,160.0018158,277.5717468,131.3586273,155.738678,325.8369751,0.854513474,0.145486403,0.009634628,0.000315524
2020-12-09,17:20:58,1.945100021,7.999700165,163.1550598,177.313858,161.1358795,160.0023651,277.5702515,131.3589478,155.7383881,325.9400635,0.854513474,0.145486403,0.009634628,0.000315524
2020-12-09,17:20:59,1.945199966,7.99980011,163.1550598,177.3115082,161.135437,160.0019379,277.5715027,131.3593445,155.737915,325.9400635,0.854513474,0.145486403,0.009634628,0.000315524
2020-12-09,17:21:00,1.945000076,7.999700165,163.1550598,177.3094635,161.1351929,160.0023651,277.570282,131.3601379,155.7370911,325.9400635,0.854513474,0.145486403,0.009634628,0.000315524
2020-12-09,17:21:01,1.945299911,7.999700165,163.1550598,177.3065033,161.1354828,160.0020447,277.5712585,131.3608704,155.7363434,325.9400635,0.854513474,0.145486403,0.009634628,0.000315524
2020-12-09,17:21:02,1.945400047,7.99960022,163.1550598,177.3036652,161.1349182,160.0022583,277.5705261,131.3615112,155.7356262,325.9400635,0.854528503,0.145471497,0.009634628,0.000315524
2020-12-09,17:21:03,1.945199966,7.99960022,163.1550598,177.3023224,161.135437,160.0020905,277.5711365,131.3617554,155.7354126,325.9400635,0.854528503,0.145471497,0.009634628,0.000315524
2020-12-09,17:21:04,1.945100021,7.99960022,163.1550598,177.2985992,161.1357422,160.0019836,277.5713501,131.3624878,155.7346039,325.9400635,0.854528503,0.145471497,0.009634628,0.000315524
2020-12-09,17:21:05,1.945299911,7.99960022,163.1560822,177.2976227,161.1351929,160.0018158,277.5717468,131.3635254,155.7334747,325.9400635,0.854528503,0.145471497,0.009634628,0.000315524
2020-12-09,17:21:06,1.945400047,7.999500275,163.1560822,177.2945557,161.1345673,160.0020447,277.5712891,131.3640289,155.7330017,325.9400635,0.854528503,0.145471497,0.009634628,0.000315524
2020-12-09,17:21:07,1.945100021,7.99960022,163.1560822,177.2911682,161.1351166,160.0018158,277.5717468,131.3648376,155.732132,325.9400635,0.854528503,0.145471497,0.009634628,0.000315524
2020-12-09,17:21:08,1.945000076,7.999500275,163.1560822,177.2893066,161.1349945,160.0024719,277.5699463,131.3657227,155.7312164,325.9400635,0.854610825,0.145389204,0.009634628,0.000315524
2020-12-09,17:21:09,1.945199966,7.99960022,163.1571808,177.2875824,161.1357422,160.0027618,277.5692139,131.3653107,155.7316284,325.9400635,0.854610825,0.145389204,0.009634628,0.000315524
2020-12-09,17:21:10,1.945000076,7.999500275,163.1571808,177.2848206,161.1341858,160.0020447,277.5712891,131.3667603,155.730072,325.9400635,0.854610825,0.145389204,0.009634628,0.000315524
2020-12-09,17:21:11,1.94489994,8.0,163.1571808,177.2820587,161.1334991,160.0018158,277.5717163,131.367157,155.7296448,325.9400635,0.854610825,0.145389204,0.009634628,0.000315524
2020-12-09,17:21:12,1.945100021,8.00039978,163.1561584,177.2798767,161.1348267,160.0023651,277.5703735,131.3673096,155.7295074,325.9400635,0.854610825,0.145389204,0.009634628,0.000315524
2020-12-09,17:21:13,1.945100021,8.000499725,163.1561584,177.2763977,161.1340485,160.0016479,277.5722961,131.3686676,155.7279968,325.9400635,0.854610825,0.145389204,0.009634628,0.000315524
2020-12-09,17:21:14,1.945000076,8.0,163.1561584,177.2750092,161.1354523,160.0019379,277.5714417,131.3691559,155.7275696,325.9400635,0.854610825,0.145389204,0.009634628,0.000315524
2020-12-09,17:21:15,1.945299911,7.999500275,163.1561584,177.2728577,161.1343079,160.0021362,277.5708313,131.368988,155.7277679,325.9400635,0.854610825,0.145389204,0.009634628,0.000315524
2020-12-09,17:21:16,1.944799995,7.999299622,163.1561584,177.2704773,161.1333466,160.0021973,277.5707397,131.3696594,155.7270355,325.9400635,0.854610825,0.145389204,0.009634628,0.000315524
2020-12-09,17:21:17,1.945199966,7.999199677,163.1571808,177.2679901,161.1347046,160.0017242,277.5720215,131.3706055,155.7259827,325.9400635,0.854610825,0.145389204,0.009634628,0.000315524
2020-12-09,17:21:18,1.945299911,7.999299622,163.1571808,177.265152,161.1327362,160.0016479,277.5722351,131.3711853,155.7254028,325.9400635,0.854610825,0.145389204,0.009634628,0.000315524
2020-12-09,17:21:19,1.945000076,7.999700165,163.1581879,177.2624817,161.1333618,160.0022583,277.5705872,131.3722382,155.7243042,325.9400635,0.854610825,0.145389204,0.009634628,0.000315524
2020-12-09,17:21:20,1.945100021,7.999900055,163.1571655,177.2599182,161.1327362,160.00177,277.5718384,131.3721466,155.7242126,325.9400635,0.854610825,0.145389204,0.009634628,0.000315524
2020-12-09,17:21:21,1.945000076,7.999500275,163.1582489,177.2583313,161.1335449,160.0022583,277.5705566,131.3723907,155.724411,325.9400635,0.854610825,0.145389204,0.009634628,0.000315524
2020-12-09,17:21:22,1.945100021,7.999700165,163.157196,177.2570801,161.1330719,160.0023651,277.570343,131.3730469,155.7233887,325.9400635,0.854610825,0.145389204,0.009634628,0.000315524
2020-12-09,17:21:23,1.94489994,8.0,163.157196,177.2532501,161.1331787,160.0021973,277.5707397,131.3737488,155.7226563,326.0449219,0.854610825,0.145389204,0.009634628,0.000315524
2020-12-09,17:21:24,1.945100021,8.000299835,163.157196,177.2523956,161.1336212,160.0019379,277.5714417,131.3750458,155.7213593,326.0449219,0.854610825,0.145389204,0.009634628,0.000315683
2020-12-09,17:21:25,1.945000076,8.00059967,163.1582184,177.2494507,161.1327667,160.0020905,277.5709229,131.3752899,155.7210388,326.0449219,0.854610825,0.145389204,0.009634628,0.000315683
2020-12-09,17:21:26,1.945199966,8.000800323,163.1582184,177.2473907,161.133606,160.0024261,277.5700378,131.3756866,155.7205963,326.0449219,0.854610825,0.145389204,0.009634628,0.000315683
2020-12-09,17:21:27,1.945000076,8.001000214,163.1582184,177.2436676,161.1321564,160.0021362,277.5707703,131.3763428,155.7199249,326.0449219,0.854610825,0.145389204,0.009634628,0.000315683
2020-12-09,17:21:28,1.945199966,8.000700378,163.1582184,177.2419586,161.131134,160.0018768,277.5715637,131.3760071,155.7202606,326.1728821,0.854610825,0.145389204,0.009634628,0.000315683
2020-12-09,17:21:29,1.945100021,8.00019989,163.1582184,177.2388,161.1331635,160.0021973,277.5707092,131.3773956,155.7187958,326.1728821,0.854610825,0.145389204,0.009634628,0.000315683
2020-12-09,17:21:30,1.94489994,7.99980011,163.1592255,177.236908,161.1325073,160.0019379,277.5715027,131.3782806,155.7178345,326.1728821,0.854610825,0.145389204,0.009634628,0.000315683
2020-12-09,17:21:31,1.945100021,7.999299622,163.1592255,177.2342987,161.1314697,160.0021973,277.5707703,131.3781128,155.7180328,326.1728821,0.854610825,0.145389204,0.009634628,0.000315683
2020-12-09,17:21:32,1.945199966,7.999099731,163.1592255,177.2324371,161.1321869,160.0020447,277.5712891,131.3787689,155.7173767,326.1728821,0.854610825,0.145389204,0.009634628,0.000315683
2020-12-09,17:21:33,1.945000076,7.998999786,163.1592255,177.2295685,161.1331482,160.0017242,277.5721741,131.3792572,155.7168274,326.1728821,0.854610825,0.145389204,0.009634628,0.000315683
2020-12-09,17:21:34,1.945100021,7.998999786,163.1592255,177.2277527,161.1319885,160.0018158,277.5716858,131.3802185,155.7158508,326.1728821,0.854610825,0.145389204,0.009634628,0.000315683
2020-12-09,17:21:35,1.945199966,7.999299622,163.1592255,177.2253265,161.1323547,160.0024261,277.5700684,131.3798981,155.7160797,326.1728821,0.854610825,0.145389204,0.009634628,0.000315683
2020-12-09,17:21:36,1.94489994,7.999500275,163.1592255,177.2229309,161.1312408,160.0024719,277.5701904,131.3807526,155.71521,326.1728821,0.854610825,0.145389204,0.009634628,0.000315683
2020-12-09,17:21:37,1.945199966,7.99960022,163.1592255,177.2207947,161.1322632,160.00177,277.5718384,131.3812408,155.7147369,326.1728821,0.854610825,0.145389204,0.009634628,0.000315683
2020-12-09,17:21:38,1.944799995,7.99980011,163.1592255,177.2187195,161.1315155,160.0021973,277.5706787,131.381897,155.7140656,326.1728821,0.854610825,0.145389204,0.009634628,0.000315683
2020-12-09,17:21:39,1.945000076,7.999900055,163.1592255,177.216568,161.131958,160.0024261,277.5700378,131.3818054,155.7141418,326.1728821,0.854610825,0.145389204,0.009634628,0.000315683
2020-12-09,17:21:40,1.945299911,8.0,163.1592255,177.2134705,161.1332855,160.0018768,277.5715637,131.3822174,155.7136383,326.1728821,0.854610825,0.145389204,0.009634628,0.000315683
2020-12-09,17:21:41,1.94489994,8.00019989,163.1603241,177.2117157,161.1322021,160.0018158,277.5718079,131.3830414,155.7127533,326.1728821,0.854610825,0.145389204,0.009634628,0.000315683
2020-12-09,17:21:42,1.945100021,8.000299835,163.1603241,177.2086334,161.1306,160.0019379,277.5715027,131.3834381,155.7124176,326.1728821,0.854610825,0.145389204,0.009634628,0.000315683
2020-12-09,17:21:43,1.945000076,8.00039978,163.1603241,177.2068176,161.131485,160.0017242,277.5722046,131.3841705,155.7116089,326.1728821,0.854610825,0.145389204,0.009634628,0.000315683
2020-12-09,17:21:44,1.945100021,8.000499725,163.1603241,177.2047729,161.1325836,160.0018768,277.5716553,131.3845825,155.7112274,326.1728821,0.854530487,0.145469599,0.009634628,0.000315683
2020-12-09,17:21:45,1.94489994,8.00059967,163.1603241,177.2022858,161.1317749,160.0017242,277.572052,131.3848877,155.7108307,326.1728821,0.854530487,0.145469599,0.009634628,0.000315683
2020-12-09,17:21:46,1.945000076,8.000700378,163.1603241,177.2011566,161.1315308,160.0020447,277.571228,131.3855438,155.7101593,326.1728821,0.854530487,0.145469599,0.009634628,0.000315683
2020-12-09,17:21:47,1.94470005,8.000800323,163.1603241,177.1973114,161.1322479,160.0017242,277.5720825,131.3857727,155.7098694,326.1728821,0.854530487,0.145469599,0.009634628,0.000315683
2020-12-09,17:21:48,1.945000076,8.000900269,163.1603241,177.1953278,161.1312866,160.0020447,277.5712585,131.3863373,155.709259,326.1728821,0.854530487,0.145469599,0.009634628,0.000315683
2020-12-09,17:21:49,1.94489994,8.001000214,163.1603241,177.1925659,161.1316986,160.0020905,277.5710754,131.3866577,155.7089996,326.1728821,0.854530487,0.145469599,0.009634628,0.000315683
2020-12-09,17:21:50,1.945100021,8.001200104,163.1614685,177.190094,161.1306763,160.0017242,277.571991,131.3868866,155.7087097,326.1728821,0.854422302,0.145577698,0.009634628,0.000315683
2020-12-09,17:21:51,1.944799995,8.001100159,163.1614685,177.1883698,161.131134,160.0018768,277.5716248,131.3877869,155.7077789,326.1728821,0.854422302,0.145577698,0.009634628,0.000315683
2020-12-09,17:21:52,1.945000076,8.001300049,163.1614685,177.186554,161.1319427,160.00177,277.5721741,131.387619,155.7079773,326.1728821,0.854422302,0.145577698,0.009634628,0.000315683
2020-12-09,17:21:53,1.945100021,8.001399994,163.1614685,177.1849823,161.131012,160.0016479,277.5719604,131.3877869,155.7078094,326.1728821,0.854422302,0.145577698,0.009634628,0.000315683
2020-12-09,17:21:54,1.94489994,8.001499939,163.1614685,177.1824951,161.1315155,160.0018768,277.5715637,131.3887482,155.7067413,326.1728821,0.854422302,0.145577698,0.009634628,0.000315683
2020-12-09,17:21:55,1.945100021,8.001599884,163.1614685,177.1795044,161.1301422,160.0022583,277.5705872,131.3899536,155.7054443,326.1728821,0.854422302,0.145577698,0.009634628,0.000315683
2020-12-09,17:21:56,1.94489994,8.001599884,163.1614685,177.1775055,161.1302948,160.0019836,277.5714111,131.389389,155.7061157,326.1728821,0.854422302,0.145577698,0.009634628,0.000315683
2020-12-09,17:21:57,1.944799995,8.001699829,163.1614685,177.1752319,161.130127,160.0018158,277.5717163,131.3899536,155.7054291,326.1728821,0.854422302,0.145577698,0.009634628,0.000315683
2020-12-09,17:21:58,1.94489994,8.001799774,163.1614685,177.171936,161.1312256,160.0023651,277.570343,131.3905182,155.7048187,326.1728821,0.854422302,0.145577698,0.009634628,0.000316508
2020-12-09,17:21:59,1.945100021,8.001799774,163.1614685,177.1711273,161.1304626,160.00177,277.5718994,131.3910065,155.7043457,326.1728821,0.854422302,0.145577698,0.009634628,0.000316508
2020-12-09,17:22:00,1.94489994,8.001899719,163.1604614,177.1683807,161.1309662,160.0015869,277.5724792,131.3915558,155.7036896,326.1728821,0.854422302,0.145577698,0.009634628,0.000316508
2020-12-09,17:22:01,1.945100021,8.001899719,163.1614838,177.1659698,161.1303558,160.0019379,277.5714417,131.391983,155.7033691,326.1728821,0.854422302,0.145577698,0.009634628,0.000316508
2020-12-09,17:22:02,1.94489994,8.001999664,163.1614838,177.1635437,161.1298523,160.0021362,277.5708313,131.3918915,155.7032928,326.1728821,0.854422302,0.145577698,0.009634628,0.000316508
2020-12-09,17:22:03,1.945100021,8.002100372,163.1614838,177.1618195,161.1302185,160.0018158,277.5717468,131.3926239,155.702652,326.1728821,0.854422302,0.145577698,0.009634628,0.000316508
2020-12-09,17:22:04,1.94489994,8.002100372,163.1614838,177.1593781,161.1303864,160.0021362,277.5708313,131.3931885,155.7020874,326.1728821,0.854422302,0.145577698,0.009634628,0.000316508
2020-12-09,17:22:05,1.945100021,8.002200317,163.1614838,177.1572418,161.1296997,160.0018158,277.5717163,131.3927002,155.7024994,326.1728821,0.854422302,0.145577698,0.009634628,0.000316508
2020-12-09,17:22:06,1.945000076,8.002200317,163.1624908,177.1553802,161.1300812,160.0020905,277.571167,131.3937531,155.7014008,326.1728821,0.854422302,0.145577698,0.009634628,0.000316508
2020-12-09,17:22:07,1.945100021,8.002200317,163.1624908,177.1538696,161.1289825,160.00177,277.5718994,131.3933411,155.7018738,326.1728821,0.854422302,0.145577698,0.009634628,0.000316508
2020-12-09,17:22:08,1.945100021,8.002300262,163.1624908,177.1509552,161.129425,160.0016479,277.5722656,131.3946228,155.7005005,326.2863159,0.854543381,0.1454566,0.009634628,0.000316508
2020-12-09,17:22:09,1.945199966,8.002300262,163.1624908,177.1490326,161.1300049,160.00177,277.5718994,131.3942108,155.7009888,326.2863159,0.854543381,0.1454566,0.009634628,0.000316508
2020-12-09,17:22:10,1.94489994,8.002400208,163.1624908,177.1468201,161.1289978,160.0019379,277.5714417,131.3947906,155.7003174,326.2863159,0.854543381,0.1454566,0.009634628,0.000316508
2020-12-09,17:22:11,1.945000076,8.002400208,163.1624908,177.1442566,161.1287079,160.0020905,277.5711365,131.3950958,155.6999969,326.2863159,0.854543381,0.1454566,0.009634628,0.000316508
2020-12-09,17:22:12,1.944799995,8.002400208,163.1624908,177.141983,161.1293488,160.0020447,277.5712891,131.3952484,155.6997986,326.2863159,0.854543381,0.1454566,0.009634628,0.000316508
2020-12-09,17:22:13,1.945000076,8.002500153,163.1624908,177.1395111,161.1289063,160.0017242,277.5719604,131.395752,155.6993561,326.2863159,0.854543381,0.1454566,0.009634628,0.000316508
2020-12-09,17:22:14,1.94489994,8.002400208,163.1634979,177.1381226,161.129425,160.0020447,277.571228,131.396225,155.6988068,326.2863159,0.854543381,0.1454566,0.009634628,0.000316508
2020-12-09,17:22:15,1.944799995,8.002500153,163.1634979,177.1355133,161.1297607,160.0015869,277.5724487,131.3967285,155.6983032,326.2863159,0.854543381,0.1454566,0.009634628,0.000316508
2020-12-09,17:22:16,1.945000076,8.002500153,163.1634979,177.1330109,161.1291962,160.0017242,277.5718689,131.3965607,155.69841,326.2863159,0.854543381,0.1454566,0.009634628,0.000316508
2020-12-09,17:22:17,1.94489994,8.002600098,163.1624756,177.130661,161.1287537,160.0018158,277.572052,131.3973083,155.6977081,326.2863159,0.854543381,0.1454566,0.009634628,0.000316508
2020-12-09,17:22:18,1.945100021,8.002600098,163.1635132,177.1287994,161.1295776,160.0013885,277.5729065,131.3974609,155.6975098,326.2863159,0.854543381,0.1454566,0.009634628,0.000315683
2020-12-09,17:22:19,1.945000076,8.002500153,163.1635132,177.1270752,161.1291809,160.00177,277.5718689,131.3977051,155.6972656,326.2863159,0.854543381,0.1454566,0.009634628,0.000315683
2020-12-09,17:22:20,1.945199966,8.002600098,163.1635132,177.1252136,161.1290588,160.0017242,277.5722046,131.3984985,155.6964722,326.2863159,0.854543381,0.1454566,0.009634628,0.000315683
2020-12-09,17:22:21,1.945000076,8.002600098,163.1635132,177.1231232,161.129837,160.0018158,277.5716858,131.3983459,155.6962585,326.2863159,0.854543381,0.1454566,0.009634628,0.000315683
2020-12-09,17:22:22,1.94489994,8.002700043,163.1635132,177.1213226,161.1286469,160.0014191,277.5727844,131.3990021,155.6959076,326.2863159,0.854524536,0.145475502,0.009634628,0.000315683
2020-12-09,17:22:23,1.944799995,8.002700043,163.1635132,177.1180115,161.1285248,160.0017242,277.5720215,131.3986664,155.6961975,326.2863159,0.854524536,0.145475502,0.009634628,0.000315683
2020-12-09,17:22:24,1.945000076,8.002600098,163.1635132,177.1165466,161.129425,160.0018768,277.5716248,131.3987427,155.6961212,326.2863159,0.854524536,0.145475502,0.009634628,0.000315683
2020-12-09,17:22:25,1.94489994,8.002700043,163.1635132,177.1146698,161.1297302,160.0021362,277.5708618,131.3997192,155.6950989,326.2863159,0.854524536,0.145475502,0.009634628,0.000316552
2020-12-09,17:22:26,1.945100021,8.002700043,163.1635132,177.1127319,161.1293488,160.0015869,277.5723877,131.400116,155.6946564,326.2863159,0.854524536,0.145475502,0.009634628,0.000316552
2020-12-09,17:22:27,1.945000076,8.002700043,163.1645203,177.1109009,161.1295013,160.0013275,277.5732727,131.4005127,155.6942902,326.2863159,0.854524536,0.145475502,0.009634628,0.000316552
2020-12-09,17:22:28,1.94489994,8.002700043,163.1645203,177.1079559,161.1285706,160.0018158,277.5718079,131.400116,155.6946716,326.2863159,0.854524536,0.145475502,0.009634628,0.000316552
2020-12-09,17:22:29,1.945100021,8.002700043,163.1645203,177.1064911,161.128891,160.0015869,277.5723877,131.4011536,155.6936035,326.2863159,0.854524536,0.145475502,0.009634628,0.000316552
2020-12-09,17:22:30,1.945199966,8.002700043,163.1645203,177.1043549,161.1285706,160.0015411,277.5725403,131.4006653,155.6940613,326.2863159,0.854524536,0.145475502,0.009634628,0.000316552
2020-12-09,17:22:31,1.945000076,8.002700043,163.1645203,177.1011963,161.1281738,160.0014801,277.5726624,131.4015503,155.6931763,326.2863159,0.854524536,0.145475502,0.009634628,0.000316552
2020-12-09,17:22:32,1.94489994,8.002799988,163.1645203,177.0992279,161.1290436,160.0011444,277.5735474,131.4011536,155.6936188,326.2863159,0.854524536,0.145475502,0.009634628,0.000316552
2020-12-09,17:22:33,1.945299911,8.002700043,163.1645203,177.0977478,161.1291199,160.0012665,277.5733032,131.4016418,155.6930695,326.2863159,0.854524536,0.145475502,0.009634628,0.000316552
2020-12-09,17:22:34,1.945000076,8.002799988,163.1645203,177.0963745,161.1295166,160.0010834,277.5737,131.4020386,155.6926727,326.2863159,0.854524536,0.145475502,0.009634628,0.000316552
2020-12-09,17:22:35,1.945199966,8.002700043,163.1645203,177.0937653,161.1289673,160.0019836,277.5714111,131.4017944,155.6928711,326.2863159,0.854524536,0.145475502,0.009634628,0.000316552
2020-12-09,17:22:36,1.945100021,8.002799988,163.1655426,177.0914307,161.1282959,160.0014801,277.5726929,131.4023438,155.6923065,326.2863159,0.854524536,0.145475502,0.009634628,0.000316552
2020-12-09,17:22:37,1.945299911,8.002700043,163.1655426,177.0900116,161.1281433,160.0012665,277.5733032,131.402771,155.6918182,326.2863159,0.854524536,0.145475502,0.009634628,0.000316552
2020-12-09,17:22:38,1.945100021,8.002799988,163.1655426,177.0884857,161.1285706,160.0017242,277.5720825,131.4028473,155.6917267,326.2863159,0.854492722,0.145507298,0.009634628,0.000316552
2020-12-09,17:22:39,1.945299911,8.002700043,163.1655426,177.0850677,161.1287231,160.0013885,277.5729675,131.4031677,155.6914825,326.2863159,0.854492722,0.145507298,0.009634628,0.000316552
2020-12-09,17:22:40,1.945000076,8.002700043,163.1655426,177.0830383,161.1275482,160.0015869,277.5724487,131.4028473,155.6917419,326.2863159,0.854505692,0.145494404,0.009634628,0.000316552
2020-12-09,17:22:41,1.945199966,8.002700043,163.1655426,177.0810394,161.1287537,160.0012665,277.5733643,131.4033203,155.69133,326.2863159,0.854505692,0.145494404,0.009634628,0.000316552
2020-12-09,17:22:42,1.945000076,8.002700043,163.1655426,177.0791931,161.1277313,160.0011444,277.5731201,131.4038239,155.6907196,326.2863159,0.854505692,0.145494404,0.009634628,0.000316552
2020-12-09,17:22:43,1.945299911,8.002700043,163.1655426,177.078186,161.1271973,160.0012665,277.5733948,131.4037323,155.6909027,326.4526978,0.854505692,0.145494404,0.009634628,0.000316552
2020-12-09,17:22:44,1.945100021,8.002700043,163.1655426,177.0762787,161.1286469,160.0010376,277.5739136,131.4045563,155.6899414,326.4526978,0.854505692,0.145494404,0.009634628,0.000316552
2020-12-09,17:22:45,1.945199966,8.002700043,163.1665802,177.0734558,161.1277771,160.0014801,277.5726929,131.4041443,155.6903992,326.4526978,0.854505692,0.145494404,0.009634628,0.000316552
2020-12-09,17:22:46,1.945100021,8.002700043,163.1665802,177.0725555,161.1274567,160.0010376,277.5739136,131.4049683,155.6895142,326.4526978,0.854505692,0.145494404,0.009634628,0.000316552
2020-12-09,17:22:47,1.945199966,8.002700043,163.1665802,177.0699005,161.1287842,160.0008698,277.5744324,131.4051208,155.6893768,326.4526978,0.854505692,0.145494404,0.009634628,0.000316552
2020-12-09,17:22:48,1.945199966,8.002600098,163.1665802,177.0676117,161.1267242,160.0011444,277.5736084,131.4048004,155.6897125,326.4526978,0.854505692,0.145494404,0.009634628,0.000316552
2020-12-09,17:22:49,1.945100021,8.002700043,163.1665802,177.0666504,161.1272278,160.0010376,277.5740356,131.4056854,155.6887512,326.4526978,0.854505692,0.145494404,0.009634628,0.000316552
2020-12-09,17:22:50,1.945199966,8.002600098,163.1665802,177.0642548,161.1278839,160.0014801,277.5726929,131.4057617,155.6888428,326.4526978,0.854505692,0.145494404,0.009634628,0.000316552
2020-12-09,17:22:51,1.945000076,8.002700043,163.1665802,177.0627289,161.1283264,160.0012207,277.5734253,131.4054413,155.6890106,326.4526978,0.854505692,0.145494404,0.009634628,0.000316552
2020-12-09,17:22:52,1.945199966,8.002600098,163.1665802,177.0604858,161.1273499,160.0013275,277.5732117,131.4056854,155.688797,326.4526978,0.854505692,0.145494404,0.009634628,0.000316552
2020-12-09,17:22:53,1.945000076,8.002600098,163.1665802,177.0579987,161.1283569,160.0013275,277.5732727,131.4064941,155.6879425,326.4526978,0.854505692,0.145494404,0.009634628,0.000316552
2020-12-09,17:22:54,1.945199966,8.002600098,163.1665802,177.0564117,161.1272125,160.0009766,277.5740662,131.4060059,155.6885071,326.4526978,0.854505692,0.145494404,0.009634628,0.000316552
2020-12-09,17:22:55,1.945000076,8.002600098,163.1665802,177.0545807,161.1267395,160.0010834,277.5737915,131.4060822,155.6883087,326.4526978,0.854505692,0.145494404,0.009634628,0.000316552
2020-12-09,17:22:56,1.945199966,8.002600098,163.1665802,177.053009,161.1289063,160.0016479,277.5722351,131.4073029,155.687088,326.4526978,0.854505692,0.145494404,0.009634628,0.000316552
2020-12-09,17:22:57,1.94489994,8.002500153,163.1676025,177.0516815,161.1268005,160.0008087,277.574585,131.4064941,155.6878662,326.4526978,0.854505692,0.145494404,0.009634628,0.000316552
2020-12-09,17:22:58,1.945199966,8.002600098,163.1665802,177.0505524,161.128067,160.0011444,277.5736084,131.4074554,155.6869049,326.4526978,0.854505692,0.145494404,0.009634628,0.000316552
2020-12-09,17:22:59,1.945000076,8.002500153,163.1677094,177.0469666,161.1274414,160.0013275,277.5732117,131.407608,155.6867828,326.4526978,0.854505692,0.145494404,0.009634628,0.000316552
2020-12-09,17:23:00,1.945299911,8.002500153,163.1677094,177.045639,161.12677,160.0010834,277.5737915,131.407547,155.6868896,326.4526978,0.854424362,0.1455756,0.009634628,0.000316552
2020-12-09,17:23:01,1.945000076,8.002400208,163.1677094,177.0436707,161.1279297,160.0005798,277.5750427,131.4074554,155.6866913,326.4526978,0.854424362,0.1455756,0.009634628,0.000316552
2020-12-09,17:23:02,1.945100021,8.002500153,163.1677094,177.04245,161.1268921,160.0005341,277.5754089,131.4081879,155.686142,326.4526978,0.854424362,0.1455756,0.009634628,0.000316552
2020-12-09,17:23:03,1.945299911,8.002400208,163.1677094,177.04039,161.1272125,160.0010376,277.5738525,131.4081116,155.6860504,326.4526978,0.854424362,0.1455756,0.009634628,0.000316552
2020-12-09,17:23:04,1.945199966,8.002400208,163.1677094,177.0377197,161.1274109,160.0008087,277.5745239,131.4085846,155.6857605,326.4526978,0.854424362,0.1455756,0.009634628,0.000316552
2020-12-09,17:23:05,1.945100021,8.002400208,163.1687164,177.036972,161.1264954,160.0010834,277.573761,131.4081116,155.686264,326.4526978,0.854424362,0.1455756,0.009634628,0.000316552
2020-12-09,17:23:06,1.945199966,8.002400208,163.1687164,177.0351563,161.1270905,160.0009766,277.5741577,131.4091339,155.6851196,326.4526978,0.854424362,0.1455756,0.009634628,0.000316538
2020-12-09,17:23:07,1.945400047,8.002300262,163.1687164,177.0342865,161.1279449,160.0008087,277.574585,131.4092255,155.6850281,326.4526978,0.854424362,0.1455756,0.009634628,0.000316538
2020-12-09,17:23:08,1.945199966,8.002300262,163.1687164,177.0324097,161.1268311,160.0009766,277.5741272,131.4088135,155.6854706,326.4526978,0.854424362,0.1455756,0.009634628,0.000316538
2020-12-09,17:23:09,1.94489994,8.002300262,163.1677094,177.030899,161.1270142,160.0006409,277.5749817,131.4095306,155.6846924,326.4526978,0.854424362,0.1455756,0.009634628,0.000316538
2020-12-09,17:23:10,1.945100021,8.002200317,163.1677094,177.0297699,161.1274109,160.0009766,277.5741577,131.4096832,155.6845703,326.4526978,0.854424362,0.1455756,0.009634628,0.000316538
2020-12-09,17:23:11,1.945000076,8.002300262,163.1687164,177.0279999,161.1279297,160.0006409,277.5749207,131.4102478,155.6838531,326.4526978,0.854424362,0.1455756,0.009634628,0.000316538
2020-12-09,17:23:12,1.945100021,8.002200317,163.1687164,177.0254517,161.1270294,160.0007477,277.574707,131.4098053,155.6844025,326.4526978,0.854424362,0.1455756,0.009634628,0.000316538
2020-12-09,17:23:13,1.945199966,8.002200317,163.1687164,177.0240173,161.1260376,160.0008698,277.5744324,131.4099426,155.6842499,326.4526978,0.854424362,0.1455756,0.009634628,0.000316538
2020-12-09,17:23:14,1.945000076,8.002100372,163.1687164,177.0217133,161.1278076,160.0005798,277.5752258,131.4096832,155.6844788,326.4526978,0.854424362,0.1455756,0.009634628,0.000316538
2020-12-09,17:23:15,1.945199966,8.002100372,163.1687164,177.020401,161.1264038,160.0009766,277.5742188,131.4104919,155.6836548,326.4526978,0.854424362,0.1455756,0.009634628,0.000316538
2020-12-09,17:23:16,1.94489994,8.001999664,163.1687164,177.0178375,161.1274109,160.0003204,277.5759277,131.4107513,155.6833801,326.4526978,0.854424362,0.1455756,0.009634628,0.000316538
2020-12-09,17:23:17,1.945100021,8.002100372,163.1687164,177.0175171,161.1268311,160.0002594,277.5757141,131.4113159,155.6827698,326.4526978,0.854424362,0.1455756,0.009634628,0.000315626
2020-12-09,17:23:18,1.94489994,8.001999664,163.1687164,177.0157166,161.1273193,160.0005798,277.5751038,131.4107513,155.6833649,326.4526978,0.854424362,0.1455756,0.009634628,0.000315626
2020-12-09,17:23:19,1.945000076,8.001899719,163.1687164,177.0138092,161.1278839,160.0006409,277.5749817,131.4109955,155.6831665,326.4526978,0.854424362,0.1455756,0.009634628,0.000315626
2020-12-09,17:23:20,1.944799995,8.001899719,163.169754,177.0127258,161.1267548,160.0004272,277.5756531,131.4116516,155.6824951,326.4526978,0.854424362,0.1455756,0.009634628,0.000315626
2020-12-09,17:23:21,1.945100021,8.001899719,163.169754,177.011261,161.1269379,160.0005798,277.5752258,131.4113922,155.6827087,326.4526978,0.854424362,0.1455756,0.009634628,0.000315626
2020-12-09,17:23:22,1.94470005,8.001899719,163.169754,177.0093689,161.1270905,160.0004883,277.575531,131.4116516,155.6824646,326.4526978,0.854424362,0.1455756,0.009634628,0.000315626
2020-12-09,17:23:23,1.94489994,8.001799774,163.169754,177.0082245,161.126297,160.0005798,277.5752258,131.4118805,155.6821899,326.9042664,0.854424362,0.1455756,0.009634628,0.000315626
2020-12-09,17:23:24,1.945000076,8.001799774,163.169754,177.0057526,161.126709,160.0003662,277.5757446,131.4122772,155.6817932,326.9042664,0.854424362,0.1455756,0.009634628,0.000315626
2020-12-09,17:23:25,1.94489994,8.001699829,163.169754,177.0045013,161.1269684,160.0005798,277.5751953,131.4124451,155.6815948,326.9042664,0.854424362,0.1455756,0.009634628,0.000315626
2020-12-09,17:23:26,1.945000076,8.001799774,163.169754,177.0032501,161.1266022,160.0006409,277.5748596,131.4126892,155.6813965,326.9042664,0.854424362,0.1455756,0.009634628,0.000315626
2020-12-09,17:23:27,1.94489994,8.001699829,163.169754,177.0018616,161.1274109,160.0003204,277.5758057,131.4121094,155.6819305,326.9042664,0.854424362,0.1455756,0.009634628,0.000315626
2020-12-09,17:23:28,1.944599915,8.001699829,163.169754,177.0005646,161.1266022,160.0005341,277.5753784,131.4129333,155.6810608,326.9042664,0.854424362,0.1455756,0.009634628,0.000315626
2020-12-09,17:23:29,1.94489994,8.001599884,163.1707916,176.9991302,161.1270905,159.9998016,277.5772705,131.4127655,155.6812744,326.9042664,0.854424362,0.1455756,0.009634628,0.000315626
2020-12-09,17:23:30,1.945000076,8.001699829,163.1707916,176.996933,161.1259155,159.9999084,277.5769043,131.4126129,155.6814117,326.9042664,0.854424362,0.1455756,0.009634628,0.000315626
2020-12-09,17:23:31,1.94470005,8.001499939,163.1707916,176.9962616,161.1269989,159.999527,277.5779114,131.4131622,155.6808472,326.9042664,0.854424362,0.1455756,0.009634628,0.000315626
2020-12-09,17:23:32,1.94489994,8.001599884,163.1697693,176.9946594,161.1266022,160.0005341,277.5753784,131.4129333,155.6810455,326.9042664,0.854424362,0.1455756,0.009634628,0.000315626
2020-12-09,17:23:33,1.944799995,8.001499939,163.1707916,176.9932861,161.1267548,159.9997559,277.5773926,131.4134064,155.6805115,326.9042664,0.854424362,0.1455756,0.009634628,0.000315626
2020-12-09,17:23:34,1.94470005,8.001499939,163.1707916,176.9916077,161.1261597,159.9994659,277.5782776,131.4138947,155.6800995,326.9042664,0.854424362,0.1455756,0.009634628,0.000315626
2020-12-09,17:23:35,1.94489994,8.001399994,163.1707916,176.9901886,161.1272583,160.0003204,277.5759277,131.4134979,155.680481,326.9042664,0.854424362,0.1455756,0.009634628,0.000315626
2020-12-09,17:23:36,1.944599915,8.001399994,163.1718292,176.9898071,161.126236,159.9999084,277.5769043,131.4143829,155.6795502,326.9042664,0.854424362,0.1455756,0.009634628,0.000315626
2020-12-09,17:23:37,1.94470005,8.001300049,163.1718292,176.9868164,161.1256866,159.9996338,277.5777283,131.4144592,155.6796112,326.9042664,0.854424362,0.1455756,0.009634628,0.000315626
2020-12-09,17:23:38,1.944599915,8.001399994,163.1718292,176.9860229,161.1273346,159.9997559,277.5774841,131.4143829,155.6795502,326.9042664,0.854424362,0.1455756,0.009634628,0.000315626
2020-12-09,17:23:39,1.944799995,8.001300049,163.1708069,176.9847412,161.1270752,159.9993744,277.5785522,131.4143829,155.6796112,326.9042664,0.854424362,0.1455756,0.009634628,0.000315626
2020-12-09,17:23:40,1.944599915,8.001200104,163.1708069,176.9832611,161.1267548,159.9994659,277.5780945,131.4147034,155.679184,326.9042664,0.854424362,0.1455756,0.009634628,0.000315626
2020-12-09,17:23:41,1.944799995,8.001200104,163.1708069,176.9819031,161.1269531,159.9992523,277.5787659,131.4149323,155.6789551,326.9042664,0.854424362,0.1455756,0.009634628,0.000315568
2020-12-09,17:23:42,1.94489994,8.001200104,163.1708069,176.9809113,161.1272888,159.999588,277.5778809,131.4151917,155.679245,326.9042664,0.854424362,0.1455756,0.009634628,0.000315568
2020-12-09,17:23:43,1.944799995,8.001200104,163.1718292,176.979187,161.1270142,159.9996948,277.5775757,131.4147797,155.6787262,326.9042664,0.854424362,0.1455756,0.009634628,0.000315568
2020-12-09,17:23:44,1.944599915,8.001100159,163.1718292,176.9777527,161.1267395,159.999527,277.5779724,131.4153442,155.6791077,326.9042664,0.854437332,0.145562801,0.009634628,0.000315568
2020-12-09,17:23:45,1.944799995,8.001100159,163.1718292,176.977005,161.1279755,159.9993134,277.5786133,131.4155121,155.678421,326.9042664,0.854437332,0.145562801,0.009634628,0.000315568
2020-12-09,17:23:46,1.94470005,8.001000214,163.1718292,176.9747009,161.1270142,159.9990387,277.5793762,131.4155884,155.6783295,326.9042664,0.854437332,0.145562801,0.009634628,0.000315568
2020-12-09,17:23:47,1.944499969,8.001000214,163.1718292,176.9739227,161.1266022,159.9991913,277.5789185,131.4150848,155.6787567,326.9042664,0.854437332,0.145562801,0.009634628,0.000315568
2020-12-09,17:23:48,1.94470005,8.001000214,163.1718292,176.9727631,161.1272583,159.9993134,277.5792236,131.415741,155.6780548,326.9042664,0.854437332,0.145562801,0.009634628,0.000315568
2020-12-09,17:23:49,1.944599915,8.000900269,163.1718292,176.9718018,161.1275635,159.9996948,277.5775757,131.4155884,155.6782684,326.9042664,0.854437332,0.145562801,0.009634628,0.000315568
2020-12-09,17:23:50,1.94470005,8.000900269,163.1718292,176.9693909,161.1266632,159.9990692,277.5793457,131.4159088,155.6779175,326.9042664,0.854437332,0.145562801,0.009634628,0.000315568
2020-12-09,17:23:51,1.944499969,8.000900269,163.1728516,176.9699707,161.127594,159.9991302,277.5791626,131.4156647,155.6781769,326.9042664,0.854437332,0.145562801,0.009634628,0.000315568
2020-12-09,17:23:52,1.944799995,8.000800323,163.1718292,176.9675751,161.1277771,159.9992523,277.5788269,131.416626,155.6771545,326.9042664,0.854437332,0.145562801,0.009634628,0.000315568
2020-12-09,17:23:53,1.944599915,8.000800323,163.1728668,176.9668579,161.1281128,159.9991302,277.5791321,131.4168549,155.6768799,326.9042664,0.854437332,0.145562801,0.009634628,0.000315568
2020-12-09,17:23:54,1.94470005,8.000800323,163.1728668,176.965683,161.128006,159.9989777,277.5796204,131.4163208,155.6775055,326.9042664,0.854437332,0.145562801,0.009634628,0.000315568
2020-12-09,17:23:55,1.944499969,8.000700378,163.1728668,176.9646759,161.1284943,159.9991302,277.5791931,131.4160767,155.6777954,326.9042664,0.854437332,0.145562801,0.009634628,0.000315568
2020-12-09,17:23:56,1.944599915,8.000700378,163.1728668,176.9624176,161.1268158,159.9990387,277.5794983,131.4167175,155.6770477,326.9042664,0.854437332,0.145562801,0.009634628,0.000315568
2020-12-09,17:23:57,1.94470005,8.000700378,163.1728668,176.9621429,161.1273956,159.9992523,277.5787659,131.416626,155.677124,326.9042664,0.854437332,0.145562801,0.009634628,0.000315568
2020-12-09,17:23:58,1.944499969,8.00059967,163.1728668,176.9606628,161.1285248,159.9990692,277.5793457,131.4171906,155.6765442,327.348877,0.854437332,0.145562801,0.009634628,0.000315568
2020-12-09,17:23:59,1.944599915,8.00059967,163.1738739,176.9597931,161.1289825,159.9989166,277.5796814,131.4176636,155.6760864,327.348877,0.854437332,0.145562801,0.009634628,0.000315568
2020-12-09,17:24:00,1.944400024,8.000499725,163.1738739,176.9586487,161.1281738,159.9989166,277.5797424,131.4174957,155.6762238,327.348877,0.854437332,0.145562801,0.009634628,0.000315568
2020-12-09,17:24:01,1.944599915,8.00059967,163.1738739,176.9578247,161.1287537,159.9989777,277.5795288,131.4173431,155.6763916,327.348877,0.854437332,0.145562801,0.009634628,0.000315568
2020-12-09,17:24:02,1.944499969,8.000499725,163.1738739,176.9568176,161.1282501,159.9988098,277.5799561,131.4174347,155.6763,327.348877,0.854432297,0.145567703,0.009634628,0.000315568
2020-12-09,17:24:03,1.944300079,8.00039978,163.1738739,176.9547729,161.12883,159.9987488,277.5801697,131.4175873,155.6761322,327.348877,0.854432297,0.145567703,0.009634628,0.000315568
2020-12-09,17:24:04,1.944499969,8.000499725,163.1738739,176.9546661,161.1279297,159.9990692,277.5792847,131.4172668,155.6764374,327.348877,0.854432297,0.145567703,0.009634628,0.000315568
2020-12-09,17:24:05,1.94470005,8.00039978,163.1738739,176.9538269,161.1291504,159.9987183,277.5804138,131.4182434,155.6754608,327.348877,0.854432297,0.145567703,0.009634628,0.000315568
2020-12-09,17:24:06,1.944400024,8.000299835,163.1738739,176.9519196,161.1278839,159.9989777,277.5795288,131.4180908,155.6756287,327.348877,0.854432297,0.145567703,0.009634628,0.000315568
2020-12-09,17:24:07,1.944499969,8.00039978,163.1738739,176.9509888,161.1293488,159.9988708,277.5798035,131.418335,155.6753235,327.348877,0.854432297,0.145567703,0.009634628,0.000316682
2020-12-09,17:24:08,1.944400024,8.000299835,163.1738739,176.9496765,161.1295776,159.9984131,277.5810547,131.4185638,155.6751404,327.348877,0.854432297,0.145567703,0.009634628,0.000316682
2020-12-09,17:24:09,1.944499969,8.000299835,163.174881,176.9480591,161.1287689,159.9980316,277.5821228,131.4182434,155.6753845,327.348877,0.854432297,0.145567703,0.009634628,0.000316682
2020-12-09,17:24:10,1.94470005,8.00019989,163.174881,176.9476166,161.1294098,159.9987183,277.5803223,131.4185638,155.6751099,327.348877,0.854432297,0.145567703,0.009634628,0.000316682
2020-12-09,17:24:11,1.944400024,8.00019989,163.174881,176.9464722,161.1284637,159.9984131,277.5811768,131.418808,155.6748352,327.348877,0.854432297,0.145567703,0.009634628,0.000316682
2020-12-09,17:24:12,1.944599915,8.00019989,163.174881,176.9458618,161.1290588,159.9982605,277.5815735,131.4188995,155.6747437,327.348877,0.854432297,0.145567703,0.009634628,0.000316682
2020-12-09,17:24:13,1.944300079,8.000099945,163.174881,176.9444275,161.1286163,159.9987183,277.5803833,131.4191437,155.6745453,327.348877,0.854432297,0.145567703,0.009634628,0.000316682
2020-12-09,17:24:14,1.944199944,8.000099945,163.1738586,176.9437866,161.1300812,159.9983826,277.5813293,131.418808,155.6748199,327.348877,0.854432297,0.145567703,0.009634628,0.000316682
2020-12-09,17:24:15,1.944300079,8.000099945,163.1738586,176.9433441,161.1290436,159.9985962,277.580658,131.4189911,155.6746521,327.348877,0.854432297,0.145567703,0.009634628,0.000316682
2020-12-09,17:24:16,1.944199944,8.0,163.1738586,176.9413147,161.1301422,159.9982605,277.581604,131.4196167,155.6739655,327.348877,0.854432297,0.145567703,0.009634628,0.000316682
2020-12-09,17:24:17,1.944400024,8.0,163.1748657,176.9411163,161.1293793,159.9980316,277.5822144,131.4192963,155.6743011,327.348877,0.854432297,0.145567703,0.009634628,0.000316682
2020-12-09,17:24:18,1.944300079,8.0,163.1759033,176.940506,161.1304932,159.9985504,277.580719,131.4195404,155.6740723,327.348877,0.854432297,0.145567703,0.009634628,0.000316682
2020-12-09,17:24:19,1.944400024,7.999900055,163.1759033,176.9408417,161.1298981,159.9976501,277.583252,131.420105,155.6735077,327.348877,0.854432297,0.145567703,0.009634628,0.000316682
2020-12-09,17:24:20,1.944499969,8.0,163.1759033,176.9376068,161.129303,159.9980927,277.5819397,131.4198608,155.6737061,327.348877,0.854432297,0.145567703,0.009634628,0.000316682
2020-12-09,17:24:21,1.944199944,7.999900055,163.1759033,176.9372253,161.131073,159.9981995,277.5816345,131.4195404,155.674057,327.348877,0.854432297,0.145567703,0.009634628,0.000316682
2020-12-09,17:24:22,1.944300079,7.99980011,163.1759033,176.9360352,161.1302795,159.9980316,277.5821838,131.4193726,155.6742096,327.348877,0.854432297,0.145567703,0.009634628,0.000316682
2020-12-09,17:24:23,1.944099998,7.99980011,163.1759033,176.9353943,161.1298218,159.9977112,277.5830078,131.4197845,155.6738434,327.348877,0.854432297,0.145567703,0.009634628,0.000316682
2020-12-09,17:24:24,1.944300079,7.999700165,163.1759033,176.9348297,161.1307373,159.9976501,277.5831909,131.4194489,155.6741638,327.348877,0.854432297,0.145567703,0.009634628,0.000316682
2020-12-09,17:24:25,1.944199944,7.99980011,163.1759033,176.9339752,161.1313019,159.9977722,277.5829468,131.4200287,155.6735382,327.348877,0.854432297,0.145567703,0.009634628,0.000316682
2020-12-09,17:24:26,1.944000053,7.999700165,163.1748962,176.9325867,161.1315002,159.9974976,277.5837097,131.4204865,155.6730652,327.348877,0.854432297,0.145567703,0.009634628,0.000316682
2020-12-09,17:24:27,1.944099998,7.999700165,163.1759033,176.9327698,161.1319885,159.9978333,277.5827026,131.4208374,155.67276,327.348877,0.854432297,0.145567703,0.009634628,0.000316682
2020-12-09,17:24:28,1.944199944,7.99960022,163.1759033,176.931076,161.1323853,159.9979401,277.582428,131.4205933,155.6725159,327.2313538,0.854432297,0.145567703,0.009634628,0.000316682
2020-12-09,17:24:29,1.944300079,7.99960022,163.1759033,176.9303131,161.1310577,159.9977112,277.5830078,131.4203339,155.673233,327.2313538,0.854432297,0.145567703,0.009634628,0.000316682
2020-12-09,17:24:30,1.943899918,7.99960022,163.1759033,176.9299774,161.1322327,159.9979858,277.5823669,131.4207458,155.6728058,327.2313538,0.854432297,0.145567703,0.009634628,0.000316682
2020-12-09,17:24:31,1.944199944,7.999500275,163.1769867,176.9304352,161.1312561,159.9974976,277.5837097,131.4202728,155.6733246,327.2313538,0.854432297,0.145567703,0.009634628,0.000316682
2020-12-09,17:24:32,1.944000053,7.99960022,163.1769867,176.9284363,161.1307831,159.9980316,277.5821838,131.4208374,155.6727753,327.2313538,0.854432297,0.145567703,0.009634628,0.000316682
2020-12-09,17:24:33,1.944099998,7.999500275,163.1769867,176.9279785,161.1321106,159.9976501,277.583313,131.4214783,155.6719818,327.2313538,0.854432297,0.145567703,0.009634628,0.000316682
2020-12-09,17:24:34,1.944199944,7.99940033,163.1769867,176.9269257,161.132309,159.9974976,277.5837097,131.4208374,155.6727142,327.2313538,0.854432297,0.145567703,0.009634628,0.000316682
2020-12-09,17:24:35,1.943899918,7.999500275,163.1769867,176.9267731,161.1325836,159.9975433,277.5834045,131.4216309,155.671814,327.2313538,0.854432297,0.145567703,0.009634628,0.000316682
2020-12-09,17:24:36,1.944000053,7.99940033,163.1759644,176.9264526,161.1321259,159.9976044,277.5837097,131.4213104,155.6722107,327.2313538,0.854432297,0.145567703,0.009634628,0.000316682
2020-12-09,17:24:37,1.943899918,7.999299622,163.1769714,176.9250641,161.1332092,159.9976501,277.583252,131.4213867,155.6721039,327.2313538,0.854432297,0.145567703,0.009634628,0.000316682
2020-12-09,17:24:38,1.944199944,7.999299622,163.1769714,176.9239807,161.1326752,159.9974213,277.5838013,131.4211426,155.6723785,327.2313538,0.854432297,0.145567703,0.009634628,0.000316682
2020-12-09,17:24:39,1.944000053,7.999299622,163.1769714,176.9237061,161.1321411,159.9971466,277.5846252,131.4213867,155.6721344,327.2313538,0.854432297,0.145567703,0.009634628,0.000316682
2020-12-09,17:24:40,1.944199944,7.999199677,163.1769714,176.9230804,161.1334229,159.9972992,277.584259,131.4221191,155.6713562,327.2313538,0.854432297,0.145567703,0.009634628,0.000316682
2020-12-09,17:24:41,1.944000053,7.999299622,163.1769714,176.9229279,161.1330566,159.9971008,277.5846863,131.4216309,155.6718445,327.2313538,0.854432297,0.145567703,0.009634628,0.000316682
2020-12-09,17:24:42,1.943899918,7.999199677,163.1769714,176.9222412,161.1335602,159.9972534,277.5843201,131.4219666,155.6715393,327.2313538,0.854480896,0.145519104,0.009634628,0.00031661
2020-12-09,17:24:43,1.943799973,7.999199677,163.1769714,176.9207306,161.1329346,159.9972992,277.5841064,131.4217224,155.6713257,327.2313538,0.854480896,0.145519104,0.009634628,0.000315626
2020-12-09,17:24:44,1.944000053,7.999099731,163.1769714,176.9205475,161.133316,159.9970398,277.5848389,131.4219666,155.671875,327.2313538,0.854480896,0.145519104,0.009634628,0.000315626
2020-12-09,17:24:45,1.943899918,7.999199677,163.1779785,176.9199524,161.1337585,159.9974213,277.5837708,131.4225311,155.6709595,327.2313538,0.854480896,0.145519104,0.009634628,0.000315626
2020-12-09,17:24:46,1.943799973,7.999099731,163.1779785,176.9193726,161.1330719,159.9969788,277.5849609,131.4219666,155.6714478,327.2313538,0.854480896,0.145519104,0.009634628,0.000315626
2020-12-09,17:24:47,1.943899918,7.998999786,163.1779785,176.9189148,161.1345673,159.9971466,277.5846558,131.4225311,155.6709137,327.2313538,0.854480896,0.145519104,0.009634628,0.000315626
2020-12-09,17:24:48,1.943700027,7.998999786,163.1779785,176.9174042,161.133194,159.9972076,277.5848083,131.4223633,155.6710815,327.2313538,0.854480896,0.145519104,0.009634628,0.000315626
2020-12-09,17:24:49,1.943899918,7.998899841,163.1779785,176.9185486,161.1340027,159.9972992,277.5840759,131.4224548,155.6712036,327.2313538,0.854480896,0.145519104,0.009634628,0.000315626
2020-12-09,17:24:50,1.943700027,7.998899841,163.1779785,176.9174042,161.1345673,159.9972534,277.5843811,131.4219666,155.6714935,327.2313538,0.854480896,0.145519104,0.009634628,0.000315626
2020-12-09,17:24:51,1.943899918,7.998999786,163.1779785,176.9171753,161.1341248,159.9970398,277.5849304,131.42276,155.6706696,327.2313538,0.854480896,0.145519104,0.009634628,0.000315626
2020-12-09,17:24:52,1.943700027,7.998899841,163.1779785,176.9162903,161.1344757,159.9967041,277.5857849,131.4235077,155.6699219,327.2313538,0.854480896,0.145519104,0.009634628,0.000315626
2020-12-09,17:24:53,1.943899918,7.999099731,163.1790161,176.9157257,161.1340637,159.996933,277.5852356,131.4230042,155.6704559,327.2313538,0.854480896,0.145519104,0.009634628,0.000315626
2020-12-09,17:24:54,1.943700027,7.999099731,163.1790161,176.9153595,161.1348267,159.9967651,277.5856323,131.4225311,155.6708679,327.2313538,0.854480896,0.145519104,0.009634628,0.000316538
2020-12-09,17:24:55,1.943799973,7.999199677,163.1790161,176.9160767,161.1344452,159.9965668,277.5860596,131.4230042,155.6703796,327.2313538,0.854480896,0.145519104,0.009634628,0.000316538
2020-12-09,17:24:56,1.943600082,7.999199677,163.1790161,176.9151001,161.135849,159.9968719,277.5854492,131.4233246,155.6700592,327.2313538,0.854480896,0.145519104,0.009634628,0.000316538
2020-12-09,17:24:57,1.943700027,7.999299622,163.1790161,176.9142609,161.1350861,159.99646,277.5864868,131.4237366,155.6695862,327.2313538,0.854480896,0.145519104,0.009634628,0.000316538
2020-12-09,17:24:58,1.943499947,7.999299622,163.1790161,176.9133911,161.1348724,159.996933,277.585144,131.424057,155.6693115,327.2313538,0.854480896,0.145519104,0.009634628,0.000316538
2020-12-09,17:24:59,1.943600082,7.99940033,163.1790161,176.913681,161.1355438,159.996521,277.5863037,131.4237366,155.669632,327.2313538,0.854480896,0.145519104,0.009634628,0.000316538
2020-12-09,17:25:00,1.943799973,7.999299622,163.1790161,176.9133453,161.1347656,159.9967651,277.5856628,131.4234161,155.6700287,327.2313538,0.854480896,0.145519104,0.009634628,0.000316538
2020-12-09,17:25:01,1.943700027,7.999500275,163.1790161,176.9129486,161.1346436,159.9963684,277.5866699,131.424057,155.669342,327.2313538,0.854480896,0.145519104,0.009634628,0.000316538
2020-12-09,17:25:02,1.943600082,7.99940033,163.1790161,176.912384,161.1344604,159.9967651,277.5856323,131.4238129,155.6695251,327.2313538,0.854480896,0.145519104,0.009634628,0.000316538
2020-12-09,17:25:03,1.943700027,7.99960022,163.1790161,176.912735,161.1355286,159.99646,277.5865173,131.4235687,155.6698456,327.2313538,0.854480896,0.145519104,0.009634628,0.000316538
2020-12-09,17:25:04,1.943499947,7.99960022,163.1790161,176.9113922,161.1349182,159.9961395,277.5873413,131.4242249,155.6690674,327.2313538,0.854480896,0.145519104,0.009634628,0.000316538
2020-12-09,17:25:05,1.943700027,7.99960022,163.1790161,176.9128265,161.1351318,159.9964142,277.5865479,131.4241333,155.6691895,327.2313538,0.854480896,0.145519104,0.009634628,0.000316538
2020-12-09,17:25:06,1.943600082,7.999700165,163.1790161,176.9124298,161.1348572,159.9959106,277.5878601,131.4246063,155.6687317,327.2313538,0.854480896,0.145519104,0.009634628,0.000316538
2020-12-09,17:25:07,1.943600082,7.999700165,163.1800537,176.9112549,161.1358337,159.9956512,277.5886841,131.4241333,155.6691742,327.2313538,0.854480896,0.145519104,0.009634628,0.000316538
2020-12-09,17:25:08,1.943499947,7.99980011,163.1800537,176.9095764,161.135376,159.9962006,277.5871277,131.4244385,155.6689148,327.1295776,0.854480896,0.145519104,0.009634628,0.000316538
2020-12-09,17:25:09,1.943499947,7.999700165,163.1800537,176.9107971,161.1358948,159.996521,277.5863342,131.4242249,155.6691132,327.1295776,0.854480896,0.145519104,0.009634628,0.000316538
2020-12-09,17:25:10,1.943600082,7.99980011,163.1800537,176.910202,161.1366119,159.9964142,277.5865784,131.4239655,155.6693878,327.1295776,0.854480896,0.145519104,0.009634628,0.000316538
2020-12-09,17:25:11,1.943300056,7.999900055,163.1800537,176.9093323,161.1360016,159.9963684,277.5867615,131.4246979,155.6685486,327.1295776,0.854480896,0.145519104,0.009634628,0.000316538
2020-12-09,17:25:12,1.943600082,7.999900055,163.1800537,176.9086609,161.1363678,159.996521,277.5863953,131.4252625,155.6680145,327.1295776,0.854480896,0.145519104,0.009634628,0.000316538
2020-12-09,17:25:13,1.943499947,7.999900055,163.1810913,176.9098358,161.1371155,159.9958038,277.5882568,131.4246063,155.6687317,327.1295776,0.854480896,0.145519104,0.009634628,0.000316538
2020-12-09,17:25:14,1.943400002,8.0,163.1810913,176.908432,161.1358795,159.9959717,277.5877991,131.4250336,155.6682892,327.1295776,0.854480896,0.145519104,0.009634628,0.000316538
2020-12-09,17:25:15,1.943700027,8.0,163.1800842,176.9091492,161.1368866,159.9954834,277.5892639,131.4246979,155.6685638,327.1295776,0.854480896,0.145519104,0.009634628,0.000316538
2020-12-09,17:25:16,1.943499947,8.0,163.1800842,176.9090271,161.1374207,159.9963684,277.5867004,131.4243927,155.6689301,327.1295776,0.854480896,0.145519104,0.009634628,0.000316538
2020-12-09,17:25:17,1.943700027,8.0,163.1800842,176.9086304,161.1364746,159.9958038,277.5881653,131.4246979,155.6685944,327.1295776,0.854480896,0.145519104,0.009634628,0.000316538
2020-12-09,17:25:18,1.943499947,8.000099945,163.1811066,176.908783,161.1367493,159.9954224,277.5893555,131.4254303,155.6678619,327.1295776,0.854480896,0.145519104,0.009634628,0.000316538
2020-12-09,17:25:19,1.943300056,8.000099945,163.1811066,176.9090881,161.1360779,159.9963074,277.5868835,131.4251862,155.6681213,327.1295776,0.854480896,0.145519104,0.009634628,0.000316538
2020-12-09,17:25:20,1.943499947,8.000099945,163.1811066,176.9093781,161.1375122,159.9959106,277.5878601,131.4246979,155.6685486,327.1295776,0.854480896,0.145519104,0.009634628,0.000316538
2020-12-09,17:25:21,1.943400002,8.000099945,163.1811066,176.908783,161.1372681,159.9961395,277.5874023,131.4252625,155.6679993,327.1295776,0.854480896,0.145519104,0.009634628,0.000316538
2020-12-09,17:25:22,1.943499947,8.00019989,163.1811066,176.9098511,161.1373749,159.9958038,277.5882263,131.4248047,155.6684723,327.1295776,0.854480896,0.145519104,0.009634628,0.000316538
2020-12-09,17:25:23,1.943600082,8.000099945,163.1811066,176.9095764,161.1367188,159.9955292,277.5888977,131.4255829,155.6676941,327.1295776,0.854480896,0.145519104,0.009634628,0.000316538
2020-12-09,17:25:24,1.943400002,8.00019989,163.1821289,176.9082031,161.1369324,159.9960327,277.5876465,131.4248047,155.6685333,327.1295776,0.854480896,0.145519104,0.009634628,0.000316538
2020-12-09,17:25:25,1.943600082,8.00019989,163.1821289,176.9085083,161.1372528,159.9955292,277.5888977,131.4256744,155.6675568,327.1295776,0.854480896,0.145519104,0.009634628,0.000316538
2020-12-09,17:25:26,1.943300056,8.00019989,163.1821289,176.9096375,161.1379242,159.9962006,277.5872192,131.4254303,155.6678162,327.1295776,0.854443207,0.145556803,0.009634628,0.000316538
2020-12-09,17:25:27,1.943499947,8.00019989,163.1821289,176.908783,161.1377563,159.9957581,277.5884399,131.4248505,155.668457,327.1295776,0.854443207,0.145556803,0.009634628,0.000316538
2020-12-09,17:25:28,1.943400002,8.00019989,163.1821289,176.9085236,161.137558,159.9959106,277.5879517,131.4258881,155.6673126,327.1295776,0.854496689,0.145503302,0.009634628,0.000316538
2020-12-09,17:25:29,1.943499947,8.000299835,163.1821289,176.9091644,161.1382446,159.9952545,277.5897522,131.4256744,155.667572,327.1295776,0.854496689,0.145503302,0.009634628,0.000316538
2020-12-09,17:25:30,1.943400002,8.00019989,163.1821289,176.9081421,161.1389008,159.9958649,277.5880127,131.4254303,155.6678314,327.1295776,0.854496689,0.145503302,0.009634628,0.000316538
2020-12-09,17:25:31,1.943600082,8.000299835,163.1821289,176.9093628,161.1372833,159.995697,277.5885315,131.4256744,155.6676025,327.1295776,0.854496689,0.145503302,0.009634628,0.000316538
2020-12-09,17:25:32,1.943300056,8.00019989,163.1821289,176.9092255,161.1380005,159.9957581,277.5881653,131.4255829,155.6677246,327.1295776,0.854496689,0.145503302,0.009634628,0.000316538
2020-12-09,17:25:33,1.943400002,8.000299835,163.1821289,176.9085236,161.1371307,159.9958649,277.5883789,131.4259949,155.6672821,327.1295776,0.854496689,0.145503302,0.009634628,0.000316538
2020-12-09,17:25:34,1.943099976,8.000299835,163.1821289,176.9078674,161.1384888,159.9956512,277.5887451,131.4254303,155.6678009,327.1295776,0.854496689,0.145503302,0.009634628,0.000316538
2020-12-09,17:25:35,1.943400002,8.000299835,163.1821289,176.9089203,161.1382294,159.9958038,277.5882874,131.4258881,155.6673431,327.1295776,0.854496689,0.145503302,0.009634628,0.000316538
2020-12-09,17:25:36,1.943300056,8.000299835,163.1821289,176.9093628,161.1374054,159.9955292,277.5889587,131.4255829,155.6676636,327.1295776,0.854496689,0.145503302,0.009634628,0.000316538
2020-12-09,17:25:37,1.943300056,8.000299835,163.1831512,176.9090424,161.1389618,159.9951935,277.5898438,131.4251862,155.6680603,327.1295776,0.854496689,0.145503302,0.009634628,0.000316538
2020-12-09,17:25:38,1.943099976,8.000299835,163.1831512,176.909256,161.1394806,159.9959106,277.5878296,131.4257507,155.6674347,326.9361572,0.854496689,0.145503302,0.009634628,0.000316538
2020-12-09,17:25:39,1.943300056,8.000299835,163.1831512,176.9098206,161.1373444,159.9957581,277.5884399,131.4255219,155.6677399,326.9361572,0.854496689,0.145503302,0.009634628,0.000316538
2020-12-09,17:25:40,1.943099976,8.00039978,163.1831512,176.9090118,161.1393433,159.9955902,277.5888672,131.4256744,155.6675415,326.9361572,0.854496689,0.145503302,0.009634628,0.000316538
2020-12-09,17:25:41,1.943300056,8.000299835,163.1831512,176.9096985,161.1376801,159.9960327,277.587616,131.425354,155.6679535,326.9361572,0.854496689,0.145503302,0.009634628,0.000316538
2020-12-09,17:25:42,1.943099976,8.000299835,163.1831512,176.9099884,161.13797,159.9955292,277.5888977,131.4263916,155.6668091,326.9361572,0.854496689,0.145503302,0.009634628,0.000315626
2020-12-09,17:25:43,1.924500084,8.000299835,163.1831512,176.9101868,161.1378326,159.9955292,277.5889893,131.4260864,155.6671448,327.0383606,0.854496689,0.145503302,0.009634628,0.000315626
2020-12-09,17:25:44,1.96779995,8.000299835,163.1831512,176.9108276,161.1376801,159.9950867,277.5901489,131.425827,155.6673737,327.0383606,0.854496689,0.145503302,0.009634628,0.000315626
2020-12-09,17:25:45,1.99090004,8.000299835,163.1831512,176.9099274,161.1387787,159.994873,277.5907593,131.4259949,155.6671295,327.0383606,0.854496689,0.145503302,0.009634628,0.000315626
2020-12-09,17:25:46,2.012700081,8.00039978,163.1831512,176.9103088,161.1382904,159.9955902,277.5887756,131.426239,155.66745,327.0383606,0.854496689,0.145503302,0.009634628,0.000315626
2020-12-09,17:25:47,2.036100006,8.000299835,163.1831512,176.9110718,161.138031,159.9958649,277.5880432,131.4265442,155.6666718,327.0383606,0.854496689,0.145503302,0.009634628,0.000315626
2020-12-09,17:25:48,2.057600021,8.00039978,163.1831512,176.9109802,161.1385193,159.9953308,277.5895996,131.427124,155.6660767,327.0383606,0.854496689,0.145503302,0.009634628,0.000316552
2020-12-09,17:25:49,2.079199982,8.000299835,163.1831512,176.9132385,161.1379852,159.995697,277.588562,131.426712,155.6665192,327.0383606,0.854496689,0.145503302,0.009634628,0.000316552
2020-12-09,17:25:50,2.101399994,8.00039978,163.1831512,176.9130249,161.1396027,159.9955292,277.5889282,131.4289093,155.6641235,327.0383606,0.854496689,0.145503302,0.009634628,0.000316552
2020-12-09,17:25:51,2.122900009,8.000499725,163.1831512,176.9140778,161.138855,159.9956512,277.5886536,131.4297943,155.6632233,327.0383606,0.854496689,0.145503302,0.009634628,0.000316552
2020-12-09,17:25:52,2.142399979,8.000499725,163.1831512,176.915863,161.1396637,159.9955292,277.5890808,131.4309082,155.6620483,327.0383606,0.854496689,0.145503302,0.009634628,0.000316552
2020-12-09,17:25:53,2.163699913,8.000499725,163.1841736,176.9181519,161.1394043,159.9957581,277.5884094,131.4331665,155.6595764,327.0383606,0.854496689,0.145503302,0.009634628,0.000316552
2020-12-09,17:25:54,2.183600044,8.000499725,163.1841736,176.9195557,161.1390839,159.9954834,277.5890808,131.4351654,155.6575317,327.0383606,0.854496689,0.145503302,0.009634628,0.000316552
2020-12-09,17:25:55,2.204800034,8.00059967,163.1841736,176.9222107,161.1378784,159.9956512,277.5887451,131.4382324,155.6542664,327.0383606,0.854496689,0.145503302,0.009634628,0.000316552
2020-12-09,17:25:56,2.224099922,8.00059967,163.1841736,176.925705,161.1388855,159.9957581,277.588501,131.4414063,155.6509094,327.0383606,0.854496689,0.145503302,0.009634628,0.000316552
2020-12-09,17:25:57,2.243499947,8.000700378,163.1841736,176.9296417,161.1391754,159.9961395,277.5873718,131.4457397,155.6463013,327.0383606,0.854496689,0.145503302,0.009634628,0.000316552
2020-12-09,17:25:58,2.2625,8.000700378,163.1841736,176.9329681,161.1396179,159.9955902,277.5888062,131.4497833,155.6419678,327.0383606,0.854496689,0.145503302,0.009634628,0.000316552
2020-12-09,17:25:59,2.282099915,8.000800323,163.1841736,176.9376831,161.1387024,159.9957581,277.5884399,131.4550781,155.6363678,327.0383606,0.854496689,0.145503302,0.009634628,0.000316552
2020-12-09,17:26:00,2.301399994,8.000800323,163.1841736,176.9415283,161.1401978,159.9955292,277.5889587,131.4603424,155.6307678,327.0383606,0.854496689,0.145503302,0.009634628,0.000316552
2020-12-09,17:26:01,2.320899963,8.000900269,163.1841736,176.9453278,161.1394958,159.9957581,277.5884399,131.4671936,155.6235962,327.0383606,0.854496689,0.145503302,0.009634628,0.000316552
2020-12-09,17:26:02,2.339100075,8.000900269,163.1841736,176.9511871,161.138916,159.9952545,277.5898132,131.4732056,155.6170807,327.0383606,0.854496689,0.145503302,0.009634628,0.000316552
2020-12-09,17:26:03,2.35739994,8.000900269,163.1841736,176.9563141,161.1398621,159.9957581,277.588501,131.480896,155.6089935,327.0383606,0.854496689,0.145503302,0.009634628,0.000316552
2020-12-09,17:26:04,2.375200081,8.001000214,163.1841736,176.9606628,161.1389923,159.9953613,277.5894775,131.4896088,155.5998993,327.0383606,0.854496689,0.145503302,0.009634628,0.000316552
2020-12-09,17:26:05,2.391500092,8.001100159,163.1841736,176.9666748,161.1398468,159.9949341,277.5906677,131.4982147,155.590683,327.0383606,0.854496689,0.145503302,0.009634628,0.000316552
2020-12-09,17:26:06,2.409600067,8.001000214,163.1852112,176.9712677,161.1399536,159.9950867,277.590271,131.5074158,155.5809631,327.0383606,0.854496689,0.145503302,0.009634628,0.000316552
2020-12-09,17:26:07,2.426300049,8.001200104,163.1852112,176.9772034,161.1395111,159.9954224,277.5894165,131.5178986,155.5698547,327.0383606,0.854496689,0.145503302,0.009634628,0.000316552
2020-12-09,17:26:08,2.445100021,8.001200104,163.1852112,176.9830017,161.1390686,159.9954834,277.5890198,131.529129,155.5579834,327.0383606,0.854496689,0.145503302,0.009634628,0.000316552
2020-12-09,17:26:09,2.461700058,8.001300049,163.1852112,176.9891205,161.1404419,159.9954224,277.5894165,131.5410309,155.5453491,327.0383606,0.854496689,0.145503302,0.009634628,0.000316552
2020-12-09,17:26:10,2.478800011,8.001399994,163.1852112,176.9960938,161.1408386,159.9955902,277.5887756,131.553009,155.5327301,327.0383606,0.854496689,0.145503302,0.009634628,0.000316552
2020-12-09,17:26:11,2.495299911,8.001399994,163.1852112,177.0019073,161.1386871,159.9950256,277.5904541,131.5659027,155.5190887,327.0383606,0.854496689,0.145503302,0.009634628,0.000316552
2020-12-09,17:26:12,2.512000084,8.001499939,163.1852112,177.008606,161.1411743,159.995697,277.5885925,131.5807343,155.5033875,327.0383606,0.854496689,0.145503302,0.009634628,0.000316566
2020-12-09,17:26:13,2.528199959,8.001300049,163.1852112,177.0158386,161.1401672,159.9947052,277.5913086,131.5951996,155.4880219,326.8714294,0.854496689,0.145503302,0.009634628,0.000316566
2020-12-09,17:26:14,2.543899918,8.001000214,163.1862488,177.0223999,161.1402283,159.9954834,277.5891724,131.6103668,155.4719543,326.8714294,0.854687195,0.145312796,0.009634628,0.000314714
2020-12-09,17:26:15,2.55909996,8.000700378,163.1852264,177.0294647,161.1410065,159.9953308,277.5896606,131.6264343,155.4550476,326.8714294,0.854687195,0.145312796,0.009634628,0.000314714
2020-12-09,17:26:16,2.575600052,8.000299835,163.1852264,177.0358276,161.139389,159.995697,277.5885925,131.6437073,155.4368286,326.8714294,0.854687195,0.145312796,0.009634628,0.000315582
2020-12-09,17:26:17,2.590699959,8.0,163.1862488,177.0437622,161.139679,159.9951935,277.5899353,131.6607666,155.418808,326.8714294,0.854687195,0.145312796,0.009634628,0.000315582
2020-12-09,17:26:18,2.605999947,7.999700165,163.1862488,177.0510406,161.1403198,159.9949799,277.5905151,131.6786499,155.3998108,326.8714294,0.854687195,0.145312796,0.009634628,0.000314714
2020-12-09,17:26:19,2.62140007,7.999500275,163.1852264,177.0581818,161.1394043,159.9951935,277.5898743,131.6981964,155.3791962,326.8714294,0.854687195,0.145312796,0.009634628,0.000314714
2020-12-09,17:26:20,2.636300087,7.99940033,163.1862488,177.0645752,161.1406555,159.9955902,277.5888367,131.7179108,155.3583679,326.8714294,0.854687195,0.145312796,0.009634628,0.000314714
2020-12-09,17:26:21,2.65170002,7.99940033,163.1873016,177.072525,161.1404572,159.994873,277.5907593,131.7371368,155.3379974,326.8714294,0.854687195,0.145312796,0.009634628,0.000314714
2020-12-09,17:26:22,2.665299988,7.99960022,163.1873016,177.0796967,161.1399689,159.9947662,277.5910339,131.7583618,155.3156128,326.8714294,0.854687195,0.145312796,0.009634628,0.000314714
2020-12-09,17:26:23,2.680699921,7.999900055,163.1862946,177.0879822,161.1403809,159.9951477,277.5900574,131.7802124,155.2926331,326.8714294,0.854687195,0.145312796,0.009634628,0.000314714
2020-12-09,17:26:24,2.695100021,8.000099945,163.1862946,177.0960693,161.1397552,159.9952545,277.5898132,131.803299,155.2682953,326.8714294,0.854687195,0.145312796,0.009634628,0.000314714
2020-12-09,17:26:25,2.708799934,8.000299835,163.1862946,177.1036987,161.1407776,159.9954224,277.5892944,131.8257599,155.2445831,326.8714294,0.854687195,0.145312796,0.009634628,0.000314714
2020-12-09,17:26:26,2.723399925,8.000499725,163.1862946,177.1114655,161.1399078,159.9953613,277.589447,131.8493042,155.2196655,326.8714294,0.854673309,0.1453267,0.009634628,0.000314714
2020-12-09,17:26:27,2.737000084,8.000700378,163.1862946,177.1197662,161.1392822,159.9950256,277.5903625,131.8739319,155.1936646,326.8714294,0.854673309,0.1453267,0.009634628,0.000314714
2020-12-09,17:26:28,2.751600075,8.000900269,163.1862946,177.1266174,161.140274,159.9951477,277.5899658,131.8987579,155.1675568,326.8714294,0.854673309,0.1453267,0.009634628,0.000314714
2020-12-09,17:26:29,2.764800072,8.001100159,163.1862946,177.1345062,161.1401215,159.995697,277.5885315,131.9237518,155.1412811,326.8714294,0.854673309,0.1453267,0.009634628,0.000314714
2020-12-09,17:26:30,2.77859993,8.001200104,163.1873169,177.1416779,161.1404419,159.9954224,277.589386,131.9507599,155.112915,326.8714294,0.854673309,0.1453267,0.009634628,0.000314714
2020-12-09,17:26:31,2.79090004,8.000900269,163.1873169,177.1519623,161.1397705,159.9958038,277.5883484,131.9777832,155.0844116,326.8714294,0.854673309,0.1453267,0.009634628,0.000314714
2020-12-09,17:26:32,2.804599953,8.00059967,163.1862488,177.1599274,161.140274,159.9952545,277.5897827,132.0057678,155.0549622,326.8714294,0.854673309,0.1453267,0.009634628,0.000314714
2020-12-09,17:26:33,2.817000008,8.000299835,163.1862488,177.167572,161.1409149,159.9953308,277.5896301,132.0329895,155.0263672,326.8714294,0.854673309,0.1453267,0.009634628,0.000314714
2020-12-09,17:26:34,2.829299927,8.000099945,163.1872711,177.175827,161.1401825,159.9950256,277.5904541,132.0617828,154.9960785,326.8714294,0.854756622,0.145243397,0.009634628,0.000314714
2020-12-09,17:26:35,2.843400002,7.99980011,163.1872711,177.1843414,161.1397247,159.9954834,277.5891724,132.0917358,154.9645538,326.8714294,0.854756622,0.145243397,0.009634628,0.000314714
2020-12-09,17:26:36,2.855200005,7.99960022,163.1872711,177.1917114,161.1406555,159.9953613,277.589447,132.1195221,154.9353943,326.8714294,0.854756622,0.145243397,0.009634628,0.000314714
2020-12-09,17:26:37,2.86760006,7.999500275,163.1872711,177.201828,161.1398315,159.9952545,277.5898132,132.1508484,154.9025116,326.8714294,0.854756622,0.145243397,0.009634628,0.000314714
2020-12-09,17:26:38,2.879899979,7.999500275,163.1882935,177.2097931,161.140625,159.9953613,277.589447,132.1820221,154.8696594,326.8714294,0.854756622,0.145243397,0.009634628,0.000314714
2020-12-09,17:26:39,2.892399979,7.99980011,163.1882935,177.2194366,161.1403809,159.9954224,277.5898132,132.213623,154.8366089,326.8714294,0.854756622,0.145243397,0.009634628,0.000314714
2020-12-09,17:26:40,2.904599953,8.0,163.1882935,177.2272949,161.1401367,159.9950867,277.590332,132.2436218,154.8051605,326.8714294,0.854756622,0.145243397,0.009634628,0.000314714
2020-12-09,17:26:41,2.915500069,8.00019989,163.1882935,177.2363586,161.140213,159.9953308,277.5895996,132.2762756,154.7709045,326.8714294,0.854756622,0.145243397,0.009634628,0.000314714
2020-12-09,17:26:42,2.927599907,7.99980011,163.1882935,177.2436218,161.1402893,159.9958649,277.5880127,132.3093567,154.7361908,326.8714294,0.854756622,0.145243397,0.009634628,0.000314714
2020-12-09,17:26:43,2.939699936,7.99940033,163.1882935,177.2542419,161.1408081,159.9951935,277.5899048,132.3422699,154.7016296,326.8714294,0.854756622,0.145243397,0.009634628,0.000314714
2020-12-09,17:26:44,2.950900078,7.998999786,163.1882935,177.2615051,161.140274,159.9950867,277.5901489,132.3755341,154.6669312,326.8714294,0.854756622,0.145243397,0.009634628,0.000314714
2020-12-09,17:26:45,2.961800003,7.998799896,163.1893158,177.271637,161.1396637,159.994873,277.5907898,132.4103394,154.6305084,326.8714294,0.854756622,0.145243397,0.009634628,0.000314714
2020-12-09,17:26:46,2.97310009,7.99940033,163.1893158,177.2805634,161.141098,159.9950867,277.590332,132.4453125,154.5938721,326.8714294,0.854756622,0.145243397,0.009634628,0.000314714
2020-12-09,17:26:47,2.984000015,7.99980011,163.1882477,177.2885742,161.1393585,159.9953613,277.5895386,132.4788971,154.5587616,326.8714294,0.854756622,0.145243397,0.009634628,0.000314714
2020-12-09,17:26:48,2.99489994,8.00019989,163.1882477,177.2987671,161.1408234,159.9950867,277.5901184,132.5147705,154.5213165,326.8714294,0.854756622,0.145243397,0.009634628,0.000314714
2020-12-09,17:26:49,3.007099915,8.000299835,163.1882477,177.3082123,161.1401825,159.9953613,277.589447,132.5506744,154.4838257,326.8714294,0.854756622,0.145243397,0.009634628,0.000314714
2020-12-09,17:26:50,3.01609993,8.000299835,163.18927,177.31604,161.1398621,159.9950867,277.5902405,132.5852051,154.4477692,326.8714294,0.854766464,0.145233498,0.009634628,0.000314714
2020-12-09,17:26:51,3.02670002,8.000299835,163.18927,177.325058,161.1396484,159.9951935,277.5899353,132.6222229,154.4090881,326.8714294,0.854766464,0.145233498,0.009634628,0.000314714
2020-12-09,17:26:52,3.038500023,8.000299835,163.18927,177.3349304,161.140152,159.9949799,277.5904846,132.6590729,154.3707733,326.8714294,0.854766464,0.145233498,0.009634628,0.000314714
2020-12-09,17:26:53,3.047800064,8.000299835,163.18927,177.345047,161.1405029,159.9947052,277.5911865,132.6971588,154.3310089,326.8714294,0.854766464,0.145233498,0.009634628,0.000314714
2020-12-09,17:26:54,3.058699989,8.000299835,163.18927,177.3540649,161.1397858,159.9958038,277.5883789,132.7346344,154.2918854,326.8714294,0.854766464,0.145233498,0.009634628,0.000314714
2020-12-09,17:26:55,3.068300056,8.000299835,163.18927,177.3635864,161.1404419,159.9955292,277.5889893,132.7723083,154.252655,326.8714294,0.854766464,0.145233498,0.009634628,0.000314714
2020-12-09,17:26:56,3.078199959,8.000299835,163.18927,177.3726959,161.1406708,159.9953308,277.5896912,132.810791,154.2126923,326.8714294,0.854766464,0.145233498,0.009634628,0.000314714
2020-12-09,17:26:57,3.088599968,8.000299835,163.18927,177.3821106,161.1398468,159.9951935,277.5893555,132.8493347,154.1725616,326.8714294,0.854766464,0.145233498,0.009634628,0.000315611
2020-12-09,17:26:58,3.097699928,8.000299835,163.18927,177.3904572,161.1404114,159.9950867,277.5901794,132.8873444,154.1329651,326.8714294,0.854759598,0.145240402,0.009634628,0.000315611
2020-12-09,17:26:59,3.10739994,8.000299835,163.18927,177.4000702,161.1391296,159.9954834,277.5890198,132.9264832,154.0923462,326.8714294,0.854759598,0.145240402,0.009634628,0.000315611
2020-12-09,17:27:00,3.116699982,8.000299835,163.1902924,177.4093475,161.1401825,159.9959717,277.5877686,132.9642029,154.0531464,326.8714294,0.854759598,0.145240402,0.009634628,0.000315611
2020-12-09,17:27:01,3.127899933,8.00039978,163.1892853,177.4195099,161.1395874,159.9950867,277.5902405,133.0070343,154.0086823,326.8714294,0.854759598,0.145240402,0.009634628,0.000315611
2020-12-09,17:27:02,3.13579998,8.000299835,163.1902924,177.4281006,161.1401825,159.9952545,277.5897217,133.0448151,153.9694519,326.8714294,0.854759598,0.145240402,0.009634628,0.000315611
2020-12-09,17:27:03,3.145100021,8.00039978,163.1902924,177.438858,161.1405334,159.9952545,277.5897522,133.0864105,153.9263611,326.8714294,0.854759598,0.145240402,0.009634628,0.000315611
2020-12-09,17:27:04,3.155699921,8.000499725,163.18927,177.449585,161.1399078,159.9954224,277.5894165,133.127121,153.88414,326.8714294,0.854759598,0.145240402,0.009634628,0.000315611
2020-12-09,17:27:05,3.162999916,8.000499725,163.1903229,177.4570618,161.1401367,159.9952545,277.5897522,133.1664276,153.8433838,326.8714294,0.854759598,0.145240402,0.009634628,0.000315611
2020-12-09,17:27:06,3.172800064,8.000499725,163.1903229,177.4674377,161.1388855,159.9951477,277.5900574,133.2077026,153.8007202,326.8714294,0.854759598,0.145240402,0.009634628,0.000315611
2020-12-09,17:27:07,3.18220005,8.000499725,163.1903229,177.4766235,161.1392365,159.9955292,277.5888977,133.2498627,153.7570038,326.8714294,0.854759598,0.145240402,0.009634628,0.000315611
2020-12-09,17:27:08,3.189999962,8.00059967,163.1903229,177.4863281,161.1396637,159.9958038,277.5881348,133.2895966,153.7159271,326.8714294,0.854759598,0.145240402,0.009634628,0.000315611
2020-12-09,17:27:09,3.198699951,8.000700378,163.1903229,177.4959564,161.1400909,159.9954224,277.5894165,133.3320618,153.6720581,326.8714294,0.854759598,0.145240402,0.009634628,0.000315611
2020-12-09,17:27:10,3.208200073,8.00059967,163.1903229,177.5066833,161.1395264,159.9958038,277.5882874,133.3745728,153.6281281,326.8714294,0.854759598,0.145240402,0.009634628,0.000315611
2020-12-09,17:27:11,3.215999985,8.000700378,163.1913757,177.5175171,161.1393585,159.9953308,277.5895996,133.4171143,153.584137,326.8714294,0.854759598,0.145240402,0.009634628,0.000315611
2020-12-09,17:27:12,3.224200058,8.000800323,163.1913757,177.5267029,161.1386719,159.9957581,277.5884399,133.4598541,153.5400085,326.8714294,0.854759598,0.145240402,0.009634628,0.000315611
2020-12-09,17:27:13,3.231999969,8.000700378,163.1903687,177.535965,161.1389771,159.9955292,277.5891113,133.5010834,153.4975586,327.0058594,0.854759598,0.145240402,0.009634628,0.000315611
2020-12-09,17:27:14,3.24129982,8.000900269,163.1913757,177.5460205,161.1390381,159.9958038,277.5881042,133.5437622,153.453537,327.0058594,0.854759598,0.145240402,0.009634628,0.000315611
2020-12-09,17:27:15,3.248400116,8.000900269,163.1913757,177.5563812,161.1386719,159.9953308,277.5896912,133.5879822,153.4079285,327.0058594,0.854759598,0.145240402,0.009634628,0.000315611
2020-12-09,17:27:16,3.175699997,8.001000214,163.1913757,177.5661163,161.139679,159.9959106,277.5879211,133.6302643,153.3643951,327.0058594,0.85473671,0.1452633,0.009634628,0.000315611
2020-12-09,17:27:17,3.152499962,8.000900269,163.1913757,177.5766754,161.1379547,159.9954224,277.5892944,133.6725464,153.3209076,327.0058594,0.85473671,0.1452633,0.009634628,0.000315611
2020-12-09,17:27:18,3.14640007,8.001000214,163.1913757,177.5861664,161.1383514,159.9952545,277.5897827,133.7157745,153.276413,327.0058594,0.85473671,0.1452633,0.009634628,0.000315611
2020-12-09,17:27:19,3.187800026,8.001000214,163.1913757,177.5961151,161.1389923,159.9957581,277.5884094,133.7567596,153.2343292,327.0058594,0.85473671,0.1452633,0.009634628,0.000315611
2020-12-09,17:27:20,3.200699997,8.001100159,163.1913757,177.6049194,161.1393433,159.9950867,277.59021,133.7993317,153.1905823,327.0058594,0.85473671,0.1452633,0.009634628,0.000315611
2020-12-09,17:27:21,3.192399979,8.001100159,163.1913757,177.6159363,161.1384277,159.9955902,277.5888062,133.8421631,153.1466522,327.0058594,0.85473671,0.1452633,0.009634628,0.000315611
2020-12-09,17:27:22,3.177000046,8.001100159,163.1913757,177.6243286,161.1387939,159.9956512,277.5889893,133.8858948,153.1016998,327.0058594,0.85473671,0.1452633,0.009634628,0.000315611
2020-12-09,17:27:23,3.163299942,8.001200104,163.1913757,177.6347504,161.1392212,159.9959106,277.5878296,133.9285889,153.0578918,327.0058594,0.85473671,0.1452633,0.009634628,0.000315611
2020-12-09,17:27:24,3.149799919,8.001100159,163.1913757,177.6437988,161.1398468,159.9962006,277.5872803,133.9707794,153.0146637,327.0058594,0.85473671,0.1452633,0.009634628,0.000315611
2020-12-09,17:27:25,3.133300018,8.001200104,163.1913757,177.6526794,161.1386719,159.9954224,277.5894165,134.0127716,152.9716492,327.0058594,0.85473671,0.1452633,0.009634628,0.000315611
2020-12-09,17:27:26,3.115099907,8.001100159,163.1913757,177.6634674,161.1391602,159.9955902,277.5888062,134.0558014,152.927597,327.0058594,0.85473671,0.1452633,0.009634628,0.000316667
2020-12-09,17:27:27,3.095100021,8.001200104,163.1913757,177.672226,161.1377716,159.9954834,277.5890198,134.0960999,152.8863373,327.0058594,0.85473671,0.1452633,0.009634628,0.000316667
2020-12-09,17:27:28,3.075200081,8.001100159,163.1924286,177.6815033,161.1385193,159.9959106,277.5879822,134.1387634,152.8427277,327.0058594,0.85473671,0.1452633,0.009634628,0.00031564
2020-12-09,17:27:29,3.056699944,8.001200104,163.1924286,177.6907501,161.1378632,159.9956512,277.5887451,134.1800232,152.800415,327.0058594,0.85473671,0.1452633,0.009634628,0.00031564
2020-12-09,17:27:30,3.042099953,8.001100159,163.1924286,177.6981049,161.1384277,159.9959106,277.5878906,134.2208099,152.7588196,327.0058594,0.85473671,0.1452633,0.009634628,0.00031564
2020-12-09,17:27:31,3.027199936,8.001000214,163.1924286,177.7069244,161.1385193,159.9958649,277.5881042,134.2614746,152.7173309,327.0058594,0.85473671,0.1452633,0.009634628,0.00031564
2020-12-09,17:27:32,3.01760006,8.001100159,163.1924286,177.715683,161.1381836,159.9951935,277.5898438,134.3021393,152.6758728,327.0058594,0.85473671,0.1452633,0.009634628,0.00031564
2020-12-09,17:27:33,3.009199905,8.000900269,163.1934509,177.7234344,161.1386108,159.9958038,277.5882874,134.3425446,152.634613,327.0058594,0.85473671,0.1452633,0.009634628,0.00031564
2020-12-09,17:27:34,3.001499939,8.001000214,163.1934509,177.7309418,161.1372223,159.9958038,277.5881958,134.3796082,152.5968628,327.0058594,0.85473671,0.1452633,0.009634628,0.00031564
2020-12-09,17:27:35,2.996299934,8.000900269,163.1924438,177.7381592,161.1382294,159.9960327,277.587616,134.4204559,152.5552521,327.0058594,0.85473671,0.1452633,0.009634628,0.00031564
2020-12-09,17:27:36,2.994799995,8.000800323,163.1924438,177.7441406,161.137207,159.995697,277.588562,134.4582062,152.5167236,327.0058594,0.85473671,0.1452633,0.009634628,0.00031564
2020-12-09,17:27:37,2.997699928,8.000700378,163.1924438,177.7513275,161.1385651,159.9954224,277.589386,134.4961243,152.4781647,327.0058594,0.85473671,0.1452633,0.009634628,0.00031564
2020-12-09,17:27:38,2.998500061,8.000800323,163.1924438,177.7588806,161.1382904,159.995697,277.588562,134.5319061,152.441803,327.0058594,0.854615707,0.145384302,0.009634628,0.00031564
2020-12-09,17:27:39,2.998399925,8.00059967,163.1924438,177.7639008,161.1364288,159.9958649,277.5880432,134.5698242,152.4031982,327.0058594,0.854615707,0.145384302,0.009634628,0.00031564
2020-12-09,17:27:40,2.998600006,8.00059967,163.1924438,177.7706757,161.1383209,159.9961395,277.5873718,134.6060486,152.3663025,327.0058594,0.854615707,0.145384302,0.009634628,0.000315568
2020-12-09,17:27:41,2.998399925,8.000499725,163.1934662,177.7774506,161.1374817,159.9958649,277.5880432,134.6419983,152.3297424,327.0058594,0.854615707,0.145384302,0.009634628,0.000315568
2020-12-09,17:27:42,2.998200035,8.000499725,163.1934662,177.7833557,161.1376495,159.9954834,277.5890198,134.6766815,152.294632,327.0058594,0.854615707,0.145384302,0.009634628,0.000315568
2020-12-09,17:27:43,2.998600006,8.00039978,163.1934662,177.7893829,161.1377563,159.9959717,277.5877991,134.7115021,152.2592621,327.0058594,0.854615707,0.145384302,0.009634628,0.000315568
2020-12-09,17:27:44,2.998699951,8.000299835,163.1934662,177.7952423,161.1381683,159.9960938,277.5874939,134.746109,152.2241211,327.0058594,0.854615707,0.145384302,0.009634628,0.000315568
2020-12-09,17:27:45,2.998600006,8.00039978,163.1934662,177.8014832,161.1366119,159.9954834,277.5892639,134.7784119,152.1913452,327.0058594,0.854615707,0.145384302,0.009634628,0.000315568
2020-12-09,17:27:46,2.998800087,8.00019989,163.1934662,177.8066254,161.1377106,159.9963684,277.5867004,134.8121948,152.1571808,327.0058594,0.854615707,0.145384302,0.009634628,0.000315568
2020-12-09,17:27:47,2.998500061,8.00019989,163.1934662,177.8137817,161.1371307,159.9959106,277.5879211,134.8455048,152.1234894,327.0058594,0.854615707,0.145384302,0.009634628,0.000315568
2020-12-09,17:27:48,2.998699951,8.000099945,163.1924591,177.8188934,161.1366577,159.995697,277.588623,134.8768158,152.0917053,327.1503906,0.854615707,0.145384302,0.009634628,0.000315568
2020-12-09,17:27:49,2.998500061,8.0,163.1934967,177.8256226,161.1370239,159.9959717,277.587738,134.9091492,152.0589447,327.1503906,0.854615707,0.145384302,0.009634628,0.000315568
2020-12-09,17:27:50,2.998800087,8.0,163.1934967,177.8322601,161.1373138,159.9956512,277.5888062,134.940567,152.0271149,327.1503906,0.854615707,0.145384302,0.009634628,0.000315568
2020-12-09,17:27:51,2.998500061,7.999900055,163.1945343,177.8383484,161.1367493,159.9960938,277.5875854,134.972168,151.9952393,327.1503906,0.854615707,0.145384302,0.009634628,0.000315568
2020-12-09,17:27:52,2.998800087,8.0,163.1934967,177.8442993,161.1373291,159.9958649,277.5881042,135.0032654,151.9637451,327.1503906,0.854615707,0.145384302,0.009634628,0.000315568
2020-12-09,17:27:53,2.998699951,7.999900055,163.1934967,177.8507233,161.1377869,159.9961395,277.5874329,135.0327454,151.9339142,327.1503906,0.854615707,0.145384302,0.009634628,0.000315568
2020-12-09,17:27:54,2.998800087,7.99980011,163.1934967,177.8557434,161.1370087,159.9954834,277.5892639,135.0631256,151.9031982,327.1503906,0.854615707,0.145384302,0.009634628,0.000315568
2020-12-09,17:27:55,2.998500061,7.999700165,163.1934967,177.8624115,161.1366882,159.9959106,277.5878296,135.0935516,151.8724976,327.1503906,0.854615707,0.145384302,0.009634628,0.000315568
2020-12-09,17:27:56,2.998399925,7.99980011,163.1934967,177.8686523,161.1371002,159.9963684,277.586731,135.1216431,151.8441315,327.1503906,0.854615707,0.145384302,0.009634628,0.000315568
2020-12-09,17:27:57,2.998500061,7.99960022,163.1934967,177.8748169,161.1364594,159.9958038,277.5882568,135.1509552,151.8146057,327.1503906,0.854615707,0.145384302,0.009634628,0.000315568
2020-12-09,17:27:58,2.99829998,7.999500275,163.194519,177.8815918,161.1375885,159.9955292,277.5889282,135.1791534,151.7861328,327.1503906,0.854615707,0.145384302,0.009634628,0.000315568
2020-12-09,17:27:59,2.998200035,7.99940033,163.194519,177.8879547,161.1368866,159.99646,277.5864563,135.2072144,151.7577667,327.1503906,0.854615707,0.145384302,0.009634628,0.000315568
2020-12-09,17:28:00,2.99829998,7.999500275,163.194519,177.894043,161.1363983,159.995697,277.5885925,135.2352295,151.729599,327.1503906,0.854615707,0.145384302,0.009634628,0.000315568
2020-12-09,17:28:01,2.99810009,7.999299622,163.194519,177.9008789,161.137085,159.9955902,277.5888367,135.2633209,151.7012787,327.1503906,0.854615707,0.145384302,0.009634628,0.000315568
2020-12-09,17:28:02,2.998200035,7.999199677,163.194519,177.9062805,161.1360474,159.9961395,277.5873413,135.2905579,151.6739044,327.1503906,0.854615707,0.145384302,0.009634628,0.000315568
2020-12-09,17:28:03,2.99810009,7.999099731,163.194519,177.9128876,161.1366577,159.9960327,277.587616,135.3162384,151.647995,327.1503906,0.854615707,0.145384302,0.009634628,0.000315568
2020-12-09,17:28:04,2.997999954,7.999099731,163.194519,177.9189606,161.1363678,159.9958038,277.5883789,135.3437805,151.6203156,327.1503906,0.854615707,0.145384302,0.009634628,0.000315568
2020-12-09,17:28:05,2.99810009,7.998999786,163.194519,177.9248047,161.136673,159.9959717,277.587738,135.370163,151.5936432,327.1503906,0.854615707,0.145384302,0.009634628,0.000315568
2020-12-09,17:28:06,2.997999954,7.998899841,163.194519,177.9309998,161.1362305,159.995697,277.5885925,135.3967133,151.5670013,327.1503906,0.854615707,0.145384302,0.009634628,0.000315568
2020-12-09,17:28:07,2.997800064,7.998899841,163.1955414,177.9376373,161.1371002,159.9956512,277.5887451,135.4213867,151.54216,327.1503906,0.854615707,0.145384302,0.009634628,0.000315568
2020-12-09,17:28:08,2.99810009,7.998799896,163.1945343,177.9434814,161.1358948,159.9959106,277.5879822,135.4472656,151.5161438,327.2637939,0.854615707,0.145384302,0.009634628,0.000315568
2020-12-09,17:28:09,2.997900009,7.998899841,163.1945343,177.950119,161.137558,159.9955902,277.5888062,135.4730988,151.4901886,327.2637939,0.854615707,0.145384302,0.009634628,0.000315568
2020-12-09,17:28:10,2.997999954,7.998699951,163.1945343,177.9558105,161.1357117,159.9962006,277.5873108,135.4985199,151.4646606,327.2637939,0.854615707,0.145384302,0.009634628,0.000315568
2020-12-09,17:28:11,2.99810009,7.998799896,163.1956024,177.9619141,161.1365509,159.9962006,277.5871582,135.5224304,151.4406586,327.2637939,0.854615707,0.145384302,0.009634628,0.000315568
2020-12-09,17:28:12,2.997800064,7.998699951,163.1956024,177.9691162,161.1369324,159.9959106,277.5878601,135.5479431,151.4150085,327.2637939,0.854615707,0.145384302,0.009634628,0.000315568
2020-12-09,17:28:13,2.997900009,7.998600006,163.1956024,177.9748688,161.1364136,159.9958038,277.5883484,135.5724487,151.3903961,327.2637939,0.854615707,0.145384302,0.009634628,0.000315568
2020-12-09,17:28:14,2.997999954,7.998600006,163.1956024,177.9808807,161.1370544,159.9961395,277.5874023,135.5952454,151.3675842,327.2637939,0.854615707,0.145384302,0.009634628,0.000315683
2020-12-09,17:28:15,2.997699928,7.999099731,163.1956024,177.9864502,161.1373444,159.9955902,277.5887756,135.6202545,151.3424683,327.2637939,0.854615707,0.145384302,0.009634628,0.000315683
2020-12-09,17:28:16,2.997599983,7.999500275,163.1956024,177.9929199,161.1362457,159.9953308,277.5896301,135.6432648,151.3193359,327.2637939,0.854615707,0.145384302,0.009634628,0.000315683
2020-12-09,17:28:17,2.997800064,7.999900055,163.1956024,177.9994049,161.1364441,159.9958038,277.5882874,135.6664124,151.2962036,327.2637939,0.854615707,0.145384302,0.009634628,0.000315683
2020-12-09,17:28:18,2.997699928,7.99980011,163.1956024,178.0056915,161.1365356,159.9956512,277.5887146,135.6901855,151.2723389,327.2637939,0.854615707,0.145384302,0.009634628,0.000315683
2020-12-09,17:28:19,2.997599983,8.0,163.1956024,178.0117645,161.1369324,159.9960327,277.587677,135.7130432,151.2495117,327.2637939,0.854615707,0.145384302,0.009634628,0.000315683
2020-12-09,17:28:20,2.997699928,8.00039978,163.1956024,178.0164795,161.1353912,159.9962006,277.5872803,135.7360382,151.2264557,327.2637939,0.854615707,0.145384302,0.009634628,0.000315683
2020-12-09,17:28:21,2.997500038,8.00059967,163.1956024,178.0241089,161.1365814,159.995697,277.5885315,135.7596588,151.2028503,327.2637939,0.854615707,0.145384302,0.009634628,0.000315683
2020-12-09,17:28:22,2.997400093,7.999700165,163.1956024,178.0299835,161.1369019,159.9955902,277.5887756,135.7812195,151.1812134,327.2637939,0.854615707,0.145384302,0.009634628,0.000315683
2020-12-09,17:28:23,2.997599983,7.998999786,163.1966248,178.0361023,161.1364441,159.9960327,277.5877075,135.8037109,151.1586914,327.2637939,0.854615707,0.145384302,0.009634628,0.000315683
2020-12-09,17:28:24,2.997500038,7.998400116,163.1966248,178.0421448,161.1373444,159.9954834,277.5891113,135.8254242,151.1369476,327.2637939,0.854615707,0.145384302,0.009634628,0.000315683
2020-12-09,17:28:25,2.997299957,7.998600006,163.1966248,178.049118,161.1360474,159.9953308,277.5896606,135.8463287,151.1160278,327.2637939,0.854615707,0.145384302,0.009634628,0.000315683
2020-12-09,17:28:26,2.997200012,7.998899841,163.1966248,178.0544739,161.1374969,159.9956512,277.5887451,135.8688354,151.0936279,327.2637939,0.854615707,0.145384302,0.009634628,0.000315683
2020-12-09,17:28:27,2.997400093,7.998200226,163.1966248,178.0602722,161.1365967,159.9959106,277.5879517,135.8914337,151.0710602,327.2637939,0.854615707,0.145384302,0.009634628,0.000315683
2020-12-09,17:28:28,2.997299957,7.998699951,163.1966248,178.0667419,161.1367493,159.9958038,277.5883484,135.9113312,151.0511475,327.2637939,0.854615707,0.145384302,0.009634628,0.000315683
2020-12-09,17:28:29,2.997400093,7.99940033,163.1976318,178.0726166,161.1361084,159.995697,277.5885925,135.9334869,151.029007,327.2637939,0.854615707,0.145384302,0.009634628,0.000315683
2020-12-09,17:28:30,2.997200012,8.00019989,163.1976318,178.0778351,161.1370239,159.9959106,277.5878296,135.9537506,151.0087433,327.2637939,0.854615707,0.145384302,0.009634628,0.000315683
2020-12-09,17:28:31,2.997400093,8.000499725,163.1965942,178.0839691,161.136795,159.9955902,277.5887756,135.9755554,150.9869385,327.2637939,0.854615707,0.145384302,0.009634628,0.00031661
2020-12-09,17:28:32,2.997200012,8.0,163.1976166,178.0903625,161.1359558,159.9957581,277.5884399,135.9945679,150.9679413,327.2637939,0.854615707,0.145384302,0.009634628,0.00031661
2020-12-09,17:28:33,2.997100067,8.00059967,163.1976166,178.0964966,161.1367798,159.9956512,277.5887451,136.0151062,150.9475403,327.2637939,0.854615707,0.145384302,0.009634628,0.00031661
2020-12-09,17:28:34,2.997400093,7.999099731,163.1966095,178.1027222,161.1356201,159.9958038,277.5883484,136.035965,150.9267578,327.2637939,0.854615707,0.145384302,0.009634628,0.00031661
2020-12-09,17:28:35,2.997100067,7.998300171,163.1976166,178.1087189,161.1369171,159.9954224,277.589325,136.0559692,150.9067383,327.2637939,0.854615707,0.145384302,0.009634628,0.00031661
2020-12-09,17:28:36,2.997200012,7.998100281,163.1976166,178.1143646,161.1373596,159.9959106,277.5878601,136.0759125,150.8868408,327.2637939,0.854615707,0.145384302,0.009634628,0.00031661
2020-12-09,17:28:37,2.997100067,7.998799896,163.1976166,178.1210175,161.1366272,159.9956512,277.5886536,136.0960388,150.8668976,327.2637939,0.854615707,0.145384302,0.009634628,0.00031661
2020-12-09,17:28:38,2.996999931,7.99940033,163.1976166,178.1264496,161.1376953,159.9962006,277.5871277,136.1154633,150.8474426,327.2637939,0.854615707,0.145384302,0.009634628,0.00031661
2020-12-09,17:28:39,2.997200012,8.0,163.1976166,178.1324615,161.1361389,159.9957581,277.5884094,136.1347656,150.828186,327.2637939,0.854615707,0.145384302,0.009634628,0.00031661
2020-12-09,17:28:40,2.996999931,8.000499725,163.1976166,178.1380463,161.136673,159.9955902,277.5888672,136.1527863,150.8102722,327.2637939,0.854615707,0.145384302,0.009634628,0.00031661
2020-12-09,17:28:41,2.997200012,8.000900269,163.1976166,178.1435089,161.1365204,159.9959717,277.5877991,136.1735077,150.7896881,327.2637939,0.854615707,0.145384302,0.009634628,0.00031661
2020-12-09,17:28:42,2.996999931,8.000099945,163.1976166,178.1504211,161.1374054,159.9954834,277.5892334,136.1916351,150.7716522,327.2637939,0.854615707,0.145384302,0.009634628,0.00031661
2020-12-09,17:28:43,2.996800041,7.99940033,163.1976166,178.1553345,161.1368561,159.9955292,277.5889282,136.209671,150.7536774,327.2637939,0.854615707,0.145384302,0.009634628,0.00031661
2020-12-09,17:28:44,2.997100067,7.998699951,163.1986542,178.1616974,161.1364136,159.9956512,277.5886841,136.2282867,150.7351227,327.2637939,0.854615707,0.145384302,0.009634628,0.00031661
2020-12-09,17:28:45,2.996999931,7.998400116,163.1976166,178.1671753,161.136795,159.9960938,277.5875549,136.2460938,150.7173309,327.2637939,0.854615707,0.145384302,0.009634628,0.00031661
2020-12-09,17:28:46,2.997100067,7.998300171,163.1976166,178.1729126,161.1362915,159.9956512,277.5886536,136.2644958,150.6990662,327.2637939,0.854615707,0.145384302,0.009634628,0.00031661
2020-12-09,17:28:47,2.996999931,7.998400116,163.1976166,178.1772766,161.1375732,159.9954224,277.589325,136.2826233,150.681076,327.2637939,0.854615707,0.145384302,0.009634628,0.00031661
2020-12-09,17:28:48,2.996899986,7.998300171,163.1976166,178.1837006,161.1372528,159.9956512,277.5886841,136.3008423,150.6629791,327.2637939,0.854619675,0.145380297,0.009634628,0.00031661
2020-12-09,17:28:49,2.99659996,7.998699951,163.1986389,178.190155,161.1366882,159.9958038,277.5883789,136.3187256,150.6451416,327.2637939,0.854619675,0.145380297,0.009634628,0.00031661
2020-12-09,17:28:50,2.996899986,7.999299622,163.1986389,178.196228,161.1363983,159.9955292,277.5889282,136.3368683,150.6271057,327.2637939,0.854619675,0.145380297,0.009634628,0.00031661
2020-12-09,17:28:51,2.996699905,7.999700165,163.1996918,178.201889,161.1375885,159.9959106,277.5878601,136.3543701,150.609848,327.2637939,0.854619675,0.145380297,0.009634628,0.00031661
2020-12-09,17:28:52,2.996899986,8.0,163.1986847,178.2073669,161.1363373,159.9955292,277.5889282,136.3710938,150.5931854,327.2637939,0.854619675,0.145380297,0.009634628,0.00031661
2020-12-09,17:28:53,2.99659996,7.999500275,163.1986847,178.2123566,161.1369781,159.9949799,277.5905151,136.3894043,150.5749512,327.2637939,0.854619675,0.145380297,0.009634628,0.00031661
2020-12-09,17:28:54,2.996699905,7.999099731,163.1986847,178.2191772,161.1363373,159.9958038,277.5883179,136.4060364,150.5584717,327.2637939,0.854619675,0.145380297,0.009634628,0.00031661
2020-12-09,17:28:55,2.996899986,7.998699951,163.1986847,178.2242737,161.1361084,159.9953613,277.5895081,136.422699,150.5418854,327.2637939,0.854619675,0.145380297,0.009634628,0.00031661
2020-12-09,17:28:56,2.996699905,7.998500061,163.199707,178.2301636,161.1368408,159.995697,277.588562,136.4406281,150.5242004,327.2637939,0.854619675,0.145380297,0.009634628,0.000316624
2020-12-09,17:28:57,2.99659996,7.998799896,163.199707,178.2351379,161.1371613,159.9958038,277.5882874,136.4562683,150.5086365,327.2637939,0.854619675,0.145380297,0.009634628,0.000316624
2020-12-09,17:28:58,2.996800041,7.998999786,163.199707,178.241684,161.1372528,159.9955902,277.5888367,136.4723358,150.4927063,327.2637939,0.854619675,0.145380297,0.009634628,0.000316624
2020-12-09,17:28:59,2.99659996,7.999199677,163.199707,178.247345,161.1361694,159.9954224,277.5892944,136.4901123,150.4750977,327.2637939,0.854619675,0.145380297,0.009634628,0.000316624
2020-12-09,17:29:00,2.996699905,7.999500275,163.199707,178.2524872,161.1377869,159.9958038,277.5881958,136.5053406,150.4600067,327.2637939,0.854619675,0.145380297,0.009634628,0.000316624
2020-12-09,17:29:01,2.996800041,7.999700165,163.199707,178.2580566,161.1368866,159.9953308,277.5896301,136.5212555,150.4442596,327.2637939,0.854619675,0.145380297,0.009634628,0.000316624
2020-12-09,17:29:02,2.99659996,7.999900055,163.199707,178.263443,161.1367645,159.9951477,277.5890808,136.5371704,150.4284668,327.2637939,0.854619675,0.145380297,0.009634628,0.000316624
2020-12-09,17:29:03,2.996800041,8.00019989,163.199707,178.2686462,161.1370087,159.9955902,277.5888672,136.5538483,150.41185,327.2637939,0.854619675,0.145380297,0.009634628,0.000316624
2020-12-09,17:29:04,2.996699905,8.0,163.199707,178.2754364,161.1362915,159.9958038,277.5883789,136.5695038,150.3964081,327.2637939,0.854619675,0.145380297,0.009634628,0.000316624
2020-12-09,17:29:05,2.99640007,7.99960022,163.1987,178.2801971,161.1369781,159.9953613,277.5894775,136.583847,150.3821716,327.2637939,0.854619675,0.145380297,0.009634628,0.000316624
2020-12-09,17:29:06,2.99659996,7.999299622,163.1987,178.2864685,161.1362762,159.9950256,277.5904541,136.5998535,150.3663788,327.2637939,0.854619675,0.145380297,0.009634628,0.000316624
2020-12-09,17:29:07,2.996500015,7.998999786,163.1997528,178.2920074,161.1374817,159.9958649,277.5881042,136.6155243,150.3508148,327.2637939,0.854619675,0.145380297,0.009634628,0.000316624
2020-12-09,17:29:08,2.99659996,7.999199677,163.1997528,178.2975006,161.1358032,159.9954224,277.589386,136.6309509,150.3356171,327.2637939,0.854619675,0.145380297,0.009634628,0.000316624
2020-12-09,17:29:09,2.996500015,7.999299622,163.1997528,178.3026276,161.1377258,159.9953613,277.5895691,136.6452942,150.3213043,327.2637939,0.854619675,0.145380297,0.009634628,0.000316624
2020-12-09,17:29:10,2.99659996,7.999500275,163.1997528,178.308197,161.1371002,159.9951477,277.5899963,136.6608276,150.3059692,327.2637939,0.854619675,0.145380297,0.009634628,0.000316624
2020-12-09,17:29:11,2.996699905,7.99980011,163.1997528,178.3136597,161.1363525,159.9954224,277.5894165,136.675415,150.2915955,327.2637939,0.854619675,0.145380297,0.009634628,0.000316624
2020-12-09,17:29:12,2.99640007,8.0,163.1997528,178.3199768,161.1359711,159.9951477,277.5899963,136.6899261,150.2772369,327.2637939,0.854619675,0.145380297,0.009634628,0.000316624
2020-12-09,17:29:13,2.99659996,8.00019989,163.1997528,178.3240509,161.1372681,159.9957581,277.588501,136.7046051,150.2626801,327.2637939,0.854619675,0.145380297,0.009634628,0.000316624
2020-12-09,17:29:14,2.99640007,8.00039978,163.1997528,178.3301392,161.1365051,159.9950867,277.5901489,136.7190247,150.2483978,327.2637939,0.854619675,0.145380297,0.009634628,0.000316624
2020-12-09,17:29:15,2.996699905,8.00059967,163.1997528,178.3363342,161.1362457,159.9954224,277.5893555,136.7323761,150.2351379,327.2637939,0.854619675,0.145380297,0.009634628,0.000316624
2020-12-09,17:29:16,2.99659996,8.000800323,163.1997528,178.340271,161.1360626,159.9955902,277.5888367,136.7468262,150.220932,327.2637939,0.854619675,0.145380297,0.009634628,0.000316624
2020-12-09,17:29:17,2.996699905,8.001000214,163.2007599,178.3461456,161.1374817,159.9953613,277.589447,136.7610168,150.2069855,327.2637939,0.854619675,0.145380297,0.009634628,0.000316624
2020-12-09,17:29:18,2.99640007,8.001200104,163.2007599,178.3505859,161.1366272,159.9952545,277.5898132,136.7750549,150.1931152,327.2637939,0.854619675,0.145380297,0.009634628,0.000316624
2020-12-09,17:29:19,2.99659996,8.001300049,163.2007599,178.3561096,161.1364594,159.9951477,277.5899658,136.7896423,150.1787109,327.2637939,0.854619675,0.145380297,0.009634628,0.000316624
2020-12-09,17:29:20,2.99640007,8.001499939,163.2007599,178.3617249,161.1370087,159.9950256,277.5904541,136.8024139,150.1659698,327.2637939,0.854621735,0.145378399,0.009634628,0.000316624
2020-12-09,17:29:21,2.996299934,8.001599884,163.2007599,178.3674011,161.1378174,159.9952545,277.5898132,136.8165283,150.1520844,327.2637939,0.854621735,0.145378399,0.009634628,0.000316624
2020-12-09,17:29:22,2.996500015,8.001799774,163.2007599,178.3731232,161.1380615,159.9951477,277.5900269,136.8305511,150.1381989,327.2637939,0.854621735,0.145378399,0.009634628,0.000316624
2020-12-09,17:29:23,2.99640007,8.001899719,163.2007599,178.3770599,161.1373749,159.9958038,277.5882874,136.8429108,150.1259918,327.2637939,0.854621735,0.145378399,0.009634628,0.000316624
2020-12-09,17:29:24,2.996500015,8.001999664,163.2007599,178.3824158,161.1363525,159.9951477,277.5900269,136.8554077,150.1136017,327.2637939,0.854621735,0.145378399,0.009634628,0.000316624
2020-12-09,17:29:25,2.99640007,8.002100372,163.2007599,178.388092,161.1368866,159.9953613,277.5895691,136.8683777,150.1008606,327.2637939,0.854621735,0.145378399,0.009634628,0.000316624
2020-12-09,17:29:26,2.99659996,8.002200317,163.2007599,178.3933411,161.1380005,159.9950867,277.590271,136.8818817,150.0876465,327.2637939,0.854621735,0.145378399,0.009634628,0.000316624
2020-12-09,17:29:27,2.996699905,8.002400208,163.2007599,178.3989258,161.137146,159.9954224,277.589325,136.8945923,150.0750732,327.2637939,0.854621735,0.145378399,0.009634628,0.000316624
2020-12-09,17:29:28,2.99640007,8.002500153,163.2007599,178.4043427,161.1377411,159.9951935,277.5898743,136.9078827,150.062027,327.2637939,0.854621735,0.145378399,0.009634628,0.000316624
2020-12-09,17:29:29,2.996699905,8.002600098,163.2018127,178.4103088,161.137085,159.9950867,277.5900879,136.9203949,150.0496216,327.2637939,0.854621735,0.145378399,0.009634628,0.000316624
2020-12-09,17:29:30,2.996500015,8.002700043,163.2018127,178.4151459,161.1375275,159.9951935,277.5898743,136.9326935,150.0375366,327.2637939,0.854621735,0.145378399,0.009634628,0.000316624
2020-12-09,17:29:31,2.996699905,8.002799988,163.2018127,178.4188843,161.1372223,159.9954224,277.5892944,136.9449005,150.0254211,327.2637939,0.854621735,0.145378399,0.009634628,0.000316624
2020-12-09,17:29:32,2.996500015,8.002899933,163.2028198,178.4247437,161.1366425,159.9949799,277.5906067,136.9571533,150.0133362,327.2637939,0.854621735,0.145378399,0.009634628,0.000316624
2020-12-09,17:29:33,2.99659996,8.002999878,163.2007294,178.4296722,161.1378479,159.9953613,277.5894775,136.970047,150.0006409,327.2637939,0.854621735,0.145378399,0.009634628,0.000316624
2020-12-09,17:29:34,2.99640007,8.003099823,163.2017365,178.4350891,161.1364136,159.9951477,277.5899658,136.9814911,149.9893951,327.2637939,0.854548264,0.145451698,0.009634628,0.000316624
2020-12-09,17:29:35,2.996699905,8.003199768,163.202774,178.4405823,161.1374817,159.9953308,277.5896301,136.9938812,149.9772339,327.2637939,0.854548264,0.145451698,0.009634628,0.000316624
2020-12-09,17:29:36,2.996500015,8.003099823,163.202774,178.444458,161.1368713,159.9951935,277.5899353,137.005661,149.9655304,327.2637939,0.854548264,0.145451698,0.009634628,0.000316624
2020-12-09,17:29:37,2.99659996,8.003299713,163.201767,178.4498749,161.1359406,159.9954834,277.5890198,137.0170135,149.9543915,327.2637939,0.854548264,0.145451698,0.009634628,0.000316624
2020-12-09,17:29:38,2.996699905,8.003399658,163.201767,178.4550018,161.1369476,159.9956512,277.589325,137.0287933,149.9427185,327.4157715,0.854548264,0.145451698,0.009634628,0.000316624
2020-12-09,17:29:39,2.99640007,8.003500366,163.201767,178.4608307,161.1375122,159.9947662,277.5910339,137.0406799,149.9311218,327.4157715,0.854548264,0.145451698,0.009634628,0.000316624
2020-12-09,17:29:40,2.996699905,8.003399658,163.201767,178.466156,161.1372223,159.9957581,277.588501,137.052536,149.9199677,327.4157715,0.854548264,0.145451698,0.009634628,0.000316624
2020-12-09,17:29:41,2.996500015,8.003600311,163.202774,178.4705811,161.1380157,159.9949341,277.5906677,137.063736,149.9084015,327.4157715,0.854548264,0.145451698,0.009634628,0.000316624
2020-12-09,17:29:42,2.996800041,8.003600311,163.202774,178.4763794,161.1371002,159.9950867,277.5901794,137.0756378,149.8967896,327.4157715,0.854548264,0.145451698,0.009634628,0.000316624
2020-12-09,17:29:43,2.996699905,8.003700256,163.202774,178.480011,161.1368713,159.9955902,277.5887756,137.0866547,149.88591,327.4157715,0.854548264,0.145451698,0.009634628,0.000316624
2020-12-09,17:29:44,2.996800041,8.003800201,163.202774,178.4849701,161.1363983,159.9951935,277.5899048,137.09729,149.8754578,327.4157715,0.854548264,0.145451698,0.009634628,0.000316624
2020-12-09,17:29:45,2.99659996,8.003800201,163.202774,178.4905396,161.1368256,159.9947662,277.5911255,137.1088257,149.8641052,327.4157715,0.854548264,0.145451698,0.009634628,0.000316624
2020-12-09,17:29:46,2.996800041,8.003900146,163.202774,178.4954224,161.1371307,159.9951935,277.5898438,137.1193695,149.8536987,327.4157715,0.854548264,0.145451698,0.009634628,0.000316624
2020-12-09,17:29:47,2.99659996,8.003900146,163.202774,178.5011139,161.1375122,159.9947052,277.5913696,137.1301727,149.8430634,327.4157715,0.854548264,0.145451698,0.009634628,0.000316624
2020-12-09,17:29:48,2.996800041,8.004000092,163.202774,178.5055542,161.1373444,159.9955902,277.5888672,137.1412964,149.8321533,327.4157715,0.854548264,0.145451698,0.009634628,0.000316552
2020-12-09,17:29:49,2.99659996,8.004000092,163.202774,178.5103455,161.1375732,159.9949799,277.5905457,137.1516724,149.8218994,327.4157715,0.854548264,0.145451698,0.009634628,0.000316552
2020-12-09,17:29:50,2.996899986,8.004000092,163.202774,178.5154266,161.1368561,159.9953613,277.589447,137.162384,149.8113708,327.4157715,0.854548264,0.145451698,0.009634628,0.000316552
2020-12-09,17:29:51,2.996800041,8.004100037,163.202774,178.520752,161.1371155,159.9951477,277.5900269,137.1729889,149.8009338,327.4157715,0.854548264,0.145451698,0.009634628,0.000316552
2020-12-09,17:29:52,2.996699905,8.004100037,163.202774,178.523819,161.1363068,159.9950867,277.590332,137.182785,149.7913666,327.4157715,0.854548264,0.145451698,0.009634628,0.000316552
2020-12-09,17:29:53,2.996899986,8.004199982,163.202774,178.5299377,161.1370087,159.9954834,277.5890808,137.1934204,149.7809601,327.4157715,0.854548264,0.145451698,0.009634628,0.000316552
2020-12-09,17:29:54,2.996999931,8.004199982,163.202774,178.5346222,161.1381531,159.9956512,277.5895386,137.2033691,149.7711487,327.4157715,0.854548264,0.145451698,0.009634628,0.000316552
2020-12-09,17:29:55,2.996800041,8.004199982,163.2037964,178.5405731,161.137085,159.9953308,277.5896912,137.213913,149.760788,327.4157715,0.854548264,0.145451698,0.009634628,0.000316552
2020-12-09,17:29:56,2.996899986,8.004299927,163.2037964,178.5446472,161.1376343,159.9951477,277.5899658,137.2233887,149.7515411,327.4157715,0.854548264,0.145451698,0.009634628,0.000316552
2020-12-09,17:29:57,2.997100067,8.004299927,163.2027588,178.5505981,161.1373138,159.9954224,277.5892944,137.2338257,149.7412262,327.4157715,0.854548264,0.145451698,0.009634628,0.000316552
2020-12-09,17:29:58,2.996800041,8.004199982,163.2027588,178.5539703,161.1367493,159.9955292,277.5888977,137.2435455,149.7316742,327.4157715,0.854548264,0.145451698,0.009634628,0.000316552
2020-12-09,17:29:59,2.997100067,8.004299927,163.2037659,178.5579529,161.1372375,159.9953308,277.5896606,137.2527618,149.722641,327.4157715,0.854548264,0.145451698,0.009634628,0.000316552
2020-12-09,17:30:00,2.996899986,8.004399872,163.2037659,178.5637817,161.13797,159.9951935,277.5890198,137.2631378,149.7124481,327.4157715,0.854548264,0.145451698,0.009634628,0.000316552
2020-12-09,17:30:01,2.997100067,8.004399872,163.202713,178.5689392,161.1370544,159.9954224,277.5898743,137.271698,149.70401,327.4157715,0.854548264,0.145451698,0.009634628,0.000316552
2020-12-09,17:30:02,2.996899986,8.004399872,163.2037659,178.5735626,161.1368713,159.9950867,277.589386,137.282074,149.6938934,327.4157715,0.854548264,0.145451698,0.009634628,0.000316552
2020-12-09,17:30:03,2.996899986,8.004399872,163.2048187,178.5779266,161.1375275,159.9953613,277.59021,137.2914429,149.6846466,327.4157715,0.854548264,0.145451698,0.009634628,0.000316552
2020-12-09,17:30:04,2.996999931,8.004399872,163.2037354,178.581955,161.1378632,159.9949799,277.5897827,137.3003235,149.6758423,327.4157715,0.854548264,0.145451698,0.009634628,0.000316552
2020-12-09,17:30:05,2.996899986,8.004499817,163.2037354,178.5876923,161.138031,159.9954834,277.5892334,137.3099518,149.6664429,327.4157715,0.854548264,0.145451698,0.009634628,0.000316552
2020-12-09,17:30:06,2.997200012,8.004399872,163.2047424,178.5919342,161.1367188,159.9955292,277.5889282,137.3187408,149.6578217,327.4157715,0.854548264,0.145451698,0.009634628,0.000316552
2020-12-09,17:30:07,2.996999931,8.004499817,163.2047424,178.597702,161.1371765,159.9957581,277.588501,137.3278961,149.6489716,327.4157715,0.854548264,0.145451698,0.009634628,0.000316552
2020-12-09,17:30:08,2.997100067,8.004399872,163.2047424,178.6006775,161.1377716,159.9954834,277.5890808,137.337265,149.6397095,327.4157715,0.854548264,0.145451698,0.009634628,0.000316552
2020-12-09,17:30:09,2.997200012,8.004499817,163.2047424,178.6057434,161.1366119,159.9950256,277.5903931,137.3466187,149.6305542,327.4157715,0.854548264,0.145451698,0.009634628,0.000316552
2020-12-09,17:30:10,2.997100067,8.004399872,163.2047424,178.6097412,161.1376038,159.9951477,277.5899963,137.3551788,149.6221313,327.4157715,0.854548264,0.145451698,0.009634628,0.000316552
2020-12-09,17:30:11,2.997299957,8.004499817,163.2047424,178.6146851,161.1377411,159.9953613,277.5895386,137.3635406,149.6138763,327.4157715,0.854548264,0.145451698,0.009634628,0.000316552
2020-12-09,17:30:12,2.997100067,8.004499817,163.2047424,178.6191406,161.1373901,159.9954834,277.5890808,137.3726807,149.6049805,327.4157715,0.854548264,0.145451698,0.009634628,0.000316552
2020-12-09,17:30:13,2.997299957,8.004399872,163.2047424,178.6231842,161.1378326,159.9950867,277.59021,137.3807526,149.5970154,327.4157715,0.854548264,0.145451698,0.009634628,0.000316552
2020-12-09,17:30:14,2.997200012,8.004499817,163.2047424,178.6272888,161.1372528,159.9950867,277.5900879,137.3895416,149.5884094,327.4157715,0.854548264,0.145451698,0.009634628,0.000316552
2020-12-09,17:30:15,2.997299957,8.004499817,163.2047424,178.632843,161.1381836,159.9950256,277.5904236,137.3977356,149.5804443,327.4157715,0.854548264,0.145451698,0.009634628,0.000316552
2020-12-09,17:30:16,2.997200012,8.004499817,163.2037354,178.6374359,161.1373901,159.9951477,277.5899658,137.4061279,149.5721283,327.4157715,0.854548264,0.145451698,0.009634628,0.000316552
2020-12-09,17:30:17,2.997299957,8.004499817,163.2058258,178.6420441,161.1370544,159.9954224,277.589386,137.4149933,149.5635376,327.4157715,0.854548264,0.145451698,0.009634628,0.000316552
2020-12-09,17:30:18,2.997100067,8.004499817,163.2058258,178.6459961,161.13797,159.9957581,277.5884094,137.4230652,149.5555573,327.4157715,0.854548264,0.145451698,0.009634628,0.000316552
2020-12-09,17:30:19,2.997299957,8.004499817,163.2058258,178.6502533,161.1384125,159.9951935,277.5898743,137.4311676,149.5476227,327.4157715,0.854548264,0.145451698,0.009634628,0.000316552
2020-12-09,17:30:20,2.997400093,8.004499817,163.2058258,178.6558228,161.1386871,159.9950867,277.590332,137.4396362,149.5392761,327.4157715,0.854548264,0.145451698,0.009634628,0.000316552
2020-12-09,17:30:21,2.997200012,8.004499817,163.2048035,178.6594238,161.1370697,159.9952545,277.5898132,137.4468536,149.5322571,327.4157715,0.854548264,0.145451698,0.009634628,0.000316552
2020-12-09,17:30:22,2.997400093,8.004399872,163.2048035,178.6641541,161.1382446,159.9950867,277.5901489,137.4560852,149.5231628,327.4157715,0.854548264,0.145451698,0.009634628,0.000316552
2020-12-09,17:30:23,2.997200012,8.004499817,163.2048035,178.6686096,161.1386261,159.9953613,277.5895081,137.4632874,149.516098,327.3138123,0.854548264,0.145451698,0.009634628,0.000316552
2020-12-09,17:30:24,2.997500038,8.004399872,163.2058411,178.6728058,161.1376801,159.9954834,277.5891113,137.4704132,149.509201,327.3138123,0.854548264,0.145451698,0.009634628,0.000316552
2020-12-09,17:30:25,2.997400093,8.004399872,163.2058411,178.6780701,161.1382904,159.9953613,277.5895691,137.4792938,149.500473,327.3138123,0.854548264,0.145451698,0.009634628,0.000316552
2020-12-09,17:30:26,2.997500038,8.004399872,163.2058411,178.6808167,161.1383972,159.9953308,277.5896912,137.4863434,149.4936829,327.3138123,0.854548264,0.145451698,0.009634628,0.000316552
2020-12-09,17:30:27,2.997299957,8.004399872,163.2058411,178.6854706,161.1381836,159.9951935,277.5898438,137.4944153,149.485733,327.3138123,0.854548264,0.145451698,0.009634628,0.000316552
2020-12-09,17:30:28,2.997599983,8.004399872,163.2048035,178.6898346,161.1369324,159.9949341,277.5906372,137.5015106,149.478775,327.3138123,0.854548264,0.145451698,0.009634628,0.000316552
2020-12-09,17:30:29,2.997400093,8.004399872,163.2058411,178.6943512,161.1387329,159.9953613,277.5895691,137.5089874,149.4714966,327.3138123,0.854548264,0.145451698,0.009634628,0.000316552
2020-12-09,17:30:30,2.997299957,8.004299927,163.2058411,178.6988831,161.1378174,159.9956512,277.5887146,137.5164185,149.4641266,327.3138123,0.854548264,0.145451698,0.009634628,0.000316552
2020-12-09,17:30:31,2.997500038,8.004399872,163.2058411,178.7035675,161.1374817,159.9947052,277.5912781,137.5246582,149.4561005,327.3138123,0.854548264,0.145451698,0.009634628,0.000316552
2020-12-09,17:30:32,2.997599983,8.004299927,163.2058411,178.7070465,161.1387482,159.9954834,277.5890808,137.5319672,149.4490051,327.3138123,0.854548264,0.145451698,0.009634628,0.000316552
2020-12-09,17:30:33,2.997400093,8.004299927,163.2058411,178.7115631,161.1382599,159.9951477,277.5899658,137.5384369,149.4427185,327.3138123,0.854548264,0.145451698,0.009634628,0.000316552
2020-12-09,17:30:34,2.997500038,8.004299927,163.2058411,178.7155304,161.1383057,159.9949341,277.5906677,137.5461426,149.4351196,327.3138123,0.854548264,0.145451698,0.009634628,0.000316552
2020-12-09,17:30:35,2.997599983,8.004299927,163.2058411,178.7204132,161.138504,159.995697,277.5885925,137.5527649,149.4286346,327.3138123,0.854548264,0.145451698,0.009634628,0.000316552
2020-12-09,17:30:36,2.997500038,8.004199982,163.2058411,178.7247467,161.1373749,159.9951935,277.5899353,137.5606537,149.420929,327.3138123,0.854506607,0.145493403,0.009634628,0.000316552
2020-12-09,17:30:37,2.997699928,8.004299927,163.2058411,178.7283478,161.1384277,159.9950256,277.5904236,137.5671082,149.414566,327.3138123,0.854506607,0.145493403,0.009634628,0.000316552
2020-12-09,17:30:38,2.997500038,8.004199982,163.2058411,178.7328491,161.1387482,159.9954224,277.5893555,137.5743256,149.407547,327.3138123,0.854506607,0.145493403,0.009634628,0.000316552
2020-12-09,17:30:39,2.997599983,8.004199982,163.2058411,178.7370911,161.1377411,159.9947662,277.591156,137.5808716,149.4011383,327.3138123,0.854506607,0.145493403,0.009634628,0.000316552
2020-12-09,17:30:40,2.997500038,8.004199982,163.2068481,178.741684,161.1382446,159.9952545,277.5897217,137.5884247,149.3937683,327.3138123,0.8545681,0.1454319,0.009634628,0.000315626
2020-12-09,17:30:41,2.997699928,8.004199982,163.2068481,178.7447052,161.1378632,159.994812,277.5910034,137.5948029,149.3874664,327.3138123,0.8545681,0.1454319,0.009634628,0.000316682
2020-12-09,17:30:42,2.997500038,8.004100037,163.2068481,178.7488098,161.1376038,159.9950867,277.5901184,137.6010742,149.3813934,327.3138123,0.854515533,0.145484505,0.009634628,0.000316682
2020-12-09,17:30:43,2.997599983,8.004199982,163.2068481,178.7539215,161.1381989,159.9951935,277.5904236,137.608139,149.3744507,327.3138123,0.854515533,0.145484505,0.009634628,0.000316682
2020-12-09,17:30:44,2.997699928,8.004100037,163.2068481,178.7581482,161.138443,159.9950867,277.5900879,137.6152649,149.3675385,327.3138123,0.854515533,0.145484505,0.009634628,0.00031661
2020-12-09,17:30:45,2.997500038,8.004100037,163.2068481,178.761261,161.1381836,159.9949799,277.5904846,137.6221313,149.3608856,327.3138123,0.854515533,0.145484505,0.009634628,0.00031661
2020-12-09,17:30:46,2.997699928,8.004000092,163.2068481,178.7658539,161.1389008,159.9947052,277.591217,137.6282654,149.3549042,327.3138123,0.854515533,0.145484505,0.009634628,0.000315582
2020-12-09,17:30:47,2.997500038,8.004100037,163.2068481,178.7693176,161.1391602,159.9949799,277.5904846,137.6342926,149.3489685,327.3138123,0.854515533,0.145484505,0.009634628,0.000315582
2020-12-09,17:30:48,2.997699928,8.004000092,163.2068481,178.773819,161.1380005,159.994812,277.5909729,137.6409454,149.3424835,327.3138123,0.854515533,0.145484505,0.009634628,0.000315582
2020-12-09,17:30:49,2.997500038,8.004000092,163.2078705,178.7770386,161.138443,159.9951935,277.5898438,137.6471558,149.3364258,327.3138123,0.854515533,0.145484505,0.009634628,0.000315582
2020-12-09,17:30:50,2.997699928,8.004000092,163.2078705,178.7806549,161.1380615,159.9951935,277.5899048,137.6536102,149.3301239,327.3138123,0.854515533,0.145484505,0.009634628,0.000315582
2020-12-09,17:30:51,2.997500038,8.003900146,163.2078705,178.785553,161.1394653,159.994812,277.5910034,137.6601563,149.3237,327.3138123,0.854515533,0.145484505,0.009634628,0.000315582
2020-12-09,17:30:52,2.997400093,8.004000092,163.2078705,178.789505,161.1390228,159.9949341,277.5906372,137.6663666,149.317627,327.3138123,0.854515533,0.145484505,0.009634628,0.000315582
2020-12-09,17:30:53,2.997500038,8.003900146,163.2068481,178.7931671,161.1377411,159.9950256,277.5904541,137.672226,149.3119049,327.3138123,0.854515533,0.145484505,0.009634628,0.000315582
2020-12-09,17:30:54,2.997599983,8.003800201,163.2068481,178.7976532,161.1381226,159.994812,277.5910034,137.6779633,149.3063049,327.3138123,0.854515533,0.145484505,0.009634628,0.000315582
2020-12-09,17:30:55,2.997699928,8.003900146,163.2068481,178.8012695,161.1385498,159.9953308,277.5896301,137.6843262,149.3001099,327.3138123,0.854515533,0.145484505,0.009634628,0.000315582
2020-12-09,17:30:56,2.997500038,8.003800201,163.2078552,178.8055115,161.1372528,159.9950256,277.5903625,137.6903076,149.2942657,327.3138123,0.854512634,0.145487404,0.009634628,0.000315582
2020-12-09,17:30:57,2.997699928,8.003800201,163.2078552,178.809433,161.1405182,159.9950867,277.5905762,137.695755,149.2889099,327.3138123,0.854512634,0.145487404,0.009634628,0.000315582
2020-12-09,17:30:58,2.997500038,8.003700256,163.2078552,178.8130341,161.1383972,159.9950256,277.5901184,137.7022247,149.2826385,327.3138123,0.854496689,0.145503302,0.009634628,0.000315582
2020-12-09,17:30:59,2.997299957,8.003800201,163.2078552,178.8166504,161.1387634,159.9947052,277.5912476,137.708252,149.2767334,327.3138123,0.854496689,0.145503302,0.009634628,0.000315582
2020-12-09,17:31:00,2.997599983,8.003700256,163.2078552,178.8205872,161.1382294,159.9950256,277.5903931,137.7144012,149.2707977,327.3138123,0.854496689,0.145503302,0.009634628,0.000315582
2020-12-09,17:31:01,2.997400093,8.003600311,163.2078552,178.8246765,161.1390076,159.9953308,277.5896606,137.7198792,149.2654266,327.3138123,0.854496689,0.145503302,0.009634628,0.000315582
2020-12-09,17:31:02,2.997299957,8.003700256,163.2078552,178.8272858,161.138031,159.994812,277.5910034,137.725296,149.2600861,327.3138123,0.854496689,0.145503302,0.009634628,0.000315582
2020-12-09,17:31:03,2.997500038,8.003600311,163.2088623,178.8314209,161.1389923,159.9946136,277.5916748,137.7309418,149.2546234,327.3138123,0.854496689,0.145503302,0.009634628,0.000315582
2020-12-09,17:31:04,2.997400093,8.003500366,163.2088623,178.8360901,161.1395111,159.9951477,277.5900269,137.735733,149.2499084,327.3138123,0.854496689,0.145503302,0.009634628,0.000315582
2020-12-09,17:31:05,2.997599983,8.003600311,163.2088623,178.8395691,161.1389771,159.9949799,277.5906067,137.7425079,149.2432709,327.3138123,0.854496689,0.145503302,0.009634628,0.000315582
2020-12-09,17:31:06,2.997400093,8.003500366,163.2088623,178.8428345,161.1387177,159.9947662,277.591095,137.7473145,149.2385864,327.3138123,0.854496689,0.145503302,0.009634628,0.000315582
2020-12-09,17:31:07,2.997599983,8.003500366,163.2078552,178.8470764,161.1391754,159.9953613,277.5894775,137.7528534,149.2331848,327.3138123,0.854496689,0.145503302,0.009634628,0.000315582
2020-12-09,17:31:08,2.997699928,8.003500366,163.2088623,178.8500061,161.1394501,159.994873,277.5908813,137.7580719,149.2281036,327.3138123,0.854496689,0.145503302,0.009634628,0.000315582
2020-12-09,17:31:09,2.997299957,8.003399658,163.2088623,178.8537598,161.1387482,159.9947052,277.5912476,137.7636871,149.2226715,327.3138123,0.854496689,0.145503302,0.009634628,0.000315582
2020-12-09,17:31:10,2.997500038,8.003399658,163.2088623,178.8569794,161.1399231,159.994873,277.5907593,137.7690735,149.2174072,327.3138123,0.854496689,0.145503302,0.009634628,0.000315582
2020-12-09,17:31:11,2.997699928,8.003299713,163.2088623,178.8614349,161.1392059,159.9946136,277.5916138,137.7741241,149.2125092,327.3138123,0.854496689,0.145503302,0.009634628,0.000315582
2020-12-09,17:31:12,2.997500038,8.003399658,163.2098999,178.8656311,161.1387024,159.994873,277.5909119,137.7791443,149.2075958,327.3138123,0.854496689,0.145503302,0.009634628,0.000315582
2020-12-09,17:31:13,2.997400093,8.003299713,163.2098999,178.868103,161.139267,159.9946136,277.5916138,137.7844391,149.2023926,327.3138123,0.854496689,0.145503302,0.009634628,0.000315582
2020-12-09,17:31:14,2.997599983,8.003299713,163.2088776,178.8716583,161.138504,159.9944916,277.5918579,137.7898254,149.1971741,327.3138123,0.854496689,0.145503302,0.009634628,0.000315582
2020-12-09,17:31:15,2.997500038,8.003199768,163.2098999,178.8749847,161.1395874,159.9943695,277.5920715,137.7951965,149.1921692,327.3138123,0.854496689,0.145503302,0.009634628,0.000315582
2020-12-09,17:31:16,2.997599983,8.003299713,163.2098999,178.8791199,161.1384735,159.9947052,277.5913086,137.7996674,149.1876221,327.3138123,0.854496689,0.145503302,0.009634628,0.000315582
2020-12-09,17:31:17,2.997299957,8.003199768,163.208786,178.883255,161.1396027,159.9947052,277.591217,137.8052673,149.1821442,327.3138123,0.854496689,0.145503302,0.009634628,0.000315582
2020-12-09,17:31:18,2.997400093,8.003199768,163.2097931,178.8865814,161.1392212,159.9949341,277.5907288,137.8098907,149.1776581,327.3138123,0.854496689,0.145503302,0.009634628,0.000315626
2020-12-09,17:31:19,2.997200012,8.003199768,163.2097931,178.8891144,161.1399231,159.9943695,277.5921021,137.8146057,149.1730499,327.3138123,0.854496689,0.145503302,0.009634628,0.000315626
2020-12-09,17:31:20,2.997400093,8.003099823,163.2097931,178.8933411,161.1403809,159.994812,277.5909729,137.8201599,149.1675873,327.3138123,0.854496689,0.145503302,0.009634628,0.000315626
2020-12-09,17:31:21,2.997299957,8.003099823,163.2087708,178.8976593,161.1398926,159.9944305,277.5919495,137.8248596,149.1630402,327.3138123,0.854496689,0.145503302,0.009634628,0.000315626
2020-12-09,17:31:22,2.997400093,8.003099823,163.2098083,178.9004669,161.1393127,159.9947662,277.591095,137.8295441,149.158432,327.3138123,0.854496689,0.145503302,0.009634628,0.000315626
2020-12-09,17:31:23,2.997200012,8.002999878,163.2098083,178.9042816,161.1396637,159.9949799,277.5905457,137.8338318,149.1542664,327.3138123,0.854496689,0.145503302,0.009634628,0.000315626
2020-12-09,17:31:24,2.997400093,8.003099823,163.2098083,178.9070129,161.1394806,159.9944305,277.592041,137.8393097,149.1489868,327.3138123,0.854496689,0.145503302,0.009634628,0.000315626
2020-12-09,17:31:25,2.997200012,8.002999878,163.2098083,178.9111633,161.1391754,159.9946442,277.5914307,137.8438416,149.1444855,327.3138123,0.854496689,0.145503302,0.009634628,0.000315626
2020-12-09,17:31:26,2.997100067,8.002899933,163.2108154,178.9144287,161.1393585,159.9949341,277.5906677,137.8482971,149.1401672,327.3138123,0.854496689,0.145503302,0.009634628,0.000315626
2020-12-09,17:31:27,2.997200012,8.002999878,163.2108154,178.9167786,161.1398926,159.9947052,277.5913391,137.8532562,149.1352997,327.3138123,0.854496689,0.145503302,0.009634628,0.000315626
2020-12-09,17:31:28,2.997299957,8.002899933,163.2098083,178.9210052,161.1402893,159.994812,277.5909424,137.8574524,149.1312408,327.3138123,0.854496689,0.145503302,0.009634628,0.000315626
2020-12-09,17:31:29,2.997200012,8.002799988,163.2108154,178.9240265,161.1391602,159.994278,277.5925293,137.8620758,149.1266785,327.3138123,0.854496689,0.145503302,0.009634628,0.000315626
2020-12-09,17:31:30,2.997100067,8.002799988,163.2108154,178.9278259,161.1395111,159.9946442,277.5915527,137.8663483,149.1226044,327.3138123,0.854496689,0.145503302,0.009634628,0.000315626
2020-12-09,17:31:31,2.997200012,8.002799988,163.2108154,178.9313965,161.1396484,159.9944916,277.5918274,137.8707428,149.1183014,327.3138123,0.854496689,0.145503302,0.009634628,0.000315626
2020-12-09,17:31:32,2.997100067,8.002799988,163.2108154,178.933197,161.1389008,159.9942169,277.5926819,137.8754578,149.1137543,327.3138123,0.854496689,0.145503302,0.009634628,0.000315626
2020-12-09,17:31:33,2.997299957,8.002700043,163.2108154,178.9375763,161.139328,159.994873,277.5908508,137.8791656,149.1101532,327.3138123,0.854496689,0.145503302,0.009634628,0.000315626
2020-12-09,17:31:34,2.997100067,8.002700043,163.2097778,178.9408722,161.1400604,159.9950867,277.5901184,137.8837585,149.1055756,327.3138123,0.854496689,0.145503302,0.009634628,0.000315626
2020-12-09,17:31:35,2.997200012,8.002600098,163.2108154,178.944458,161.1393433,159.9943695,277.5921936,137.8887177,149.1007538,327.3138123,0.854496689,0.145503302,0.009634628,0.000315626
2020-12-09,17:31:36,2.996999931,8.002600098,163.2108154,178.9462433,161.1404266,159.9946442,277.5914612,137.8920746,149.0975342,327.3138123,0.854496689,0.145503302,0.009634628,0.000315626
2020-12-09,17:31:37,2.997200012,8.002600098,163.2108154,178.9499664,161.1392822,159.9943695,277.5922546,137.8961792,149.0934448,327.3138123,0.854496689,0.145503302,0.009634628,0.000315626
2020-12-09,17:31:38,2.996899986,8.002600098,163.2108154,178.9531555,161.140686,159.994278,277.5925903,137.9008179,149.0889893,327.3138123,0.854484787,0.145515204,0.009634628,0.000315626
2020-12-09,17:31:39,2.997200012,8.002500153,163.211853,178.9568634,161.1389771,159.9944916,277.5918884,137.9045258,149.0853271,327.3138123,0.854484787,0.145515204,0.009634628,0.000315626
2020-12-09,17:31:40,2.997100067,8.002600098,163.2108154,178.9597626,161.1398315,159.9940491,277.5930481,137.9087067,149.0812988,327.3138123,0.854484787,0.145515204,0.009634628,0.000315626
2020-12-09,17:31:41,2.996899986,8.002500153,163.2118835,178.9632416,161.1406708,159.9945526,277.5917664,137.9128571,149.077301,327.3138123,0.854484787,0.145515204,0.009634628,0.000315626
2020-12-09,17:31:42,2.997100067,8.002400208,163.2118835,178.9657593,161.1398315,159.9940491,277.5931091,137.916626,149.0736237,327.3138123,0.854484787,0.145515204,0.009634628,0.000315626
2020-12-09,17:31:43,2.996899986,8.002400208,163.2118835,178.9692993,161.1400452,159.9941559,277.5928345,137.9210052,149.0694427,327.3138123,0.854484787,0.145515204,0.009634628,0.000315626
2020-12-09,17:31:44,2.996800041,8.002400208,163.2108459,178.973053,161.13974,159.9943085,277.5933533,137.9244385,149.065979,327.3138123,0.854484787,0.145515204,0.009634628,0.000315626
2020-12-09,17:31:45,2.996899986,8.002300262,163.2108459,178.9759064,161.1402893,159.9946136,277.5916138,137.9291687,149.0614471,327.3138123,0.854484787,0.145515204,0.009634628,0.000315626
2020-12-09,17:31:46,2.996699905,8.002400208,163.2118683,178.9790344,161.140564,159.9947662,277.591095,137.9328766,149.0578156,327.3138123,0.854484787,0.145515204,0.009634628,0.000315626
2020-12-09,17:31:47,2.996999931,8.002300262,163.2118683,178.9809723,161.1395874,159.9943695,277.5921021,137.9370422,149.0537567,327.3138123,0.854484787,0.145515204,0.009634628,0.000315626
2020-12-09,17:31:48,2.996699905,8.002300262,163.2118683,178.9844208,161.1408386,159.9941101,277.592926,137.9405212,149.050354,327.3138123,0.854484787,0.145515204,0.009634628,0.000315626
2020-12-09,17:31:49,2.996899986,8.002200317,163.2118683,178.9871368,161.1403656,159.9943695,277.5921936,137.9447174,149.0462952,327.3138123,0.854484787,0.145515204,0.009634628,0.000315626
2020-12-09,17:31:50,2.996800041,8.002200317,163.2118683,178.9909058,161.1405792,159.9947052,277.5913086,137.9478149,149.0432281,327.3138123,0.854484787,0.145515204,0.009634628,0.000315626
2020-12-09,17:31:51,2.996899986,8.002200317,163.2118683,178.9932098,161.1403961,159.9943695,277.5921631,137.9515228,149.0396729,327.3138123,0.854484787,0.145515204,0.009634628,0.000315626
2020-12-09,17:31:52,2.996699905,8.002100372,163.2118683,178.9951782,161.1398163,159.9941559,277.5927734,137.9558105,149.0354614,327.3138123,0.854484787,0.145515204,0.009634628,0.000315626
2020-12-09,17:31:53,2.996800041,8.002100372,163.2118683,178.9978485,161.1408844,159.993988,277.5932007,137.9591827,149.0321808,327.3138123,0.854484787,0.145515204,0.009634628,0.000315626
2020-12-09,17:31:54,2.996699905,8.002100372,163.2108307,179.002594,161.1412354,159.9943695,277.5922546,137.9634552,149.0280304,327.3138123,0.854484787,0.145515204,0.009634628,0.000315626
2020-12-09,17:31:55,2.996899986,8.001999664,163.2108307,179.0049286,161.1400604,159.9946442,277.5914917,137.9661407,149.0254059,327.3138123,0.854484787,0.145515204,0.009634628,0.000315626
2020-12-09,17:31:56,2.996800041,8.002100372,163.2118988,179.0070038,161.1396027,159.9943695,277.5922852,137.9701996,149.0214844,327.3138123,0.854484787,0.145515204,0.009634628,0.000315626
2020-12-09,17:31:57,2.996899986,8.001999664,163.2118988,179.0104523,161.1407776,159.9941101,277.5928955,137.9738159,149.0180054,327.3138123,0.854484787,0.145515204,0.009634628,0.000315626
2020-12-09,17:31:58,2.996999931,8.001899719,163.2129059,179.0134735,161.1392059,159.9941101,277.5929871,137.977005,149.0148468,327.9855652,0.854484787,0.145515204,0.009634628,0.000315626
2020-12-09,17:31:59,2.996699905,8.001999664,163.2129059,179.0162811,161.1404114,159.9944305,277.5919495,137.97995,149.0119476,327.9855652,0.854484787,0.145515204,0.009634628,0.000315626
2020-12-09,17:32:00,2.996800041,8.001899719,163.2129059,179.0186157,161.1401367,159.9941101,277.5929565,137.9843292,149.0077667,327.9855652,0.854484787,0.145515204,0.009634628,0.000315626
2020-12-09,17:32:01,2.996699905,8.001899719,163.2118835,179.0217896,161.1408386,159.993988,277.5932312,137.9875946,149.0045776,327.9855652,0.854484787,0.145515204,0.009634628,0.000315626
2020-12-09,17:32:02,2.996899986,8.001799774,163.2118835,179.0245361,161.1402283,159.9936371,277.5942688,137.9905396,149.0016327,327.9855652,0.854484787,0.145515204,0.009634628,0.000316766
2020-12-09,17:32:03,2.996800041,8.001899719,163.2118835,179.0275879,161.1399078,159.9943695,277.5921936,137.9944153,148.9979248,327.9855652,0.854484787,0.145515204,0.009634628,0.000316766
2020-12-09,17:32:04,2.996800041,8.001799774,163.2118835,179.0298309,161.1404266,159.9947052,277.5913696,137.9981079,148.9943695,327.9855652,0.854484787,0.145515204,0.009634628,0.000316766
2020-12-09,17:32:05,2.996699905,8.001699829,163.2118835,179.0329895,161.1401367,159.9941559,277.592865,138.0010529,148.9914703,327.9855652,0.854484787,0.145515204,0.009634628,0.000316766
2020-12-09,17:32:06,2.996800041,8.001799774,163.2129059,179.0346527,161.1408691,159.9936981,277.5939636,138.0041809,148.9884338,327.9855652,0.854484787,0.145515204,0.009634628,0.000316552
2020-12-09,17:32:07,2.996699905,8.001699829,163.2129059,179.0383606,161.140686,159.993988,277.5933533,138.0072174,148.9854126,327.9855652,0.854484787,0.145515204,0.009634628,0.000316552
2020-12-09,17:32:08,2.996800041,8.001599884,163.2129059,179.0409698,161.1407928,159.9940491,277.5930786,138.010498,148.9822693,327.9855652,0.854484787,0.145515204,0.009634628,0.000316552
2020-12-09,17:32:09,2.99659996,8.001699829,163.2129059,179.0428162,161.1413422,159.9936371,277.5941467,138.0136719,148.9792328,327.9855652,0.854484787,0.145515204,0.009634628,0.000316552
2020-12-09,17:32:10,2.996800041,8.001599884,163.2129059,179.0462799,161.1407776,159.9941101,277.5929871,138.0171967,148.9757385,327.9855652,0.854484787,0.145515204,0.009634628,0.000316552
2020-12-09,17:32:11,2.99659996,8.001599884,163.2129059,179.047699,161.1403046,159.993988,277.5933838,138.0204163,148.9726257,327.9855652,0.854484787,0.145515204,0.009634628,0.000316552
2020-12-09,17:32:12,2.996500015,8.001499939,163.2129059,179.0508575,161.1407623,159.9938354,277.5936584,138.0234375,148.969696,327.9855652,0.854403534,0.145596504,0.009634628,0.000316552
2020-12-09,17:32:13,2.99659996,8.001599884,163.2129059,179.0529938,161.1412659,159.9937744,277.5939026,138.0261383,148.9670563,327.9855652,0.854403534,0.145596504,0.009634628,0.000316552
2020-12-09,17:32:14,2.99640007,8.001499939,163.2129059,179.0557251,161.1406097,159.9941101,277.5928955,138.0296478,148.9636536,327.9855652,0.854403534,0.145596504,0.009634628,0.000316552
2020-12-09,17:32:15,2.99659996,8.001399994,163.2140045,179.0596771,161.1415253,159.9942169,277.5926819,138.0328064,148.9605865,327.9855652,0.854403534,0.145596504,0.009634628,0.000316552
2020-12-09,17:32:16,2.99640007,8.001399994,163.2140045,179.0614929,161.1421356,159.993927,277.5934753,138.0353851,148.9580688,327.9855652,0.854403534,0.145596504,0.009634628,0.000316552
2020-12-09,17:32:17,2.996299934,8.001399994,163.2129822,179.0636749,161.1414642,159.993927,277.5934143,138.0389252,148.9545746,327.9855652,0.854403534,0.145596504,0.009634628,0.000316552
2020-12-09,17:32:18,2.99659996,8.001300049,163.2129822,179.0663757,161.1426239,159.9942169,277.5927429,138.0409393,148.952713,327.9855652,0.854403534,0.145596504,0.009634628,0.000316552
2020-12-09,17:32:19,2.99640007,8.001300049,163.2129822,179.068573,161.1411438,159.9938354,277.5936584,138.0447998,148.9489136,327.9855652,0.854403534,0.145596504,0.009634628,0.000316552
2020-12-09,17:32:20,2.99659996,8.001300049,163.2140198,179.0699158,161.1422729,159.9946136,277.5916443,138.04776,148.9460297,327.9855652,0.854403534,0.145596504,0.009634628,0.000316552
2020-12-09,17:32:21,2.996299934,8.001200104,163.2140198,179.0734253,161.1414795,159.9936371,277.5942078,138.0502014,148.9436188,327.9855652,0.854403534,0.145596504,0.009634628,0.000316552
2020-12-09,17:32:22,2.99659996,8.001300049,163.2140198,179.0758514,161.1423187,159.993988,277.5932617,138.0534821,148.9404755,327.9855652,0.854403534,0.145596504,0.009634628,0.000316552
2020-12-09,17:32:23,2.996800041,8.001200104,163.2140198,179.0792542,161.1425629,159.9934235,277.5948486,138.0559998,148.9380646,327.9855652,0.854403534,0.145596504,0.009634628,0.000316552
2020-12-09,17:32:24,2.996500015,8.001200104,163.2140198,179.0808868,161.1412659,159.9941101,277.5929871,138.0587769,148.9353638,327.9855652,0.854403534,0.145596504,0.009634628,0.000316552
2020-12-09,17:32:25,2.99659996,8.001200104,163.2140198,179.0830688,161.1428223,159.9934692,277.594635,138.0619965,148.9322815,327.9855652,0.854403534,0.145596504,0.009634628,0.000316552
2020-12-09,17:32:26,2.99640007,8.001100159,163.2140198,179.0848236,161.1422577,159.9938354,277.5937805,138.0646667,148.9296417,327.9855652,0.854403534,0.145596504,0.009634628,0.000316552
2020-12-09,17:32:27,2.996500015,8.001200104,163.2140198,179.0892334,161.1427765,159.9937744,277.5939026,138.0672607,148.9270782,327.9855652,0.854403534,0.145596504,0.009634628,0.000316552
2020-12-09,17:32:28,2.99640007,8.001100159,163.2140198,179.0910645,161.1426849,159.9936981,277.5936584,138.0700684,148.9244232,327.9855652,0.854403534,0.145596504,0.009634628,0.000316552
2020-12-09,17:32:29,2.996500015,8.001000214,163.2140198,179.0933533,161.1437225,159.9938812,277.5944214,138.0728302,148.9217072,327.9855652,0.854403534,0.145596504,0.009634628,0.000316552
2020-12-09,17:32:30,2.996299934,8.001000214,163.2140198,179.096405,161.1431732,159.9935303,277.5940552,138.0759277,148.9187317,327.9855652,0.854403534,0.145596504,0.009634628,0.000316552
2020-12-09,17:32:31,2.99640007,8.001000214,163.2140198,179.0969696,161.1426697,159.993988,277.5933838,138.0783081,148.9163666,327.9855652,0.854403534,0.145596504,0.009634628,0.000316552
2020-12-09,17:32:32,2.996199989,8.001000214,163.2140198,179.0999298,161.1434326,159.9936371,277.5941772,138.0809937,148.9137878,327.9855652,0.854403534,0.145596504,0.009634628,0.000316552
2020-12-09,17:32:33,2.99640007,8.000900269,163.2150879,179.1016998,161.1429596,159.9938812,277.5935364,138.0836945,148.9111938,327.9855652,0.854403534,0.145596504,0.009634628,0.000316552
2020-12-09,17:32:34,2.996299934,8.000900269,163.2150879,179.103775,161.1436768,159.993988,277.5933228,138.085968,148.9090118,327.9855652,0.854403534,0.145596504,0.009634628,0.000316552
2020-12-09,17:32:35,2.996500015,8.000900269,163.2150879,179.1063232,161.1435242,159.9938354,277.59375,138.0885773,148.9064484,327.9855652,0.854403534,0.145596504,0.009634628,0.000316552
2020-12-09,17:32:36,2.996299934,8.000800323,163.2140503,179.1092224,161.1438904,159.993576,277.5943298,138.091095,148.9039917,327.9855652,0.854403534,0.145596504,0.009634628,0.000316552
2020-12-09,17:32:37,2.99640007,8.000900269,163.2140503,179.1104126,161.1431274,159.993988,277.5933533,138.0935364,148.9015808,327.9855652,0.854403534,0.145596504,0.009634628,0.000316552
2020-12-09,17:32:38,2.996100044,8.000800323,163.2150574,179.1134491,161.1440277,159.9938354,277.5937195,138.0959778,148.899231,327.9855652,0.854403534,0.145596504,0.009634628,0.000316552
2020-12-09,17:32:39,2.996299934,8.000700378,163.2150574,179.1145782,161.1446381,159.9936981,277.5940552,138.0988312,148.8965149,327.9855652,0.854403534,0.145596504,0.009634628,0.000316552
2020-12-09,17:32:40,2.99640007,8.000800323,163.2150574,179.1177063,161.1437073,159.9938812,277.5935974,138.1006012,148.8946838,327.9855652,0.854403534,0.145596504,0.009634628,0.000316552
2020-12-09,17:32:41,2.996199989,8.000700378,163.2150574,179.1193237,161.1451111,159.9937744,277.5938721,138.1028748,148.8924866,327.9855652,0.854403534,0.145596504,0.009634628,0.000316552
2020-12-09,17:32:42,2.996100044,8.000700378,163.2150574,179.1216583,161.145752,159.9935303,277.5931702,138.1060028,148.8895569,327.9855652,0.854403534,0.145596504,0.009634628,0.000316552
2020-12-09,17:32:43,2.995999908,8.00059967,163.2150574,179.1238556,161.1448364,159.993988,277.594635,138.1082764,148.8873749,327.8052063,0.854403534,0.145596504,0.009634628,0.000316552
2020-12-09,17:32:44,2.996299934,8.00059967,163.2150574,179.1247864,161.1442871,159.9934692,277.5933228,138.1108856,148.8847809,327.8052063,0.854403534,0.145596504,0.009634628,0.000316552
2020-12-09,17:32:45,2.995899963,8.00059967,163.2150574,179.1277466,161.1452179,159.993927,277.5945129,138.1134949,148.8822174,327.8052063,0.854403534,0.145596504,0.009634628,0.000316552
2020-12-09,17:32:46,2.996100044,8.00059967,163.2150574,179.1300049,161.1447601,159.993576,277.5936584,138.1154175,148.8803406,327.8052063,0.854403534,0.145596504,0.009634628,0.000316552
2020-12-09,17:32:47,2.995999908,8.000499725,163.2150574,179.1319733,161.1467896,159.9940491,277.5930481,138.1174469,148.878418,327.8052063,0.854403534,0.145596504,0.009634628,0.000316552
2020-12-09,17:32:48,2.996199989,8.00059967,163.2150574,179.1334686,161.1453857,159.9932556,277.5953369,138.1201324,148.8757324,327.8052063,0.854403534,0.145596504,0.009634628,0.000316552
2020-12-09,17:32:49,2.996100044,8.000499725,163.2150574,179.1356049,161.1447754,159.9935303,277.5944824,138.1222382,148.8737793,327.8052063,0.854403534,0.145596504,0.009634628,0.000316552
2020-12-09,17:32:50,2.996199989,8.00039978,163.2150574,179.1377411,161.1464233,159.9938812,277.5935974,138.1246033,148.87146,327.8052063,0.854403534,0.145596504,0.009634628,0.000316552
2020-12-09,17:32:51,2.995999908,8.000499725,163.2150574,179.138916,161.1460876,159.9935303,277.5944824,138.1265259,148.8695984,327.8052063,0.854403534,0.145596504,0.009634628,0.000316552
2020-12-09,17:32:52,2.996100044,8.00039978,163.2150574,179.1420288,161.1471252,159.993576,277.5943604,138.1284027,148.8677521,327.8052063,0.854403534,0.145596504,0.009634628,0.000316552
2020-12-09,17:32:53,2.995899963,8.00039978,163.2150574,179.1430359,161.1459503,159.9938354,277.593811,138.1308289,148.8653717,327.8052063,0.854403534,0.145596504,0.009634628,0.000316552
2020-12-09,17:32:54,2.996199989,8.000299835,163.2150574,179.1453094,161.1465607,159.9940491,277.5930176,138.1331024,148.8632202,327.8052063,0.854403534,0.145596504,0.009634628,0.000316552
2020-12-09,17:32:55,2.995899963,8.00039978,163.2150574,179.1473846,161.1472931,159.993103,277.5956726,138.1361389,148.8602448,327.8052063,0.854403534,0.145596504,0.009634628,0.000316552
2020-12-09,17:32:56,2.995999908,8.000299835,163.2161255,179.1492615,161.1465607,159.9936981,277.5940247,138.1379089,148.858551,327.8052063,0.854403534,0.145596504,0.009634628,0.000316552
2020-12-09,17:32:57,2.996199989,8.000299835,163.2161255,179.1507874,161.1455841,159.9938354,277.593811,138.1396942,148.8567963,327.8052063,0.854403534,0.145596504,0.009634628,0.000316552
2020-12-09,17:32:58,2.995899963,8.00019989,163.2161255,179.1531677,161.1475067,159.9930267,277.5958557,138.1420441,148.854538,327.8052063,0.854405518,0.145594502,0.009634628,0.000316552
2020-12-09,17:32:59,2.995700073,8.000299835,163.2161255,179.1541748,161.146698,159.9932556,277.5953369,138.1444702,148.8521729,327.8052063,0.854405518,0.145594502,0.009634628,0.000316552
2020-12-09,17:33:00,2.995499992,8.00019989,163.2161255,179.1572418,161.1471252,159.9937744,277.5938721,138.1462402,148.8504486,327.8052063,0.854405518,0.145594502,0.009634628,0.000316552
2020-12-09,17:33:01,2.995800018,8.00019989,163.2171326,179.1582336,161.147522,159.9932556,277.5951843,138.1478271,148.8488922,327.8052063,0.854405518,0.145594502,0.009634628,0.000316552
2020-12-09,17:33:02,2.995499992,8.000099945,163.2171326,179.1595764,161.1476135,159.9936371,277.5940857,138.1501007,148.8466339,327.8052063,0.854405518,0.145594502,0.009634628,0.000316552
2020-12-09,17:33:03,2.99640007,8.00019989,163.2171326,179.161438,161.1466675,159.9938354,277.593811,138.1526184,148.8442078,327.8052063,0.854405518,0.145594502,0.009634628,0.000316552
2020-12-09,17:33:04,2.996699905,8.000099945,163.2171326,179.1647949,161.1476135,159.9933777,277.5949097,138.1544037,148.8424988,327.8052063,0.854405518,0.145594502,0.009634628,0.000316552
2020-12-09,17:33:05,2.996999931,8.0,163.2171326,179.1659393,161.1482849,159.9936371,277.5941772,138.1566772,148.8402863,327.8052063,0.854405518,0.145594502,0.009634628,0.000316552
2020-12-09,17:33:06,2.99659996,8.000099945,163.2171326,179.1681519,161.146759,159.9936981,277.5939636,138.1580963,148.838913,327.8052063,0.854431305,0.145568705,0.009634628,0.000316552
2020-12-09,17:33:07,2.996899986,8.0,163.2171326,179.1687775,161.1482697,159.9932556,277.5952454,138.1603851,148.8366699,327.8052063,0.854431305,0.145568705,0.009634628,0.000316552
2020-12-09,17:33:08,2.996899986,8.0,163.2171326,179.1702881,161.1486969,159.9933777,277.5949097,138.162323,148.8348236,327.633667,0.854431305,0.145568705,0.009634628,0.000316552
2020-12-09,17:33:09,2.996999931,7.999900055,163.2171326,179.1718292,161.1475677,159.9935303,277.594574,138.1643219,148.83284,327.633667,0.854431305,0.145568705,0.009634628,0.000316552
2020-12-09,17:33:10,2.996899986,8.0,163.2171326,179.1742706,161.1472473,159.9933777,277.5949402,138.1660461,148.831192,327.633667,0.854431305,0.145568705,0.009634628,0.000316552
2020-12-09,17:33:11,2.997100067,7.999900055,163.2171326,179.1748962,161.1481628,159.993988,277.5931702,138.1679688,148.8293152,327.633667,0.854431305,0.145568705,0.009634628,0.000316552
2020-12-09,17:33:12,2.996999931,7.99980011,163.2171326,179.1780548,161.1490631,159.9938354,277.593811,138.169632,148.8276978,327.633667,0.854349899,0.145650101,0.009634628,0.000316552
2020-12-09,17:33:13,2.997400093,7.999900055,163.2171326,179.1795044,161.1486206,159.994278,277.5926208,138.171936,148.8254852,327.633667,0.854349899,0.145650101,0.009634628,0.000316552
2020-12-09,17:33:14,2.997200012,7.99980011,163.2171326,179.1809692,161.149704,159.9933777,277.5949402,138.173172,148.8242645,327.633667,0.854349899,0.145650101,0.009634628,0.000316552
2020-12-09,17:33:15,2.997599983,7.99980011,163.2171326,179.182373,161.1484833,159.9935303,277.594574,138.1755524,148.8220215,327.633667,0.854349899,0.145650101,0.009634628,0.000316552
2020-12-09,17:33:16,2.997400093,7.999700165,163.2171326,179.1831055,161.1492462,159.9932556,277.5952148,138.1773834,148.8201447,327.633667,0.854349899,0.145650101,0.009634628,0.000316552
2020-12-09,17:33:17,2.997699928,7.99980011,163.2181702,179.1844635,161.1493835,159.9936371,277.5942993,138.1795654,148.8180695,327.633667,0.854349899,0.145650101,0.009634628,0.000316552
2020-12-09,17:33:18,2.997800064,7.999700165,163.2181702,179.1854706,161.1486053,159.9928436,277.5964355,138.1814423,148.8162231,327.633667,0.854349899,0.145650101,0.009634628,0.000316552
2020-12-09,17:33:19,2.997900009,7.999700165,163.216156,179.1883698,161.1492004,159.9934692,277.5946045,138.1825256,148.8152008,327.633667,0.854349899,0.145650101,0.009634628,0.000316552
2020-12-09,17:33:20,2.997599983,7.99960022,163.2172241,179.189682,161.1501007,159.9938354,277.593811,138.1846161,148.8132019,327.633667,0.854349899,0.145650101,0.009634628,0.000316552
2020-12-09,17:33:21,2.997999954,7.999700165,163.2172241,179.1908722,161.1484833,159.9935303,277.5945129,138.1861572,148.8116608,327.633667,0.854349899,0.145650101,0.009634628,0.000316552
2020-12-09,17:33:22,2.997900009,7.99960022,163.2172241,179.1933136,161.1498108,159.993988,277.5933838,138.1877441,148.8101501,327.633667,0.854349899,0.145650101,0.009634628,0.000316552
2020-12-09,17:33:23,2.997999954,7.99960022,163.2172241,179.1939545,161.1501312,159.993576,277.5943604,138.1893616,148.8085938,327.633667,0.854349899,0.145650101,0.009634628,0.000316552
2020-12-09,17:33:24,2.99810009,7.999500275,163.2182312,179.1957397,161.1494141,159.9934235,277.5948486,138.1919708,148.8059845,327.633667,0.854349899,0.145650101,0.009634628,0.000316552
2020-12-09,17:33:25,2.998200035,7.999500275,163.2171173,179.1973267,161.1489258,159.9933777,277.5946045,138.1930542,148.8049774,327.633667,0.854349899,0.145650101,0.009634628,0.000316552
2020-12-09,17:33:26,2.997999954,7.99940033,163.2171173,179.1977539,161.1499786,159.9936371,277.5941467,138.1955872,148.8025055,327.633667,0.854349899,0.145650101,0.009634628,0.000316552
2020-12-09,17:33:27,2.99829998,7.999500275,163.2171173,179.1999512,161.15065,159.9936981,277.5939941,138.1965179,148.8016205,327.633667,0.854349899,0.145650101,0.009634628,0.000316552
2020-12-09,17:33:28,2.99810009,7.999299622,163.2171173,179.2015839,161.1493225,159.9934692,277.5946045,138.1982117,148.8000183,327.633667,0.854349899,0.145650101,0.009634628,0.000316552
2020-12-09,17:33:29,2.998600006,7.999299622,163.2181549,179.2025452,161.1508179,159.9937744,277.5939331,138.2001038,148.798111,327.633667,0.854349899,0.145650101,0.009634628,0.000316552
2020-12-09,17:33:30,2.99829998,7.999199677,163.2192078,179.2039948,161.1497803,159.9932556,277.5952148,138.2011261,148.7971649,327.633667,0.854349899,0.145650101,0.009634628,0.000316552
2020-12-09,17:33:31,2.998500061,7.999199677,163.2181702,179.2051544,161.1499023,159.9941559,277.592804,138.2031555,148.7951202,327.633667,0.854349899,0.145650101,0.009634628,0.000316552
2020-12-09,17:33:32,2.998699951,7.999099731,163.2181702,179.2067261,161.1505127,159.9933777,277.5949097,138.2053375,148.7930145,327.633667,0.854349899,0.145650101,0.009634628,0.000316552
2020-12-09,17:33:33,2.998500061,7.998999786,163.2181702,179.2076263,161.1508789,159.9936981,277.5939941,138.2064362,148.7919464,327.4911499,0.854349899,0.145650101,0.009634628,0.000316552
2020-12-09,17:33:34,2.998699951,7.998999786,163.2181702,179.2073669,161.1499786,159.993576,277.5944519,138.2086334,148.7898254,327.4911499,0.854349899,0.145650101,0.009634628,0.000316552
2020-12-09,17:33:35,2.998800087,7.998899841,163.2191772,179.2102814,161.1511536,159.9936371,277.5942078,138.210556,148.7880554,327.4911499,0.854349899,0.145650101,0.009634628,0.000316552
2020-12-09,17:33:36,2.998999977,7.998799896,163.2191772,179.2116089,161.1495056,159.993576,277.5943298,138.2112427,148.7874451,327.4911499,0.854349899,0.145650101,0.009634628,0.000316552
2020-12-09,17:33:37,2.998900032,7.998699951,163.2191772,179.2129211,161.1489105,159.9936981,277.5946655,138.2135162,148.7852325,327.4911499,0.854349899,0.145650101,0.009634628,0.000316552
2020-12-09,17:33:38,2.998999977,7.998699951,163.2191772,179.2137604,161.1510468,159.9934692,277.5946045,138.2150269,148.7837372,327.4911499,0.854349899,0.145650101,0.009634628,0.000316552
2020-12-09,17:33:39,2.999200058,7.998600006,163.2191772,179.2145538,161.1500397,159.9937744,277.5938416,138.2164612,148.7822876,327.4911499,0.854349899,0.145650101,0.009634628,0.000316552
2020-12-09,17:33:40,2.999099922,7.998500061,163.2191772,179.2164612,161.1513672,159.993576,277.5943909,138.2184906,148.7804108,327.4911499,0.854349899,0.145650101,0.009634628,0.000316552
2020-12-09,17:33:41,2.997999954,7.998400116,163.2191772,179.2173157,161.1507416,159.9938354,277.5937805,138.2194061,148.7794495,327.4911499,0.854349899,0.145650101,0.009634628,0.000316552
2020-12-09,17:33:42,2.997400093,7.998400116,163.2191772,179.2174988,161.1502533,159.9932098,277.5954895,138.2207794,148.7781372,327.4911499,0.854349899,0.145650101,0.009634628,0.000316552
2020-12-09,17:33:43,2.996899986,7.998300171,163.2191772,179.2187042,161.1509247,159.993576,277.5944519,138.2225342,148.7764587,327.4911499,0.854349899,0.145650101,0.009634628,0.000316552
2020-12-09,17:33:44,2.996500015,7.998200226,163.2191772,179.2203217,161.1502075,159.9934692,277.5947266,138.2241364,148.7749634,327.4911499,0.854349899,0.145650101,0.009634628,0.000315611
2020-12-09,17:33:45,2.996299934,7.998100281,163.2191772,179.2223053,161.1516113,159.9932098,277.595459,138.2258453,148.7732391,327.4911499,0.854349899,0.145650101,0.009634628,0.000315611
2020-12-09,17:33:46,2.996100044,7.998100281,163.2181091,179.2211304,161.1518555,159.9941559,277.592804,138.2274933,148.7715912,327.4911499,0.854349899,0.145650101,0.009634628,0.000315611
2020-12-09,17:33:47,2.995899963,7.998000336,163.2181091,179.2245789,161.1511383,159.9936981,277.5939636,138.2287598,148.7704315,327.4911499,0.854349899,0.145650101,0.009634628,0.000315611
2020-12-09,17:33:48,2.995700073,7.997899628,163.2191162,179.2258148,161.1510315,159.9934235,277.5947571,138.2301025,148.769104,327.4911499,0.854349899,0.145650101,0.009634628,0.000315611
2020-12-09,17:33:49,2.995999908,7.997799683,163.2191162,179.226059,161.1516113,159.993988,277.5931702,138.2318726,148.7674255,327.4911499,0.854349899,0.145650101,0.009634628,0.000315611
2020-12-09,17:33:50,2.996299934,7.997699738,163.2201233,179.2278442,161.1503906,159.9934692,277.5946655,138.2333069,148.766037,327.4911499,0.854349899,0.145650101,0.009634628,0.000315611
2020-12-09,17:33:51,2.996699905,7.997599792,163.2201233,179.2284851,161.15242,159.9936371,277.5942383,138.2347565,148.7645721,327.4911499,0.854349899,0.145650101,0.009634628,0.000315611
2020-12-09,17:33:52,2.996899986,7.997599792,163.2201233,179.2292633,161.1521149,159.9938354,277.5937195,138.2361145,148.7632751,327.4911499,0.854349899,0.145650101,0.009634628,0.000315611
2020-12-09,17:33:53,2.997100067,7.997499847,163.2201233,179.230835,161.1515503,159.9934692,277.594696,138.2378693,148.7616425,327.4911499,0.854349899,0.145650101,0.009634628,0.000315611
2020-12-09,17:33:54,2.997400093,7.997399902,163.2201233,179.2310486,161.1517639,159.993927,277.5934143,138.2387238,148.7607117,327.4911499,0.854349899,0.145650101,0.009634628,0.000315611
2020-12-09,17:33:55,2.997599983,7.997299957,163.2201233,179.2319031,161.1522522,159.9932098,277.5954895,138.2404785,148.7590637,327.4911499,0.854349899,0.145650101,0.009634628,0.000315611
2020-12-09,17:33:56,2.997900009,7.997200012,163.2201233,179.2322235,161.1517792,159.9938812,277.5935364,138.2419891,148.7576141,327.4911499,0.854349899,0.145650101,0.009634628,0.000315626
2020-12-09,17:33:57,2.998200035,7.997100067,163.2191162,179.233551,161.1509247,159.993103,277.5957336,138.2436066,148.7560272,327.4911499,0.854349899,0.145650101,0.009634628,0.000315626
2020-12-09,17:33:58,2.998500061,7.997000122,163.2191162,179.2345428,161.15242,159.9936371,277.5942078,138.2442017,148.7554932,327.4911499,0.854349899,0.145650101,0.009634628,0.000315626
2020-12-09,17:33:59,2.998699951,7.996900177,163.2201538,179.2358398,161.1517639,159.9934692,277.5946655,138.2462158,148.7535095,327.4911499,0.854349899,0.145650101,0.009634628,0.000315626
2020-12-09,17:34:00,2.998999977,7.997000122,163.2201538,179.2364655,161.1519928,159.9936981,277.5940552,138.2480774,148.7516632,327.4911499,0.854349899,0.145650101,0.009634628,0.000315626
2020-12-09,17:34:01,2.999300003,7.997499847,163.2201538,179.2376556,161.1521301,159.993988,277.5933228,138.2486725,148.7510681,327.4911499,0.854349899,0.145650101,0.009634628,0.000315626
2020-12-09,17:34:02,2.999600029,7.998000336,163.2201538,179.2382965,161.1529236,159.9935303,277.5945435,138.2502441,148.749588,327.4911499,0.854349899,0.145650101,0.009634628,0.000315626
2020-12-09,17:34:03,2.999500084,7.998500061,163.2201538,179.239563,161.1518402,159.9938812,277.5935364,138.2512665,148.7486267,327.3360901,0.854349899,0.145650101,0.009634628,0.000315626
2020-12-09,17:34:04,2.999200058,7.999099731,163.2201538,179.2393951,161.1513672,159.9936371,277.5942078,138.2528687,148.7470703,327.3360901,0.854349899,0.145650101,0.009634628,0.000315626
2020-12-09,17:34:05,2.999399948,7.999500275,163.2211609,179.2404022,161.1522522,159.9933167,277.5950623,138.2542877,148.745636,327.3360901,0.854349899,0.145650101,0.009634628,0.000315626
2020-12-09,17:34:06,2.999200058,8.000099945,163.2200623,179.241272,161.1519012,159.993988,277.5933228,138.2558746,148.7441406,327.3360901,0.854349899,0.145650101,0.009634628,0.000315626
2020-12-09,17:34:07,2.999300003,8.00039978,163.2200623,179.2429047,161.1517029,159.9937744,277.5938416,138.2572479,148.7428131,327.3360901,0.854349899,0.145650101,0.009634628,0.000315626
2020-12-09,17:34:08,2.998200035,8.000700378,163.2200623,179.2437134,161.1520996,159.9938812,277.5935364,138.2581787,148.7418671,327.3360901,0.854349899,0.145650101,0.009634628,0.000315683
2020-12-09,17:34:09,2.997800064,8.000900269,163.2200623,179.2443085,161.1513672,159.994278,277.5925903,138.2594299,148.7406921,327.3360901,0.854349899,0.145650101,0.009634628,0.000315683
2020-12-09,17:34:10,2.997500038,8.001100159,163.2200623,179.2449188,161.1529236,159.993988,277.5933533,138.260437,148.7396393,327.3360901,0.854349899,0.145650101,0.009634628,0.000315683
2020-12-09,17:34:11,2.997299957,8.001300049,163.2200623,179.2467346,161.152359,159.9937744,277.5939331,138.2620544,148.7381744,327.3360901,0.854349899,0.145650101,0.009634628,0.000315683
2020-12-09,17:34:12,2.997100067,8.001499939,163.2200623,179.2472839,161.1528015,159.993927,277.5934753,138.2631378,148.7371063,327.3360901,0.854349899,0.145650101,0.009634628,0.000315626
2020-12-09,17:34:13,2.996899986,8.001100159,163.2200623,179.2476196,161.1519623,159.9941559,277.5927734,138.2646637,148.7356415,327.3360901,0.854349899,0.145650101,0.009634628,0.000315626
2020-12-09,17:34:14,2.996699905,8.000099945,163.2210846,179.2485199,161.1527252,159.9943695,277.5922241,138.2660065,148.7342987,327.3360901,0.854349899,0.145650101,0.009634628,0.000315626
2020-12-09,17:34:15,2.996500015,7.99960022,163.2210846,179.249054,161.1532593,159.9938812,277.5935364,138.2676239,148.7327576,327.3360901,0.854349899,0.145650101,0.009634628,0.000315626
2020-12-09,17:34:16,2.996299934,7.99940033,163.2210846,179.248764,161.1520233,159.993988,277.5933838,138.267868,148.7325287,327.3360901,0.854349899,0.145650101,0.009634628,0.000315626
2020-12-09,17:34:17,2.996100044,7.999299622,163.2210846,179.250824,161.151886,159.993927,277.5935669,138.2696228,148.7308044,327.3360901,0.854349899,0.145650101,0.009634628,0.000315626
2020-12-09,17:34:18,2.995700073,7.99980011,163.2210846,179.2512207,161.1527252,159.9936371,277.5942688,138.2703857,148.7300415,327.3360901,0.854349899,0.145650101,0.009634628,0.000315626
2020-12-09,17:34:19,2.995499992,8.00019989,163.2210846,179.2515259,161.1528778,159.993988,277.5932007,138.2712402,148.7292786,327.3360901,0.854349899,0.145650101,0.009634628,0.000315626
2020-12-09,17:34:20,2.995299911,8.00059967,163.2210846,179.2525024,161.1522675,159.9941101,277.592926,138.2725983,148.7280121,327.3360901,0.854349899,0.145650101,0.009634628,0.000315626
2020-12-09,17:34:21,2.995000076,8.000900269,163.2210846,179.2527008,161.1517181,159.9942169,277.5926819,138.2736664,148.7268219,327.3360901,0.854349899,0.145650101,0.009634628,0.000315626
2020-12-09,17:34:22,2.994599915,8.001000214,163.2210846,179.2532654,161.1527863,159.9937744,277.5938721,138.2750244,148.7255554,327.3360901,0.85431633,0.145683804,0.009634628,0.000315626
2020-12-09,17:34:23,2.99470005,8.00059967,163.2210846,179.2542572,161.1522217,159.9941559,277.5928345,138.2761383,148.7244873,327.3360901,0.85431633,0.145683804,0.009634628,0.000315626
2020-12-09,17:34:24,2.994300079,8.000299835,163.2210846,179.2534637,161.1523438,159.9940491,277.5931091,138.276886,148.7238159,327.3360901,0.85431633,0.145683804,0.009634628,0.000315626
2020-12-09,17:34:25,2.993799973,7.999900055,163.2210846,179.2552185,161.1525421,159.993988,277.5929565,138.2782288,148.7224426,327.3360901,0.85431633,0.145683804,0.009634628,0.000315626
2020-12-09,17:34:26,2.993600082,7.99960022,163.2210846,179.2560272,161.1517487,159.9943085,277.5924072,138.2799988,148.7207642,327.3360901,0.85431633,0.145683804,0.009634628,0.000315626
2020-12-09,17:34:27,2.993499947,7.999199677,163.2210846,179.2571106,161.1533661,159.993927,277.5934143,138.2807617,148.7200317,327.3360901,0.85431633,0.145683804,0.009634628,0.000315626
2020-12-09,17:34:28,2.993300056,7.998899841,163.2221527,179.2554779,161.15271,159.994278,277.5924988,138.2820129,148.7187347,327.3360901,0.85431633,0.145683804,0.009634628,0.000316552
2020-12-09,17:34:29,2.993499947,7.998699951,163.2221527,179.2578278,161.151886,159.9941559,277.5920715,138.2830353,148.7178345,327.3360901,0.85431633,0.145683804,0.009634628,0.000316552
2020-12-09,17:34:30,2.992900085,7.998500061,163.2221527,179.2581482,161.1531372,159.9946136,277.5916443,138.2831879,148.7176208,327.3360901,0.85431633,0.145683804,0.009634628,0.000316552
2020-12-09,17:34:31,2.992700005,7.998500061,163.2221527,179.2579041,161.1533813,159.9943085,277.5924377,138.2848053,148.7161407,327.3360901,0.85431633,0.145683804,0.009634628,0.000316552
2020-12-09,17:34:32,2.992499924,7.998400116,163.2221527,179.2582855,161.1528778,159.9945526,277.5917358,138.2857361,148.7152252,327.3360901,0.85431633,0.145683804,0.009634628,0.000316552
2020-12-09,17:34:33,2.992300034,7.998500061,163.2221527,179.2588654,161.1531525,159.9943695,277.5923157,138.2859955,148.7149048,327.3360901,0.85431633,0.145683804,0.009634628,0.000316552
2020-12-09,17:34:34,2.992099953,7.998400116,163.2221527,179.2598419,161.1523438,159.9944916,277.5918884,138.2878265,148.7131805,327.3360901,0.85431633,0.145683804,0.009634628,0.000316552
2020-12-09,17:34:35,2.991799927,7.998799896,163.2221527,179.2590485,161.1526947,159.9943695,277.5922852,138.2888336,148.7121429,327.3360901,0.85431633,0.145683804,0.009634628,0.000316552
2020-12-09,17:34:36,2.991799927,7.999199677,163.2221527,179.2598572,161.1522522,159.9947052,277.5912781,138.2896118,148.7114563,327.3360901,0.85431633,0.145683804,0.009634628,0.000316552
2020-12-09,17:34:37,2.991399956,7.99960022,163.2221527,179.2609558,161.153183,159.994873,277.5908508,138.2897797,148.7113037,327.3360901,0.85431633,0.145683804,0.009634628,0.000316552
2020-12-09,17:34:38,2.991300011,7.999900055,163.2221527,179.2618103,161.1525421,159.9941559,277.5927734,138.2906189,148.7104187,327.3360901,0.85431633,0.145683804,0.009634628,0.000316682
2020-12-09,17:34:39,2.990999985,8.000099945,163.2221527,179.2616272,161.1515656,159.9944916,277.5918884,138.291275,148.7098083,327.3360901,0.85431633,0.145683804,0.009634628,0.000316682
2020-12-09,17:34:40,2.990800095,7.99960022,163.2221527,179.2619476,161.1530304,159.9947662,277.591095,138.2932129,148.7079773,327.3360901,0.85431633,0.145683804,0.009634628,0.000316682
2020-12-09,17:34:41,2.990999985,7.999099731,163.2221527,179.2617493,161.1535187,159.9944916,277.5918579,138.2934113,148.7077484,327.3360901,0.85431633,0.145683804,0.009634628,0.000316682
2020-12-09,17:34:42,2.990500069,7.998899841,163.2221527,179.262619,161.1523438,159.9944305,277.5917358,138.2948303,148.7064209,327.3360901,0.85431633,0.145683804,0.009634628,0.000316682
2020-12-09,17:34:43,2.990399933,7.998799896,163.2221527,179.2628479,161.1529388,159.994278,277.5925598,138.2952423,148.7059937,327.3360901,0.85431633,0.145683804,0.009634628,0.000316682
2020-12-09,17:34:44,2.990200043,7.999199677,163.2221527,179.2634125,161.1531677,159.9944916,277.5918884,138.2963409,148.7049408,327.3360901,0.85431633,0.145683804,0.009634628,0.000316682
2020-12-09,17:34:45,2.990399933,7.99940033,163.2221527,179.2637329,161.1529846,159.9947052,277.5913696,138.2964935,148.7046967,327.3360901,0.85431633,0.145683804,0.009634628,0.000316682
2020-12-09,17:34:46,2.989900017,7.999199677,163.223175,179.263855,161.1523438,159.994873,277.5909119,138.2976074,148.7037354,327.3360901,0.85431633,0.145683804,0.009634628,0.000316682
2020-12-09,17:34:47,2.989599991,7.999299622,163.223175,179.2642059,161.1531372,159.9944916,277.5918884,138.2988739,148.7024231,327.3360901,0.85431633,0.145683804,0.009634628,0.000316682
2020-12-09,17:34:48,2.989800072,7.99940033,163.223175,179.2644348,161.1529541,159.9947052,277.5913696,138.2993011,148.7019806,327.3360901,0.854320068,0.145679798,0.009634628,0.000316682
2020-12-09,17:34:49,2.98939991,7.999500275,163.223175,179.2649078,161.1526794,159.9953613,277.589447,138.299881,148.7014313,327.3360901,0.854320068,0.145679798,0.009634628,0.000316682
2020-12-09,17:34:50,2.989299965,7.99960022,163.223175,179.2653046,161.1533051,159.9949799,277.5906067,138.3004608,148.7009583,327.3360901,0.854320068,0.145679798,0.009634628,0.000316682
2020-12-09,17:34:51,2.989100075,7.99980011,163.223175,179.2657623,161.1523285,159.9943695,277.5921631,138.301651,148.6997375,327.3360901,0.854320068,0.145679798,0.009634628,0.000316682
2020-12-09,17:34:52,2.989299965,7.999900055,163.223175,179.2648621,161.1537018,159.9950256,277.5903931,138.3021545,148.6992493,327.3360901,0.854320068,0.145679798,0.009634628,0.000316682
2020-12-09,17:34:53,2.989100075,8.0,163.223175,179.2666473,161.1533661,159.994812,277.5909729,138.3027344,148.6986847,327.2153625,0.854320068,0.145679798,0.009634628,0.000316682
2020-12-09,17:34:54,2.988800049,8.00019989,163.223175,179.2653809,161.1538391,159.9950867,277.5903015,138.303772,148.6977234,327.2153625,0.854320068,0.145679798,0.009634628,0.000316682
2020-12-09,17:34:55,2.988599968,8.000299835,163.223175,179.2651062,161.151947,159.9947662,277.5911255,138.3041077,148.6974335,327.2153625,0.854320068,0.145679798,0.009634628,0.000316682
2020-12-09,17:34:56,2.988400078,8.000499725,163.223175,179.2670898,161.1542664,159.9951935,277.5899353,138.3048706,148.6966705,327.2153625,0.854320068,0.145679798,0.009634628,0.000316682
2020-12-09,17:34:57,2.990299988,8.00059967,163.223175,179.2669067,161.1534576,159.9953613,277.5895691,138.3050385,148.6964569,327.2153625,0.854320068,0.145679798,0.009634628,0.000316682
2020-12-09,17:34:58,2.99109993,8.000700378,163.223175,179.2655945,161.152771,159.994873,277.5907898,138.3052979,148.6962433,327.2153625,0.854320068,0.145679798,0.009634628,0.000316682
2020-12-09,17:34:59,2.992200089,8.000800323,163.223175,179.2659912,161.1534271,159.9950256,277.5904236,138.3064728,148.6950989,327.2153625,0.854320068,0.145679798,0.009634628,0.000316682
2020-12-09,17:35:00,2.992900085,8.000900269,163.2241821,179.2674103,161.1528015,159.994873,277.5908508,138.307373,148.6941833,327.2153625,0.854320068,0.145679798,0.009634628,0.000316682
2020-12-09,17:35:01,2.993799973,8.001000214,163.2241821,179.2677155,161.1535034,159.9954224,277.589386,138.3067017,148.694809,327.2153625,0.854320068,0.145679798,0.009634628,0.000316682
2020-12-09,17:35:02,2.994499969,8.001100159,163.2241821,179.2671509,161.1531219,159.9952545,277.5897522,138.3076477,148.6939697,327.2153625,0.854387665,0.145612402,0.009634628,0.000316682
2020-12-09,17:35:03,2.995299911,8.001200104,163.2241821,179.2679901,161.153656,159.9951477,277.5900269,138.3088226,148.6928711,327.2153625,0.854387665,0.145612402,0.009634628,0.000316682
2020-12-09,17:35:04,2.996100044,8.001300049,163.2241821,179.2671356,161.1523743,159.9949799,277.5906067,138.3093109,148.6922607,327.2153625,0.854387665,0.145612402,0.009634628,0.000316682
2020-12-09,17:35:05,2.996699905,8.001399994,163.2241821,179.2669067,161.1530457,159.9952545,277.5897827,138.309906,148.6917572,327.2153625,0.854387665,0.145612402,0.009634628,0.000316682
2020-12-09,17:35:06,2.997299957,8.001499939,163.2241821,179.2679138,161.1535339,159.9949799,277.5906067,138.3106537,148.69104,327.2153625,0.854387665,0.145612402,0.009634628,0.000316682
2020-12-09,17:35:07,2.997800064,8.001599884,163.2241821,179.2682648,161.1523438,159.9954834,277.5891418,138.3108368,148.6909027,327.2153625,0.854387665,0.145612402,0.009634628,0.000316682
2020-12-09,17:35:08,2.998399925,8.001699829,163.2241821,179.267395,161.1528778,159.9954224,277.5894165,138.3110046,148.6907043,327.2153625,0.854387665,0.145612402,0.009634628,0.000316552
2020-12-09,17:35:09,2.998699951,8.001799774,163.2241821,179.2680664,161.1536713,159.9953613,277.5892029,138.3118439,148.6898651,327.2153625,0.854387665,0.145612402,0.009634628,0.000316552
2020-12-09,17:35:10,2.99810009,8.001899719,163.2241821,179.2686462,161.153183,159.995697,277.588623,138.3127136,148.6891327,327.2153625,0.854387665,0.145612402,0.009634628,0.000316552
2020-12-09,17:35:11,2.99829998,8.001999664,163.2241821,179.2688904,161.1541138,159.9953308,277.5895996,138.3131866,148.6886139,327.2153625,0.854387665,0.145612402,0.009634628,0.000316552
2020-12-09,17:35:12,2.998500061,8.001999664,163.223175,179.2686462,161.1529083,159.9950867,277.590271,138.3133698,148.6884003,327.2153625,0.854387665,0.145612402,0.009634628,0.000316552
2020-12-09,17:35:13,2.998800087,8.002100372,163.2242126,179.2678375,161.1535492,159.9954834,277.5891724,138.3143616,148.687439,327.2153625,0.854387665,0.145612402,0.009634628,0.000316552
2020-12-09,17:35:14,2.998900032,8.002200317,163.2252197,179.2690277,161.1530304,159.9956512,277.5886841,138.3145294,148.6872406,327.2153625,0.854387665,0.145612402,0.009634628,0.000316552
2020-12-09,17:35:15,2.998600006,8.002200317,163.2252197,179.2702179,161.15271,159.9955292,277.5889893,138.3151398,148.686676,327.2153625,0.854387665,0.145612402,0.009634628,0.000316552
2020-12-09,17:35:16,2.998399925,8.002300262,163.2242126,179.2688141,161.1536407,159.9955902,277.5892639,138.3156433,148.6861725,327.2153625,0.854387665,0.145612402,0.009634628,0.000316552
2020-12-09,17:35:17,2.998500061,8.002400208,163.2242126,179.2685852,161.1527405,159.9951935,277.5898743,138.3164825,148.6854248,327.2153625,0.854387665,0.145612402,0.009634628,0.000316552
2020-12-09,17:35:18,2.99829998,8.002400208,163.2242126,179.2692261,161.1542358,159.995697,277.588562,138.3175964,148.6843719,327.2153625,0.854387665,0.145612402,0.009634628,0.000316552
2020-12-09,17:35:19,2.998500061,8.002500153,163.2253265,179.2694397,161.152832,159.9962006,277.5872192,138.3174286,148.684494,327.2153625,0.854387665,0.145612402,0.009634628,0.000316552
2020-12-09,17:35:20,2.998600006,8.002600098,163.2253265,179.2697601,161.1535034,159.9956512,277.5886841,138.3183441,148.6835327,327.2153625,0.854387665,0.145612402,0.009634628,0.000316552
2020-12-09,17:35:21,2.998399925,8.002500153,163.2253265,179.2699127,161.1529541,159.9958038,277.5881958,138.3189392,148.6829681,327.2153625,0.854387665,0.145612402,0.009634628,0.000316552
2020-12-09,17:35:22,2.998500061,8.002700043,163.2253265,179.2705536,161.1534271,159.9954834,277.5890808,138.3194275,148.6825256,327.2153625,0.854387665,0.145612402,0.009634628,0.000316552
2020-12-09,17:35:23,2.998399925,8.002700043,163.2253265,179.2696228,161.154129,159.9958038,277.5883179,138.3207703,148.6812134,327.2153625,0.854387665,0.145612402,0.009634628,0.000316552
2020-12-09,17:35:24,2.998600006,8.002799988,163.2253265,179.2707672,161.1530762,159.9960327,277.5876465,138.3209534,148.6810608,327.2153625,0.854387665,0.145612402,0.009634628,0.000316552
2020-12-09,17:35:25,2.99829998,8.002799988,163.2253265,179.27034,161.1524811,159.9958038,277.5883484,138.3215485,148.680542,327.2153625,0.854387665,0.145612402,0.009634628,0.000316552
2020-12-09,17:35:26,2.998399925,8.002899933,163.2253265,179.2711487,161.1536255,159.9955292,277.5889893,138.3218842,148.6801453,327.2153625,0.854387665,0.145612402,0.009634628,0.000316552
2020-12-09,17:35:27,2.998200035,8.002899933,163.2253265,179.2702484,161.1525726,159.9958649,277.5880432,138.3231506,148.6789398,327.2153625,0.854387665,0.145612402,0.009634628,0.000316552
2020-12-09,17:35:28,2.99829998,8.002999878,163.2253265,179.2708435,161.1529541,159.995697,277.5885925,138.3235779,148.6785126,327.2153625,0.854387665,0.145612402,0.009634628,0.000316552
2020-12-09,17:35:29,2.99810009,8.002899933,163.2263794,179.2713623,161.1531219,159.996521,277.5861511,138.323822,148.6782837,327.2153625,0.854387665,0.145612402,0.009634628,0.000316552
2020-12-09,17:35:30,2.997999954,8.002999878,163.2253723,179.2702026,161.1528778,159.9960938,277.5875549,138.3244019,148.6777039,327.2153625,0.854387665,0.145612402,0.009634628,0.000316552
2020-12-09,17:35:31,2.99810009,8.003099823,163.2253723,179.2698364,161.153244,159.9964142,277.5865479,138.3252411,148.6769104,327.2153625,0.854387665,0.145612402,0.009634628,0.000316552
2020-12-09,17:35:32,2.997999954,8.003099823,163.2253723,179.2701111,161.15271,159.9962463,277.5869446,138.3258362,148.6763458,327.2153625,0.854387665,0.145612402,0.009634628,0.000316552
2020-12-09,17:35:33,2.99810009,8.003199768,163.2263947,179.2710266,161.1533051,159.9959717,277.5877991,138.3272095,148.674942,327.2153625,0.854387665,0.145612402,0.009634628,0.000316552
2020-12-09,17:35:34,2.997900009,8.003099823,163.2263947,179.2706299,161.1527405,159.9960938,277.5875854,138.327713,148.6745605,327.2153625,0.854387665,0.145612402,0.009634628,0.00031661
2020-12-09,17:35:35,2.99810009,8.003199768,163.2263947,179.2698059,161.1531677,159.996521,277.5862732,138.3272705,148.674881,327.2153625,0.854387665,0.145612402,0.009634628,0.00031661
2020-12-09,17:35:36,2.997900009,8.003199768,163.2263947,179.2707977,161.1536865,159.9963684,277.5867004,138.3288879,148.6733551,327.2153625,0.854387665,0.145612402,0.009634628,0.00031661
2020-12-09,17:35:37,2.99810009,8.003299713,163.2263947,179.271347,161.152298,159.9963074,277.5868835,138.3290405,148.6732178,327.2153625,0.854387665,0.145612402,0.009634628,0.00031661
2020-12-09,17:35:38,2.997999954,8.003199768,163.2263947,179.2703857,161.1533966,159.9963684,277.5866699,138.3304901,148.6718445,327.2153625,0.854387665,0.145612402,0.009634628,0.00031661
2020-12-09,17:35:39,2.997699928,8.003299713,163.2263947,179.2708435,161.1536255,159.996521,277.5863953,138.3302307,148.6720886,327.2153625,0.854387665,0.145612402,0.009634628,0.00031661
2020-12-09,17:35:40,2.997999954,8.003399658,163.2263947,179.2706146,161.153183,159.996521,277.5861511,138.3309021,148.671402,327.2153625,0.854387665,0.145612402,0.009634628,0.00031661
2020-12-09,17:35:41,2.997800064,8.003299713,163.2263947,179.270874,161.1523132,159.9967651,277.5856018,138.3315887,148.6708069,327.2153625,0.854387665,0.145612402,0.009634628,0.00031661
2020-12-09,17:35:42,2.997999954,8.003399658,163.2263947,179.2705536,161.1533051,159.9963684,277.5866699,138.3321686,148.6701202,327.2153625,0.854387665,0.145612402,0.009634628,0.00031661
2020-12-09,17:35:43,2.997699928,8.003399658,163.2263947,179.2705841,161.1540833,159.996933,277.5852966,138.3318329,148.670517,327.0760498,0.854387665,0.145612402,0.009634628,0.00031661
2020-12-09,17:35:44,2.997800064,8.003399658,163.2263947,179.2704163,161.1522522,159.996521,277.5862427,138.3333588,148.6690979,327.0760498,0.854387665,0.145612402,0.009634628,0.00031661
2020-12-09,17:35:45,2.997500038,8.003500366,163.2263947,179.2700958,161.1526794,159.9961395,277.5874023,138.3344116,148.6679993,327.0760498,0.854387665,0.145612402,0.009634628,0.00031661
2020-12-09,17:35:46,2.997400093,8.003500366,163.2263947,179.2705688,161.1532135,159.9967651,277.5856323,138.3348541,148.6676178,327.0760498,0.854387665,0.145612402,0.009634628,0.00031661
2020-12-09,17:35:47,2.997599983,8.003500366,163.2263947,179.2711182,161.152832,159.9969788,277.585022,138.3349457,148.6674805,327.0760498,0.854387665,0.145612402,0.009634628,0.00031661
2020-12-09,17:35:48,2.997800064,8.003500366,163.2263947,179.2701111,161.1521759,159.9971466,277.5845642,138.3361206,148.6663971,327.1827698,0.854387665,0.145612402,0.009634628,0.00031661
2020-12-09,17:35:49,2.997500038,8.003600311,163.2263947,179.27034,161.1532288,159.9969788,277.585022,138.335968,148.6665344,327.1827698,0.854387665,0.145612402,0.009634628,0.00031661
2020-12-09,17:35:50,2.997599983,8.003600311,163.2263947,179.2695465,161.1529541,159.9968719,277.5853577,138.3361969,148.6662292,327.1827698,0.854387665,0.145612402,0.009634628,0.00031661
2020-12-09,17:35:51,2.997500038,8.003500366,163.2263947,179.2698669,161.1531219,159.9966431,277.5858459,138.3371429,148.6653748,327.1827698,0.854387665,0.145612402,0.009634628,0.00031661
2020-12-09,17:35:52,2.997800064,8.003600311,163.2263947,179.2702637,161.1526031,159.996933,277.585144,138.3377228,148.6647797,327.1827698,0.854387665,0.145612402,0.009634628,0.00031661
2020-12-09,17:35:53,2.997699928,8.003600311,163.2263947,179.2691345,161.1529999,159.9976501,277.5832825,138.3383942,148.6641388,327.1827698,0.854387665,0.145612402,0.009634628,0.00031661
2020-12-09,17:35:54,2.997800064,8.003600311,163.2263947,179.2689514,161.1538544,159.996933,277.5852051,138.3388977,148.6635895,327.1827698,0.854387665,0.145612402,0.009634628,0.00031661
2020-12-09,17:35:55,2.997500038,8.003600311,163.2263947,179.2704163,161.1525879,159.9971008,277.5847168,138.3394165,148.6632233,327.1827698,0.854387665,0.145612402,0.009634628,0.00031661
2020-12-09,17:35:56,2.997599983,8.003600311,163.2263947,179.2691803,161.1522217,159.9971466,277.5845642,138.3398438,148.6627502,327.1827698,0.854387665,0.145612402,0.009634628,0.00031661
2020-12-09,17:35:57,2.997500038,8.003600311,163.2274017,179.27034,161.1531219,159.9974213,277.5837708,138.3408661,148.6617432,327.1827698,0.854387665,0.145612402,0.009634628,0.00031661
2020-12-09,17:35:58,2.997599983,8.003600311,163.2274017,179.2689514,161.152832,159.9976044,277.5843201,138.3412628,148.661377,327.1827698,0.854387665,0.145612402,0.009634628,0.000316552
2020-12-09,17:35:59,2.997400093,8.003600311,163.2274017,179.2701874,161.1524048,159.996933,277.5852661,138.3421936,148.6604614,327.1827698,0.854387665,0.145612402,0.009634628,0.000316552
2020-12-09,17:36:00,2.997200012,8.003600311,163.2274017,179.2705841,161.1528015,159.9973602,277.5840149,138.342041,148.6605988,327.1827698,0.854387665,0.145612402,0.009634628,0.000316552
2020-12-09,17:36:01,2.997400093,8.003700256,163.2274017,179.270401,161.1525116,159.9976044,277.5834351,138.3426971,148.6599884,327.1827698,0.854387665,0.145612402,0.009634628,0.000316552
2020-12-09,17:36:02,2.997299957,8.003600311,163.2274017,179.2681122,161.1519165,159.9972534,277.5843201,138.3432159,148.6595001,327.1827698,0.854387665,0.145612402,0.009634628,0.000316552
2020-12-09,17:36:03,2.997500038,8.003700256,163.2284851,179.2688446,161.1521454,159.9974976,277.5836792,138.343277,148.6594238,327.1827698,0.854387665,0.145612402,0.009634628,0.000316552
2020-12-09,17:36:04,2.997299957,8.003600311,163.2284851,179.2683868,161.1519012,159.996933,277.5852356,138.344223,148.6585541,327.1827698,0.854387665,0.145612402,0.009634628,0.000316552
2020-12-09,17:36:05,2.997400093,8.003700256,163.2284851,179.2688599,161.1519928,159.9971466,277.5846558,138.344574,148.6581421,327.1827698,0.854387665,0.145612402,0.009634628,0.000316552
2020-12-09,17:36:06,2.997299957,8.003600311,163.2284851,179.2693024,161.1522522,159.9974976,277.5836487,138.3448029,148.658371,327.1827698,0.854387665,0.145612402,0.009634628,0.000316552
2020-12-09,17:36:07,2.997100067,8.003700256,163.2274475,179.2687988,161.1526031,159.9972992,277.584198,138.3460846,148.656723,327.1827698,0.854387665,0.145612402,0.009634628,0.000316552
2020-12-09,17:36:08,2.997200012,8.003700256,163.2284546,179.2677765,161.151886,159.9976044,277.5831604,138.3462372,148.6565094,327.1827698,0.854387665,0.145612402,0.009634628,0.000316552
2020-12-09,17:36:09,2.997299957,8.003700256,163.2284546,179.267868,161.1525116,159.9979858,277.5823059,138.3470917,148.6557617,327.1827698,0.854387665,0.145612402,0.009634628,0.000316552
2020-12-09,17:36:10,2.997400093,8.003700256,163.2284546,179.2684021,161.1529083,159.9971466,277.5846252,138.3468475,148.6559448,327.1827698,0.854387665,0.145612402,0.009634628,0.000316552
2020-12-09,17:36:11,2.997299957,8.003600311,163.227356,179.2689667,161.1515045,159.9972992,277.5841675,138.3474274,148.6553955,327.1827698,0.854387665,0.145612402,0.009634628,0.000315683
2020-12-09,17:36:12,2.997200012,8.003700256,163.227356,179.2686005,161.1527252,159.9975433,277.5835266,138.3482819,148.6546021,327.1827698,0.854387665,0.145612402,0.009634628,0.000315683
2020-12-09,17:36:13,2.997100067,8.003600311,163.227356,179.2676392,161.1521149,159.9980927,277.5820007,138.3484955,148.6543427,327.1827698,0.854387665,0.145612402,0.009634628,0.000315683
2020-12-09,17:36:14,2.997299957,8.003700256,163.228363,179.2675476,161.1526184,159.9972992,277.5841675,138.3491211,148.6537628,327.1827698,0.854387665,0.145612402,0.009634628,0.000315683
2020-12-09,17:36:15,2.997200012,8.003600311,163.228363,179.2680969,161.1522675,159.9981995,277.5817261,138.3497009,148.6531525,327.1827698,0.854387665,0.145612402,0.009634628,0.000315683
2020-12-09,17:36:16,2.997299957,8.003700256,163.228363,179.2672119,161.1529541,159.9977722,277.5828857,138.3497925,148.6532898,327.1827698,0.854387665,0.145612402,0.009634628,0.000315683
2020-12-09,17:36:17,2.997100067,8.003600311,163.228363,179.2666779,161.1533661,159.9975433,277.5834961,138.3507996,148.6520996,327.1827698,0.854387665,0.145612402,0.009634628,0.000315683
2020-12-09,17:36:18,2.997200012,8.003700256,163.228363,179.2670288,161.1526794,159.9979858,277.5823364,138.3510437,148.651947,327.1827698,0.854393616,0.145606403,0.009634628,0.000315683
2020-12-09,17:36:19,2.997299957,8.003600311,163.228363,179.2667999,161.1533508,159.9982605,277.581543,138.3513031,148.6516571,327.1827698,0.854393616,0.145606403,0.009634628,0.000315683
2020-12-09,17:36:20,2.996999931,8.003700256,163.228363,179.2664032,161.1523743,159.9984131,277.5809937,138.3521423,148.6508636,327.1827698,0.854329071,0.1456709,0.009634628,0.000315683
2020-12-09,17:36:21,2.997100067,8.003600311,163.228363,179.2659607,161.1527252,159.9980316,277.5820923,138.3522186,148.6506958,327.1827698,0.854329071,0.1456709,0.009634628,0.000315683
2020-12-09,17:36:22,2.996999931,8.003600311,163.228363,179.2655029,161.1525116,159.9981995,277.5816345,138.3527222,148.6503143,327.1827698,0.854329071,0.1456709,0.009634628,0.000315683
2020-12-09,17:36:23,2.996899986,8.003700256,163.228363,179.266983,161.1523438,159.9979858,277.5823975,138.3529205,148.6500397,327.1827698,0.854329071,0.1456709,0.009634628,0.000315683
2020-12-09,17:36:24,2.997100067,8.003600311,163.2294159,179.2660522,161.1528931,159.9981995,277.5816956,138.3535767,148.6494598,327.1827698,0.854350891,0.145649099,0.009634628,0.000315683
2020-12-09,17:36:25,2.996800041,8.003600311,163.2294159,179.2670746,161.1534424,159.9982605,277.581543,138.3533478,148.649704,327.1827698,0.854350891,0.145649099,0.009634628,0.000315683
2020-12-09,17:36:26,2.996899986,8.003600311,163.228363,179.2666016,161.1516724,159.9980927,277.5819092,138.3541718,148.64888,327.1827698,0.854350891,0.145649099,0.009634628,0.000315683
2020-12-09,17:36:27,2.996699905,8.003600311,163.2294312,179.2659454,161.1531677,159.9979858,277.5823364,138.3545227,148.6485901,327.1827698,0.854350891,0.145649099,0.009634628,0.000315683
2020-12-09,17:36:28,2.996899986,8.003600311,163.2294312,179.2649841,161.152298,159.9987183,277.5803528,138.3546906,148.6483612,327.1827698,0.854350891,0.145649099,0.009634628,0.000315683
2020-12-09,17:36:29,2.996800041,8.003600311,163.2284241,179.2657928,161.1532288,159.9985962,277.5805969,138.3559418,148.647171,327.1827698,0.854350891,0.145649099,0.009634628,0.000315683
2020-12-09,17:36:30,2.996899986,8.003600311,163.2294312,179.2661896,161.1522827,159.9987183,277.5803223,138.3561096,148.6470184,327.1827698,0.854350891,0.145649099,0.009634628,0.000315683
2020-12-09,17:36:31,2.996699905,8.003600311,163.2294312,179.2642365,161.1529083,159.9981537,277.5818787,138.3557129,148.6473999,327.1827698,0.854350891,0.145649099,0.009634628,0.000315683
2020-12-09,17:36:32,2.99659996,8.003500366,163.2294312,179.2650452,161.1512756,159.9977112,277.5830078,138.356781,148.646286,327.1827698,0.854350891,0.145649099,0.009634628,0.000315683
2020-12-09,17:36:33,2.996800041,8.003600311,163.2294312,179.2651978,161.152771,159.9984131,277.5809937,138.3568878,148.6464539,327.1827698,0.854350891,0.145649099,0.009634628,0.000315683
2020-12-09,17:36:34,2.996500015,8.003500366,163.2294312,179.2654877,161.1525116,159.9983215,277.5813904,138.3573608,148.6457825,327.1827698,0.854350891,0.145649099,0.009634628,0.000315683
2020-12-09,17:36:35,2.99659996,8.003600311,163.2294312,179.2641907,161.1531219,159.9980927,277.5819092,138.3576202,148.6455383,327.1827698,0.854350891,0.145649099,0.009634628,0.000315683
2020-12-09,17:36:36,2.996699905,8.003500366,163.2294312,179.2648621,161.1518707,159.9982605,277.5815735,138.3573608,148.645752,327.1827698,0.854350891,0.145649099,0.009634628,0.000315683
2020-12-09,17:36:37,2.99640007,8.003500366,163.2294312,179.2646637,161.1513062,159.9986572,277.5805664,138.3583984,148.6447296,327.1827698,0.854350891,0.145649099,0.009634628,0.00031564
2020-12-09,17:36:38,2.996299934,8.003500366,163.2294312,179.2644043,161.1520081,159.9982605,277.5815125,138.3583984,148.6448059,327.1827698,0.854350891,0.145649099,0.009634628,0.00031564
2020-12-09,17:36:39,2.99659996,8.003500366,163.2294312,179.2641754,161.1525879,159.9984131,277.5809937,138.3589783,148.6442108,327.1827698,0.854350891,0.145649099,0.009634628,0.00031564
2020-12-09,17:36:40,2.99640007,8.003500366,163.2294312,179.2647705,161.1522217,159.9988708,277.5798645,138.3600769,148.6432495,327.1827698,0.854350891,0.145649099,0.009634628,0.00031564
2020-12-09,17:36:41,2.996800041,8.003500366,163.2294312,179.2635651,161.152832,159.9984131,277.5811768,138.3596497,148.6435852,327.1827698,0.854350891,0.145649099,0.009634628,0.00031564
2020-12-09,17:36:42,2.99640007,8.003500366,163.2294312,179.2633667,161.1521301,159.9984741,277.5808716,138.3604126,148.6429138,327.1827698,0.854350891,0.145649099,0.009634628,0.00031564
2020-12-09,17:36:43,2.996500015,8.003399658,163.2294312,179.263916,161.153595,159.9987488,277.5802307,138.3602295,148.6426849,327.0194092,0.854350891,0.145649099,0.009634628,0.00031564
2020-12-09,17:36:44,2.99640007,8.003500366,163.2294312,179.264328,161.1519165,159.9988098,277.5800171,138.3613281,148.641983,327.0194092,0.854350891,0.145649099,0.009634628,0.00031564
2020-12-09,17:36:45,2.996699905,8.003399658,163.2304535,179.2630768,161.1517487,159.9985962,277.5806885,138.3609924,148.642334,327.0194092,0.854350891,0.145649099,0.009634628,0.00031564
2020-12-09,17:36:46,2.996199989,8.003399658,163.2294464,179.2638702,161.1513977,159.9990692,277.5792542,138.3621674,148.6411743,327.0194092,0.854350891,0.145649099,0.009634628,0.00031564
2020-12-09,17:36:47,2.99659996,8.003399658,163.2294464,179.2635498,161.1528168,159.9992523,277.5787659,138.3622589,148.6411133,327.0194092,0.854350891,0.145649099,0.009634628,0.00031564
2020-12-09,17:36:48,2.996100044,8.003399658,163.2294464,179.2640381,161.1522827,159.9985504,277.5808105,138.3619232,148.6414185,327.0194092,0.854350891,0.145649099,0.009634628,0.00031564
2020-12-09,17:36:49,2.99640007,8.003399658,163.2294464,179.2630157,161.1520081,159.9988708,277.5798035,138.3631897,148.640213,327.0194092,0.854350891,0.145649099,0.009634628,0.00031564
2020-12-09,17:36:50,2.996199989,8.003299713,163.2304535,179.2639008,161.1524963,159.9983215,277.5813599,138.3626862,148.6407318,327.0194092,0.854350891,0.145649099,0.009634628,0.000316624
2020-12-09,17:36:51,2.996100044,8.003399658,163.2304535,179.2631836,161.151535,159.9987183,277.5803528,138.3633575,148.6399994,327.0194092,0.854350891,0.145649099,0.009634628,0.000316624
2020-12-09,17:36:52,2.996299934,8.003299713,163.2294312,179.2633514,161.1520996,159.9990387,277.5794983,138.3639374,148.6394806,327.0194092,0.854350891,0.145649099,0.009634628,0.00031661
2020-12-09,17:36:53,2.996100044,8.003399658,163.2304535,179.2635193,161.1523743,159.9989777,277.5792847,138.3641052,148.639267,327.0194092,0.854350891,0.145649099,0.009634628,0.00031661
2020-12-09,17:36:54,2.996199989,8.003299713,163.2304535,179.2637329,161.1533356,159.9992523,277.5787659,138.3638611,148.6395721,327.0194092,0.854350891,0.145649099,0.009634628,0.00031661
2020-12-09,17:36:55,2.995899963,8.003299713,163.2315063,179.2634583,161.1520081,159.9991302,277.5791321,138.3651123,148.6382751,327.0194092,0.854350891,0.145649099,0.009634628,0.00031661
2020-12-09,17:36:56,2.996199989,8.003299713,163.2315063,179.2624817,161.15242,159.9989166,277.5797119,138.3652039,148.6384277,327.0194092,0.854350891,0.145649099,0.009634628,0.00031661
2020-12-09,17:36:57,2.996100044,8.003199768,163.2315063,179.2628174,161.1533966,159.9988708,277.579895,138.3656158,148.6378479,327.0194092,0.854350891,0.145649099,0.009634628,0.00031661
2020-12-09,17:36:58,2.995999908,8.003299713,163.2304535,179.2620697,161.1520996,159.9989777,277.5796509,138.3655396,148.6379547,327.0194092,0.854350891,0.145649099,0.009634628,0.00031661
2020-12-09,17:36:59,2.996100044,8.003199768,163.2304535,179.2627258,161.1516724,159.9989166,277.5795288,138.3656158,148.6378632,327.0194092,0.854350891,0.145649099,0.009634628,0.00031661
2020-12-09,17:37:00,2.995999908,8.003299713,163.2315216,179.2625732,161.1523743,159.9993744,277.5785828,138.3662109,148.6372375,327.0194092,0.854294434,0.145705605,0.009634628,0.00031661
2020-12-09,17:37:01,2.996199989,8.003199768,163.2304993,179.2621765,161.1526489,159.9991302,277.5791931,138.3664551,148.6370239,327.0194092,0.854294434,0.145705605,0.009634628,0.00031661
2020-12-09,17:37:02,2.995999908,8.003199768,163.2315521,179.2618866,161.1522675,159.9988708,277.5798035,138.367157,148.6363983,327.0194092,0.854294434,0.145705605,0.009634628,0.00031661
2020-12-09,17:37:03,2.995800018,8.003199768,163.2315521,179.2627106,161.1525726,159.9993134,277.5786438,138.3673248,148.636261,327.0194092,0.854294434,0.145705605,0.009634628,0.00031661
2020-12-09,17:37:04,2.995999908,8.003099823,163.2315521,179.2630768,161.1521912,159.9991302,277.5789795,138.3670044,148.6365204,327.0194092,0.854294434,0.145705605,0.009634628,0.00031661
2020-12-09,17:37:05,2.996100044,8.003199768,163.2315521,179.2632751,161.1519928,159.9994659,277.5782166,138.3681641,148.635376,327.0194092,0.854294434,0.145705605,0.009634628,0.00031661
2020-12-09,17:37:06,2.995800018,8.003099823,163.2315521,179.2622223,161.1522064,159.9988708,277.579895,138.3680115,148.6355286,327.0194092,0.854294434,0.145705605,0.009634628,0.00031661
2020-12-09,17:37:07,2.995700073,8.003099823,163.2315521,179.2630615,161.1513824,159.9994659,277.5781555,138.3684235,148.6351929,327.0194092,0.854294434,0.145705605,0.009634628,0.00031661
2020-12-09,17:37:08,2.995899963,8.003099823,163.2315521,179.2625122,161.15242,159.9993134,277.5786133,138.3686066,148.634964,327.0194092,0.854294434,0.145705605,0.009634628,0.00031661
2020-12-09,17:37:09,2.995999908,8.003099823,163.2315521,179.2627563,161.1521301,159.9996338,277.5776978,138.3682404,148.6353607,327.0194092,0.854294434,0.145705605,0.009634628,0.00031661
2020-12-09,17:37:10,2.995800018,8.003099823,163.2315521,179.2625885,161.1529541,159.9991913,277.5789185,138.3690186,148.6346436,327.0194092,0.854294434,0.145705605,0.009634628,0.00031661
2020-12-09,17:37:11,2.995999908,8.003099823,163.2315521,179.2623444,161.1531982,159.9996338,277.5777283,138.369339,148.6342926,327.0194092,0.854294434,0.145705605,0.009634628,0.00031661
2020-12-09,17:37:12,2.995899963,8.002999878,163.2315521,179.2634735,161.1521301,159.9996948,277.5775452,138.3690796,148.6344604,327.0194092,0.854294434,0.145705605,0.009634628,0.00031661
2020-12-09,17:37:13,2.995800018,8.003099823,163.2326202,179.2632141,161.1522675,159.9994659,277.5783081,138.3697815,148.6338501,327.0194092,0.854294434,0.145705605,0.009634628,0.00031661
2020-12-09,17:37:14,2.995700073,8.002999878,163.2326202,179.2635498,161.1524353,159.9993134,277.5786133,138.3703461,148.633255,327.0194092,0.854294434,0.145705605,0.009634628,0.00031661
2020-12-09,17:37:15,2.995899963,8.002999878,163.2315826,179.2624054,161.1522217,159.9990387,277.5794983,138.3701019,148.6335144,327.0194092,0.854294434,0.145705605,0.009634628,0.00031661
2020-12-09,17:37:16,2.995599937,8.002899933,163.2315826,179.263916,161.15271,159.9994659,277.578064,138.3704224,148.633194,327.0194092,0.854294434,0.145705605,0.009634628,0.00031661
2020-12-09,17:37:17,2.995700073,8.002999878,163.232605,179.2632904,161.1524048,159.999527,277.5782776,138.3709412,148.6326904,327.0194092,0.854294434,0.145705605,0.009634628,0.00031661
2020-12-09,17:37:18,2.995599937,8.002899933,163.232605,179.2642517,161.1517944,159.9993134,277.5786133,138.3712006,148.6324768,327.0194092,0.854294434,0.145705605,0.009634628,0.00031661
2020-12-09,17:37:19,2.995700073,8.002999878,163.232605,179.2638245,161.1528015,159.9997559,277.5774536,138.3708649,148.6327667,327.0194092,0.854294434,0.145705605,0.009634628,0.00031661
2020-12-09,17:37:20,2.995400047,8.002899933,163.232605,179.2639771,161.1520844,159.9989166,277.5796814,138.3720398,148.6316223,327.0194092,0.854294434,0.145705605,0.009634628,0.00031661
2020-12-09,17:37:21,2.995499992,8.002899933,163.232605,179.2634735,161.1526794,159.9994354,277.5784302,138.3716278,148.6320343,327.0194092,0.854294434,0.145705605,0.009634628,0.00031661
2020-12-09,17:37:22,2.995599937,8.002799988,163.232605,179.2644958,161.1516724,159.9998627,277.5770874,138.3712006,148.6324463,327.0194092,0.854294434,0.145705605,0.009634628,0.00031661
2020-12-09,17:37:23,2.995400047,8.002899933,163.232605,179.2633972,161.1520844,159.9996948,277.5776062,138.3725586,148.6311188,327.0194092,0.854294434,0.145705605,0.009634628,0.00031661
2020-12-09,17:37:24,2.995400047,8.002799988,163.232605,179.2639771,161.151825,159.9992523,277.5787659,138.3727112,148.6309967,327.0194092,0.854294434,0.145705605,0.009634628,0.00031661
2020-12-09,17:37:25,2.995199966,8.002799988,163.232605,179.2646027,161.1528015,159.9994354,277.5783997,138.3725586,148.6311646,327.0194092,0.854294434,0.145705605,0.009634628,0.00031661
2020-12-09,17:37:26,2.995400047,8.002799988,163.232605,179.2636414,161.1521301,159.9990692,277.5792542,138.3722992,148.6313171,327.0194092,0.854294434,0.145705605,0.009634628,0.00031661
2020-12-09,17:37:27,2.995299911,8.002799988,163.232605,179.26474,161.1508026,159.9994659,277.578064,138.37323,148.6304779,327.0194092,0.854294434,0.145705605,0.009634628,0.00031661
2020-12-09,17:37:28,2.995400047,8.002700043,163.232605,179.2649689,161.1523132,159.9997559,277.5775146,138.3729706,148.6306915,327.0194092,0.854294434,0.145705605,0.009634628,0.00031661
2020-12-09,17:37:29,2.995299911,8.002799988,163.232605,179.2653046,161.15271,159.9994659,277.5780945,138.3741455,148.6296082,327.0194092,0.854294434,0.145705605,0.009634628,0.00031661
2020-12-09,17:37:30,2.995400047,8.002700043,163.232605,179.2651978,161.1525269,159.9996948,277.5774841,138.3743134,148.6294403,327.0194092,0.854294434,0.145705605,0.009634628,0.00031661
2020-12-09,17:37:31,2.995199966,8.002700043,163.232605,179.265274,161.151947,160.0000153,277.5767212,138.3739929,148.6297455,327.0194092,0.854294434,0.145705605,0.009634628,0.00031661
2020-12-09,17:37:32,2.995400047,8.002700043,163.232605,179.2650909,161.1521759,159.999588,277.5778809,138.3746643,148.6290741,327.0194092,0.854294434,0.145705605,0.009634628,0.00031661
2020-12-09,17:37:33,2.995199966,8.002700043,163.232605,179.2654877,161.1520844,159.9999542,277.5767517,138.3739929,148.6297302,327.0194092,0.854294434,0.145705605,0.009634628,0.00031661
2020-12-09,17:37:34,2.995400047,8.002600098,163.232605,179.2661438,161.1518555,159.999527,277.5779114,138.3745728,148.6292267,327.0194092,0.854294434,0.145705605,0.009634628,0.00031661
2020-12-09,17:37:35,2.995100021,8.002700043,163.232605,179.2671967,161.1521149,159.9998627,277.5772095,138.375061,148.6286621,327.0194092,0.854294434,0.145705605,0.009634628,0.00031661
2020-12-09,17:37:36,2.995000076,8.002600098,163.232605,179.2656097,161.1531677,159.9994659,277.578125,138.375,148.6287842,327.0194092,0.854294434,0.145705605,0.009634628,0.00031661
2020-12-09,17:37:37,2.995199966,8.002600098,163.2336273,179.2670593,161.151825,159.9998627,277.5770874,138.3754883,148.6283417,327.0194092,0.854294434,0.145705605,0.009634628,0.00031661
2020-12-09,17:37:38,2.99489994,8.002600098,163.2336273,179.2671661,161.1525421,160.0001526,277.5764465,138.3752441,148.6284943,327.0194092,0.854294434,0.145705605,0.009634628,0.00031661
2020-12-09,17:37:39,2.995199966,8.002600098,163.2336273,179.2659912,161.1517639,160.0002594,277.5761719,138.3757477,148.6280212,327.0194092,0.854294434,0.145705605,0.009634628,0.00031661
2020-12-09,17:37:40,2.995100021,8.002500153,163.2336273,179.2667542,161.1520538,160.0000153,277.5766907,138.3760223,148.6278381,327.0194092,0.854294434,0.145705605,0.009634628,0.00031661
2020-12-09,17:37:41,2.995000076,8.002600098,163.2336273,179.2671356,161.1514435,160.0002136,277.5762329,138.37677,148.6270294,327.0194092,0.854294434,0.145705605,0.009634628,0.00031661
2020-12-09,17:37:42,2.995100021,8.002500153,163.2336273,179.2673798,161.1511688,160.0003204,277.5758362,138.3768463,148.6271362,327.0194092,0.854290466,0.145709496,0.009634628,0.00031661
2020-12-09,17:37:43,2.995000076,8.002500153,163.2336273,179.2683563,161.151886,160.0000153,277.5766296,138.37677,148.6269836,327.0194092,0.854290466,0.145709496,0.009634628,0.00031661
2020-12-09,17:37:44,2.995199966,8.002400208,163.2336273,179.2693787,161.1525879,159.9998016,277.5772705,138.3769379,148.6272583,327.0194092,0.854290466,0.145709496,0.009634628,0.00031661
2020-12-09,17:37:45,2.995000076,8.002500153,163.2336273,179.2685547,161.1524963,159.9999084,277.5769348,138.3774567,148.626358,327.0194092,0.854290466,0.145709496,0.009634628,0.00031661
2020-12-09,17:37:46,2.995199966,8.002400208,163.2336273,179.2697449,161.1512451,159.9999084,277.5769653,138.3777924,148.6260834,327.0194092,0.854290466,0.145709496,0.009634628,0.00031661
2020-12-09,17:37:47,2.995100021,8.002500153,163.2336273,179.2685089,161.1518555,159.9998627,277.5771484,138.3770905,148.6267395,327.0194092,0.854290466,0.145709496,0.009634628,0.00031661
2020-12-09,17:37:48,2.995000076,8.002400208,163.2336273,179.2700653,161.151474,160.0003204,277.5759277,138.3777008,148.6261902,327.0194092,0.854290466,0.145709496,0.009634628,0.00031661
2020-12-09,17:37:49,2.994799995,8.002300262,163.2336273,179.2690735,161.1509094,160.0001526,277.5763855,138.3770905,148.62677,327.0194092,0.854290466,0.145709496,0.009634628,0.00031661
2020-12-09,17:37:50,2.99470005,8.002400208,163.2336273,179.2698669,161.1515503,159.9998016,277.5773621,138.3780365,148.625824,327.0194092,0.854290466,0.145709496,0.009634628,0.00031661
2020-12-09,17:37:51,2.994799995,8.002300262,163.2336273,179.270752,161.1519775,159.9999084,277.5769043,138.3782806,148.6256256,327.0194092,0.854290466,0.145709496,0.009634628,0.00031661
2020-12-09,17:37:52,2.99489994,8.002300262,163.2336273,179.2717896,161.1516418,160.0003204,277.5758057,138.3787842,148.6251526,327.0194092,0.854290466,0.145709496,0.009634628,0.00031661
2020-12-09,17:37:53,2.99470005,8.002300262,163.2336273,179.2707825,161.1520844,159.9999084,277.5769043,138.3782043,148.6257019,327.0194092,0.854290466,0.145709496,0.009634628,0.00031661
2020-12-09,17:37:54,2.994799995,8.002300262,163.2336273,179.2715302,161.1519012,160.0001526,277.5763855,138.3788757,148.6250458,327.0194092,0.854290466,0.145709496,0.009634628,0.00031661
2020-12-09,17:37:55,2.99470005,8.002300262,163.2346344,179.2718506,161.1508942,160.0002594,277.5759888,138.37854,148.625351,327.0194092,0.854290466,0.145709496,0.009634628,0.00031661
2020-12-09,17:37:56,2.99489994,8.002200317,163.2336273,179.2722015,161.1503754,159.9999084,277.5769043,138.3790436,148.6248322,327.0194092,0.854290466,0.145709496,0.009634628,0.00031661
2020-12-09,17:37:57,2.994799995,8.002300262,163.2336273,179.2722168,161.1525269,160.0004883,277.5755005,138.3791351,148.6247559,327.0194092,0.854290466,0.145709496,0.009634628,0.00031661
2020-12-09,17:37:58,2.99470005,8.002200317,163.2346344,179.272522,161.1515656,160.0005798,277.5751343,138.3790436,148.6248627,327.0194092,0.854290466,0.145709496,0.009634628,0.00031661
2020-12-09,17:37:59,2.994599915,8.002200317,163.2346344,179.2730865,161.151947,160.0002594,277.5761414,138.3791351,148.6247253,327.0194092,0.854290466,0.145709496,0.009634628,0.00031661
2020-12-09,17:38:00,2.994499969,8.002100372,163.2346344,179.2745056,161.1514282,160.0002136,277.5762939,138.3795319,148.6243134,327.0194092,0.854290466,0.145709496,0.009634628,0.00031661
2020-12-09,17:38:01,2.99470005,8.002200317,163.2346344,179.2740021,161.1525879,160.0002594,277.5759583,138.3798065,148.6240997,327.0194092,0.854290466,0.145709496,0.009634628,0.00031661
2020-12-09,17:38:02,2.994599915,8.002100372,163.2346344,179.2743378,161.1517334,159.9999084,277.5769043,138.3803864,148.6235809,327.0194092,0.854353867,0.145646095,0.009634628,0.00031661
2020-12-09,17:38:03,2.99470005,8.002200317,163.2346344,179.2753143,161.1522064,160.0005341,277.5754089,138.3796234,148.6242676,327.0194092,0.854353867,0.145646095,0.009634628,0.00031661
2020-12-09,17:38:04,2.994400024,8.002100372,163.2346344,179.274765,161.1515961,160.0000916,277.5765686,138.380127,148.6237793,327.0194092,0.854353867,0.145646095,0.009634628,0.00031661
2020-12-09,17:38:05,2.994599915,8.002100372,163.2346344,179.2761993,161.1520691,160.0003204,277.5759277,138.380661,148.6232758,327.0194092,0.854353867,0.145646095,0.009634628,0.00031661
2020-12-09,17:38:06,2.994400024,8.002100372,163.2346344,179.2764893,161.1511078,159.9998016,277.577301,138.3803101,148.6235962,327.0194092,0.854353867,0.145646095,0.009634628,0.00031661
2020-12-09,17:38:07,2.994300079,8.001999664,163.2346344,179.2767792,161.1507263,160.0006409,277.5748901,138.3812561,148.6227112,327.0194092,0.854353867,0.145646095,0.009634628,0.00031661
2020-12-09,17:38:08,2.994199944,8.001999664,163.2346344,179.2769928,161.1512604,160.0007477,277.5746155,138.3815765,148.6230011,327.1240845,0.854353867,0.145646095,0.009634628,0.00031661
2020-12-09,17:38:09,2.994400024,8.001999664,163.2356415,179.2777863,161.1507111,160.0003662,277.5756836,138.380661,148.6232758,327.1240845,0.854353867,0.145646095,0.009634628,0.00031661
2020-12-09,17:38:10,2.994199944,8.001999664,163.2356415,179.2786713,161.1514435,160.0005341,277.5753784,138.3815002,148.6225128,327.1240845,0.854353867,0.145646095,0.009634628,0.00031661
2020-12-09,17:38:11,2.994099998,8.001899719,163.2356415,179.2784119,161.1519928,159.9999084,277.5768433,138.3810883,148.6228943,327.1240845,0.854353867,0.145646095,0.009634628,0.00031661
2020-12-09,17:38:12,2.994300079,8.001999664,163.2356415,179.2793579,161.151123,160.0004272,277.5756226,138.3818359,148.6222229,327.1240845,0.854353867,0.145646095,0.009634628,0.00031661
2020-12-09,17:38:13,2.994099998,8.001899719,163.2356415,179.2801819,161.1514893,160.0003662,277.5757751,138.3823395,148.6216583,327.1240845,0.854353867,0.145646095,0.009634628,0.00031661
2020-12-09,17:38:14,2.994000053,8.001899719,163.2356415,179.2810364,161.1517334,160.0003204,277.5759277,138.3818359,148.6221466,327.1240845,0.854353867,0.145646095,0.009634628,0.00031661
2020-12-09,17:38:15,2.994199944,8.001899719,163.2356415,179.2806091,161.1512604,160.0005798,277.5750122,138.3821564,148.6218414,327.1240845,0.854353867,0.145646095,0.009634628,0.00031564
2020-12-09,17:38:16,2.994099998,8.001899719,163.2356415,179.2816315,161.1508179,160.0009766,277.5741882,138.3826904,148.6213226,327.1240845,0.854353867,0.145646095,0.009634628,0.00031564
2020-12-09,17:38:17,2.994300079,8.001799774,163.2356415,179.2818451,161.1511841,160.0002136,277.5762634,138.3823395,148.6217041,327.1240845,0.854353867,0.145646095,0.009634628,0.00031564
2020-12-09,17:38:18,2.994099998,8.001899719,163.2356415,179.2827301,161.1520386,160.0006409,277.5749817,138.3825989,148.6213989,327.0237122,0.854353867,0.145646095,0.009634628,0.000315698
2020-12-09,17:38:19,2.994099998,8.001799774,163.2356415,179.2835999,161.1511993,160.0004883,277.5754395,138.3820038,148.621994,327.0237122,0.854353867,0.145646095,0.009634628,0.000315698
2020-12-09,17:38:20,2.993899918,8.001799774,163.2366638,179.2832184,161.1510925,160.0000916,277.5764771,138.3830109,148.6210327,327.0237122,0.854353867,0.145646095,0.009634628,0.000315698
2020-12-09,17:38:21,2.994199944,8.001699829,163.235611,179.2843933,161.1521759,160.0006866,277.5747375,138.3831787,148.6208801,327.0237122,0.854353867,0.145646095,0.009634628,0.000315698
2020-12-09,17:38:22,2.993899918,8.001699829,163.235611,179.2856445,161.1511078,160.0003662,277.5757751,138.3827515,148.6213074,327.0237122,0.854353867,0.145646095,0.009634628,0.000315698
2020-12-09,17:38:23,2.994099998,8.001799774,163.235611,179.2862549,161.1508179,160.0000916,277.5764771,138.3834381,148.620575,327.0237122,0.854353867,0.145646095,0.009634628,0.000315698
2020-12-09,17:38:24,2.993899918,8.001699829,163.235611,179.2866211,161.1529388,160.0008087,277.5745544,138.3829193,148.621048,327.0237122,0.854383621,0.145616398,0.009634628,0.000315698
2020-12-09,17:38:25,2.994000053,8.001699829,163.2345886,179.287384,161.151413,160.0005798,277.5750732,138.3834381,148.6206055,327.0237122,0.854383621,0.145616398,0.009634628,0.000315698
2020-12-09,17:38:26,2.993899918,8.001699829,163.2356415,179.2883759,161.1515656,160.0003204,277.5758362,138.3839264,148.6201477,327.0237122,0.854383621,0.145616398,0.009634628,0.000315698
2020-12-09,17:38:27,2.993700027,8.001599884,163.2367096,179.2888031,161.150589,160.0009766,277.5742188,138.3836975,148.6204071,327.0237122,0.854383621,0.145616398,0.009634628,0.000315698
2020-12-09,17:38:28,2.993600082,8.001699829,163.2367096,179.2905121,161.1508331,160.0006409,277.5749512,138.3830109,148.6209869,327.0237122,0.854383621,0.145616398,0.009634628,0.000316566
2020-12-09,17:38:29,2.993799973,8.001599884,163.2356262,179.2892303,161.151825,160.0005798,277.5752258,138.3841858,148.6198883,327.0237122,0.854383621,0.145616398,0.009634628,0.000316566
2020-12-09,17:38:30,2.993499947,8.001599884,163.2346191,179.2908478,161.152298,160.0006409,277.5748596,138.3839264,148.6201324,327.0237122,0.854383621,0.145616398,0.009634628,0.000316566
2020-12-09,17:38:31,2.993799973,8.001599884,163.2368164,179.2924347,161.1511383,160.0008087,277.574585,138.3843536,148.619751,327.0237122,0.854383621,0.145616398,0.009634628,0.000316566
2020-12-09,17:38:32,2.993600082,8.001599884,163.2368164,179.2927246,161.1513519,160.0010376,277.5739136,138.3844452,148.6196289,327.0237122,0.854383621,0.145616398,0.009634628,0.000316566
2020-12-09,17:38:33,2.993899918,8.001499939,163.2368164,179.2935486,161.1499634,160.0002594,277.5761108,138.384613,148.6194458,327.0237122,0.854383621,0.145616398,0.009634628,0.000316566
2020-12-09,17:38:34,2.993600082,8.001599884,163.2368164,179.2950897,161.1520538,160.0006409,277.5749512,138.3841858,148.6198578,327.0237122,0.854383621,0.145616398,0.009634628,0.000316566
2020-12-09,17:38:35,2.993700027,8.001499939,163.2368164,179.2953491,161.1515503,160.0004272,277.5755615,138.3851318,148.6189423,327.0237122,0.854383621,0.145616398,0.009634628,0.000316566
2020-12-09,17:38:36,2.993499947,8.001499939,163.2368164,179.294632,161.1522827,160.0005798,277.5751038,138.3845062,148.6195679,327.0237122,0.854383621,0.145616398,0.009634628,0.000316566
2020-12-09,17:38:37,2.993700027,8.001399994,163.2368164,179.2972412,161.1508484,160.0009766,277.5739746,138.3849487,148.6191559,327.0237122,0.854383621,0.145616398,0.009634628,0.000316566
2020-12-09,17:38:38,2.993499947,8.001499939,163.2368164,179.2979279,161.1515045,160.0003204,277.5758667,138.385376,148.6187134,327.0237122,0.854383621,0.145616398,0.009634628,0.000316566
2020-12-09,17:38:39,2.993400002,8.001399994,163.2368164,179.2983093,161.1511078,160.0001526,277.5763245,138.3856354,148.6184998,327.0237122,0.854383621,0.145616398,0.009634628,0.000316566
2020-12-09,17:38:40,2.993600082,8.001399994,163.2368164,179.2996368,161.1521149,160.0005798,277.5751953,138.3851318,148.6190338,327.0237122,0.854383621,0.145616398,0.009634628,0.000316566
2020-12-09,17:38:41,2.993400002,8.001399994,163.2368164,179.3002014,161.1511536,160.0002594,277.5760803,138.3850403,148.618927,327.0237122,0.854383621,0.145616398,0.009634628,0.000316566
2020-12-09,17:38:42,2.993199921,8.001399994,163.2368164,179.3013611,161.1509399,160.0008698,277.5743713,138.3854675,148.6186829,327.0237122,0.854383621,0.145616398,0.009634628,0.000316566
2020-12-09,17:38:43,2.993300056,8.001300049,163.2368164,179.3026276,161.1511078,160.0001526,277.5764465,138.3859558,148.6182098,327.0237122,0.854383621,0.145616398,0.009634628,0.000316566
2020-12-09,17:38:44,2.993400002,8.001399994,163.2378387,179.3022766,161.1508942,160.0009766,277.5741882,138.3857117,148.6183624,327.0237122,0.854383621,0.145616398,0.009634628,0.000316566
2020-12-09,17:38:45,2.993199921,8.001300049,163.2367859,179.30336,161.150589,160.0009766,277.5740356,138.385376,148.6187439,327.0237122,0.854383621,0.145616398,0.009634628,0.000316566
2020-12-09,17:38:46,2.993499947,8.001300049,163.2367859,179.3057556,161.1512909,160.0006866,277.5747375,138.3858795,148.6182709,327.0237122,0.854383621,0.145616398,0.009634628,0.000316566
2020-12-09,17:38:47,2.993199921,8.001300049,163.237793,179.3054352,161.1523132,160.0008698,277.5744019,138.3861237,148.6180115,327.0237122,0.854383621,0.145616398,0.009634628,0.000316566
2020-12-09,17:38:48,2.993300056,8.001200104,163.2367706,179.3069,161.1511383,160.0003204,277.5758972,138.3855438,148.618576,327.0237122,0.854383621,0.145616398,0.009634628,0.000316566
2020-12-09,17:38:49,2.993199921,8.001300049,163.2378387,179.3073273,161.151001,160.0002136,277.5762024,138.3865662,148.617569,327.0237122,0.854383621,0.145616398,0.009634628,0.000316566
2020-12-09,17:38:50,2.993300056,8.001200104,163.2378387,179.3083649,161.1508484,160.0006409,277.5749817,138.3859558,148.6181641,327.0237122,0.854383621,0.145616398,0.009634628,0.000316566
2020-12-09,17:38:51,2.993099976,8.001200104,163.2368164,179.3089905,161.1513977,160.0009766,277.5739746,138.3866425,148.6175537,327.0237122,0.854383621,0.145616398,0.009634628,0.000316566
2020-12-09,17:38:52,2.993300056,8.001200104,163.2378235,179.3097992,161.1520538,160.0010376,277.5740662,138.3869019,148.6172638,327.0237122,0.854383621,0.145616398,0.009634628,0.000315669
2020-12-09,17:38:53,2.993099976,8.001200104,163.2378235,179.3110809,161.1507263,160.0009308,277.5742493,138.387146,148.6170197,327.0237122,0.854383621,0.145616398,0.009634628,0.000315669
2020-12-09,17:38:54,2.992900085,8.001100159,163.2378235,179.3127441,161.150116,160.0009766,277.5740662,138.3868256,148.6172943,327.0237122,0.854383621,0.145616398,0.009634628,0.000315669
2020-12-09,17:38:55,2.993199921,8.001100159,163.2378235,179.3136139,161.1508026,160.0008087,277.5745544,138.3864746,148.6176758,327.0237122,0.854383621,0.145616398,0.009634628,0.000315669
2020-12-09,17:38:56,2.993000031,8.001100159,163.2378235,179.3149872,161.1522217,160.0009766,277.5741272,138.3872986,148.6169281,327.0237122,0.854383621,0.145616398,0.009634628,0.000315669
2020-12-09,17:38:57,2.992900085,8.001100159,163.2378235,179.3154449,161.1513672,160.0010376,277.5739441,138.3876648,148.6165619,327.0237122,0.854383621,0.145616398,0.009634628,0.000315669
2020-12-09,17:38:58,2.99279995,8.001100159,163.2378235,179.3165894,161.15065,160.0010834,277.5736694,138.3872223,148.6169434,327.0237122,0.854366837,0.145633202,0.009634628,0.000315669
2020-12-09,17:38:59,2.993099976,8.001100159,163.2378235,179.3181763,161.1511078,160.0009308,277.5742493,138.3872986,148.616745,327.0237122,0.854366837,0.145633202,0.009634628,0.000315669
2020-12-09,17:39:00,2.993000031,8.001000214,163.2378235,179.3194275,161.1505585,160.0008698,277.5744019,138.3876648,148.6169281,327.0237122,0.854366837,0.145633202,0.009634628,0.000315669
2020-12-09,17:39:01,2.993099976,8.001100159,163.2378235,179.3201141,161.1517181,160.0009766,277.5740051,138.3873901,148.6164246,327.0237122,0.854366837,0.145633202,0.009634628,0.000315669
2020-12-09,17:39:02,2.992900085,8.001000214,163.2378235,179.3204956,161.1513062,160.0008698,277.5744629,138.3879852,148.6161652,327.0237122,0.854366837,0.145633202,0.009634628,0.000315669
2020-12-09,17:39:03,2.99279995,8.001000214,163.2378235,179.3212891,161.1507263,160.0013275,277.5732117,138.3872986,148.6169128,327.0237122,0.854366837,0.145633202,0.009634628,0.000315669
2020-12-09,17:39:04,2.993099976,8.001000214,163.2378235,179.3233032,161.1512604,160.0006866,277.5747681,138.3878174,148.6164246,327.0237122,0.854366837,0.145633202,0.009634628,0.000315669
2020-12-09,17:39:05,2.99279995,8.000900269,163.2378235,179.3235474,161.151062,160.0004883,277.57547,138.3879089,148.6163635,327.0237122,0.854366837,0.145633202,0.009634628,0.000315698
2020-12-09,17:39:06,2.992900085,8.001000214,163.2388458,179.3247223,161.1504669,160.0006866,277.5747986,138.3872223,148.6169434,327.0237122,0.854366837,0.145633202,0.009634628,0.000315698
2020-12-09,17:39:07,2.99279995,8.000900269,163.2388458,179.3267975,161.1515656,160.0006409,277.5748596,138.3879852,148.6161652,327.0237122,0.854366837,0.145633202,0.009634628,0.000315698
2020-12-09,17:39:08,2.992900085,8.000900269,163.2388458,179.3279877,161.1518555,160.0010376,277.5739136,138.388382,148.6158447,327.0237122,0.854366837,0.145633202,0.009634628,0.000316538
2020-12-09,17:39:09,2.992700005,8.000900269,163.2398529,179.3299255,161.151413,160.0012207,277.5734863,138.3888245,148.615387,327.0237122,0.854366837,0.145633202,0.009634628,0.000316538
2020-12-09,17:39:10,2.992900085,8.000900269,163.2388306,179.3296967,161.1510315,160.0010834,277.5732727,138.3879852,148.6161957,327.0237122,0.854366837,0.145633202,0.009634628,0.000316538
2020-12-09,17:39:11,2.992700005,8.000800323,163.2388306,179.3308105,161.1503906,160.0006866,277.5747986,138.388382,148.61586,327.0237122,0.854366837,0.145633202,0.009634628,0.000316538
2020-12-09,17:39:12,2.99260006,8.000900269,163.2388306,179.3323669,161.1511078,160.0008087,277.5745239,138.3884735,148.6156921,327.0237122,0.854366837,0.145633202,0.009634628,0.000316538
2020-12-09,17:39:13,2.99279995,8.000800323,163.2388306,179.3337555,161.151535,160.0009766,277.5748901,138.3888245,148.6154022,327.0237122,0.854366837,0.145633202,0.009634628,0.000316538
2020-12-09,17:39:14,2.992499924,8.000800323,163.2388306,179.3334198,161.1511993,160.0005798,277.5745544,138.3890686,148.6152191,327.0237122,0.854366837,0.145633202,0.009634628,0.000316538
2020-12-09,17:39:15,2.99279995,8.000800323,163.2378082,179.3367767,161.1515503,160.0009766,277.5740662,138.3885498,148.6156464,327.0237122,0.854366837,0.145633202,0.009634628,0.000316538
2020-12-09,17:39:16,2.992499924,8.000800323,163.2378082,179.337677,161.1504974,160.0013885,277.572876,138.3886414,148.6154633,327.0237122,0.854366837,0.145633202,0.009634628,0.000316538
2020-12-09,17:39:17,2.99260006,8.000700378,163.2378082,179.3384094,161.1511536,160.0015411,277.5726013,138.3883057,148.6158905,327.0237122,0.854366837,0.145633202,0.009634628,0.000316538
2020-12-09,17:39:18,2.992499924,8.000800323,163.2388458,179.3404388,161.1515961,160.0009308,277.5742798,138.3890686,148.6151123,327.0237122,0.854366837,0.145633202,0.009634628,0.000316538
2020-12-09,17:39:19,2.99260006,8.000700378,163.2388458,179.3409119,161.151413,160.0005798,277.5751648,138.3890686,148.6151886,327.0237122,0.854366837,0.145633202,0.009634628,0.000316538
2020-12-09,17:39:20,2.99279995,8.000700378,163.2388458,179.3426361,161.1506195,160.0010376,277.5738525,138.388916,148.6153564,327.0237122,0.854366837,0.145633202,0.009634628,0.000316538
2020-12-09,17:39:21,2.99260006,8.000700378,163.2398529,179.3446808,161.1503143,160.0007477,277.5746765,138.3890686,148.6151886,327.0237122,0.854366837,0.145633202,0.009634628,0.000316538
2020-12-09,17:39:22,2.99279995,8.000700378,163.2387848,179.3451843,161.1513672,160.0005341,277.5753784,138.3895569,148.6146698,327.0237122,0.854366837,0.145633202,0.009634628,0.000316538
2020-12-09,17:39:23,2.992300034,8.00059967,163.2387848,179.3467255,161.1518707,160.0013275,277.5731506,138.3892975,148.6148987,327.0237122,0.854366837,0.145633202,0.009634628,0.000315457
2020-12-09,17:39:24,2.992499924,8.000700378,163.2397919,179.3492279,161.1520844,160.0009766,277.5740356,138.3890686,148.6151886,327.0237122,0.854366837,0.145633202,0.009634628,0.000315457
2020-12-09,17:39:25,2.992399979,8.00059967,163.2397919,179.3494415,161.1511078,160.0008087,277.5745239,138.3895569,148.6145935,327.0237122,0.854366837,0.145633202,0.009634628,0.000315457
2020-12-09,17:39:26,2.99260006,8.00059967,163.2397919,179.3507843,161.151825,160.0007477,277.574707,138.38974,148.6144867,327.0237122,0.854366837,0.145633202,0.009634628,0.000315457
2020-12-09,17:39:27,2.992399979,8.00059967,163.2397919,179.3519592,161.1505585,160.0009766,277.5740662,138.3894958,148.6147766,327.0237122,0.854366837,0.145633202,0.009634628,0.000315457
2020-12-09,17:39:28,2.99260006,8.00059967,163.2397919,179.35289,161.1511688,160.0008087,277.5736084,138.38974,148.6144714,327.0237122,0.854366837,0.145633202,0.009634628,0.000315457
2020-12-09,17:39:29,2.992200089,8.000499725,163.2397919,179.3551483,161.1503906,160.0010834,277.5745239,138.3892975,148.6148834,327.0237122,0.854366837,0.145633202,0.009634628,0.000315457
2020-12-09,17:39:30,2.992499924,8.000499725,163.2397919,179.3567352,161.1509247,160.0008698,277.5738831,138.3890686,148.6152039,327.0237122,0.854366837,0.145633202,0.009634628,0.000315457
2020-12-09,17:39:31,2.992200089,8.000499725,163.2397919,179.3576202,161.1502533,160.0010834,277.5737,138.3901062,148.6142426,327.0237122,0.854366837,0.145633202,0.009634628,0.000315457
2020-12-09,17:39:32,2.992399979,8.000499725,163.2397919,179.3585815,161.1515961,160.0009766,277.5739746,138.3896637,148.6145782,327.0237122,0.854366837,0.145633202,0.009634628,0.000315457
2020-12-09,17:39:33,2.992499924,8.000499725,163.2397919,179.3615417,161.151947,160.0011444,277.5736084,138.3901062,148.6141968,327.0237122,0.854366837,0.145633202,0.009634628,0.000315457
2020-12-09,17:39:34,2.992300034,8.00039978,163.2397919,179.3626862,161.151535,160.0009766,277.5741577,138.3898926,148.6143188,327.0237122,0.854366837,0.145633202,0.009634628,0.000315457
2020-12-09,17:39:35,2.992099953,8.000499725,163.2397919,179.3641205,161.1509094,160.0013275,277.5731506,138.38974,148.614502,327.0237122,0.854366837,0.145633202,0.009634628,0.000315457
2020-12-09,17:39:36,2.992300034,8.00039978,163.2397919,179.3647919,161.1512909,160.0009308,277.5742798,138.3901672,148.6141052,327.0237122,0.854366837,0.145633202,0.009634628,0.000315457
2020-12-09,17:39:37,2.992399979,8.00039978,163.2397919,179.3675537,161.1519928,160.0010834,277.5736694,138.3899994,148.6142883,327.0237122,0.854366837,0.145633202,0.009634628,0.000315457
2020-12-09,17:39:38,2.992099953,8.00039978,163.2397919,179.3681946,161.151535,160.0015411,277.5725708,138.3905029,148.6138,327.0237122,0.854366837,0.145633202,0.009634628,0.000315457
2020-12-09,17:39:39,2.992300034,8.000299835,163.240799,179.3700562,161.1504059,160.0014191,277.5722656,138.3907471,148.6134644,327.0237122,0.854366837,0.145633202,0.009634628,0.000315457
2020-12-09,17:39:40,2.992200089,8.00039978,163.240799,179.3720551,161.1515198,160.0008698,277.5744019,138.3911743,148.6131592,327.0237122,0.854366837,0.145633202,0.009634628,0.000315457
2020-12-09,17:39:41,2.992000008,8.000299835,163.240799,179.3728333,161.1509552,160.0011444,277.5735474,138.3901672,148.6140442,327.0237122,0.854366837,0.145633202,0.009634628,0.000315457
2020-12-09,17:39:42,2.992200089,8.000299835,163.240799,179.374527,161.1497955,160.0015869,277.5724792,138.390686,148.6136322,327.0237122,0.854365768,0.145634203,0.009634628,0.000315457
2020-12-09,17:39:43,2.992099953,8.000299835,163.240799,179.3759308,161.1508942,160.0010376,277.5739136,138.3898926,148.6143494,327.0237122,0.854365768,0.145634203,0.009634628,0.000315457
2020-12-09,17:39:44,2.992300034,8.000299835,163.240799,179.377243,161.151947,160.0009308,277.5743103,138.3909149,148.613327,327.0237122,0.854365768,0.145634203,0.009634628,0.000315457
2020-12-09,17:39:45,2.992000008,8.000299835,163.240799,179.3783112,161.1501312,160.0016479,277.5722961,138.390686,148.6135712,327.0237122,0.854365768,0.145634203,0.009634628,0.000315457
2020-12-09,17:39:46,2.992099953,8.00019989,163.2397614,179.3809052,161.1513062,160.0013275,277.5730896,138.391449,148.6128235,327.0237122,0.854365768,0.145634203,0.009634628,0.000315457
2020-12-09,17:39:47,2.991900063,8.000299835,163.240799,179.3830719,161.151413,160.0014801,277.5734863,138.3905945,148.6137085,327.0237122,0.854365768,0.145634203,0.009634628,0.000315457
2020-12-09,17:39:48,2.992200089,8.00019989,163.240799,179.3845825,161.1505432,160.0012665,277.5723877,138.3908539,148.6134491,327.0237122,0.854365768,0.145634203,0.009634628,0.000315457
2020-12-09,17:39:49,2.991799927,8.00019989,163.240799,179.3863831,161.1499329,160.0008087,277.5744934,138.3912659,148.6130219,327.0237122,0.854365768,0.145634203,0.009634628,0.000315457
2020-12-09,17:39:50,2.992000008,8.00019989,163.240799,179.3881073,161.1513672,160.0015411,277.5725708,138.3907471,148.6135254,327.0237122,0.854365768,0.145634203,0.009634628,0.000315457
2020-12-09,17:39:51,2.991799927,8.00019989,163.240799,179.38974,161.1510773,160.0012207,277.5734558,138.3912659,148.6130676,327.0237122,0.854365768,0.145634203,0.009634628,0.000315457
2020-12-09,17:39:52,2.978100014,8.000099945,163.240799,179.3915405,161.150116,160.0010376,277.573822,138.3908539,148.6134491,327.0237122,0.854365768,0.145634203,0.009634628,0.000315457
2020-12-09,17:39:53,2.942099953,8.00019989,163.240799,179.3927307,161.1513214,160.0012665,277.5733337,138.3912659,148.6130524,327.0237122,0.854365768,0.145634203,0.009634628,0.000315457
2020-12-09,17:39:54,2.914699936,8.000099945,163.240799,179.3946838,161.1525421,160.0007477,277.5746765,138.390686,148.6136322,327.0237122,0.854365768,0.145634203,0.009634628,0.000315457
2020-12-09,17:39:55,2.931599998,8.000099945,163.240799,179.3962097,161.1512146,160.0009766,277.5741272,138.3912659,148.6130676,327.0237122,0.854365768,0.145634203,0.009634628,0.000315457
2020-12-09,17:39:56,2.947200012,8.0,163.240799,179.3985748,161.1507874,160.0014191,277.5727539,138.3901672,148.6140289,327.0237122,0.854365768,0.145634203,0.009634628,0.000315457
2020-12-09,17:39:57,2.958099937,8.0,163.240799,179.3999329,161.1509094,160.0014801,277.572998,138.3905029,148.6137848,327.0237122,0.854365768,0.145634203,0.009634628,0.000315457
2020-12-09,17:39:58,2.971800041,7.999900055,163.240799,179.4009552,161.1516724,160.0009766,277.5739746,138.3899994,148.6143036,327.0237122,0.854365768,0.145634203,0.009634628,0.000315457
2020-12-09,17:39:59,2.984000015,7.999900055,163.240799,179.4027252,161.1514893,160.0012207,277.5734863,138.3904266,148.6138306,327.0237122,0.854365768,0.145634203,0.009634628,0.000315457
2020-12-09,17:40:00,2.995899963,8.0,163.2418213,179.4032898,161.1513367,160.0013885,277.5729675,138.3895569,148.6145935,327.0237122,0.854365768,0.145634203,0.009634628,0.000315457
2020-12-09,17:40:01,3.006800079,7.999900055,163.2418213,179.4062805,161.1517487,160.0014801,277.5727234,138.3892365,148.6150055,327.0237122,0.854365768,0.145634203,0.009634628,0.000315457
2020-12-09,17:40:02,3.018499947,7.999900055,163.2418213,179.4064789,161.1506348,160.0012665,277.5733643,138.3890686,148.6152039,327.0237122,0.854365768,0.145634203,0.009634628,0.000315457
2020-12-09,17:40:03,3.029400063,7.999900055,163.2418213,179.4079285,161.1521301,160.0011444,277.5735474,138.3888245,148.6154175,327.0237122,0.854365768,0.145634203,0.009634628,0.000315457
2020-12-09,17:40:04,3.041200066,7.999900055,163.2418213,179.4102936,161.1511078,160.0012665,277.5733032,138.3891449,148.6150208,327.0237122,0.854365768,0.145634203,0.009634628,0.000315457
2020-12-09,17:40:05,3.050699997,7.999900055,163.2418213,179.4112549,161.1509552,160.0013275,277.5730286,138.3882141,148.6159973,327.0237122,0.854365768,0.145634203,0.009634628,0.000315457
2020-12-09,17:40:06,3.062400055,7.999900055,163.2418213,179.4148865,161.1513062,160.0007477,277.5746765,138.388916,148.6153259,327.0237122,0.854365768,0.145634203,0.009634628,0.000315457
2020-12-09,17:40:07,3.07159996,7.999900055,163.2418213,179.4167328,161.1514282,160.0014801,277.5727234,138.3886414,148.6155396,327.0237122,0.854365768,0.145634203,0.009634628,0.000315457
2020-12-09,17:40:08,3.082600021,7.999900055,163.2418213,179.4201965,161.1512604,160.0010376,277.573822,138.388382,148.6158447,327.0237122,0.854365768,0.145634203,0.009634628,0.000315457
2020-12-09,17:40:09,3.092399979,8.0,163.2418213,179.4226837,161.1515961,160.0015411,277.5725098,138.3891449,148.6150818,327.0237122,0.854365768,0.145634203,0.009634628,0.000315457
2020-12-09,17:40:10,3.10340004,7.999900055,163.2418213,179.4254303,161.151413,160.0009766,277.5741577,138.388916,148.6153107,327.0237122,0.854365768,0.145634203,0.009634628,0.000315457
2020-12-09,17:40:11,3.115500069,8.0,163.2418213,179.4286652,161.1503143,160.0015411,277.5725708,138.3895569,148.614624,327.0237122,0.854365768,0.145634203,0.009634628,0.000315457
2020-12-09,17:40:12,3.130800056,8.0,163.2418213,179.4325104,161.1510468,160.0011444,277.5736389,138.3904266,148.6138458,327.0237122,0.854365768,0.145634203,0.009634628,0.000315457
2020-12-09,17:40:13,3.145299911,8.000099945,163.2418213,179.4363403,161.151001,160.0012207,277.5734253,138.3911743,148.6131592,327.0237122,0.854365768,0.145634203,0.009634628,0.000315457
2020-12-09,17:40:14,3.15909996,8.000099945,163.2428589,179.4404755,161.1499176,160.0010376,277.573822,138.391861,148.6125336,327.0237122,0.854365768,0.145634203,0.009634628,0.000315457
2020-12-09,17:40:15,3.17159996,8.00019989,163.2428589,179.4441071,161.1504364,160.0014191,277.5727844,138.39328,148.6110992,327.0237122,0.854365768,0.145634203,0.009634628,0.000315457
2020-12-09,17:40:16,3.185300064,8.00019989,163.2428589,179.4485626,161.1512756,160.0004272,277.575592,138.3953247,148.6090851,327.0237122,0.854365768,0.145634203,0.009634628,0.000315457
2020-12-09,17:40:17,3.198200035,8.00019989,163.2428589,179.4520569,161.1511078,160.0010834,277.5737915,138.3970947,148.6074066,327.0237122,0.854365768,0.145634203,0.009634628,0.000315457
2020-12-09,17:40:18,3.211500168,8.000299835,163.2428589,179.4555054,161.1509247,160.0013275,277.5732117,138.3985138,148.6060638,327.0237122,0.854365768,0.145634203,0.009634628,0.000315457
2020-12-09,17:40:19,3.225099945,8.00039978,163.2428589,179.4608765,161.1512756,160.0018158,277.5717773,138.4018097,148.6028748,327.0237122,0.854365768,0.145634203,0.009634628,0.000315457
2020-12-09,17:40:20,3.2375,8.00039978,163.2428589,179.4653473,161.151474,160.0006866,277.5747375,138.4044189,148.6003418,327.0237122,0.854673309,0.1453267,0.009634628,0.000315457
2020-12-09,17:40:21,3.249900055,8.000499725,163.2428589,179.4697723,161.1513062,160.0015869,277.5724792,138.4068756,148.5979156,327.0237122,0.854673309,0.1453267,0.009634628,0.000315457
2020-12-09,17:40:22,3.263000107,8.00059967,163.2428589,179.4751434,161.1516418,160.00177,277.5718689,138.4107666,148.5941925,327.0237122,0.854673309,0.1453267,0.009634628,0.000316552
2020-12-09,17:40:23,3.275,8.000700378,163.2428589,179.480484,161.1505737,160.0015869,277.5724182,138.4144745,148.5905762,327.0237122,0.854673309,0.1453267,0.009634628,0.000316552
2020-12-09,17:40:24,3.287200165,8.000700378,163.2428589,179.4855194,161.1511688,160.0012665,277.5733337,138.4187622,148.58638,327.0237122,0.854673309,0.1453267,0.009634628,0.000316552
2020-12-09,17:40:25,3.299300003,8.000800323,163.2428589,179.4924011,161.152298,160.0017242,277.5721436,138.4241486,148.5812531,327.0237122,0.854673309,0.1453267,0.009634628,0.000316552
2020-12-09,17:40:26,3.311500168,8.000900269,163.2428589,179.4972534,161.1499634,160.0014801,277.5726929,138.4280548,148.5774994,327.0237122,0.854673309,0.1453267,0.009634628,0.000316552
2020-12-09,17:40:27,3.323699951,8.001000214,163.2428589,179.5039368,161.1510468,160.0015869,277.5724792,138.4339447,148.5717773,327.0237122,0.854673309,0.1453267,0.009634628,0.000316552
2020-12-09,17:40:28,3.334700012,8.001100159,163.2428589,179.5093994,161.1499786,160.0013275,277.5732422,138.4400177,148.5658722,327.0237122,0.854673309,0.1453267,0.009634628,0.000316552
2020-12-09,17:40:29,3.34620018,8.001200104,163.2428589,179.5139465,161.1506195,160.0017242,277.5721436,138.4454956,148.5605164,327.0237122,0.854673309,0.1453267,0.009634628,0.000316552
2020-12-09,17:40:30,3.358000183,8.001300049,163.2428589,179.5213165,161.1508942,160.0015411,277.5715942,138.4516602,148.5546112,327.0237122,0.854673309,0.1453267,0.009634628,0.000316552
2020-12-09,17:40:31,3.369100189,8.001399994,163.2428589,179.5264282,161.1510925,160.0010834,277.5737915,138.4587402,148.5477295,327.0237122,0.854673309,0.1453267,0.009634628,0.000316552
2020-12-09,17:40:32,3.381100082,8.001499939,163.2428589,179.5331879,161.1507874,160.0016479,277.5722961,138.4671021,148.5396118,327.0237122,0.854673309,0.1453267,0.009634628,0.000316552
2020-12-09,17:40:33,3.391799927,8.001599884,163.2428589,179.5394287,161.1511078,160.0013885,277.572937,138.4744263,148.5325623,327.0237122,0.854673309,0.1453267,0.009634628,0.000316552
2020-12-09,17:40:34,3.402999878,8.001799774,163.2428589,179.5459595,161.151474,160.0017242,277.572113,138.4827271,148.5245514,327.0237122,0.854632568,0.145367403,0.009634628,0.000316552
2020-12-09,17:40:35,3.415100098,8.001899719,163.2428589,179.5526428,161.1510162,160.0012665,277.5733643,138.4907379,148.5167847,327.0237122,0.854632568,0.145367403,0.009634628,0.000316552
2020-12-09,17:40:36,3.427099991,8.001999664,163.2428589,179.5594177,161.1508026,160.0016479,277.5722961,138.4998169,148.5079956,327.0237122,0.854632568,0.145367403,0.009634628,0.000316552
2020-12-09,17:40:37,3.439799881,8.002100372,163.2428589,179.5657654,161.151123,160.0018158,277.5718079,138.5102081,148.4980316,327.0237122,0.854632568,0.145367403,0.009634628,0.000316552
2020-12-09,17:40:38,3.452399826,8.002200317,163.2428589,179.5734253,161.1506958,160.0017242,277.5720825,138.5198364,148.4887695,327.0237122,0.854632568,0.145367403,0.009634628,0.000316552
2020-12-09,17:40:39,3.464699936,8.002400208,163.2428589,179.5807495,161.1508789,160.0014801,277.5726624,138.5300293,148.4788818,327.0237122,0.854632568,0.145367403,0.009634628,0.000316552
2020-12-09,17:40:40,3.476800156,8.002500153,163.243866,179.5873566,161.1510773,160.0016479,277.5722656,138.5403442,148.4689331,327.0237122,0.854632568,0.145367403,0.009634628,0.000316552
2020-12-09,17:40:41,3.487599945,8.002600098,163.243866,179.5950317,161.1511383,160.0019836,277.5714111,138.5518951,148.4577332,327.0237122,0.854632568,0.145367403,0.009634628,0.000316552
2020-12-09,17:40:42,3.499700165,8.002799988,163.243866,179.6022797,161.1505432,160.0014801,277.5726929,138.5627289,148.4472961,327.0237122,0.854632568,0.145367403,0.009634628,0.000316552
2020-12-09,17:40:43,3.510599899,8.002899933,163.243866,179.6096039,161.1516724,160.0018158,277.5717773,138.5753632,148.4350739,327.0237122,0.854632568,0.145367403,0.009634628,0.000316552
2020-12-09,17:40:44,3.522499847,8.003099823,163.243866,179.6153412,161.1498718,160.0020447,277.5712585,138.5876312,148.4233093,327.0237122,0.854632568,0.145367403,0.009634628,0.000316552
2020-12-09,17:40:45,3.533399963,8.003199768,163.243866,179.6235504,161.1506958,160.0013275,277.5731506,138.6006317,148.4107361,327.0237122,0.854632568,0.145367403,0.009634628,0.000316552
2020-12-09,17:40:46,3.544599915,8.003399658,163.243866,179.6312561,161.1501007,160.0018158,277.5717163,138.6143799,148.3974762,327.0237122,0.854629669,0.145370398,0.009634628,0.000316552
2020-12-09,17:40:47,3.555599976,8.003500366,163.243866,179.6382904,161.1499786,160.0019379,277.5714722,138.6275635,148.3847046,327.0237122,0.854629669,0.145370398,0.009634628,0.000316552
2020-12-09,17:40:48,3.566400146,8.003600311,163.243866,179.6469574,161.15065,160.0014801,277.5727234,138.6413116,148.3713989,327.0237122,0.854629669,0.145370398,0.009634628,0.000316552
2020-12-09,17:40:49,3.576900101,8.003800201,163.2449188,179.6547394,161.1509399,160.00177,277.5718994,138.6561737,148.357132,327.0237122,0.854629669,0.145370398,0.009634628,0.000316552
2020-12-09,17:40:50,3.587200165,8.004000092,163.2449188,179.6606293,161.1514282,160.0019836,277.5713501,138.6699524,148.3438721,327.0237122,0.854629669,0.145370398,0.009634628,0.000316552
2020-12-09,17:40:51,3.598199844,8.004100037,163.2438354,179.6695709,161.1504364,160.0015411,277.5725403,138.6856842,148.3287506,327.0237122,0.854629669,0.145370398,0.009634628,0.000316552
2020-12-09,17:40:52,3.608300018,8.004299927,163.2448425,179.6774445,161.1512756,160.0020905,277.5709839,138.7012939,148.3136444,327.0237122,0.854629669,0.145370398,0.009634628,0.000316552
2020-12-09,17:40:53,3.618999863,8.004499817,163.2448425,179.6843414,161.150589,160.0024261,277.5700684,138.7178802,148.2976837,327.0237122,0.854629669,0.145370398,0.009634628,0.000316552
2020-12-09,17:40:54,3.629700089,8.004599762,163.2448425,179.6933899,161.1509705,160.0019836,277.5713806,138.7343445,148.2818604,327.0237122,0.854661408,0.145338602,0.009634628,0.000316552
2020-12-09,17:40:55,3.639099884,8.004799652,163.2448425,179.7008667,161.1498871,160.0022583,277.5706482,138.7507477,148.2660065,327.0237122,0.854661408,0.145338602,0.009634628,0.000316552
2020-12-09,17:40:56,3.65,8.00490036,163.2448425,179.7086945,161.1494751,160.0020905,277.5709229,138.7682343,148.2491455,327.0237122,0.854629669,0.145370398,0.009634628,0.000316552
2020-12-09,17:40:57,3.659500122,8.00510025,163.2448425,179.7185364,161.150238,160.0018158,277.5716858,138.7860718,148.2319641,327.0237122,0.854629669,0.145370398,0.009634628,0.000316552
2020-12-09,17:40:58,3.669800186,8.00530014,163.2448425,179.7248993,161.1493988,160.0023041,277.5704651,138.8039856,148.2147217,327.0237122,0.854629669,0.145370398,0.009634628,0.000316552
2020-12-09,17:40:59,3.67820015,8.005400085,163.2448425,179.7336273,161.1494598,160.0020905,277.5709534,138.8219299,148.1975403,327.0237122,0.854629669,0.145370398,0.009634628,0.000316552
2020-12-09,17:41:00,3.688700104,8.005599976,163.2448425,179.7423248,161.1500092,160.0023041,277.5704956,138.8401031,148.1800232,327.0237122,0.854629669,0.145370398,0.009634628,0.000315626
2020-12-09,17:41:01,3.7,8.005799866,163.2448425,179.7499695,161.1508484,160.0024719,277.5699768,138.8595428,148.1613159,327.0237122,0.854629669,0.145370398,0.009634628,0.000315626
2020-12-09,17:41:02,3.712200165,8.005999756,163.2448425,179.7593079,161.1492767,160.0019379,277.5714417,138.8784332,148.143219,327.0237122,0.854629669,0.145370398,0.009634628,0.000315626
2020-12-09,17:41:03,3.722700119,8.006199646,163.2448425,179.7681885,161.1496582,160.002594,277.5696411,138.8987274,148.123642,327.0237122,0.854629669,0.145370398,0.009634628,0.000315626
2020-12-09,17:41:04,3.734999847,8.006400299,163.2448425,179.7761688,161.1504517,160.0021362,277.5708618,138.917923,148.1051331,327.0237122,0.854629669,0.145370398,0.009634628,0.000315626
2020-12-09,17:41:05,3.745500183,8.006500244,163.2448425,179.7851257,161.1493835,160.0024719,277.5698853,138.9376373,148.0862122,327.0237122,0.854629669,0.145370398,0.009634628,0.000315626
2020-12-09,17:41:06,3.756600189,8.006800079,163.2448425,179.7931366,161.1496582,160.0021973,277.5707397,138.9591522,148.065567,327.0237122,0.854629669,0.145370398,0.009634628,0.000315626
2020-12-09,17:41:07,3.768899918,8.006900024,163.2458649,179.8027039,161.1499634,160.0024719,277.5699768,138.9792633,148.0462341,327.0237122,0.854629669,0.145370398,0.009634628,0.000315626
2020-12-09,17:41:08,3.778900146,8.007099915,163.2458649,179.8113403,161.1495209,160.0019379,277.5714417,139.0012665,148.0251312,327.0237122,0.854629669,0.145370398,0.009634628,0.000315626
2020-12-09,17:41:09,3.789199829,8.007299805,163.2458649,179.8201904,161.1499329,160.0024261,277.5701904,139.0215149,148.005722,327.0237122,0.854629669,0.145370398,0.009634628,0.000315626
2020-12-09,17:41:10,3.800999832,8.007499695,163.2458649,179.8287964,161.1490021,160.002655,277.5694885,139.043045,147.9850464,327.0237122,0.854629669,0.145370398,0.009634628,0.000315626
2020-12-09,17:41:11,3.811700058,8.007700348,163.2458649,179.8378448,161.1498413,160.0021362,277.5708618,139.0659637,147.9630127,327.0237122,0.854629669,0.145370398,0.009634628,0.000315626
2020-12-09,17:41:12,3.821099854,8.007900238,163.2458649,179.8470459,161.1481323,160.002655,277.5695496,139.089447,147.940567,327.0237122,0.854629669,0.145370398,0.009634628,0.000315626
2020-12-09,17:41:13,3.831600189,8.008100128,163.2458649,179.8551636,161.1490173,160.0022583,277.5706177,139.1108551,147.9199829,327.1785889,0.854629669,0.145370398,0.009634628,0.000315626
2020-12-09,17:41:14,3.842399979,8.008300018,163.2458649,179.8647308,161.1495056,160.0024719,277.5699158,139.1349182,147.8968964,327.1785889,0.854629669,0.145370398,0.009634628,0.000316624
2020-12-09,17:41:15,3.851800156,8.008499908,163.2458649,179.8742371,161.1500397,160.002594,277.5696106,139.1582184,147.8746643,327.1785889,0.854629669,0.145370398,0.009634628,0.000316624
2020-12-09,17:41:16,3.862599945,8.008699799,163.2458649,179.8834534,161.1484985,160.0024719,277.5698853,139.1813812,147.8523865,327.1785889,0.854683228,0.145316801,0.009634628,0.000316624
2020-12-09,17:41:17,3.871900177,8.008899689,163.2458649,179.8925323,161.1497192,160.002594,277.5696411,139.205368,147.829483,327.1785889,0.854683228,0.145316801,0.009634628,0.000316624
2020-12-09,17:41:18,3.882400131,8.009100342,163.2458649,179.902832,161.1489258,160.0031738,277.5679321,139.2304382,147.8054352,327.1785889,0.854683228,0.145316801,0.009634628,0.000316624
2020-12-09,17:41:19,3.891799927,8.009300232,163.2458649,179.9110718,161.1478729,160.0028534,277.5688782,139.2539215,147.7829132,327.1785889,0.854683228,0.145316801,0.009634628,0.000316624
2020-12-09,17:41:20,3.902399826,8.009500122,163.2458649,179.9193878,161.1491394,160.0027008,277.5694275,139.2791748,147.7588654,327.1785889,0.854683228,0.145316801,0.009634628,0.000316624
2020-12-09,17:41:21,3.914500046,8.009700012,163.2458649,179.929657,161.1479034,160.003418,277.5674744,139.3036804,147.7353668,327.1785889,0.854683228,0.145316801,0.009634628,0.000316624
2020-12-09,17:41:22,3.926900101,8.009999847,163.2458649,179.9394226,161.1485443,160.0029755,277.568512,139.3301544,147.7100372,327.1785889,0.854683228,0.145316801,0.009634628,0.000316624
2020-12-09,17:41:23,3.93730011,8.010199738,163.246933,179.9484253,161.1483917,160.0028229,277.5690308,139.3558807,147.6854858,327.1785889,0.854683228,0.145316801,0.009634628,0.000316624
2020-12-09,17:41:24,3.95019989,8.010399628,163.2458649,179.9594269,161.1491089,160.0031738,277.5678711,139.3809052,147.6615753,327.1785889,0.854683228,0.145316801,0.009634628,0.000316624
2020-12-09,17:41:25,3.963499832,8.010600281,163.2458649,179.9687958,161.1483002,160.0030212,277.5683899,139.4066925,147.6368866,327.1785889,0.854683228,0.145316801,0.009634628,0.000316624
2020-12-09,17:41:26,3.976900101,8.010900116,163.2458649,179.9789429,161.1481628,160.0031433,277.5681458,139.4338531,147.6110382,327.1785889,0.854683228,0.145316801,0.009634628,0.000316624
2020-12-09,17:41:27,3.989899826,8.011100006,163.2468872,179.9882965,161.1485596,160.003418,277.5674744,139.4589081,147.5870819,327.1785889,0.854683228,0.145316801,0.009634628,0.000316624
2020-12-09,17:41:28,4.002799988,8.011299896,163.2468872,179.9976654,161.147934,160.0031433,277.5680542,139.4859161,147.5613708,327.1785889,0.854683228,0.145316801,0.009634628,0.000316624
2020-12-09,17:41:29,4.015000153,8.011499786,163.2468872,180.0075989,161.1476288,160.0035706,277.566864,139.5119781,147.5364532,327.1785889,0.854683228,0.145316801,0.009634628,0.000316624
2020-12-09,17:41:30,4.027600098,8.011799622,163.2468872,180.0183868,161.1487274,160.0031433,277.5680237,139.5410156,147.5087891,327.1785889,0.854683228,0.145316801,0.009634628,0.000316624
2020-12-09,17:41:31,4.039400101,8.012000275,163.2468872,180.028183,161.1480255,160.0030823,277.5683594,139.5685425,147.4825745,327.1785889,0.854683228,0.145316801,0.009634628,0.000316624
2020-12-09,17:41:32,4.051599884,8.012200165,163.2468872,180.0384521,161.147644,160.0029144,277.5686951,139.596405,147.4560089,327.1785889,0.854683228,0.145316801,0.009634628,0.000315698
2020-12-09,17:41:33,4.063800049,8.0125,163.2468872,180.0490875,161.1480408,160.0032501,277.5678101,139.6245117,147.4291992,327.1785889,0.854683228,0.145316801,0.009634628,0.000315698
2020-12-09,17:41:34,4.075799942,8.01269989,163.2479553,180.0584412,161.148468,160.0039215,277.5661316,139.6516418,147.4033813,327.1785889,0.854683228,0.145316801,0.009634628,0.000315698
2020-12-09,17:41:35,4.088199997,8.012999725,163.246933,180.0683289,161.1486664,160.0040894,277.5655823,139.6802826,147.3760986,327.1785889,0.854683228,0.145316801,0.009634628,0.000315698
2020-12-09,17:41:36,4.10019989,8.013200378,163.246933,180.0802917,161.1473236,160.0035706,277.566864,139.710556,147.34729,327.1785889,0.854683228,0.145316801,0.009634628,0.000315698
2020-12-09,17:41:37,4.110699844,8.013400269,163.246933,180.0896301,161.1460724,160.0038147,277.5663757,139.7393188,147.3199921,327.1785889,0.854683228,0.145316801,0.009634628,0.000315698
2020-12-09,17:41:38,4.122299957,8.013700104,163.246933,180.1016235,161.1482849,160.0033112,277.567627,139.7688293,147.2919464,327.2893677,0.854683228,0.145316801,0.009634628,0.000315698
2020-12-09,17:41:39,4.133300018,8.013899994,163.246933,180.1115417,161.1486816,160.0030212,277.5684204,139.7976532,147.2644501,327.2893677,0.854683228,0.145316801,0.009634628,0.000315698
2020-12-09,17:41:40,4.145800018,8.014199829,163.246933,180.1213531,161.1472931,160.0042114,277.5653076,139.8279419,147.2357178,327.2893677,0.854683228,0.145316801,0.009634628,0.000315698
2020-12-09,17:41:41,4.156399918,8.014399719,163.246933,180.1332855,161.1478729,160.0031738,277.5679016,139.8590851,147.2060699,327.2893677,0.854683228,0.145316801,0.009634628,0.000315698
2020-12-09,17:41:42,4.166799927,8.014700317,163.246933,180.143158,161.1481018,160.0038147,277.5663757,139.888443,147.1782684,327.2893677,0.854683228,0.145316801,0.009634628,0.000315698
2020-12-09,17:41:43,4.179299927,8.014900208,163.246933,180.1552887,161.1472015,160.0035706,277.566864,139.920105,147.1482544,327.2893677,0.854683228,0.145316801,0.009634628,0.000315698
2020-12-09,17:41:44,4.189899826,8.015200043,163.246933,180.1665649,161.147049,160.0038757,277.5661621,139.9512024,147.1186676,327.2893677,0.854683228,0.145316801,0.009634628,0.000315698
2020-12-09,17:41:45,4.199700165,8.015399933,163.246933,180.1764526,161.1478119,160.00354,277.5669861,139.9817047,147.0898132,327.2893677,0.854683228,0.145316801,0.009634628,0.000315698
2020-12-09,17:41:46,4.210499954,8.015699768,163.2479553,180.1879883,161.1480408,160.0038757,277.5661621,140.012619,147.0605011,327.2893677,0.854683228,0.145316801,0.009634628,0.000315698
2020-12-09,17:41:47,4.221699905,8.016000366,163.2479553,180.1984711,161.147049,160.004364,277.5647583,140.0449982,147.0298615,327.2893677,0.854683228,0.145316801,0.009634628,0.000315698
2020-12-09,17:41:48,4.233000183,8.016200256,163.2479553,180.2100525,161.1464386,160.0038757,277.5661621,140.0753326,147.0010834,327.2893677,0.854683228,0.145316801,0.009634628,0.000315698
2020-12-09,17:41:49,4.247900009,8.016500092,163.246933,180.2210846,161.1472168,160.0037079,277.5657349,140.1074829,146.9706879,327.2893677,0.854683228,0.145316801,0.009634628,0.000315698
2020-12-09,17:41:50,4.263100052,8.016699982,163.2479858,180.2341766,161.1463776,160.0041504,277.5661926,140.1404724,146.9395599,327.2893677,0.854683228,0.145316801,0.009634628,0.000315698
2020-12-09,17:41:51,4.279800034,8.016999817,163.2479858,180.2438354,161.14711,160.0037537,277.5653992,140.1734467,146.9083099,327.2893677,0.854683228,0.145316801,0.009634628,0.000315698
2020-12-09,17:41:52,4.295399857,8.017299652,163.2469635,180.2561188,161.1464386,160.0046387,277.5640564,140.2060242,146.8774567,327.2893677,0.854683228,0.145316801,0.009634628,0.000315698
2020-12-09,17:41:53,4.310100174,8.01760025,163.2469635,180.2658234,161.1461792,160.0039215,277.5659485,140.2382813,146.8469543,327.2893677,0.854683228,0.145316801,0.009634628,0.000315698
2020-12-09,17:41:54,4.326100159,8.017900085,163.2469635,180.2787933,161.1463013,160.004364,277.5647278,140.2724915,146.8146362,327.2893677,0.854683228,0.145316801,0.009634628,0.000315698
2020-12-09,17:41:55,4.34090004,8.018199921,163.2480469,180.291626,161.1467438,160.0044708,277.5644836,140.3057709,146.7832336,327.2893677,0.854683228,0.145316801,0.009634628,0.000315698
2020-12-09,17:41:56,4.356200027,8.018399811,163.2480469,180.302597,161.145813,160.0045929,277.5641479,140.3383942,146.7524414,327.2893677,0.854683228,0.145316801,0.009634628,0.000315698
2020-12-09,17:41:57,4.371099854,8.018699646,163.2480469,180.3140869,161.1454926,160.0049896,277.5632019,140.3728943,146.7198486,327.2893677,0.854683228,0.145316801,0.009634628,0.000315698
2020-12-09,17:41:58,4.384600067,8.019000244,163.2480469,180.3259735,161.1459351,160.0046387,277.5640259,140.4072876,146.6873779,327.4117432,0.854683228,0.145316801,0.009634628,0.000315698
2020-12-09,17:41:59,4.39980011,8.019300079,163.2480469,180.338089,161.1453247,160.0046844,277.5638733,140.4418182,146.654892,327.4117432,0.854683228,0.145316801,0.009634628,0.000315698
2020-12-09,17:42:00,4.413600159,8.019599915,163.2480469,180.3504791,161.1463928,160.0046387,277.5639648,140.4756317,146.6230164,327.4117432,0.854683228,0.145316801,0.009634628,0.000315698
2020-12-09,17:42:01,4.42879982,8.01989975,163.2480469,180.3615875,161.146637,160.0045929,277.5641785,140.5110779,146.5895996,327.4117432,0.854683228,0.145316801,0.009634628,0.000315698
2020-12-09,17:42:02,4.441799927,8.020200348,163.2480469,180.3743896,161.1448212,160.0048676,277.563385,140.5457001,146.5570068,327.4117432,0.854683228,0.145316801,0.009634628,0.000315698
2020-12-09,17:42:03,4.455599976,8.020500183,163.2480469,180.3855896,161.1452332,160.0050964,277.5627441,140.5788727,146.5258942,327.4117432,0.854683228,0.145316801,0.009634628,0.000315698
2020-12-09,17:42:04,4.469900131,8.020800018,163.2480469,180.3985901,161.1462555,160.004425,277.5645752,140.6156616,146.4912872,327.4117432,0.854683228,0.145316801,0.009634628,0.000315698
2020-12-09,17:42:05,4.484000015,8.021099854,163.2490845,180.4115753,161.1451416,160.0049896,277.5631714,140.6524963,146.4565582,327.4117432,0.854683228,0.145316801,0.009634628,0.000315698
2020-12-09,17:42:06,4.497499847,8.021399689,163.2490845,180.4243622,161.1449585,160.0047455,277.5636597,140.6874847,146.4236298,327.4117432,0.854683228,0.145316801,0.009634628,0.000315698
2020-12-09,17:42:07,4.509899902,8.021700287,163.2490845,180.4354858,161.1457214,160.0050507,277.5630493,140.7222748,146.3910217,327.4117432,0.854683228,0.145316801,0.009634628,0.000315698
2020-12-09,17:42:08,4.523400116,8.022100067,163.2490845,180.4495392,161.1446686,160.0052032,277.5625,140.7597046,146.3559418,327.4117432,0.854683228,0.145316801,0.009634628,0.000316682
2020-12-09,17:42:09,4.536899948,8.022399902,163.2490845,180.4611053,161.1461334,160.0053253,277.5627136,140.7975311,146.3203888,327.4117432,0.854683228,0.145316801,0.009634628,0.000316682
2020-12-09,17:42:10,4.550299835,8.022699738,163.2490845,180.4732208,161.14534,160.005661,277.5613708,140.8329163,146.2871552,327.4117432,0.854683228,0.145316801,0.009634628,0.000316682
2020-12-09,17:42:11,4.564199829,8.023000336,163.2480774,180.487442,161.144577,160.0053711,277.5620117,140.8703461,146.2520447,327.4117432,0.854683228,0.145316801,0.009634628,0.000316682
2020-12-09,17:42:12,4.576800156,8.023300171,163.2490845,180.5007324,161.1452942,160.0053253,277.5622253,140.907486,146.2173157,327.4117432,0.854943085,0.145056896,0.009634628,0.000316682
2020-12-09,17:42:13,4.589500046,8.023699951,163.2490845,180.5127258,161.1447296,160.0058289,277.5608215,140.9459686,146.1812744,327.4117432,0.854943085,0.145056896,0.009634628,0.000316682
2020-12-09,17:42:14,4.601800156,8.023999786,163.2490845,180.5260162,161.1440277,160.0054779,277.5617371,140.981369,146.148056,327.4117432,0.85489151,0.1451085,0.009634628,0.000316682
2020-12-09,17:42:15,4.615299988,8.02440033,163.2490845,180.5395813,161.1448975,160.0050507,277.5629272,141.0202026,146.1117554,327.4117432,0.85489151,0.1451085,0.009634628,0.000316682
2020-12-09,17:42:16,4.627799988,8.024700165,163.2490845,180.55336,161.1443939,160.0057678,277.5609436,141.0576935,146.0766449,327.4117432,0.85489151,0.1451085,0.009634628,0.000316682
2020-12-09,17:42:17,4.640499878,8.025,163.2490845,180.5653992,161.1446228,160.0054321,277.5618896,141.0942078,146.042511,327.4117432,0.85489151,0.1451085,0.009634628,0.000316682
2020-12-09,17:42:18,4.652500153,8.025299835,163.2490845,180.5789642,161.1448822,160.0058289,277.5606995,141.134079,146.0052643,327.5361938,0.85489151,0.1451085,0.009634628,0.000316682
2020-12-09,17:42:19,4.665100098,8.025700378,163.2490845,180.5927124,161.1433105,160.0054779,277.5616455,141.1728821,145.9689941,327.5361938,0.85489151,0.1451085,0.009634628,0.000316682
2020-12-09,17:42:20,4.677000046,8.026000214,163.2501526,180.6063995,161.1442261,160.0059814,277.5603333,141.2129517,145.9316559,327.5361938,0.854897537,0.145102596,0.009634628,0.000316682
2020-12-09,17:42:21,4.690599823,8.026300049,163.2501526,180.6199188,161.1438446,160.0057068,277.5611267,141.2529449,145.8943024,327.5361938,0.854897537,0.145102596,0.009634628,0.000316682
2020-12-09,17:42:22,4.701200104,8.026699829,163.2501526,180.6325684,161.1441193,160.0060425,277.5602112,141.2910767,145.8587494,327.5361938,0.854897537,0.145102596,0.009634628,0.000316682
2020-12-09,17:42:23,4.713299942,8.026999664,163.2501526,180.6469727,161.144577,160.0057068,277.5612488,141.3309326,145.82164,327.5361938,0.854897537,0.145102596,0.009634628,0.000316682
2020-12-09,17:42:24,4.724200058,8.027400208,163.2501526,180.6599426,161.143692,160.0057678,277.5608521,141.3692474,145.7858887,327.5361938,0.854897537,0.145102596,0.009634628,0.000316682
2020-12-09,17:42:25,4.736899948,8.027700043,163.2491302,180.6737213,161.144577,160.0060883,277.5601501,141.4091187,145.7487793,327.5361938,0.854897537,0.145102596,0.009634628,0.000316682
2020-12-09,17:42:26,4.748799896,8.027999878,163.2501984,180.6882172,161.1432495,160.0058289,277.5594788,141.4503479,145.7104034,327.5361938,0.854897537,0.145102596,0.009634628,0.000316682
2020-12-09,17:42:27,4.761100006,8.028399658,163.2491608,180.7011261,161.1440582,160.006485,277.559021,141.4904175,145.6731262,327.5361938,0.854897537,0.145102596,0.009634628,0.000316682
2020-12-09,17:42:28,4.77179985,8.028700256,163.2491608,180.7160797,161.1430359,160.0061493,277.5597839,141.5289612,145.6372681,327.6917725,0.854897537,0.145102596,0.009634628,0.000316682
2020-12-09,17:42:29,4.782699966,8.029100037,163.2491608,180.7298584,161.1434174,160.006546,277.5588074,141.5700836,145.5990295,327.6917725,0.854897537,0.145102596,0.009634628,0.000316682
2020-12-09,17:42:30,4.795299911,8.029399872,163.2491608,180.7434845,161.1443176,160.0066376,277.5585022,141.6118011,145.5603027,327.6917725,0.854897537,0.145102596,0.009634628,0.000316682
2020-12-09,17:42:31,4.806000137,8.029799652,163.2491608,180.7583618,161.1429749,160.0068054,277.558136,141.6520691,145.5229187,327.6917725,0.854897537,0.145102596,0.009634628,0.000316682
2020-12-09,17:42:32,4.816999817,8.03010025,163.2491608,180.7725067,161.1424103,160.0062408,277.5596008,141.6914978,145.4863129,327.6917725,0.854897537,0.145102596,0.009634628,0.000316682
2020-12-09,17:42:33,4.827600098,8.030500031,163.2501831,180.7846222,161.1431427,160.0064087,277.5591431,141.7316284,145.4490662,327.6917725,0.854897537,0.145102596,0.009634628,0.000316682
2020-12-09,17:42:34,4.838700104,8.030799866,163.2501831,180.7998505,161.1426086,160.0068054,277.5581665,141.7736359,145.4101257,327.6917725,0.854897537,0.145102596,0.009634628,0.000316682
2020-12-09,17:42:35,4.84980011,8.031199646,163.2501831,180.8145142,161.1432037,160.0067444,277.5582886,141.8156738,145.3711548,327.6917725,0.854897537,0.145102596,0.009634628,0.000316682
2020-12-09,17:42:36,4.860599899,8.031500244,163.2501831,180.8283539,161.1416931,160.006958,277.5576477,141.855835,145.3340149,327.6917725,0.854897537,0.145102596,0.009634628,0.000316682
2020-12-09,17:42:37,4.87140007,8.031900024,163.2512054,180.8428802,161.1420898,160.006546,277.5588074,141.8974609,145.295517,327.6917725,0.854897537,0.145102596,0.009634628,0.000316682
2020-12-09,17:42:38,4.882600021,8.03219986,163.2512054,180.8575287,161.141861,160.0063629,277.5592957,141.9397888,145.2563171,327.8212585,0.854897537,0.145102596,0.009634628,0.000316552
2020-12-09,17:42:39,4.893299866,8.03239975,163.2512054,180.8720398,161.1427765,160.0066376,277.5584717,141.9820404,145.2172699,327.8212585,0.854897537,0.145102596,0.009634628,0.000316552
2020-12-09,17:42:40,4.902799988,8.030400085,163.2501831,180.8860626,161.1419525,160.006485,277.5588989,142.021637,145.1806946,327.8212585,0.854879532,0.145120401,0.009634628,0.000316552
2020-12-09,17:42:41,4.913499832,8.027999878,163.2511902,180.9004822,161.1410217,160.0073242,277.5566406,142.0641785,145.1413422,327.8212585,0.854879532,0.145120401,0.009634628,0.000316552
2020-12-09,17:42:42,4.923300171,8.025499725,163.2511902,180.915741,161.1420593,160.00737,277.5567322,142.1054993,145.1032104,327.8212585,0.854895477,0.145104504,0.009634628,0.000316552
2020-12-09,17:42:43,4.93409996,8.023200226,163.2511902,180.9299316,161.1416473,160.0075989,277.5559998,142.1466675,145.0652313,327.8212585,0.854895477,0.145104504,0.009634628,0.000316552
2020-12-09,17:42:44,4.942100143,8.020800018,163.2511902,180.9435577,161.1423035,160.00737,277.5565796,142.1882172,145.0269012,327.8212585,0.854895477,0.145104504,0.009634628,0.000316552
2020-12-09,17:42:45,4.949200058,8.018800354,163.2511902,180.9584045,161.1414185,160.0071259,277.5572205,142.2319336,144.9865723,327.8212585,0.854895477,0.145104504,0.009634628,0.000316552
2020-12-09,17:42:46,4.955799866,8.017500305,163.2511902,180.9732361,161.1423035,160.0067444,277.5582886,142.272583,144.9491882,327.8212585,0.854895477,0.145104504,0.009634628,0.000316566
2020-12-09,17:42:47,4.960599899,8.016000366,163.2511902,180.9883728,161.141571,160.0065765,277.5586243,142.3141785,144.9108429,327.8212585,0.854895477,0.145104504,0.009634628,0.000316566
2020-12-09,17:42:48,4.964799881,8.014600372,163.2511902,181.0021667,161.1406555,160.0072021,277.5568848,142.3571167,144.8713531,327.8212585,0.854895477,0.145104504,0.009634628,0.000316566
2020-12-09,17:42:49,4.969300079,8.013300323,163.2511902,181.0174103,161.1414642,160.0068054,277.558075,142.400177,144.8318176,327.8212585,0.854895477,0.145104504,0.009634628,0.000316566
2020-12-09,17:42:50,4.973799896,8.012000275,163.2511902,181.0328064,161.1398621,160.0078583,277.5552673,142.4437408,144.7917633,327.8212585,0.854895477,0.145104504,0.009634628,0.000316624
2020-12-09,17:42:51,4.97820015,8.011000061,163.2511902,181.047287,161.141037,160.007019,277.5574646,142.4844971,144.7542419,327.8212585,0.854895477,0.145104504,0.009634628,0.000316624
2020-12-09,17:42:52,4.983100128,8.010500336,163.2501831,181.0623627,161.1405792,160.0073242,277.5567322,142.5287323,144.7136383,327.8212585,0.854895477,0.145104504,0.009634628,0.000316552
2020-12-09,17:42:53,4.987599945,8.010099792,163.2511902,181.0770111,161.1407776,160.0068665,277.5578003,142.5717316,144.6742401,327.9741516,0.854895477,0.145104504,0.009634628,0.000316552
2020-12-09,17:42:54,4.992300034,8.009799957,163.2511902,181.0925751,161.1403809,160.0066986,277.5584412,142.6126099,144.6367035,327.9741516,0.854895477,0.145104504,0.009634628,0.000316552
2020-12-09,17:42:55,4.996900177,8.009500122,163.2511902,181.1074829,161.1410217,160.0073242,277.5567017,142.6555328,144.59729,327.9741516,0.854895477,0.145104504,0.009634628,0.000316552
2020-12-09,17:42:56,5.000999832,8.009200287,163.2511902,181.1220245,161.1399231,160.0066376,277.5585632,142.6980591,144.5583191,327.9741516,0.854844894,0.145155096,0.009634628,0.000316552
2020-12-09,17:42:57,5.002999878,8.008899689,163.2511902,181.1367035,161.140686,160.0068665,277.5580444,142.7388611,144.5209808,327.9741516,0.854844894,0.145155096,0.009634628,0.000316552
2020-12-09,17:42:58,5.002199936,8.008699799,163.2511902,181.1511841,161.1397247,160.0066986,277.5584412,142.782196,144.4812775,327.9741516,0.854844894,0.145155096,0.009634628,0.000316552
2020-12-09,17:42:59,5.0,8.008399963,163.2511902,181.1675415,161.1405792,160.0072021,277.5569763,142.8253784,144.4418182,327.9741516,0.854844894,0.145155096,0.009634628,0.000316552
2020-12-09,17:43:00,4.997999954,8.008200073,163.2511902,181.1824951,161.1396179,160.0068665,277.5579834,142.8681793,144.4026337,327.9741516,0.854844894,0.145155096,0.009634628,0.000316552
2020-12-09,17:43:01,4.997600174,8.007900238,163.2511902,181.1967773,161.1400604,160.0065765,277.5586243,142.9092255,144.3652039,327.9741516,0.854844894,0.145155096,0.009634628,0.000316552
2020-12-09,17:43:02,4.997299957,8.007700348,163.2511902,181.2124786,161.1389008,160.006485,277.559021,142.9521332,144.3258972,327.9741516,0.854844894,0.145155096,0.009634628,0.000316552
2020-12-09,17:43:03,4.997399902,8.007499695,163.2521973,181.22789,161.138443,160.0066986,277.5584412,142.9956207,144.2861938,328.1816406,0.854844894,0.145155096,0.009634628,0.000316552
2020-12-09,17:43:04,4.997299957,8.007299805,163.2521973,181.2425385,161.1392822,160.006485,277.5591125,143.0371399,144.2484131,328.1816406,0.854844894,0.145155096,0.009634628,0.000316552
2020-12-09,17:43:05,4.997399902,8.007099915,163.2521973,181.257431,161.1387177,160.0061493,277.559845,143.0786285,144.2105103,328.1816406,0.854844894,0.145155096,0.009634628,0.000316552
2020-12-09,17:43:06,4.997299957,8.006900024,163.2521973,181.2720795,161.1384125,160.0059204,277.5605469,143.1205444,144.1723022,328.1816406,0.854844894,0.145155096,0.009634628,0.000315698
2020-12-09,17:43:07,4.997700119,8.006700134,163.2521973,181.2868042,161.1396942,160.0062408,277.5596008,143.1635437,144.1331329,328.1816406,0.854844894,0.145155096,0.009634628,0.000315698
2020-12-09,17:43:08,4.998099899,8.006400299,163.2521973,181.3029785,161.1392517,160.0063629,277.5592651,143.2052612,144.0952301,328.1816406,0.854844894,0.145155096,0.009634628,0.000315698
2020-12-09,17:43:09,4.997999954,8.006500244,163.2521973,181.3184509,161.1383972,160.0060425,277.5603027,143.2457733,144.0582886,328.1816406,0.854844894,0.145155096,0.009634628,0.000315698
2020-12-09,17:43:10,4.998699951,8.006099701,163.2521973,181.3317566,161.1389465,160.0059814,277.5601196,143.2877502,144.0200958,328.1816406,0.854844894,0.145155096,0.009634628,0.000315698
2020-12-09,17:43:11,5.0,8.005899811,163.2521973,181.3472137,161.1378632,160.0058594,277.5606384,143.3310547,143.9807281,328.1816406,0.854844894,0.145155096,0.009634628,0.000315698
2020-12-09,17:43:12,5.001200104,8.005699921,163.2521973,181.3604431,161.1393433,160.0057678,277.5610962,143.3699188,143.9453735,328.1816406,0.854844894,0.145155096,0.009634628,0.000315698
2020-12-09,17:43:13,5.001900101,8.005500031,163.2521973,181.3761444,161.1380615,160.0062408,277.5596008,143.4121857,143.9070282,328.2832642,0.854844894,0.145155096,0.009634628,0.000315698
2020-12-09,17:43:14,5.002399826,8.005400085,163.2521973,181.3924103,161.1389008,160.0057678,277.5608826,143.4550171,143.8680573,328.2832642,0.854844894,0.145155096,0.009634628,0.000315698
2020-12-09,17:43:15,5.002600098,8.005200195,163.2521973,181.4060669,161.1376801,160.0057678,277.5610046,143.4931488,143.8336029,328.2832642,0.854844894,0.145155096,0.009634628,0.000315698
2020-12-09,17:43:16,5.00320015,8.005000305,163.2532043,181.4211578,161.1380615,160.0060883,277.5599976,143.5349274,143.7956085,328.2832642,0.854844894,0.145155096,0.009634628,0.000315698
2020-12-09,17:43:17,5.003499985,8.004799652,163.252182,181.4360352,161.1373138,160.0057068,277.5612488,143.5766449,143.7578125,328.2832642,0.854844894,0.145155096,0.009634628,0.000315698
2020-12-09,17:43:18,5.003699875,8.004699707,163.252182,181.450531,161.1387787,160.0054321,277.5618286,143.6170502,143.7212372,328.2832642,0.85480423,0.145195799,0.009634628,0.000315698
2020-12-09,17:43:19,5.004000092,8.004499817,163.252182,181.464035,161.1371613,160.0055237,277.561615,143.6590729,143.6832428,328.2832642,0.85480423,0.145195799,0.009634628,0.000315698
2020-12-09,17:43:20,5.004299927,8.004399872,163.252182,181.4797821,161.1377869,160.0052032,277.5624695,143.6976776,143.6482849,328.2832642,0.85480423,0.145195799,0.009634628,0.000315698
2020-12-09,17:43:21,5.004499817,8.004199982,163.252182,181.4946899,161.1368103,160.0047455,277.5637207,143.7381897,143.6116028,328.2832642,0.85480423,0.145195799,0.009634628,0.000315698
2020-12-09,17:43:22,5.004899979,8.004100037,163.252182,181.5088959,161.1373291,160.0052032,277.5624695,143.7787476,143.5749664,328.2832642,0.85480423,0.145195799,0.009634628,0.000316682
2020-12-09,17:43:23,5.005099869,8.003900146,163.252182,181.5230103,161.1363983,160.0053253,277.5622253,143.8175507,143.5399323,328.4559021,0.85480423,0.145195799,0.009634628,0.000316682
2020-12-09,17:43:24,5.00530014,8.003800201,163.252182,181.5369568,161.1372223,160.0052643,277.5624695,143.8566437,143.5046387,328.4559021,0.85480423,0.145195799,0.009634628,0.000316682
2020-12-09,17:43:25,5.005500031,8.003600311,163.2532196,181.5524139,161.1361694,160.0050964,277.5617676,143.8966827,143.4683685,328.4559021,0.85480423,0.145195799,0.009634628,0.000316682
2020-12-09,17:43:26,5.005699921,8.003500366,163.2532196,181.5660095,161.1368103,160.0057068,277.5624084,143.9346619,143.4341431,328.4559021,0.85480423,0.145195799,0.009634628,0.000316682
2020-12-09,17:43:27,5.005899811,8.003399658,163.2532196,181.5815582,161.1365356,160.0046387,277.5640259,143.9745331,143.3981781,328.4559021,0.85480423,0.145195799,0.009634628,0.000316682
2020-12-09,17:43:28,5.006200027,8.003299713,163.2532196,181.5957642,161.1357574,160.0052032,277.5625916,144.0138397,143.3627319,328.4559021,0.85480423,0.145195799,0.009634628,0.000316552
2020-12-09,17:43:29,5.006499863,8.003199768,163.2521515,181.6095428,161.1363068,160.0047913,277.5635681,144.0505219,143.3296967,328.4559021,0.85480423,0.145195799,0.009634628,0.000316552
2020-12-09,17:43:30,5.006800079,8.003099823,163.2521515,181.6232605,161.1355438,160.0050507,277.5630493,144.0899048,143.2942963,328.4559021,0.85480423,0.145195799,0.009634628,0.000316552
2020-12-09,17:43:31,5.006999969,8.002999878,163.2531586,181.6382141,161.1363525,160.0049896,277.5631409,144.1275787,143.2602997,328.4559021,0.85480423,0.145195799,0.009634628,0.000316552
2020-12-09,17:43:32,5.007300186,8.002799988,163.2531586,181.6523743,161.1357574,160.0045929,277.5641785,144.1663513,143.2254181,328.4559021,0.85480423,0.145195799,0.009634628,0.000316552
2020-12-09,17:43:33,5.007600021,8.002700043,163.2531586,181.668045,161.1361847,160.0041504,277.5654907,144.2037048,143.1918182,328.583374,0.85480423,0.145195799,0.009634628,0.000316552
2020-12-09,17:43:34,5.007799911,8.002600098,163.2531586,181.6812134,161.1359558,160.0042572,277.5649719,144.2400818,143.1592255,328.583374,0.85480423,0.145195799,0.009634628,0.000316552
2020-12-09,17:43:35,5.008000183,8.002500153,163.2531586,181.6963806,161.1356964,160.0045319,277.5643005,144.2770691,143.1259003,328.583374,0.85480423,0.145195799,0.009634628,0.000316552
2020-12-09,17:43:36,5.008200073,8.002400208,163.2531586,181.7108002,161.1352844,160.0042572,277.5649719,144.3149414,143.0918579,328.583374,0.85480423,0.145195799,0.009634628,0.000316552
2020-12-09,17:43:37,5.008300018,8.002300262,163.2531586,181.7246857,161.1350098,160.0046387,277.5639343,144.3516998,143.0588989,328.583374,0.85480423,0.145195799,0.009634628,0.000316552
2020-12-09,17:43:38,5.00870018,8.002200317,163.2531586,181.7386169,161.135437,160.0040436,277.5656433,144.387558,143.0266724,328.583374,0.85480423,0.145195799,0.009634628,0.000316552
2020-12-09,17:43:39,5.00890007,8.002200317,163.2531586,181.7534027,161.1345215,160.0045929,277.5641479,144.4239044,142.9941101,328.583374,0.85480423,0.145195799,0.009634628,0.000316552
2020-12-09,17:43:40,5.00909996,8.001999664,163.2531586,181.7666168,161.1357727,160.0040894,277.5656128,144.4606781,142.9611664,328.583374,0.85480423,0.145195799,0.009634628,0.000316552
2020-12-09,17:43:41,5.009000015,8.001999664,163.2531586,181.7809753,161.1354218,160.0042114,277.5652161,144.4951935,142.9302216,328.583374,0.85480423,0.145195799,0.009634628,0.000316552
2020-12-09,17:43:42,5.009600067,8.001899719,163.2531586,181.7956696,161.1347198,160.0036316,277.5667114,144.5309296,142.8982086,328.583374,0.85480423,0.145195799,0.009634628,0.000316552
2020-12-09,17:43:43,5.009700012,8.001799774,163.2531586,181.8097229,161.1354675,160.0041504,277.5654602,144.566391,142.8664856,328.7723389,0.85480423,0.145195799,0.009634628,0.000316552
2020-12-09,17:43:44,5.009899902,8.001699829,163.2542114,181.8223877,161.1358337,160.0036316,277.566803,144.6000519,142.836319,328.7723389,0.85480423,0.145195799,0.009634628,0.000316552
2020-12-09,17:43:45,5.010200119,8.001599884,163.2531891,181.8371124,161.1345825,160.0043182,277.5649414,144.6345978,142.8054352,328.7723389,0.85480423,0.145195799,0.009634628,0.000316552
2020-12-09,17:43:46,5.009999847,8.001499939,163.2531891,181.8516235,161.1355438,160.0038757,277.5661926,144.6707001,142.7732086,328.7723389,0.85480423,0.145195799,0.009634628,0.000315698
2020-12-09,17:43:47,5.010599899,8.001599884,163.2531891,181.8661041,161.1343384,160.0041504,277.5654602,144.7054443,142.742157,328.7723389,0.85480423,0.145195799,0.009634628,0.000315698
2020-12-09,17:43:48,5.010900116,8.001399994,163.254303,181.8796692,161.134613,160.0036316,277.5667419,144.7393799,142.7118378,328.7723389,0.85480423,0.145195799,0.009634628,0.000315698
2020-12-09,17:43:49,5.011100006,8.001300049,163.254303,181.8943176,161.1349335,160.0039215,277.5659485,144.7723694,142.6823273,328.7723389,0.85480423,0.145195799,0.009634628,0.000315698
2020-12-09,17:43:50,5.011399841,8.001200104,163.254303,181.9077301,161.1338501,160.0036316,277.5667419,144.8057861,142.6524811,328.7723389,0.85480423,0.145195799,0.009634628,0.000315698
2020-12-09,17:43:51,5.011700058,8.001200104,163.254303,181.9218597,161.1350098,160.0038147,277.5663757,144.8404388,142.6215973,328.7723389,0.85480423,0.145195799,0.009634628,0.000315698
2020-12-09,17:43:52,5.011999893,8.001100159,163.254303,181.9352264,161.1347351,160.003418,277.5674133,144.8731232,142.5924683,328.7723389,0.85480423,0.145195799,0.009634628,0.000315698
2020-12-09,17:43:53,5.012200165,8.001000214,163.254303,181.949646,161.1345062,160.0031433,277.5680237,144.9067383,142.5625,328.7723389,0.85480423,0.145195799,0.009634628,0.000315698
2020-12-09,17:43:54,5.0125,8.001000214,163.254303,181.9632416,161.1347656,160.003418,277.5673828,144.9396667,142.5330963,328.7723389,0.85480423,0.145195799,0.009634628,0.000315698
2020-12-09,17:43:55,5.012799835,8.000900269,163.254303,181.9765778,161.1339722,160.0031433,277.5681763,144.9710846,142.5051117,328.7723389,0.85480423,0.145195799,0.009634628,0.000315698
2020-12-09,17:43:56,5.013100052,8.000800323,163.254303,181.9919434,161.1346588,160.0035706,277.5669556,145.004425,142.4754333,328.7723389,0.85480423,0.145195799,0.009634628,0.000315698
2020-12-09,17:43:57,5.013299942,8.000900269,163.254303,182.0057526,161.1338501,160.0030823,277.5682678,145.036911,142.4464874,328.7723389,0.85480423,0.145195799,0.009634628,0.000315698
2020-12-09,17:43:58,5.013600159,8.000700378,163.254303,182.02005,161.1342468,160.003479,277.5675354,145.0687256,142.4182129,328.9716187,0.85480423,0.145195799,0.009634628,0.000315698
2020-12-09,17:43:59,5.013499832,8.000700378,163.254303,182.033432,161.134079,160.0036316,277.5666809,145.0992279,142.3910675,328.9716187,0.85480423,0.145195799,0.009634628,0.000315698
2020-12-09,17:44:00,5.014099884,8.00059967,163.254303,182.0463104,161.1336212,160.0028534,277.5688171,145.1307068,142.3630829,328.9716187,0.85480423,0.145195799,0.009634628,0.000316552
2020-12-09,17:44:01,5.014300156,8.000499725,163.254303,182.061264,161.1334229,160.0029755,277.5685425,145.1622772,142.3350372,328.9716187,0.85480423,0.145195799,0.009634628,0.000316552
2020-12-09,17:44:02,5.014599991,8.000499725,163.254303,182.0746002,161.134903,160.0027008,277.5694275,145.1928711,142.3078613,328.9716187,0.85480423,0.145195799,0.009634628,0.000316552
2020-12-09,17:44:03,5.014899826,8.00039978,163.2553406,182.0887299,161.1340637,160.0030212,277.5684509,145.2233124,142.2807617,328.9716187,0.85480423,0.145195799,0.009634628,0.000316552
2020-12-09,17:44:04,5.015200043,8.00039978,163.2553406,182.1018677,161.1344604,160.0028534,277.5689087,145.2532349,142.2542267,328.9716187,0.85480423,0.145195799,0.009634628,0.000316552
2020-12-09,17:44:05,5.015599823,8.000299835,163.2553406,182.1163177,161.1333923,160.0030823,277.5683594,145.2840271,142.2269287,328.9716187,0.85480423,0.145195799,0.009634628,0.000316552
2020-12-09,17:44:06,5.015999985,8.000299835,163.2553406,182.1296692,161.1340637,160.0023651,277.5702515,145.3151093,142.1994324,328.9716187,0.85480423,0.145195799,0.009634628,0.000316552
2020-12-09,17:44:07,5.016400146,8.00019989,163.2543335,182.1425323,161.1327362,160.0028534,277.5687866,145.3437805,142.1739502,328.9716187,0.85480423,0.145195799,0.009634628,0.000316552
2020-12-09,17:44:08,5.016899872,8.00019989,163.2543335,182.1574402,161.1332703,160.0023041,277.5704041,145.3737183,142.1473846,329.1231384,0.85484993,0.145150204,0.009634628,0.000316552
2020-12-09,17:44:09,5.017300034,8.000099945,163.2553406,182.1711273,161.133667,160.0030212,277.5684814,145.4029388,142.121521,329.1231384,0.85484993,0.145150204,0.009634628,0.000316552
2020-12-09,17:44:10,5.01780014,8.00019989,163.2553406,182.1838074,161.1339417,160.0024261,277.5701294,145.4312286,142.096405,329.1231384,0.85484993,0.145150204,0.009634628,0.000316552
2020-12-09,17:44:11,5.018299866,8.000099945,163.2553406,182.1977386,161.1342468,160.0021362,277.5708313,145.4606476,142.0704956,329.1231384,0.85484993,0.145150204,0.009634628,0.000316552
2020-12-09,17:44:12,5.018799973,8.0,163.2553406,182.2110748,161.1347351,160.0024261,277.5700378,145.490509,142.0439606,329.1231384,0.85484993,0.145150204,0.009634628,0.000316552
2020-12-09,17:44:13,5.019400024,8.0,163.2553406,182.2241669,161.1333923,160.0020905,277.5709839,145.5176697,142.019989,329.1231384,0.85484993,0.145150204,0.009634628,0.000316552
2020-12-09,17:44:14,5.019900131,8.0,163.254303,182.2380371,161.1326904,160.0017242,277.5720215,145.5457764,141.9950256,329.1231384,0.85484993,0.145150204,0.009634628,0.000316552
2020-12-09,17:44:15,5.020500183,7.999900055,163.2553253,182.2507172,161.1344147,160.0015411,277.5726013,145.574173,141.9699707,329.1231384,0.85484993,0.145150204,0.009634628,0.000316552
2020-12-09,17:44:16,5.020999908,8.0,163.2563782,182.2658234,161.1334991,160.0017242,277.572113,145.6027374,141.9447327,329.1231384,0.85484993,0.145150204,0.009634628,0.000316552
2020-12-09,17:44:17,5.02159996,7.99980011,163.2553406,182.2804565,161.133667,160.0018158,277.5717163,145.631485,141.9193115,329.1231384,0.85484993,0.145150204,0.009634628,0.000316552
2020-12-09,17:44:18,5.022000122,7.99980011,163.2563477,182.2915955,161.1323242,160.0018768,277.5715942,145.6582031,141.8957825,329.1231384,0.85484993,0.145150204,0.009634628,0.000316552
2020-12-09,17:44:19,5.022600174,7.99980011,163.2563477,182.3063202,161.1333313,160.0017242,277.5719604,145.684845,141.8721924,329.1231384,0.85484993,0.145150204,0.009634628,0.000316552
2020-12-09,17:44:20,5.023400116,7.999700165,163.2563477,182.3194733,161.133667,160.0013885,277.572937,145.713089,141.8473206,329.1231384,0.85484993,0.145150204,0.009634628,0.000316552
2020-12-09,17:44:21,5.023799896,7.99980011,163.2563477,182.332428,161.1338043,160.0020447,277.5712891,145.7396393,141.8238068,329.1231384,0.85484993,0.145150204,0.009634628,0.000316552
2020-12-09,17:44:22,5.024300003,7.999700165,163.2552948,182.3454437,161.132843,160.0021973,277.5707703,145.7662811,141.8003387,329.1231384,0.85484993,0.145150204,0.009634628,0.000316552
2020-12-09,17:44:23,5.025099945,7.99960022,163.2552948,182.3591461,161.134201,160.0012665,277.5733948,145.7934875,141.776413,329.2449646,0.85484993,0.145150204,0.009634628,0.000316552
2020-12-09,17:44:24,5.025799942,7.999700165,163.2552948,182.3728333,161.1343689,160.0011444,277.5730591,145.8187256,141.7540588,329.2449646,0.85484993,0.145150204,0.009634628,0.000316552
2020-12-09,17:44:25,5.026100159,7.99960022,163.2552948,182.3858185,161.13414,160.0014191,277.5727844,145.8449554,141.7310333,329.2449646,0.85484993,0.145150204,0.009634628,0.000316552
2020-12-09,17:44:26,5.026699829,7.99960022,163.2552948,182.4000244,161.1335907,160.0009766,277.5740356,145.8717957,141.7072754,329.2449646,0.85484993,0.145150204,0.009634628,0.000315626
2020-12-09,17:44:27,5.027299881,7.999500275,163.2552948,182.413208,161.1339111,160.0017242,277.571991,145.8975983,141.6845398,329.2449646,0.85484993,0.145150204,0.009634628,0.000315626
2020-12-09,17:44:28,5.027700043,7.999500275,163.2563477,182.4262695,161.1328583,160.0009766,277.5742188,145.9217987,141.6633453,329.2449646,0.85484993,0.145150204,0.009634628,0.000315626
2020-12-09,17:44:29,5.02840004,7.999500275,163.2563477,182.4392395,161.1342316,160.0013885,277.572876,145.9482727,141.6400604,329.2449646,0.85484993,0.145150204,0.009634628,0.000315626
2020-12-09,17:44:30,5.028900146,7.999500275,163.2563477,182.4524994,161.1338043,160.0006409,277.5749207,145.973938,141.6175079,329.2449646,0.85484993,0.145150204,0.009634628,0.00031661
2020-12-09,17:44:31,5.029499817,7.99940033,163.2563477,182.4655914,161.1330719,160.0004272,277.5756531,145.9990234,141.5953979,329.2449646,0.85484993,0.145150204,0.009634628,0.00031661
2020-12-09,17:44:32,5.030199814,7.99940033,163.2563477,182.479187,161.1338043,160.0007477,277.5746155,146.0228119,141.5744781,329.2449646,0.85484993,0.145150204,0.009634628,0.00031661
2020-12-09,17:44:33,5.030699921,7.999500275,163.2563477,182.4927368,161.1329651,160.0010834,277.573761,146.0482635,141.5520172,329.2449646,0.85484993,0.145150204,0.009634628,0.00031661
2020-12-09,17:44:34,5.031100082,7.99940033,163.2563477,182.5069885,161.1338806,160.0005798,277.5751343,146.0728302,141.5304718,329.2449646,0.85484993,0.145150204,0.009634628,0.00031661
2020-12-09,17:44:35,5.031800079,7.99940033,163.2563477,182.5189056,161.1342621,160.0008698,277.5743713,146.0963593,141.5098114,329.2449646,0.85484993,0.145150204,0.009634628,0.00031661
2020-12-09,17:44:36,5.03219986,7.999299622,163.2563477,182.5318146,161.1345215,160.0005798,277.5752563,146.1213074,141.487915,329.2449646,0.85484993,0.145150204,0.009634628,0.00031661
2020-12-09,17:44:37,5.032799911,7.999299622,163.2563477,182.5460815,161.1328888,160.0004883,277.5755005,146.1456299,141.4665985,329.2449646,0.85484993,0.145150204,0.009634628,0.00031661
2020-12-09,17:44:38,5.033399963,7.999299622,163.2563477,182.5592957,161.1342316,160.0008698,277.5744629,146.1698914,141.4452209,329.2449646,0.854805222,0.145194798,0.009634628,0.00031661
2020-12-09,17:44:39,5.034000015,7.999299622,163.2563477,182.5718842,161.1345978,160.0011444,277.5736389,146.1920013,141.4258423,329.2449646,0.854805222,0.145194798,0.009634628,0.00031661
2020-12-09,17:44:40,5.034400177,7.999199677,163.2563477,182.5851288,161.1347809,160.0006409,277.5749207,146.2158051,141.4049225,329.2449646,0.854814072,0.145185804,0.009634628,0.00031661
2020-12-09,17:44:41,5.034999847,7.999299622,163.2563477,182.5977173,161.1343689,160.0010376,277.5739136,146.2396851,141.3852844,329.2449646,0.854814072,0.145185804,0.009634628,0.00031661
2020-12-09,17:44:42,5.035599899,7.999099731,163.2563477,182.6113586,161.1345673,160.0002594,277.5761108,146.2613068,141.365097,329.2449646,0.854814072,0.145185804,0.009634628,0.00031661
2020-12-09,17:44:43,5.036100006,7.999199677,163.2563477,182.6235809,161.13414,160.0005798,277.5752869,146.2848511,141.3444672,329.3735657,0.854814072,0.145185804,0.009634628,0.00031661
2020-12-09,17:44:44,5.036500168,7.99940033,163.2563477,182.6376648,161.133606,160.0003662,277.5757751,146.3075256,141.3245697,329.3735657,0.854814072,0.145185804,0.009634628,0.00031661
2020-12-09,17:44:45,5.037099838,7.999700165,163.2563477,182.649826,161.1344757,160.0000153,277.5767212,146.3304443,141.3044434,329.3735657,0.854814072,0.145185804,0.009634628,0.00031661
2020-12-09,17:44:46,5.037400055,8.0,163.2563477,182.6634216,161.1339874,160.0002594,277.5760193,146.3529358,141.284729,329.3735657,0.854814072,0.145185804,0.009634628,0.00031661
2020-12-09,17:44:47,5.038000107,8.000299835,163.2563477,182.6759796,161.1345062,160.0004272,277.5756226,146.3745728,141.2658081,329.3735657,0.854814072,0.145185804,0.009634628,0.00031661
2020-12-09,17:44:48,5.038499832,8.00059967,163.2563477,182.6897888,161.1348419,159.9998627,277.5771179,146.3975983,141.2457123,329.3735657,0.854814072,0.145185804,0.009634628,0.00031661
2020-12-09,17:44:49,5.038999939,8.000900269,163.2563477,182.7034454,161.1340637,160.0000153,277.5766907,146.4191437,141.2268219,329.3735657,0.854814072,0.145185804,0.009634628,0.00031661
2020-12-09,17:44:50,5.039500046,8.001200104,163.2563477,182.7151031,161.1338654,160.0000153,277.5765991,146.4408417,141.20784,329.3735657,0.854814072,0.145185804,0.009634628,0.00031661
2020-12-09,17:44:51,5.039899826,8.001499939,163.2563477,182.7285004,161.1346588,160.0003204,277.5758362,146.4628296,141.1886597,329.3735657,0.854814072,0.145185804,0.009634628,0.00031661
2020-12-09,17:44:52,5.040499878,8.001899719,163.2563477,182.7414246,161.1343842,159.999588,277.5778503,146.4849701,141.16922,329.3735657,0.854814072,0.145185804,0.009634628,0.00031661
2020-12-09,17:44:53,5.040800095,8.002200317,163.2573547,182.7541199,161.1342926,160.0001526,277.5763245,146.5059052,141.1509247,329.3735657,0.854814072,0.145185804,0.009634628,0.00031661
2020-12-09,17:44:54,5.04109993,8.002500153,163.2573547,182.767334,161.1348419,159.9996948,277.5776062,146.5275269,141.1320496,329.3735657,0.854814072,0.145185804,0.009634628,0.00031661
2020-12-09,17:44:55,5.041799927,8.002799988,163.2573547,182.7797241,161.1351624,159.9993744,277.5785217,146.548645,141.1136017,329.3735657,0.854814072,0.145185804,0.009634628,0.00031661
2020-12-09,17:44:56,5.042200089,8.003099823,163.2573547,182.7939758,161.1342621,159.999588,277.5778503,146.5708923,141.0941467,329.3735657,0.854814072,0.145185804,0.009634628,0.00031661
2020-12-09,17:44:57,5.042599869,8.003399658,163.2573547,182.8051147,161.1353912,159.9992523,277.5788269,146.5904846,141.0770874,329.3735657,0.854814072,0.145185804,0.009634628,0.00031661
2020-12-09,17:44:58,5.043000031,8.003600311,163.2573547,182.8191071,161.1348724,159.9991302,277.5792236,146.6112518,141.0590057,329.3735657,0.854814072,0.145185804,0.009634628,0.00031661
2020-12-09,17:44:59,5.043600082,8.003900146,163.2573547,182.8320007,161.1342468,159.9994659,277.5780334,146.6319122,141.0408783,329.3735657,0.854814072,0.145185804,0.009634628,0.00031661
2020-12-09,17:45:00,5.044200134,8.004199982,163.2573547,182.8450317,161.134964,159.9989777,277.5795288,146.65271,141.0227661,329.3735657,0.854814072,0.145185804,0.009634628,0.00031661
2020-12-09,17:45:01,5.044400024,8.004499817,163.2573547,182.857605,161.1345673,159.9996338,277.5777588,146.6717834,141.0060577,329.3735657,0.854814072,0.145185804,0.009634628,0.00031661
2020-12-09,17:45:02,5.044800186,8.004699707,163.2573547,182.8700409,161.1351166,159.9991302,277.5791321,146.6926117,140.9879456,329.3735657,0.854814072,0.145185804,0.009634628,0.00031661
2020-12-09,17:45:03,5.045299911,8.005000305,163.2573547,182.8835144,161.1347351,159.9989777,277.5795593,146.7135773,140.9697266,329.5037842,0.854814072,0.145185804,0.009634628,0.00031661
2020-12-09,17:45:04,5.045899963,8.00530014,163.2573547,182.8958435,161.1349945,159.9992523,277.5787354,146.7322083,140.9534149,329.5037842,0.854814072,0.145185804,0.009634628,0.00031661
2020-12-09,17:45:05,5.04620018,8.005500031,163.2583923,182.9084778,161.1357117,159.9991302,277.5789795,146.7516632,140.9364929,329.5037842,0.854814072,0.145185804,0.009634628,0.00031661
2020-12-09,17:45:06,5.04659996,8.005699921,163.2573853,182.9212799,161.1358948,159.9991302,277.5791931,146.7714539,140.919281,329.5037842,0.854814072,0.145185804,0.009634628,0.00031661
2020-12-09,17:45:07,5.047000122,8.005999756,163.2573853,182.9347229,161.1349182,159.9990387,277.5794983,146.7914429,140.9018402,329.5037842,0.854814072,0.145185804,0.009634628,0.00031661
2020-12-09,17:45:08,5.047499847,8.006199646,163.2573853,182.945694,161.1355438,159.9991302,277.579071,146.8103027,140.885376,329.5037842,0.854814072,0.145185804,0.009634628,0.00031661
2020-12-09,17:45:09,5.047900009,8.006500244,163.2573853,182.9593811,161.1351624,159.9986572,277.5805359,146.8292084,140.8688965,329.5037842,0.854814072,0.145185804,0.009634628,0.00031661
2020-12-09,17:45:10,5.048099899,8.006700134,163.2573853,182.9711761,161.1358032,159.9988708,277.5798035,146.848114,140.8524475,329.5037842,0.854812164,0.145187903,0.009634628,0.00031661
2020-12-09,17:45:11,5.048799896,8.006900024,163.2573853,182.9845886,161.1345825,159.9987488,277.5802917,146.8659821,140.8368988,329.5037842,0.854812164,0.145187903,0.009634628,0.00031661
2020-12-09,17:45:12,5.048600006,8.007099915,163.2584229,182.996994,161.1357422,159.9989166,277.5797119,146.8856049,140.8198395,329.5037842,0.854812164,0.145187903,0.009634628,0.000316552
2020-12-09,17:45:13,5.049200058,8.007299805,163.2584229,183.0096588,161.1351776,159.9988098,277.5800171,146.9041901,140.8036499,329.5037842,0.854812164,0.145187903,0.009634628,0.000316552
2020-12-09,17:45:14,5.049599838,8.007499695,163.2584229,183.0219727,161.1358795,159.9986572,277.5804749,146.9234009,140.7870483,329.5037842,0.854812164,0.145187903,0.009634628,0.000316552
2020-12-09,17:45:15,5.04980011,8.007700348,163.2584229,183.034668,161.1364594,159.9989777,277.5795593,146.9414215,140.7713318,329.5037842,0.854812164,0.145187903,0.009634628,0.000316552
2020-12-09,17:45:16,5.050400162,8.007900238,163.2584229,183.0478363,161.1368408,159.9985504,277.580719,146.9591064,140.7559509,329.5037842,0.854812164,0.145187903,0.009634628,0.000316552
2020-12-09,17:45:17,5.050799942,8.008100128,163.2584229,183.059845,161.1362,159.9986572,277.5805664,146.9770813,140.7402496,329.5037842,0.854812164,0.145187903,0.009634628,0.000316552
2020-12-09,17:45:18,5.051100159,8.008300018,163.2584229,183.0718231,161.1363678,159.9984131,277.5809937,146.9953003,140.7244873,329.5037842,0.854812164,0.145187903,0.009634628,0.000316552
2020-12-09,17:45:19,5.051499939,8.008499908,163.2584229,183.0847321,161.1366272,159.9989166,277.5797729,147.0106659,140.7110596,329.5037842,0.854812164,0.145187903,0.009634628,0.000316552
2020-12-09,17:45:20,5.051699829,8.008699799,163.2584229,183.0980072,161.1360931,159.9987488,277.5802917,147.0299835,140.6943359,329.5037842,0.854812164,0.145187903,0.009634628,0.000316552
2020-12-09,17:45:21,5.052199936,8.008899689,163.2584229,183.1101685,161.1357269,159.9984131,277.5810852,147.0478516,140.6788635,329.5037842,0.854812164,0.145187903,0.009634628,0.000316552
2020-12-09,17:45:22,5.052500153,8.008999634,163.2584229,183.1227417,161.1374817,159.9988098,277.5799561,147.0643311,140.6645813,329.5037842,0.854812164,0.145187903,0.009634628,0.000316552
2020-12-09,17:45:23,5.052899933,8.009200287,163.2594757,183.134491,161.1368866,159.9984741,277.5808411,147.0823669,140.6488342,329.5037842,0.854812164,0.145187903,0.009634628,0.000316552
2020-12-09,17:45:24,5.053300095,8.009300232,163.2583466,183.146759,161.1371765,159.9983215,277.5814209,147.0990906,140.6343842,329.5037842,0.854812164,0.145187903,0.009634628,0.000315611
2020-12-09,17:45:25,5.053699875,8.009500122,163.2583466,183.1591034,161.1366272,159.9980316,277.5821838,147.1163483,140.6193542,329.5037842,0.854812164,0.145187903,0.009634628,0.000315626
2020-12-09,17:45:26,5.053900146,8.009600067,163.2583466,183.172699,161.1368103,159.9984131,277.5810547,147.132843,140.6050262,329.5037842,0.854812164,0.145187903,0.009634628,0.000315626
2020-12-09,17:45:27,5.054100037,8.009799957,163.2583466,183.1843719,161.1367035,159.9981995,277.5816956,147.1499023,140.59021,329.5037842,0.854812164,0.145187903,0.009634628,0.000315626
2020-12-09,17:45:28,5.054499817,8.009999847,163.2583466,183.1967621,161.1362305,159.9986572,277.5805359,147.1663055,140.5761719,329.6113586,0.854812164,0.145187903,0.009634628,0.000315669
2020-12-09,17:45:29,5.054999924,8.010099792,163.2583466,183.2090302,161.1371765,159.9980927,277.5819397,147.1832123,140.5614319,329.6113586,0.854812164,0.145187903,0.009634628,0.000315669
2020-12-09,17:45:30,5.055199814,8.010299683,163.2583466,183.2211151,161.1362152,159.9983826,277.5813293,147.1987,140.5480499,329.6113586,0.854812164,0.145187903,0.009634628,0.000315669
2020-12-09,17:45:31,5.055500031,8.010399628,163.2583466,183.2336884,161.1371613,159.9981537,277.5820007,147.2155151,140.5334778,329.6113586,0.854812164,0.145187903,0.009634628,0.000315669
2020-12-09,17:45:32,5.055799866,8.010500336,163.2583466,183.2460022,161.1378632,159.9984741,277.5808716,147.231369,140.5197296,329.6113586,0.854812164,0.145187903,0.009634628,0.000315669
2020-12-09,17:45:33,5.056200027,8.010700226,163.2593842,183.2579346,161.1360474,159.9982605,277.5815125,147.2476044,140.5057068,329.6113586,0.854812164,0.145187903,0.009634628,0.000315669
2020-12-09,17:45:34,5.056399918,8.010800171,163.2583618,183.2705536,161.1374054,159.9986572,277.5805359,147.2632599,140.4920807,329.6113586,0.854812164,0.145187903,0.009634628,0.000315669
2020-12-09,17:45:35,5.056700134,8.010900116,163.2583618,183.282135,161.1367188,159.9984131,277.5810852,147.2792664,140.4781799,329.6113586,0.854812164,0.145187903,0.009634628,0.000315669
2020-12-09,17:45:36,5.057099915,8.011100006,163.2583618,183.294281,161.1381683,159.9981537,277.5818481,147.2948608,140.4646301,329.6113586,0.854812164,0.145187903,0.009634628,0.000315669
2020-12-09,17:45:37,5.057400131,8.011199951,163.2583618,183.3067017,161.1374817,159.9980927,277.5819397,147.3091278,140.4523163,329.6113586,0.854812164,0.145187903,0.009634628,0.000315669
2020-12-09,17:45:38,5.057699966,8.011299896,163.2583618,183.3192749,161.138092,159.9982605,277.5815125,147.3258057,140.4379883,329.6113586,0.854812164,0.145187903,0.009634628,0.000315669
2020-12-09,17:45:39,5.057899857,8.011399841,163.2593994,183.3304901,161.1377716,159.9976501,277.5832214,147.340683,140.4250793,329.6113586,0.854812164,0.145187903,0.009634628,0.000315669
2020-12-09,17:45:40,5.058300018,8.011499786,163.2593994,183.3416595,161.1372528,159.9978333,277.5837097,147.3551025,140.4125977,329.6113586,0.854812164,0.145187903,0.009634628,0.000315669
2020-12-09,17:45:41,5.05870018,8.011599731,163.2593994,183.3547363,161.1381226,159.9982605,277.5815735,147.3702393,140.3995056,329.6113586,0.854812164,0.145187903,0.009634628,0.000315669
2020-12-09,17:45:42,5.059000015,8.011699677,163.2593994,183.3668518,161.1373901,159.9980927,277.5820007,147.3855896,140.3862457,329.6113586,0.854812164,0.145187903,0.009634628,0.000315669
2020-12-09,17:45:43,5.059199905,8.011799622,163.2593994,183.3797913,161.138855,159.9976501,277.5831604,147.4002228,140.3735809,329.6113586,0.854812164,0.145187903,0.009634628,0.000315669
2020-12-09,17:45:44,5.059700012,8.01190033,163.2593994,183.3927155,161.1386108,159.9980316,277.5820313,147.4155426,140.360321,329.6113586,0.854812164,0.145187903,0.009634628,0.000315669
2020-12-09,17:45:45,5.060100174,8.01210022,163.2593994,183.4035034,161.1382904,159.9982605,277.5815125,147.4285278,140.3490295,329.6113586,0.854812164,0.145187903,0.009634628,0.000315669
2020-12-09,17:45:46,5.060300064,8.012000275,163.2604523,183.4150848,161.1370239,159.9976044,277.5834351,147.4441376,140.3355713,329.6113586,0.854812164,0.145187903,0.009634628,0.000315669
2020-12-09,17:45:47,5.060599899,8.012200165,163.2594299,183.4268188,161.1377411,159.9979401,277.582489,147.4586945,140.3230286,329.6113586,0.854812164,0.145187903,0.009634628,0.000315669
2020-12-09,17:45:48,5.060900116,8.01230011,163.2594299,183.4383392,161.1385193,159.997879,277.5828247,147.4722443,140.311264,329.6113586,0.854812164,0.145187903,0.009634628,0.000315669
2020-12-09,17:45:49,5.061199951,8.012400055,163.2594299,183.4512634,161.1389618,159.9979858,277.5823364,147.4866028,140.2989502,329.6113586,0.854812164,0.145187903,0.009634628,0.000315669
2020-12-09,17:45:50,5.061399841,8.0125,163.2594299,183.4630585,161.137619,159.9976501,277.5831909,147.5009613,140.2864838,329.6113586,0.854812164,0.145187903,0.009634628,0.000315669
2020-12-09,17:45:51,5.061800003,8.012599945,163.2594299,183.474472,161.1390991,159.9975433,277.5835266,147.514679,140.2746735,329.6113586,0.854812164,0.145187903,0.009634628,0.000315669
2020-12-09,17:45:52,5.061700058,8.012599945,163.2594299,183.4866791,161.1392365,159.9973602,277.5838928,147.5285339,140.2628021,329.6113586,0.854812164,0.145187903,0.009634628,0.000315669
2020-12-09,17:45:53,5.06230011,8.01269989,163.2594299,183.4981995,161.1400452,159.9981537,277.5818176,147.5428619,140.2503357,329.6113586,0.854812164,0.145187903,0.009634628,0.000315669
2020-12-09,17:45:54,5.0625,8.012799835,163.2594299,183.5098572,161.1392212,159.9980316,277.5821228,147.5569763,140.2381592,329.6113586,0.854812164,0.145187903,0.009634628,0.000316682
2020-12-09,17:45:55,5.06269989,8.01289978,163.260498,183.5211487,161.1396179,159.9972992,277.5840759,147.569931,140.2269745,329.6113586,0.854812164,0.145187903,0.009634628,0.000316682
2020-12-09,17:45:56,5.063000107,8.012999725,163.260498,183.5341644,161.1391907,159.9976044,277.5834045,147.5828552,140.2158813,329.6113586,0.854812164,0.145187903,0.009634628,0.000316682
2020-12-09,17:45:57,5.063399887,8.012999725,163.2594757,183.5457611,161.1389465,159.9976501,277.5833435,147.5964203,140.2040863,329.6113586,0.854812164,0.145187903,0.009634628,0.000316682
2020-12-09,17:45:58,5.063600159,8.01309967,163.260498,183.5576324,161.1393433,159.9976044,277.5834351,147.6099854,140.1923981,329.6113586,0.854738693,0.145261297,0.009634628,0.000316682
2020-12-09,17:45:59,5.063800049,8.013200378,163.260498,183.5696411,161.1404419,159.9972992,277.5840454,147.622467,140.1816254,329.6113586,0.854738693,0.145261297,0.009634628,0.000316682
2020-12-09,17:46:00,5.064099884,8.013300323,163.260498,183.5807343,161.1399231,159.9976044,277.5834351,147.6359558,140.1700134,329.6113586,0.854738693,0.145261297,0.009634628,0.000316682
2020-12-09,17:46:01,5.064300156,8.013300323,163.2584381,183.5928192,161.1406097,159.9972534,277.5843506,147.6490631,140.1587524,329.6113586,0.854738693,0.145261297,0.009634628,0.000316682
2020-12-09,17:46:02,5.064599991,8.013400269,163.2594757,183.6039581,161.1389618,159.9973602,277.5839539,147.6617584,140.1478424,329.6113586,0.854738693,0.145261297,0.009634628,0.000316682
2020-12-09,17:46:03,5.064799881,8.013500214,163.2594757,183.6156158,161.1401062,159.9976501,277.583313,147.6746826,140.1366577,329.6113586,0.854738693,0.145261297,0.009634628,0.000316682
2020-12-09,17:46:04,5.065000153,8.013500214,163.260498,183.6278229,161.1394501,159.996933,277.5851135,147.687912,140.1253357,329.6113586,0.854738693,0.145261297,0.009634628,0.000316682
2020-12-09,17:46:05,5.065299988,8.013600159,163.260498,183.6400452,161.1407471,159.9972534,277.5843201,147.699707,140.1151733,329.6113586,0.854738693,0.145261297,0.009634628,0.000316682
2020-12-09,17:46:06,5.065399933,8.013600159,163.259491,183.6508789,161.1402283,159.9972534,277.5844116,147.7129211,140.1037292,329.6113586,0.854738693,0.145261297,0.009634628,0.000316682
2020-12-09,17:46:07,5.06570015,8.013700104,163.2605133,183.6627502,161.1393585,159.9969788,277.585022,147.724884,140.093399,329.6113586,0.854738693,0.145261297,0.009634628,0.000316682
2020-12-09,17:46:08,5.065800095,8.013800049,163.2605133,183.6743164,161.1404419,159.996933,277.5852966,147.7377472,140.0823364,329.6113586,0.854738693,0.145261297,0.009634628,0.000316682
2020-12-09,17:46:09,5.065999985,8.013800049,163.2605133,183.6851501,161.1391754,159.9969788,277.5849609,147.7489777,140.0726776,329.6113586,0.854738693,0.145261297,0.009634628,0.000316682
2020-12-09,17:46:10,5.066199875,8.013899994,163.2605133,183.6980286,161.1412964,159.9972076,277.5845337,147.7614136,140.0619659,329.6113586,0.854738693,0.145261297,0.009634628,0.000316682
2020-12-09,17:46:11,5.066400146,8.013999939,163.2605133,183.7075806,161.1407318,159.9970398,277.5849304,147.7730255,140.0519409,329.6113586,0.854738693,0.145261297,0.009634628,0.000316682
2020-12-09,17:46:12,5.066899872,8.013899994,163.2605133,183.7197723,161.1412354,159.9972534,277.5844116,147.7853546,140.0412903,329.6113586,0.854738693,0.145261297,0.009634628,0.000316682
2020-12-09,17:46:13,5.066799927,8.014099884,163.2595062,183.7322693,161.1416931,159.9968109,277.5855713,147.7982178,140.030365,329.6113586,0.854738693,0.145261297,0.009634628,0.000316682
2020-12-09,17:46:14,5.067200089,8.014099884,163.2605133,183.7429352,161.1405945,159.9974213,277.5838318,147.8091125,140.0209656,329.6113586,0.854738693,0.145261297,0.009634628,0.000316682
2020-12-09,17:46:15,5.067399979,8.014099884,163.2605133,183.7546234,161.1416016,159.9968109,277.5854797,147.8211823,140.0105591,329.6113586,0.854738693,0.145261297,0.009634628,0.000316682
2020-12-09,17:46:16,5.067599869,8.014199829,163.2605133,183.7663727,161.1407776,159.9972076,277.5845337,147.8325348,140.0008392,329.6113586,0.854738693,0.145261297,0.009634628,0.000316682
2020-12-09,17:46:17,5.067499924,8.014199829,163.2605133,183.7765503,161.1413116,159.9967651,277.5856323,147.8437042,139.9912415,329.6113586,0.854738693,0.145261297,0.009634628,0.000316682
2020-12-09,17:46:18,5.067900085,8.014299774,163.2605133,183.78862,161.1418152,159.9968719,277.5854492,147.8549652,139.9815674,329.6113586,0.854730835,0.145269203,0.009634628,0.000316682
2020-12-09,17:46:19,5.068099976,8.014299774,163.2605133,183.8005524,161.1415253,159.9968109,277.5855103,147.8667603,139.9713135,329.6113586,0.854730835,0.145269203,0.009634628,0.000316682
2020-12-09,17:46:20,5.068199921,8.014299774,163.2605133,183.8104706,161.1420898,159.9971466,277.5846252,147.8770447,139.9624939,329.6113586,0.854730835,0.145269203,0.009634628,0.000316682
2020-12-09,17:46:21,5.068399811,8.014399719,163.2605133,183.8228455,161.1416626,159.996933,277.5852051,147.8888397,139.9523621,329.6113586,0.854730835,0.145269203,0.009634628,0.000316682
2020-12-09,17:46:22,5.068700027,8.014399719,163.2605133,183.8334808,161.1411743,159.9965668,277.5860291,147.9000092,139.9427795,329.6113586,0.854730835,0.145269203,0.009634628,0.000316682
2020-12-09,17:46:23,5.068600082,8.014499664,163.2605133,183.845871,161.1417694,159.9966431,277.5862732,147.9111938,139.9331207,329.6113586,0.854730835,0.145269203,0.009634628,0.000316538
2020-12-09,17:46:24,5.068799973,8.014399719,163.2605133,183.856369,161.1416779,159.996933,277.5852356,147.9218445,139.9239502,329.6113586,0.854730835,0.145269203,0.009634628,0.000316538
2020-12-09,17:46:25,5.068600082,8.014499664,163.2605133,183.8673859,161.1413879,159.996521,277.5863037,147.9323883,139.9149933,329.6113586,0.854730835,0.145269203,0.009634628,0.000316538
2020-12-09,17:46:26,5.069300079,8.014600372,163.2605133,183.8789063,161.1417694,159.9964142,277.5866394,147.9440765,139.9049072,329.6113586,0.854730835,0.145269203,0.009634628,0.000316538
2020-12-09,17:46:27,5.069400024,8.014600372,163.2605133,183.8900452,161.1415253,159.9966431,277.585907,147.9547424,139.8957977,329.6113586,0.854730835,0.145269203,0.009634628,0.000316538
2020-12-09,17:46:28,5.069300079,8.014600372,163.2605133,183.9010468,161.1423645,159.9968109,277.5863953,147.9646606,139.8872833,329.6113586,0.854730835,0.145269203,0.009634628,0.000316538
2020-12-09,17:46:29,5.069599915,8.014700317,163.2605133,183.9120331,161.1425934,159.99646,277.5861206,147.9754791,139.8779144,329.6113586,0.854730835,0.145269203,0.009634628,0.000316538
2020-12-09,17:46:30,5.069900131,8.014700317,163.2605133,183.9230804,161.1428528,159.9966431,277.5858459,147.9854126,139.8694916,329.6113586,0.854730835,0.145269203,0.009634628,0.000316538
2020-12-09,17:46:31,5.069800186,8.014700317,163.2605133,183.9337158,161.1419373,159.99646,277.5865173,147.9957123,139.8605804,329.6113586,0.854730835,0.145269203,0.009634628,0.000316538
2020-12-09,17:46:32,5.070100021,8.014800262,163.2615814,183.9456482,161.1417999,159.9962006,277.5871887,148.0059814,139.8517914,329.6113586,0.854730835,0.145269203,0.009634628,0.000316538
2020-12-09,17:46:33,5.070199966,8.014700317,163.2605286,183.9572449,161.1423187,159.9964142,277.5865784,148.0168915,139.842392,329.6113586,0.854730835,0.145269203,0.009634628,0.000316538
2020-12-09,17:46:34,5.070399857,8.014800262,163.2605286,183.9673004,161.1424713,159.9963074,277.5868835,148.0272827,139.8334808,329.6113586,0.854730835,0.145269203,0.009634628,0.000316538
2020-12-09,17:46:35,5.070500183,8.014800262,163.2605286,183.9779053,161.1432495,159.9967041,277.5857239,148.0364227,139.8256226,329.6113586,0.854730835,0.145269203,0.009634628,0.000316538
2020-12-09,17:46:36,5.070299911,8.014800262,163.2615356,183.9892578,161.1429138,159.9966431,277.585907,148.0467987,139.8167725,329.6113586,0.854730835,0.145269203,0.009634628,0.000316538
2020-12-09,17:46:37,5.070800018,8.014900208,163.2615356,184.000351,161.1426849,159.9960327,277.587616,148.0571442,139.8078156,329.6113586,0.854730835,0.145269203,0.009634628,0.000316538
2020-12-09,17:46:38,5.070700073,8.014800262,163.2615356,184.0103455,161.1432343,159.9959106,277.5879211,148.0662079,139.8000488,329.6113586,0.854730835,0.145269203,0.009634628,0.000316538
2020-12-09,17:46:39,5.070999908,8.014900208,163.2615356,184.0219879,161.1436005,159.9963684,277.586731,148.0765076,139.7912903,329.6113586,0.854730835,0.145269203,0.009634628,0.000316538
2020-12-09,17:46:40,5.071099854,8.014900208,163.2615356,184.0332336,161.1429443,159.9961395,277.5873413,148.085968,139.7831573,329.6113586,0.854730835,0.145269203,0.009634628,0.000316538
2020-12-09,17:46:41,5.07120018,8.014900208,163.2615356,184.0434113,161.1431122,159.9959717,277.5877686,148.0952911,139.775116,329.6113586,0.854730835,0.145269203,0.009634628,0.000316538
2020-12-09,17:46:42,5.07140007,8.014900208,163.2615356,184.0555725,161.1426849,159.9962463,277.5869751,148.1057587,139.7661591,329.6113586,0.854730835,0.145269203,0.009634628,0.000316538
2020-12-09,17:46:43,5.07120018,8.015000153,163.2615356,184.0666809,161.142334,159.9960327,277.587616,148.1141815,139.7589722,329.6113586,0.854730835,0.145269203,0.009634628,0.000316538
2020-12-09,17:46:44,5.071500015,8.015000153,163.2615356,184.0762634,161.1432648,159.9957581,277.5884094,148.1239166,139.7506561,329.6113586,0.854730835,0.145269203,0.009634628,0.000316538
2020-12-09,17:46:45,5.07140007,8.015000153,163.2615356,184.0870972,161.1437836,159.9955902,277.5888367,148.1334229,139.7424774,329.6113586,0.854730835,0.145269203,0.009634628,0.000316538
2020-12-09,17:46:46,5.07179985,8.015000153,163.2615356,184.0982971,161.1441498,159.9959106,277.5878601,148.1426392,139.7345734,329.6113586,0.854730835,0.145269203,0.009634628,0.000316538
2020-12-09,17:46:47,5.07159996,8.015000153,163.2615356,184.1088104,161.1433868,159.995697,277.588562,148.1512451,139.7272339,329.6113586,0.854730835,0.145269203,0.009634628,0.000316538
2020-12-09,17:46:48,5.07179985,8.015000153,163.2615356,184.1186829,161.1440582,159.9954224,277.5893555,148.1603851,139.7193756,329.6113586,0.854663391,0.145336599,0.009634628,0.000316538
2020-12-09,17:46:49,5.071699905,8.015100098,163.2605286,184.1290131,161.1432495,159.9955902,277.5888062,148.1689606,139.7120667,329.6113586,0.854663391,0.145336599,0.009634628,0.000316538
2020-12-09,17:46:50,5.072100067,8.015000153,163.2605286,184.1404572,161.1434326,159.9958038,277.5882568,148.1786499,139.7037048,329.6113586,0.854663391,0.145336599,0.009634628,0.000316538
2020-12-09,17:46:51,5.072200012,8.015100098,163.2615356,184.1499329,161.1429443,159.9954834,277.5890198,148.1878662,139.6958618,329.6113586,0.854663391,0.145336599,0.009634628,0.000316538
2020-12-09,17:46:52,5.072000122,8.015100098,163.2615356,184.1623535,161.144104,159.9962006,277.5871887,148.1962738,139.6886139,329.6113586,0.854663391,0.145336599,0.009634628,0.000316538
2020-12-09,17:46:53,5.072399902,8.015100098,163.262558,184.1713867,161.1443176,159.9957581,277.588501,148.2048798,139.6812744,329.6113586,0.854663391,0.145336599,0.009634628,0.000316538
2020-12-09,17:46:54,5.072200012,8.015100098,163.262558,184.1832275,161.1438599,159.9955292,277.5889893,148.2137604,139.6736908,329.6113586,0.854663391,0.145336599,0.009634628,0.000316538
2020-12-09,17:46:55,5.072600174,8.015200043,163.262558,184.1938171,161.1446533,159.9958649,277.5881042,148.2221832,139.6664429,329.6113586,0.854663391,0.145336599,0.009634628,0.000316538
2020-12-09,17:46:56,5.072499847,8.015100098,163.262558,184.2038422,161.1443481,159.9954224,277.589325,148.2314911,139.6584625,329.6113586,0.854663391,0.145336599,0.009634628,0.000316538
2020-12-09,17:46:57,5.072499847,8.015200043,163.2615509,184.214035,161.1454926,159.9957581,277.5884094,148.2395477,139.6515503,329.6113586,0.854663391,0.145336599,0.009634628,0.000316538
2020-12-09,17:46:58,5.072700119,8.015100098,163.2615509,184.2244263,161.1447754,159.9953613,277.5895081,148.2476959,139.6445465,329.6113586,0.854663391,0.145336599,0.009634628,0.000316538
2020-12-09,17:46:59,5.072600174,8.015200043,163.2615509,184.2364044,161.1446686,159.9954834,277.5890503,148.2563934,139.6371155,329.6113586,0.854663391,0.145336599,0.009634628,0.000316538
2020-12-09,17:47:00,5.072700119,8.015200043,163.2626343,184.2459717,161.1454163,159.995697,277.588562,148.2649841,139.629776,329.6113586,0.854663391,0.145336599,0.009634628,0.000316538
2020-12-09,17:47:01,5.073099899,8.015200043,163.2626343,184.2559967,161.1444092,159.9954224,277.589325,148.2727203,139.6231995,329.6113586,0.854663391,0.145336599,0.009634628,0.000316538
2020-12-09,17:47:02,5.072900009,8.015200043,163.2626343,184.2668762,161.1452179,159.9955902,277.5887756,148.2808533,139.6162109,329.6113586,0.854663391,0.145336599,0.009634628,0.000316538
2020-12-09,17:47:03,5.073099899,8.015200043,163.2616272,184.2782745,161.1454163,159.9953308,277.5896912,148.2901764,139.6083374,329.5056458,0.854663391,0.145336599,0.009634628,0.000316538
2020-12-09,17:47:04,5.073199844,8.015100098,163.2616272,184.2875214,161.1451721,159.9954834,277.5890503,148.297348,139.6021881,329.5056458,0.854663391,0.145336599,0.009634628,0.000316538
2020-12-09,17:47:05,5.073300171,8.015200043,163.2616272,184.2975464,161.1460876,159.9956512,277.5894775,148.3055725,139.5951538,329.5056458,0.854663391,0.145336599,0.009634628,0.000316538
2020-12-09,17:47:06,5.072999954,8.015200043,163.2626801,184.3082123,161.145813,159.9951477,277.5900269,148.3135681,139.5882721,329.5056458,0.854663391,0.145336599,0.009634628,0.000316538
2020-12-09,17:47:07,5.073500061,8.015200043,163.2626801,184.3184814,161.1460114,159.994812,277.5910034,148.321106,139.5818787,329.5056458,0.854663391,0.145336599,0.009634628,0.000316538
2020-12-09,17:47:08,5.073600006,8.015100098,163.2626801,184.3294525,161.1453552,159.9950256,277.5904541,148.3284454,139.5755463,329.5056458,0.854667435,0.145332604,0.009634628,0.000316538
2020-12-09,17:47:09,5.073400116,8.015200043,163.2626801,184.3391571,161.1457825,159.9947052,277.5912781,148.3366852,139.5684967,329.5056458,0.854667435,0.145332604,0.009634628,0.000316538
2020-12-09,17:47:10,5.073300171,8.015100098,163.2615967,184.3492737,161.1467133,159.9955292,277.5889587,148.344223,139.5620422,329.5056458,0.854667435,0.145332604,0.009634628,0.000316538
2020-12-09,17:47:11,5.073400116,8.015200043,163.2615967,184.3594055,161.1457214,159.994873,277.5908203,148.3513947,139.5559692,329.5056458,0.854667435,0.145332604,0.009634628,0.000316538
2020-12-09,17:47:12,5.073500061,8.015100098,163.2615967,184.3689423,161.1454315,159.9946442,277.5915527,148.359375,139.5491333,329.5056458,0.854667435,0.145332604,0.009634628,0.000316538
2020-12-09,17:47:13,5.073300171,8.015200043,163.2615967,184.3794098,161.1469879,159.9953613,277.589447,148.3664551,139.5430298,329.5056458,0.854667435,0.145332604,0.009634628,0.000316538
2020-12-09,17:47:14,5.073600006,8.015100098,163.2626343,184.3897858,161.1472168,159.9949799,277.5904846,148.374527,139.5361481,329.5056458,0.854667435,0.145332604,0.009634628,0.000316538
2020-12-09,17:47:15,5.073500061,8.015200043,163.2626343,184.4009857,161.1464386,159.9950256,277.5907288,148.3818512,139.529892,329.5056458,0.854667435,0.145332604,0.009634628,0.000316538
2020-12-09,17:47:16,5.073799896,8.015100098,163.2626343,184.4106293,161.1468353,159.9947662,277.591156,148.3890381,139.5237885,329.5056458,0.854667435,0.145332604,0.009634628,0.000316538
2020-12-09,17:47:17,5.073600006,8.015200043,163.2616272,184.4207764,161.1462708,159.9954834,277.5892639,148.3963165,139.5175629,329.5056458,0.854667435,0.145332604,0.009634628,0.000316538
2020-12-09,17:47:18,5.073699951,8.015100098,163.2616272,184.4295502,161.1465149,159.9947052,277.591217,148.4029541,139.5119019,329.5056458,0.854667435,0.145332604,0.009634628,0.000316538
2020-12-09,17:47:19,5.073799896,8.015100098,163.2616272,184.4394684,161.1477661,159.9950256,277.5903625,148.4111786,139.5048676,329.5056458,0.854667435,0.145332604,0.009634628,0.000316538
2020-12-09,17:47:20,5.073500061,8.015200043,163.2626648,184.450119,161.147583,159.9946136,277.5915833,148.4180298,139.4989929,329.5056458,0.854667435,0.145332604,0.009634628,0.000316538
2020-12-09,17:47:21,5.073799896,8.015100098,163.2626648,184.4597473,161.1466217,159.9949799,277.5906067,148.4242859,139.4936523,329.5056458,0.854667435,0.145332604,0.009634628,0.000316538
2020-12-09,17:47:22,5.073699951,8.015100098,163.2626648,184.4691925,161.1468658,159.9946442,277.5914612,148.4313507,139.4876709,329.5056458,0.854667435,0.145332604,0.009634628,0.000316538
2020-12-09,17:47:23,5.073799896,8.015200043,163.2626648,184.4803009,161.1469879,159.9943695,277.5921936,148.4383698,139.4816895,329.5056458,0.854667435,0.145332604,0.009634628,0.000316538
2020-12-09,17:47:24,5.073600006,8.015100098,163.2636871,184.4896088,161.1476288,159.9944916,277.5918579,148.4457092,139.4753876,329.5056458,0.854667435,0.145332604,0.009634628,0.000316538
2020-12-09,17:47:25,5.073899841,8.015200043,163.2626648,184.4998932,161.1463318,159.9950256,277.5903931,148.4520874,139.4700165,329.5056458,0.854667435,0.145332604,0.009634628,0.000316538
2020-12-09,17:47:26,5.073699951,8.015100098,163.2626648,184.508728,161.145874,159.9951935,277.5899353,148.4594421,139.4636841,329.5056458,0.854667435,0.145332604,0.009634628,0.000316538
2020-12-09,17:47:27,5.074000168,8.015200043,163.2626648,184.5198669,161.1480408,159.9946442,277.5914917,148.4665222,139.4576263,329.5056458,0.854667435,0.145332604,0.009634628,0.000316538
2020-12-09,17:47:28,5.073799896,8.015100098,163.2616119,184.5291443,161.1467438,159.9947052,277.5911865,148.4729919,139.4521179,329.4003601,0.854667435,0.145332604,0.009634628,0.000316538
2020-12-09,17:47:29,5.074000168,8.015200043,163.2626495,184.5392914,161.1476135,159.994278,277.5925903,148.4788055,139.4471283,329.4003601,0.854667435,0.145332604,0.009634628,0.000316538
2020-12-09,17:47:30,5.073799896,8.015100098,163.2626495,184.5499573,161.1469727,159.9943695,277.5922546,148.4859009,139.44104,329.4003601,0.854667435,0.145332604,0.009634628,0.000316538
2020-12-09,17:47:31,5.074000168,8.015100098,163.2626495,184.5597076,161.1468048,159.9944916,277.5918579,148.4928894,139.4351349,329.4003601,0.854667435,0.145332604,0.009634628,0.000316538
2020-12-09,17:47:32,5.073799896,8.015100098,163.2626495,184.5686798,161.1464539,159.9943695,277.5922546,148.4988251,139.430069,329.4003601,0.854667435,0.145332604,0.009634628,0.000316538
2020-12-09,17:47:33,5.074100113,8.015100098,163.2626495,184.5782471,161.1481476,159.994278,277.5925293,148.5052795,139.4245758,329.4003601,0.854667435,0.145332604,0.009634628,0.000316538
2020-12-09,17:47:34,5.073899841,8.015100098,163.2626495,184.5886536,161.1486359,159.994873,277.5908813,148.5120087,139.4188538,329.4003601,0.854667435,0.145332604,0.009634628,0.000316538
2020-12-09,17:47:35,5.074100113,8.015100098,163.2626495,184.5982819,161.1479187,159.9944305,277.59198,148.5182037,139.4135437,329.4003601,0.854667435,0.145332604,0.009634628,0.000316538
2020-12-09,17:47:36,5.073899841,8.015100098,163.2636871,184.6069183,161.1474152,159.9941559,277.5928345,148.5244141,139.4082489,329.4003601,0.854667435,0.145332604,0.009634628,0.000316538
2020-12-09,17:47:37,5.074000168,8.015100098,163.2636871,184.6174927,161.1473083,159.9943695,277.5923462,148.5305023,139.4030304,329.4003601,0.854667435,0.145332604,0.009634628,0.000316538
2020-12-09,17:47:38,5.073899841,8.015000153,163.2636871,184.6264191,161.147995,159.9943695,277.5921631,148.5363464,139.3980408,329.4003601,0.854667435,0.145332604,0.009634628,0.000316538
2020-12-09,17:47:39,5.073699951,8.015100098,163.2626648,184.6359558,161.1482544,159.9946442,277.5915222,148.5429077,139.3925018,329.4003601,0.854667435,0.145332604,0.009634628,0.000316538
2020-12-09,17:47:40,5.074000168,8.015000153,163.2626648,184.6456604,161.1478424,159.9943085,277.5924377,148.5493469,139.3869476,329.4003601,0.854667435,0.145332604,0.009634628,0.000316538
2020-12-09,17:47:41,5.073799896,8.015100098,163.2626648,184.6550598,161.1482697,159.993988,277.5932617,148.554718,139.3823853,329.4003601,0.854667435,0.145332604,0.009634628,0.000316538
2020-12-09,17:47:42,5.074000168,8.015000153,163.2626648,184.6649323,161.1478424,159.9941559,277.592804,148.5608368,139.377182,329.4003601,0.854667435,0.145332604,0.009634628,0.000316538
2020-12-09,17:47:43,5.074100113,8.015100098,163.2626648,184.6740265,161.1482391,159.993927,277.5934448,148.5671997,139.3717651,329.4003601,0.854667435,0.145332604,0.009634628,0.000316538
2020-12-09,17:47:44,5.073899841,8.015000153,163.2626648,184.6832123,161.1475677,159.9933777,277.5948792,148.5728607,139.3668671,329.4003601,0.854667435,0.145332604,0.009634628,0.000316538
2020-12-09,17:47:45,5.074100113,8.015000153,163.2626648,184.693161,161.1484375,159.993927,277.5934143,148.5782471,139.3622742,329.4003601,0.854667435,0.145332604,0.009634628,0.000316538
2020-12-09,17:47:46,5.073899841,8.014900208,163.2626648,184.7023468,161.1490784,159.9941559,277.592865,148.5847015,139.3568268,329.4003601,0.854667435,0.145332604,0.009634628,0.000316538
2020-12-09,17:47:47,5.074100113,8.015000153,163.2626648,184.7107086,161.147644,159.9943695,277.5921631,148.5901031,139.3522491,329.4003601,0.854667435,0.145332604,0.009634628,0.000316538
2020-12-09,17:47:48,5.073899841,8.014900208,163.2626648,184.7212067,161.1486359,159.9941101,277.5929565,148.595932,139.3472595,329.4003601,0.854667435,0.145332604,0.009634628,0.000316538
2020-12-09,17:47:49,5.074000168,8.014900208,163.2636719,184.7306366,161.1481476,159.9940491,277.5927734,148.6012268,139.342804,329.4003601,0.854667435,0.145332604,0.009634628,0.000316538
2020-12-09,17:47:50,5.073699951,8.014900208,163.2636719,184.7383423,161.1478577,159.9938354,277.5937805,148.6072388,139.337616,329.4003601,0.854667435,0.145332604,0.009634628,0.000316538
2020-12-09,17:47:51,5.074000168,8.014900208,163.2636719,184.7494354,161.1493683,159.9936371,277.5942078,148.6125641,139.3331146,329.4003601,0.854667435,0.145332604,0.009634628,0.000316538
2020-12-09,17:47:52,5.073799896,8.014900208,163.2636719,184.7587433,161.1488342,159.9933777,277.5948792,148.6186371,139.3279572,329.4003601,0.854667435,0.145332604,0.009634628,0.000316538
2020-12-09,17:47:53,5.073899841,8.014800262,163.2636719,184.7673798,161.1483459,159.993988,277.5932312,148.6241302,139.3232727,329.4003601,0.854667435,0.145332604,0.009634628,0.000316538
2020-12-09,17:47:54,5.073799896,8.014900208,163.2636719,184.7765198,161.1492157,159.9941559,277.592804,148.6297607,139.3184357,329.4003601,0.854667435,0.145332604,0.009634628,0.000316538
2020-12-09,17:47:55,5.073899841,8.014800262,163.2636719,184.7864685,161.1485596,159.9936981,277.5940552,148.6347351,139.31427,329.4003601,0.854667435,0.145332604,0.009634628,0.000316538
2020-12-09,17:47:56,5.073799896,8.014800262,163.2636719,184.795105,161.1494598,159.9933777,277.5949097,148.6399231,139.3098145,329.4003601,0.854667435,0.145332604,0.009634628,0.000316538
2020-12-09,17:47:57,5.073899841,8.014800262,163.2636719,184.8043518,161.1489258,159.993576,277.5943604,148.6453094,139.305191,329.4003601,0.854667435,0.145332604,0.009634628,0.000316538
2020-12-09,17:47:58,5.073799896,8.014800262,163.2636719,184.8130035,161.1493225,159.9936371,277.5946655,148.6503448,139.3009338,329.4003601,0.854667435,0.145332604,0.009634628,0.000316538
2020-12-09,17:47:59,5.074000168,8.014800262,163.2636719,184.8229218,161.1488037,159.9938354,277.593689,148.6555634,139.2965393,329.4003601,0.854667435,0.145332604,0.009634628,0.000316538
2020-12-09,17:48:00,5.073699951,8.014700317,163.2625885,184.8306274,161.1495667,159.993988,277.5932312,148.6617584,139.2911987,329.4003601,0.854667435,0.145332604,0.009634628,0.000316538
2020-12-09,17:48:01,5.074000168,8.014800262,163.2636566,184.8407898,161.1475677,159.993103,277.5957642,148.6657104,139.287796,329.4003601,0.854667435,0.145332604,0.009634628,0.000316538
2020-12-09,17:48:02,5.073699951,8.014700317,163.2636566,184.849823,161.1487122,159.9935303,277.5944824,148.6706238,139.2836151,329.4003601,0.854667435,0.145332604,0.009634628,0.000316538
2020-12-09,17:48:03,5.073899841,8.014700317,163.2636566,184.8581848,161.1501923,159.9938354,277.5937805,148.6764984,139.278656,329.4003601,0.854667435,0.145332604,0.009634628,0.000316538
2020-12-09,17:48:04,5.073699951,8.014700317,163.2636566,184.8674469,161.1493225,159.9929199,277.5960999,148.6817017,139.2742157,329.4003601,0.854667435,0.145332604,0.009634628,0.000316538
2020-12-09,17:48:05,5.073600006,8.014700317,163.2636566,184.8756866,161.1481323,159.9933777,277.5949097,148.6865387,139.27005,329.4003601,0.854667435,0.145332604,0.009634628,0.000316538
2020-12-09,17:48:06,5.073699951,8.014700317,163.2636566,184.8856201,161.1496735,159.9936371,277.5941467,148.6910248,139.2662659,329.4003601,0.854667435,0.145332604,0.009634628,0.000316538
2020-12-09,17:48:07,5.073500061,8.014700317,163.2636566,184.8944397,161.1490784,159.9934235,277.5947571,148.6963348,139.261734,329.4003601,0.854667435,0.145332604,0.009634628,0.000316538
2020-12-09,17:48:08,5.073799896,8.014700317,163.264679,184.9039154,161.1483002,159.9932556,277.5951538,148.7007141,139.2579651,329.4003601,0.854667435,0.145332604,0.009634628,0.000316538
2020-12-09,17:48:09,5.073600006,8.014600372,163.264679,184.9122162,161.1486053,159.9934235,277.5948486,148.7058563,139.2536774,329.4003601,0.854667435,0.145332604,0.009634628,0.000316538
2020-12-09,17:48:10,5.073699951,8.014700317,163.264679,184.9218445,161.1489868,159.9932098,277.5954285,148.711319,139.2490387,329.4003601,0.854667435,0.145332604,0.009634628,0.000316538
2020-12-09,17:48:11,5.073600006,8.014600372,163.2636566,184.9297333,161.1491699,159.9930267,277.5958557,148.7152863,139.2455902,329.4003601,0.854667435,0.145332604,0.009634628,0.000316538
2020-12-09,17:48:12,5.073799896,8.014600372,163.2636566,184.9388885,161.1488495,159.9934692,277.5946045,148.7197723,139.2417908,329.4003601,0.854667435,0.145332604,0.009634628,0.000316538
2020-12-09,17:48:13,5.073600006,8.014600372,163.2636566,184.9472504,161.1494293,159.9932556,277.5951843,148.7250824,139.2373352,329.4003601,0.854667435,0.145332604,0.009634628,0.000316538
2020-12-09,17:48:14,5.073500061,8.014600372,163.2636566,184.9564972,161.1489868,159.9930267,277.5958557,148.72966,139.2333679,329.4003601,0.854667435,0.145332604,0.009634628,0.000316538
2020-12-09,17:48:15,5.073600006,8.014499664,163.2636566,184.9651489,161.1501312,159.9934235,277.5948486,148.733963,139.2296295,329.4003601,0.854667435,0.145332604,0.009634628,0.000316538
2020-12-09,17:48:16,5.073300171,8.014600372,163.2636566,184.9744263,161.1489868,159.9936371,277.5942078,148.738739,139.225647,329.4003601,0.854667435,0.145332604,0.009634628,0.000316538
2020-12-09,17:48:17,5.073500061,8.014499664,163.2636566,184.982605,161.1496887,159.9931488,277.5955505,148.7431488,139.2218628,329.4003601,0.854667435,0.145332604,0.009634628,0.000316538
2020-12-09,17:48:18,5.073300171,8.014499664,163.2636566,184.9915771,161.1502533,159.9929199,277.5961304,148.7481689,139.2176971,329.2722168,0.854667435,0.145332604,0.009634628,0.000316538
2020-12-09,17:48:19,5.073600006,8.014499664,163.2636566,184.9993591,161.1496124,159.993576,277.5943298,148.7523956,139.2140656,329.2722168,0.854667435,0.145332604,0.009634628,0.000316538
2020-12-09,17:48:20,5.073300171,8.014399719,163.2636566,185.008255,161.1500244,159.9927521,277.5966187,148.7562408,139.2108154,329.2722168,0.854667435,0.145332604,0.009634628,0.000316538
2020-12-09,17:48:21,5.073400116,8.014499664,163.2647095,185.0171661,161.1493988,159.993103,277.5957031,148.7606659,139.2070007,329.2722168,0.854667435,0.145332604,0.009634628,0.000316538
2020-12-09,17:48:22,5.073199844,8.014399719,163.2647095,185.0265656,161.1504822,159.9928436,277.5962524,148.7652283,139.2031403,329.2722168,0.854667435,0.145332604,0.009634628,0.000316538
2020-12-09,17:48:23,5.073199844,8.014399719,163.2647095,185.0346832,161.1499329,159.992691,277.5967407,148.7699127,139.1991882,329.2722168,0.854667435,0.145332604,0.009634628,0.000316538
2020-12-09,17:48:24,5.073400116,8.014399719,163.2647095,185.0431061,161.1503754,159.993103,277.5957336,148.7738647,139.1957855,329.2722168,0.854667435,0.145332604,0.009634628,0.000316538
2020-12-09,17:48:25,5.073199844,8.014299774,163.2647095,185.0512238,161.1497803,159.9930267,277.5959167,148.7779083,139.1923828,329.2722168,0.854667435,0.145332604,0.009634628,0.000316538
2020-12-09,17:48:26,5.072999954,8.014299774,163.2647095,185.0596771,161.1501465,159.9934692,277.5947266,148.7825165,139.1885071,329.2722168,0.854667435,0.145332604,0.009634628,0.000316538
2020-12-09,17:48:27,5.072900009,8.014299774,163.2636566,185.0678864,161.1492462,159.9930267,277.5958862,148.7869873,139.1846161,329.2722168,0.854667435,0.145332604,0.009634628,0.000316538
2020-12-09,17:48:28,5.072999954,8.014299774,163.2647095,185.0769806,161.1503296,159.9932098,277.5954895,148.7911377,139.1811218,329.2722168,0.854667435,0.145332604,0.009634628,0.000316538
2020-12-09,17:48:29,5.073099899,8.014299774,163.2647095,185.0851593,161.1506805,159.9927979,277.5964966,148.7957153,139.1772614,329.2722168,0.854667435,0.145332604,0.009634628,0.000316538
2020-12-09,17:48:30,5.072900009,8.014299774,163.2647095,185.0936127,161.1498413,159.9930267,277.5958252,148.798584,139.1747742,329.2722168,0.854667435,0.145332604,0.009634628,0.000316538
2020-12-09,17:48:31,5.072700119,8.014199829,163.2647095,185.1019745,161.1506042,159.9926453,277.5968933,148.8031769,139.1708832,329.2722168,0.854667435,0.145332604,0.009634628,0.000316538
2020-12-09,17:48:32,5.072900009,8.014199829,163.2647095,185.1091461,161.150238,159.9927979,277.5964661,148.806778,139.1678314,329.2722168,0.854575119,0.1454249,0.009634628,0.000316538
2020-12-09,17:48:33,5.072499847,8.014199829,163.2647095,185.1187897,161.1508026,159.992981,277.5960083,148.8108215,139.1644135,329.2722168,0.854575119,0.1454249,0.009634628,0.000316538
2020-12-09,17:48:34,5.072700119,8.014099884,163.2647095,185.1265869,161.149231,159.9934692,277.5946655,148.8147736,139.1610565,329.2722168,0.854575119,0.1454249,0.009634628,0.000316538
2020-12-09,17:48:35,5.072600174,8.014199829,163.2647095,185.1348114,161.1508179,159.9929199,277.5961304,148.8186188,139.1577454,329.2722168,0.854575119,0.1454249,0.009634628,0.000316538
2020-12-09,17:48:36,5.072900009,8.014099884,163.2647095,185.142868,161.1502075,159.9931488,277.5956116,148.8232117,139.1538544,329.2722168,0.854575119,0.1454249,0.009634628,0.000316538
2020-12-09,17:48:37,5.072399902,8.014099884,163.2647095,185.1516876,161.1495056,159.9926453,277.5969543,148.8266144,139.1509552,329.2722168,0.854575119,0.1454249,0.009634628,0.000316538
2020-12-09,17:48:38,5.072499847,8.014099884,163.2647095,185.1589355,161.1504974,159.9925232,277.5965881,148.8305817,139.1476135,329.2722168,0.854496689,0.145503302,0.009634628,0.000316552
2020-12-09,17:48:39,5.072600174,8.014099884,163.2647095,185.1671448,161.1503143,159.9928436,277.5971069,148.8341827,139.144577,329.2722168,0.854496689,0.145503302,0.009634628,0.000316552
2020-12-09,17:48:40,5.072299957,8.013999939,163.2647095,185.1765442,161.1506805,159.9922638,277.5979309,148.8375092,139.1416931,329.2722168,0.854496689,0.145503302,0.009634628,0.000316552
2020-12-09,17:48:41,5.072399902,8.014099884,163.2647095,185.1851501,161.1512451,159.9925232,277.5971375,148.8421021,139.1378326,329.2722168,0.854496689,0.145503302,0.009634628,0.000316552
2020-12-09,17:48:42,5.072200012,8.013999939,163.2647095,185.1933899,161.1510468,159.9929199,277.5961914,148.8450775,139.1352997,329.2722168,0.854496689,0.145503302,0.009634628,0.000316552
2020-12-09,17:48:43,5.072499847,8.013999939,163.2647095,185.2002716,161.1506348,159.992691,277.5967407,148.8492126,139.1317596,329.2722168,0.854496689,0.145503302,0.009634628,0.000316552
2020-12-09,17:48:44,5.072000122,8.013999939,163.2647095,185.2084198,161.1498871,159.9922638,277.5979919,148.8522491,139.1291351,329.2722168,0.854496689,0.145503302,0.009634628,0.000316552
2020-12-09,17:48:45,5.072200012,8.013899994,163.2647095,185.2154999,161.1504211,159.9920197,277.5986938,148.8561401,139.125885,329.2722168,0.854496689,0.145503302,0.009634628,0.000316552
2020-12-09,17:48:46,5.072100067,8.013999939,163.2647095,185.2239075,161.1511078,159.9923553,277.5977173,148.8599091,139.1227112,329.2722168,0.854496689,0.145503302,0.009634628,0.000316552
2020-12-09,17:48:47,5.072299957,8.013899994,163.2647095,185.2320404,161.1520538,159.9925842,277.5970459,148.8630371,139.1199799,329.2722168,0.854496689,0.145503302,0.009634628,0.000316552
2020-12-09,17:48:48,5.072000122,8.013800049,163.2647095,185.2397003,161.1504822,159.9924774,277.5975037,148.8666382,139.1169281,329.2722168,0.854496689,0.145503302,0.009634628,0.000316552
2020-12-09,17:48:49,5.071900177,8.013800049,163.2647095,185.2478333,161.1502228,159.9923096,277.5978088,148.8700562,139.1140442,329.2722168,0.854496689,0.145503302,0.009634628,0.000316552
2020-12-09,17:48:50,5.072100067,8.013899994,163.2647095,185.2554321,161.1509094,159.9922028,277.598053,148.8738251,139.1107941,329.2722168,0.854496689,0.145503302,0.009634628,0.000316552
2020-12-09,17:48:51,5.071900177,8.013800049,163.2647095,185.2630157,161.1513062,159.9925232,277.5973816,148.8774261,139.1077423,329.2722168,0.854496689,0.145503302,0.009634628,0.000316552
2020-12-09,17:48:52,5.07179985,8.013800049,163.2647095,185.2716675,161.1504974,159.9925842,277.5970459,148.8803864,139.1052399,329.2722168,0.854496689,0.145503302,0.009634628,0.000316552
2020-12-09,17:48:53,5.072000122,8.013800049,163.2647095,185.2794037,161.151413,159.992691,277.5975037,148.8838806,139.1022644,329.2722168,0.854496689,0.145503302,0.009634628,0.000316552
2020-12-09,17:48:54,5.07179985,8.013700104,163.2647095,185.2862396,161.1512146,159.9925232,277.5967102,148.8868561,139.0997162,329.2722168,0.854496689,0.145503302,0.009634628,0.000316552
2020-12-09,17:48:55,5.07159996,8.013800049,163.2647095,185.2933502,161.1513977,159.9925232,277.5973511,148.8902893,139.0968323,329.2722168,0.854496689,0.145503302,0.009634628,0.000316552
2020-12-09,17:48:56,5.071699905,8.013700104,163.2647095,185.3020325,161.1510162,159.9922638,277.5980225,148.8937988,139.0938416,329.2722168,0.854496689,0.145503302,0.009634628,0.000316595
2020-12-09,17:48:57,5.07159996,8.013600159,163.2647095,185.3106232,161.1514282,159.9923553,277.5977478,148.8972168,139.0909424,329.2722168,0.854496689,0.145503302,0.009634628,0.000316595
2020-12-09,17:48:58,5.071500015,8.013700104,163.2647095,185.3176727,161.1507874,159.9921417,277.5983276,148.8999176,139.088623,329.2722168,0.854496689,0.145503302,0.009634628,0.000316595
2020-12-09,17:48:59,5.07159996,8.013600159,163.2647095,185.3261719,161.1512451,159.9923553,277.5976563,148.9031525,139.0859222,329.2722168,0.854496689,0.145503302,0.009634628,0.000316595
2020-12-09,17:49:00,5.07140007,8.013600159,163.2647095,185.3326416,161.1498871,159.9920807,277.5984497,148.9070892,139.0825958,329.2722168,0.854496689,0.145503302,0.009634628,0.000316595
2020-12-09,17:49:01,5.07159996,8.013600159,163.2647095,185.3404083,161.1515198,159.9925232,277.59729,148.9099884,139.0801392,329.2722168,0.854496689,0.145503302,0.009634628,0.000316595
2020-12-09,17:49:02,5.071500015,8.013500214,163.2647095,185.348175,161.1510925,159.9918671,277.598999,148.9127655,139.0778046,329.2722168,0.854496689,0.145503302,0.009634628,0.000316595
2020-12-09,17:49:03,5.07159996,8.013500214,163.2647095,185.3551025,161.15065,159.9923096,277.5978088,148.9160004,139.075058,329.2722168,0.854496689,0.145503302,0.009634628,0.000316595
2020-12-09,17:49:04,5.071300125,8.013600159,163.2657471,185.3620758,161.1512146,159.9925232,277.5983276,148.9192505,139.0723267,329.2722168,0.854482803,0.145517197,0.009634628,0.000316595
2020-12-09,17:49:05,5.071500015,8.013500214,163.2647095,185.3705444,161.1503143,159.991806,277.5992126,148.9220581,139.069931,329.2722168,0.854482803,0.145517197,0.009634628,0.000316595
2020-12-09,17:49:06,5.071300125,8.013400269,163.2647095,185.3785095,161.1517639,159.9926453,277.5969543,148.9252625,139.0672455,329.2722168,0.854482803,0.145517197,0.009634628,0.000316595
2020-12-09,17:49:07,5.071099854,8.013500214,163.2647095,185.3860016,161.1520996,159.9927979,277.5965271,148.9282532,139.0646973,329.2722168,0.854482803,0.145517197,0.009634628,0.000316595
2020-12-09,17:49:08,5.07120018,8.013400269,163.2657318,185.3930206,161.1515503,159.9924164,277.5975342,148.9312286,139.0621338,329.1615295,0.854483872,0.145516195,0.009634628,0.000316595
2020-12-09,17:49:09,5.071099854,8.013400269,163.2657318,185.4016266,161.1507416,159.9920807,277.5984802,148.9341888,139.0596466,329.1615295,0.854483872,0.145516195,0.009634628,0.000316595
2020-12-09,17:49:10,5.070999908,8.013400269,163.2657318,185.4086151,161.1513824,159.9919586,277.5988159,148.9375153,139.0568237,329.1615295,0.854483872,0.145516195,0.009634628,0.000316595
2020-12-09,17:49:11,5.070800018,8.013400269,163.2657318,185.4149017,161.1508179,159.9921417,277.5982971,148.9401245,139.0545807,329.1615295,0.854483872,0.145516195,0.009634628,0.000316595
2020-12-09,17:49:12,5.070899963,8.013300323,163.2646942,185.4221344,161.1508636,159.9919281,277.5989685,148.9425354,139.0525208,329.1615295,0.854483872,0.145516195,0.009634628,0.000316595
2020-12-09,17:49:13,5.070700073,8.013400269,163.2646942,185.4299164,161.15065,159.9918671,277.5990295,148.9459686,139.0496521,329.1615295,0.854483872,0.145516195,0.009634628,0.000316595
2020-12-09,17:49:14,5.070800018,8.013300323,163.2646942,185.438385,161.1521301,159.9921417,277.5984192,148.94841,139.0475922,329.1615295,0.854483872,0.145516195,0.009634628,0.000316595
2020-12-09,17:49:15,5.070700073,8.013200378,163.2646942,185.4439545,161.1512146,159.9918671,277.598999,148.9502869,139.0459137,329.1615295,0.854483872,0.145516195,0.009634628,0.000316595
2020-12-09,17:49:16,5.070800018,8.013300323,163.2646942,185.451767,161.1515503,159.9923553,277.5977478,148.9537659,139.0430145,329.1615295,0.854483872,0.145516195,0.009634628,0.000316595
2020-12-09,17:49:17,5.070500183,8.013200378,163.2646942,185.4586792,161.1522675,159.9922028,277.598053,148.9562225,139.0408783,329.1615295,0.854483872,0.145516195,0.009634628,0.000316595
2020-12-09,17:49:18,5.070800018,8.01309967,163.2646942,185.4659119,161.1515503,159.9925232,277.59729,148.959549,139.0381317,329.1615295,0.854483872,0.145516195,0.009634628,0.000316595
2020-12-09,17:49:19,5.070600128,8.013200378,163.2646942,185.4734802,161.1510315,159.9919281,277.598938,148.9627075,139.0354767,329.1615295,0.854483872,0.145516195,0.009634628,0.000316595
2020-12-09,17:49:20,5.070199966,8.01309967,163.2657928,185.4807739,161.1516113,159.9922638,277.5980225,148.9647522,139.0336456,329.1615295,0.854483872,0.145516195,0.009634628,0.000316595
2020-12-09,17:49:21,5.070399857,8.01309967,163.2657928,185.4871063,161.1507416,159.9919281,277.5989685,148.9677277,139.0311584,329.1615295,0.854483872,0.145516195,0.009634628,0.000316595
2020-12-09,17:49:22,5.070199966,8.01309967,163.2647858,185.4952545,161.1522064,159.9917603,277.5994263,148.9700012,139.0292206,329.1615295,0.854483872,0.145516195,0.009634628,0.000316595
2020-12-09,17:49:23,5.070299911,8.012999725,163.2647858,185.5025635,161.1512146,159.9920197,277.5986328,148.9730377,139.0266418,329.1615295,0.854483872,0.145516195,0.009634628,0.000316595
2020-12-09,17:49:24,5.070399857,8.012999725,163.2647858,185.5087128,161.1510773,159.991806,277.5993042,148.9758453,139.024231,329.1615295,0.854483872,0.145516195,0.009634628,0.000316595
2020-12-09,17:49:25,5.070100021,8.012999725,163.2647858,185.515976,161.1512909,159.9918671,277.5990906,148.9785461,139.0219727,329.1615295,0.854483872,0.145516195,0.009634628,0.000316595
2020-12-09,17:49:26,5.070199966,8.01289978,163.2647858,185.5223236,161.1510773,159.9919586,277.5987549,148.9803314,139.0204315,329.1615295,0.854483872,0.145516195,0.009634628,0.000316595
2020-12-09,17:49:27,5.069900131,8.012999725,163.2657928,185.5296173,161.1505127,159.9924774,277.5974426,148.9834747,139.0177917,329.1615295,0.854483872,0.145516195,0.009634628,0.000316595
2020-12-09,17:49:28,5.070000076,8.01289978,163.2657928,185.5372162,161.151535,159.9917603,277.5994263,148.985733,139.0158691,329.1615295,0.854483872,0.145516195,0.009634628,0.000316595
2020-12-09,17:49:29,5.069800186,8.01289978,163.2657928,185.5435028,161.151001,159.991806,277.5991821,148.987793,139.0140991,329.1615295,0.854483872,0.145516195,0.009634628,0.000316595
2020-12-09,17:49:30,5.070000076,8.012799835,163.2657928,185.5496521,161.1513977,159.9919586,277.5987244,148.9912262,139.0112152,329.1615295,0.854552307,0.145447702,0.009634628,0.000316595
2020-12-09,17:49:31,5.069900131,8.01289978,163.2657928,185.5572052,161.1516418,159.9916077,277.599762,148.9933777,139.0093536,329.1615295,0.854552307,0.145447702,0.009634628,0.000316595
2020-12-09,17:49:32,5.069800186,8.012799835,163.2657928,185.5637207,161.1513367,159.9915466,277.5999146,148.9958191,139.0073242,329.1615295,0.854552307,0.145447702,0.009634628,0.000316595
2020-12-09,17:49:33,5.06969986,8.012799835,163.2657928,185.569809,161.1510315,159.9920197,277.5986633,148.9983368,139.0051727,329.1615295,0.854552307,0.145447702,0.009634628,0.000316595
2020-12-09,17:49:34,5.069800186,8.012799835,163.2657928,185.5781403,161.151535,159.9922028,277.5981445,149.0007782,139.0031128,329.1615295,0.854552307,0.145447702,0.009634628,0.000316595
2020-12-09,17:49:35,5.069499969,8.01269989,163.2657928,185.5843048,161.1522217,159.991806,277.5993652,149.0029297,139.0013123,329.1615295,0.854552307,0.145447702,0.009634628,0.000316595
2020-12-09,17:49:36,5.06969986,8.01269989,163.2657928,185.5903168,161.1517487,159.9916534,277.5996704,149.0049896,138.999588,329.1615295,0.854552307,0.145447702,0.009634628,0.000316595
2020-12-09,17:49:37,5.069800186,8.01269989,163.2657928,185.5975647,161.1511688,159.9918671,277.598999,149.0073547,138.9975433,329.1615295,0.854552307,0.145447702,0.009634628,0.000316595
2020-12-09,17:49:38,5.069499969,8.01269989,163.2657928,185.6038055,161.1506958,159.9914246,277.6001892,149.0097656,138.9954376,329.1615295,0.854552307,0.145447702,0.009634628,0.000316595
2020-12-09,17:49:39,5.069200134,8.012599945,163.2657928,185.6104736,161.1521759,159.9917603,277.5994568,149.0124664,138.9931946,329.1615295,0.854552307,0.145447702,0.009634628,0.000316595
2020-12-09,17:49:40,5.069400024,8.01269989,163.2657928,185.6172028,161.1507416,159.9914856,277.6001587,149.0148163,138.9912415,329.1615295,0.854552307,0.145447702,0.009634628,0.000316595
2020-12-09,17:49:41,5.068999863,8.012599945,163.2657928,185.6241913,161.1521301,159.9912567,277.5995789,149.0166016,138.9896545,329.1615295,0.854552307,0.145447702,0.009634628,0.000316595
2020-12-09,17:49:42,5.069200134,8.012599945,163.2657928,185.6309967,161.1514282,159.991806,277.5992126,149.0184174,138.9881439,329.1615295,0.854552307,0.145447702,0.009634628,0.000316595
2020-12-09,17:49:43,5.069300079,8.012599945,163.2657928,185.6372833,161.1508789,159.9919281,277.5989075,149.0209961,138.9860077,329.1615295,0.854552307,0.145447702,0.009634628,0.000316595
2020-12-09,17:49:44,5.068899918,8.0125,163.2657928,185.6435699,161.1525726,159.9914246,277.6001892,149.0234222,138.9838409,329.1615295,0.854552307,0.145447702,0.009634628,0.000316595
2020-12-09,17:49:45,5.069200134,8.012599945,163.2647095,185.6495209,161.1521149,159.9916992,277.5995789,149.0257721,138.9818268,329.1615295,0.854552307,0.145447702,0.009634628,0.000316595
2020-12-09,17:49:46,5.068899918,8.0125,163.2647095,185.6561432,161.1522064,159.9916077,277.599823,149.0279388,138.9800873,329.1615295,0.854552307,0.145447702,0.009634628,0.000316566
2020-12-09,17:49:47,5.068700027,8.0125,163.2657318,185.6621246,161.1506805,159.9920197,277.5986633,149.0297241,138.9785309,329.1615295,0.854552307,0.145447702,0.009634628,0.000316566
2020-12-09,17:49:48,5.068999863,8.012400055,163.2657318,185.668396,161.1519165,159.9916534,277.5997009,149.0315247,138.977005,329.1615295,0.854552307,0.145447702,0.009634628,0.000315626
2020-12-09,17:49:49,5.068700027,8.0125,163.2657318,185.6758881,161.1513519,159.9916077,277.599823,149.0341492,138.974762,329.1615295,0.854552307,0.145447702,0.009634628,0.000315626
2020-12-09,17:49:50,5.068700027,8.012400055,163.2667389,185.6823425,161.1511536,159.9916992,277.5996094,149.0363159,138.9729614,329.1615295,0.854552307,0.145447702,0.009634628,0.000315669
2020-12-09,17:49:51,5.068799973,8.012400055,163.2657013,185.6883545,161.151474,159.9914856,277.6000671,149.0379944,138.9714813,329.1615295,0.854552307,0.145447702,0.009634628,0.000315669
2020-12-09,17:49:52,5.068600082,8.012400055,163.2657013,185.6944122,161.1519623,159.991806,277.5992126,149.0396423,138.9701233,329.1615295,0.854552307,0.145447702,0.009634628,0.000315669
2020-12-09,17:49:53,5.068500137,8.01230011,163.2657013,185.7008667,161.1524048,159.9916077,277.599884,149.04216,138.9679871,329.1615295,0.854552307,0.145447702,0.009634628,0.000315669
2020-12-09,17:49:54,5.068600082,8.012400055,163.2657013,185.7066498,161.1511383,159.9921417,277.5984192,149.0444183,138.9660797,329.1615295,0.854552307,0.145447702,0.009634628,0.000315669
2020-12-09,17:49:55,5.068399811,8.01230011,163.2657013,185.7125092,161.1516113,159.9914246,277.6003113,149.045929,138.9647827,329.1615295,0.854552307,0.145447702,0.009634628,0.000315669
2020-12-09,17:49:56,5.068199921,8.012200165,163.2657013,185.7192993,161.1509705,159.9920197,277.5986023,149.0485535,138.9625854,329.1615295,0.854552307,0.145447702,0.009634628,0.000315669
2020-12-09,17:49:57,5.068399811,8.01230011,163.2657013,185.7258606,161.1507416,159.9916077,277.5997925,149.0504456,138.9609528,329.1615295,0.854552307,0.145447702,0.009634628,0.000315669
2020-12-09,17:49:58,5.068299866,8.012200165,163.2657013,185.7316284,161.1510925,159.9918671,277.5990295,149.0521698,138.9595032,329.1615295,0.854552307,0.145447702,0.009634628,0.000315669
2020-12-09,17:49:59,5.068500137,8.012200165,163.2657013,185.738327,161.1507111,159.9916077,277.599823,149.0549316,138.9571991,329.1615295,0.854552307,0.145447702,0.009634628,0.000315669
2020-12-09,17:50:00,5.068199921,8.01210022,163.2667694,185.7436066,161.1517944,159.9917603,277.5993958,149.0561066,138.9561768,329.1615295,0.854552307,0.145447702,0.009634628,0.000315669
2020-12-09,17:50:01,5.068399811,8.012200165,163.2657013,185.749939,161.151123,159.9915466,277.5999146,149.0575562,138.9549255,329.1615295,0.854552307,0.145447702,0.009634628,0.000315669
2020-12-09,17:50:02,5.068500137,8.01210022,163.2657013,185.755661,161.1513977,159.9914246,277.6004333,149.0590973,138.9535828,329.1615295,0.854552307,0.145447702,0.009634628,0.000315669
2020-12-09,17:50:03,5.068099976,8.01210022,163.2657013,185.76091,161.1506958,159.9916992,277.5995483,149.0615234,138.9516449,329.1615295,0.854552307,0.145447702,0.009634628,0.000315669
2020-12-09,17:50:04,5.068199921,8.012000275,163.2657013,185.7680664,161.1511536,159.9918671,277.5990906,149.0634918,138.9499512,329.1615295,0.854552307,0.145447702,0.009634628,0.000315669
2020-12-09,17:50:05,5.068000031,8.01210022,163.2657013,185.7734833,161.151535,159.9916534,277.5997009,149.0653687,138.9483643,329.1615295,0.854552307,0.145447702,0.009634628,0.000315669
2020-12-09,17:50:06,5.068199921,8.012000275,163.2657013,185.7791748,161.1517487,159.9910889,277.6011047,149.0674591,138.9466553,329.1615295,0.854552307,0.145447702,0.009634628,0.000315669
2020-12-09,17:50:07,5.068000031,8.012000275,163.2667236,185.785202,161.1513062,159.9920807,277.5984497,149.0690918,138.945282,329.1615295,0.854552307,0.145447702,0.009634628,0.000315669
2020-12-09,17:50:08,5.068099976,8.01190033,163.2667236,185.791626,161.1525116,159.9917603,277.5993958,149.0707855,138.9438019,329.1615295,0.854552307,0.145447702,0.009634628,0.000315669
2020-12-09,17:50:09,5.067900085,8.01190033,163.2667236,185.7966156,161.1529846,159.9914246,277.6002197,149.0726013,138.942276,329.1615295,0.854552307,0.145447702,0.009634628,0.000315669
2020-12-09,17:50:10,5.068000031,8.01190033,163.2667236,185.8037872,161.151413,159.9918671,277.5990906,149.0744019,138.9407501,329.1615295,0.854552307,0.145447702,0.009634628,0.000315669
2020-12-09,17:50:11,5.067699814,8.01190033,163.2667236,185.8090363,161.1518097,159.9917603,277.5994873,149.0757446,138.9395905,329.1615295,0.854552307,0.145447702,0.009634628,0.000315669
2020-12-09,17:50:12,5.06780014,8.01190033,163.2667236,185.8144226,161.1513977,159.9916534,277.5997009,149.0776367,138.9379425,329.1615295,0.854552307,0.145447702,0.009634628,0.000315669
2020-12-09,17:50:13,5.067699814,8.011799622,163.2667236,185.820282,161.1517029,159.9917603,277.5994568,149.0798798,138.9361115,329.1615295,0.854552307,0.145447702,0.009634628,0.000315669
2020-12-09,17:50:14,5.067599869,8.01190033,163.2657166,185.8260498,161.1510925,159.9914246,277.6002502,149.0816956,138.9346161,329.1615295,0.854552307,0.145447702,0.009634628,0.00031661
2020-12-09,17:50:15,5.067499924,8.011799622,163.2657166,185.8315735,161.1518707,159.991806,277.5992737,149.0826721,138.9337311,329.1615295,0.854552307,0.145447702,0.009634628,0.00031661
2020-12-09,17:50:16,5.067499924,8.011799622,163.2657166,185.8366852,161.1513824,159.9916534,277.5996704,149.0847626,138.9319763,329.1615295,0.854386597,0.145613403,0.009634628,0.00031661
2020-12-09,17:50:17,5.067399979,8.011699677,163.2657166,185.842453,161.1524048,159.9914246,277.6002808,149.0861969,138.9307556,329.1615295,0.854386597,0.145613403,0.009634628,0.00031661
2020-12-09,17:50:18,5.067499924,8.011799622,163.2667236,185.848465,161.1511993,159.9912109,277.6008301,149.0879974,138.9292603,329.1615295,0.854386597,0.145613403,0.009634628,0.00031661
2020-12-09,17:50:19,5.067200089,8.011699677,163.2667236,185.8527832,161.1519623,159.9910889,277.6011963,149.0893555,138.9281311,329.1615295,0.854386597,0.145613403,0.009634628,0.00031661
2020-12-09,17:50:20,5.067100143,8.011799622,163.2667236,185.8586884,161.150589,159.991806,277.5992432,149.0917511,138.9260864,329.1615295,0.854386597,0.145613403,0.009634628,0.000316552
2020-12-09,17:50:21,5.066899872,8.011699677,163.2667236,185.8639374,161.1504211,159.9912109,277.6008301,149.092926,138.9250793,329.1615295,0.854386597,0.145613403,0.009634628,0.000316552
2020-12-09,17:50:22,5.066999817,8.011599731,163.2667236,185.870575,161.1509094,159.9914246,277.6002502,149.0943604,138.9238129,329.1615295,0.854427338,0.145572701,0.009634628,0.000316552
2020-12-09,17:50:23,5.067100143,8.011699677,163.2667236,185.8752441,161.1518707,159.9916077,277.5998535,149.0956268,138.9227448,329.1615295,0.854427338,0.145572701,0.009634628,0.000316552
2020-12-09,17:50:24,5.066699982,8.011599731,163.2667236,185.8806,161.1511993,159.9914246,277.6003723,149.0978851,138.9208069,329.1615295,0.85442833,0.145571699,0.009634628,0.000316552
2020-12-09,17:50:25,5.066899872,8.011599731,163.2677612,185.8862,161.1522827,159.991806,277.5993347,149.0984039,138.9203949,329.1615295,0.85442833,0.145571699,0.009634628,0.000316552
2020-12-09,17:50:26,5.066600037,8.011599731,163.2666321,185.8913116,161.151886,159.9914856,277.6000977,149.1004028,138.9187164,329.1615295,0.85442833,0.145571699,0.009634628,0.000316552
2020-12-09,17:50:27,5.066899872,8.011499786,163.2666321,185.8972473,161.1516418,159.9916077,277.6004028,149.1016541,138.9176483,329.1615295,0.85442833,0.145571699,0.009634628,0.000316552
2020-12-09,17:50:28,5.066699982,8.011499786,163.2666321,185.9025269,161.1512451,159.9914246,277.5995483,149.1035461,138.9160461,329.1615295,0.85442833,0.145571699,0.009634628,0.000316552
2020-12-09,17:50:29,5.066899872,8.011499786,163.2666321,185.9080811,161.1514435,159.991806,277.6004028,149.1044617,138.9152374,329.1615295,0.85442833,0.145571699,0.009634628,0.000316552
2020-12-09,17:50:30,5.066500092,8.011499786,163.2666321,185.9126892,161.1513977,159.9916077,277.5987549,149.1065369,138.913559,329.1615295,0.85442833,0.145571699,0.009634628,0.000316552
2020-12-09,17:50:31,5.066400146,8.011399841,163.2666321,185.9183197,161.1516266,159.9913788,277.6005249,149.1076202,138.9126282,329.1615295,0.85442833,0.145571699,0.009634628,0.000316552
2020-12-09,17:50:32,5.06629982,8.011399841,163.2666321,185.9225311,161.1509705,159.991806,277.5992126,149.1090393,138.9113922,329.1615295,0.85442833,0.145571699,0.009634628,0.000316552
2020-12-09,17:50:33,5.066500092,8.011399841,163.2666321,185.9294586,161.15065,159.9915466,277.6000061,149.1105957,138.9100494,329.1615295,0.85442833,0.145571699,0.009634628,0.000316552
2020-12-09,17:50:34,5.066400146,8.011299896,163.2666321,185.9336853,161.1517334,159.9914856,277.599823,149.1125488,138.9084473,329.1615295,0.85442833,0.145571699,0.009634628,0.000316552
2020-12-09,17:50:35,5.066500092,8.011399841,163.2666321,185.9391937,161.1505432,159.9913177,277.6006775,149.1128235,138.9081726,329.1615295,0.85442833,0.145571699,0.009634628,0.000316552
2020-12-09,17:50:36,5.066600037,8.011299896,163.2666321,185.9432983,161.151123,159.9916534,277.5996704,149.1147308,138.9065704,329.1615295,0.85442833,0.145571699,0.009634628,0.000316552
2020-12-09,17:50:37,5.06629982,8.011299896,163.2666321,185.9487762,161.1515808,159.9912109,277.6008911,149.116333,138.9051971,329.1615295,0.85442833,0.145571699,0.009634628,0.000316552
2020-12-09,17:50:38,5.066400146,8.011299896,163.2666321,185.9537964,161.1520081,159.9910889,277.6011963,149.1177216,138.9040527,329.0610657,0.85442833,0.145571699,0.009634628,0.000316552
2020-12-09,17:50:39,5.066199875,8.011199951,163.2666321,185.9581146,161.1507874,159.9914246,277.6002197,149.1185913,138.9032593,329.0610657,0.85442833,0.145571699,0.009634628,0.000316552
2020-12-09,17:50:40,5.06609993,8.011299896,163.2676544,185.9638062,161.1516418,159.9910431,277.6013184,149.1206512,138.901535,329.0610657,0.85442833,0.145571699,0.009634628,0.000316552
2020-12-09,17:50:41,5.065999985,8.011199951,163.2676544,185.9681091,161.1509399,159.9914246,277.6003418,149.1214905,138.9008636,329.0610657,0.85442833,0.145571699,0.009634628,0.000316552
2020-12-09,17:50:42,5.06629982,8.011199951,163.2676544,185.9739685,161.1526489,159.991806,277.5992126,149.1229248,138.8996429,329.0610657,0.85442833,0.145571699,0.009634628,0.000316552
2020-12-09,17:50:43,5.066199875,8.011199951,163.2666473,185.9788818,161.151947,159.9913788,277.6005249,149.1240692,138.8986359,329.0610657,0.85442833,0.145571699,0.009634628,0.000316552
2020-12-09,17:50:44,5.065999985,8.011100006,163.2666473,185.9827423,161.1507111,159.9915466,277.5999146,149.1255341,138.8974457,329.0610657,0.85442833,0.145571699,0.009634628,0.000316552
2020-12-09,17:50:45,5.06609993,8.011199951,163.2666473,185.9876709,161.151474,159.9911499,277.6010742,149.1265259,138.8965607,329.0610657,0.85442833,0.145571699,0.009634628,0.000316552
2020-12-09,17:50:46,5.06590004,8.011100006,163.2666473,185.9932404,161.1523743,159.9913177,277.6005859,149.1283417,138.8950348,329.0610657,0.85442833,0.145571699,0.009634628,0.000316552
2020-12-09,17:50:47,5.065800095,8.011100006,163.2666473,185.997757,161.1514435,159.9910889,277.6011353,149.1287842,138.8946381,329.0610657,0.85442833,0.145571699,0.009634628,0.000316552
2020-12-09,17:50:48,5.065999985,8.011100006,163.2666473,186.002655,161.1515961,159.9916077,277.599823,149.1303101,138.8933868,329.0610657,0.85442833,0.145571699,0.009634628,0.000316552
2020-12-09,17:50:49,5.065800095,8.011000061,163.2666473,186.0067291,161.152832,159.9914246,277.6002197,149.1318512,138.8920898,329.0610657,0.85442833,0.145571699,0.009634628,0.000316552
2020-12-09,17:50:50,5.065599823,8.011100006,163.2666473,186.0110779,161.1521301,159.9920807,277.5984497,149.1335602,138.8906403,329.0610657,0.854387665,0.145612402,0.009634628,0.000316552
2020-12-09,17:50:51,5.065499878,8.011000061,163.2666473,186.0166473,161.1525574,159.9912567,277.600708,149.1346283,138.8897552,329.0610657,0.854387665,0.145612402,0.009634628,0.000316552
2020-12-09,17:50:52,5.06570015,8.011000061,163.2666473,186.0205383,161.1518707,159.991806,277.5992126,149.1357117,138.8888397,329.0610657,0.854387665,0.145612402,0.009634628,0.000316552
2020-12-09,17:50:53,5.065499878,8.010900116,163.2666473,186.0260925,161.1519928,159.9922638,277.5979614,149.1369781,138.8878021,329.0610657,0.854387665,0.145612402,0.009634628,0.000316552
2020-12-09,17:50:54,5.06570015,8.010900116,163.2676544,186.0308533,161.1505127,159.9914856,277.6000061,149.13797,138.8868866,329.0610657,0.854387665,0.145612402,0.009634628,0.000316552
2020-12-09,17:50:55,5.06570015,8.010900116,163.2676544,186.0345001,161.1509552,159.9916077,277.5997925,149.139328,138.8858032,329.0610657,0.854387665,0.145612402,0.009634628,0.000316552
2020-12-09,17:50:56,5.065299988,8.010900116,163.2666473,186.0388794,161.151947,159.9916992,277.5996399,149.1403046,138.8848877,329.0610657,0.854387665,0.145612402,0.009634628,0.000316552
2020-12-09,17:50:57,5.065399933,8.010800171,163.2666473,186.0437622,161.1515045,159.9915466,277.5999756,149.1418304,138.8836823,329.0610657,0.854387665,0.145612402,0.009634628,0.000316552
2020-12-09,17:50:58,5.065200043,8.010900116,163.2666473,186.0483093,161.150589,159.9917603,277.5992126,149.1431122,138.8825073,329.0610657,0.854387665,0.145612402,0.009634628,0.000316552
2020-12-09,17:50:59,5.065399933,8.010800171,163.2676544,186.0526886,161.1521149,159.9912109,277.6008301,149.1437225,138.882019,329.0610657,0.854387665,0.145612402,0.009634628,0.000316552
2020-12-09,17:51:00,5.065200043,8.010800171,163.2676544,186.0569916,161.1524353,159.9914246,277.6003418,149.144989,138.8809204,329.0610657,0.854387665,0.145612402,0.009634628,0.000316538
2020-12-09,17:51:01,5.065299988,8.010800171,163.2676544,186.0613098,161.1514282,159.9912109,277.6008911,149.1459808,138.8800812,329.0610657,0.854387665,0.145612402,0.009634628,0.000316538
2020-12-09,17:51:02,5.065100098,8.010700226,163.2676544,186.0658112,161.1518402,159.9914856,277.6001282,149.1477966,138.8785248,329.0610657,0.854387665,0.145612402,0.009634628,0.000316538
2020-12-09,17:51:03,5.065299988,8.010700226,163.2676544,186.0695496,161.1522522,159.9919281,277.598938,149.1482391,138.8782349,329.0610657,0.854387665,0.145612402,0.009634628,0.000316538
2020-12-09,17:51:04,5.065100098,8.010700226,163.2676544,186.0740204,161.1516266,159.9913788,277.6005554,149.1504974,138.8763275,329.0610657,0.854447098,0.145552902,0.009634628,0.000316538
2020-12-09,17:51:05,5.065299988,8.010700226,163.2666168,186.0784302,161.1511383,159.9912567,277.600769,149.1502228,138.8764801,329.0610657,0.854447098,0.145552902,0.009634628,0.000316538
2020-12-09,17:51:06,5.064899826,8.010600281,163.2666168,186.0832977,161.1516266,159.9916077,277.5997925,149.1521149,138.874939,329.0610657,0.854447098,0.145552902,0.009634628,0.000316538
2020-12-09,17:51:07,5.065000153,8.010700226,163.2666168,186.0871429,161.1505737,159.9917603,277.5994873,149.1529999,138.8741913,329.0610657,0.854447098,0.145552902,0.009634628,0.000316538
2020-12-09,17:51:08,5.064899826,8.010600281,163.2676392,186.0909271,161.1512451,159.9913788,277.6005249,149.1541901,138.8731995,329.0610657,0.854447098,0.145552902,0.009634628,0.000316538
2020-12-09,17:51:09,5.064799881,8.010600281,163.2676392,186.0954132,161.1508179,159.9913177,277.6003418,149.1551666,138.872345,329.0610657,0.854447098,0.145552902,0.009634628,0.000316538
2020-12-09,17:51:10,5.065000153,8.010500336,163.2666321,186.0988007,161.1513977,159.9913788,277.6006165,149.1554413,138.8720856,329.0610657,0.854447098,0.145552902,0.009634628,0.000316538
2020-12-09,17:51:11,5.064799881,8.010600281,163.2676697,186.1031647,161.1503296,159.9918671,277.5990601,149.1564178,138.8712769,329.0610657,0.854447098,0.145552902,0.009634628,0.000316538
2020-12-09,17:51:12,5.064599991,8.010500336,163.2676697,186.1083221,161.1523285,159.9914246,277.6002197,149.1580658,138.8698883,329.0610657,0.854447098,0.145552902,0.009634628,0.000316538
2020-12-09,17:51:13,5.064799881,8.010500336,163.2676697,186.1113892,161.151474,159.9916992,277.5995178,149.1590576,138.8690491,329.0610657,0.854447098,0.145552902,0.009634628,0.000316538
2020-12-09,17:51:14,5.064599991,8.010500336,163.2666473,186.1156616,161.1508636,159.9919281,277.598877,149.159668,138.868515,329.0610657,0.854447098,0.145552902,0.009634628,0.000316538
2020-12-09,17:51:15,5.064500046,8.010500336,163.2676544,186.1197357,161.151474,159.9914856,277.6001587,149.1610107,138.8673401,329.0610657,0.854447098,0.145552902,0.009634628,0.000316538
2020-12-09,17:51:16,5.064699936,8.010500336,163.2676544,186.1236877,161.151825,159.9912567,277.600708,149.1618195,138.8666992,329.0610657,0.854447098,0.145552902,0.009634628,0.000316538
2020-12-09,17:51:17,5.064500046,8.010399628,163.2676544,186.1278839,161.1513367,159.9915466,277.6000061,149.1629028,138.8657379,329.0610657,0.854447098,0.145552902,0.009634628,0.000316538
2020-12-09,17:51:18,5.064599991,8.010500336,163.2676544,186.1324463,161.1509552,159.9917603,277.5994568,149.16362,138.8651428,329.0610657,0.854447098,0.145552902,0.009634628,0.000316538
2020-12-09,17:51:19,5.064699936,8.010399628,163.2676544,186.1360931,161.1504517,159.991806,277.5991821,149.1650848,138.8639984,329.0610657,0.854447098,0.145552902,0.009634628,0.000316538
2020-12-09,17:51:20,5.064599991,8.010399628,163.2676544,186.1396332,161.1515503,159.9912567,277.6007385,149.1657104,138.8634338,329.0610657,0.854447098,0.145552902,0.009634628,0.000316538
2020-12-09,17:51:21,5.064500046,8.010299683,163.2676544,186.1437683,161.1522217,159.9914856,277.6000366,149.1669464,138.8623505,329.0610657,0.854447098,0.145552902,0.009634628,0.000316538
2020-12-09,17:51:22,5.064400101,8.010299683,163.2676544,186.1474304,161.1524658,159.9912567,277.600708,149.1677704,138.8616333,329.0610657,0.854447098,0.145552902,0.009634628,0.000316538
2020-12-09,17:51:23,5.064199829,8.010299683,163.2676544,186.1516571,161.151825,159.9910431,277.6013489,149.168396,138.861145,329.0610657,0.854447098,0.145552902,0.009634628,0.000316538
2020-12-09,17:51:24,5.064400101,8.010299683,163.2676544,186.1540375,161.1515045,159.9916534,277.5996704,149.1698456,138.8599396,329.0610657,0.854447098,0.145552902,0.009634628,0.000316538
2020-12-09,17:51:25,5.064199829,8.010299683,163.2676544,186.1596832,161.1515808,159.9910431,277.6014099,149.1707458,138.8591461,329.0610657,0.854447098,0.145552902,0.009634628,0.000316538
2020-12-09,17:51:26,5.064400101,8.010299683,163.2676544,186.1626434,161.1509705,159.9914246,277.6002502,149.1714478,138.8585205,329.0610657,0.854447098,0.145552902,0.009634628,0.000316538
2020-12-09,17:51:27,5.064199829,8.010199738,163.2676544,186.1669922,161.1513672,159.9909821,277.601532,149.1727295,138.8575134,329.0610657,0.854447098,0.145552902,0.009634628,0.000316538
2020-12-09,17:51:28,5.064300156,8.010299683,163.2676544,186.1702728,161.1509552,159.9916534,277.5996704,149.1730804,138.857132,329.0610657,0.854447098,0.145552902,0.009634628,0.000316538
2020-12-09,17:51:29,5.064099884,8.010199738,163.2676544,186.1740265,161.1519165,159.9912567,277.6007385,149.1738892,138.8565063,329.0610657,0.854447098,0.145552902,0.009634628,0.000316538
2020-12-09,17:51:30,5.064199829,8.010199738,163.2676544,186.1776886,161.1512756,159.9914246,277.6003723,149.1748047,138.8556976,329.0610657,0.854447098,0.145552902,0.009634628,0.000316538
2020-12-09,17:51:31,5.063899994,8.010199738,163.2676544,186.1803589,161.1510468,159.9916077,277.599762,149.1757813,138.8548431,329.0610657,0.854447098,0.145552902,0.009634628,0.000316538
2020-12-09,17:51:32,5.063999939,8.010099792,163.2676544,186.1847992,161.1511993,159.991806,277.5993347,149.1766052,138.8541718,329.0610657,0.854447098,0.145552902,0.009634628,0.000316538
2020-12-09,17:51:33,5.063899994,8.010199738,163.2686615,186.1878662,161.1519928,159.9912567,277.6007385,149.177948,138.8530731,329.0610657,0.854447098,0.145552902,0.009634628,0.000316538
2020-12-09,17:51:34,5.063999939,8.010099792,163.2676392,186.1923523,161.1512909,159.9916077,277.599884,149.1787567,138.8524017,329.0610657,0.854447098,0.145552902,0.009634628,0.000316538
2020-12-09,17:51:35,5.063800049,8.010099792,163.2676392,186.1941986,161.1520691,159.9914856,277.5996094,149.1791229,138.8520203,329.0610657,0.854447098,0.145552902,0.009634628,0.000316538
2020-12-09,17:51:36,5.064099884,8.010099792,163.2676392,186.1982574,161.15242,159.9913788,277.6005249,149.1800232,138.8512421,329.0610657,0.854447098,0.145552902,0.009634628,0.000316538
2020-12-09,17:51:37,5.063899994,8.009999847,163.2676392,186.2026672,161.1516571,159.9912109,277.6009521,149.1807404,138.8506622,329.0610657,0.854447098,0.145552902,0.009634628,0.000316538
2020-12-09,17:51:38,5.063999939,8.010099792,163.2676392,186.2055206,161.1509247,159.9910431,277.6012878,149.1816406,138.8499298,329.0610657,0.854447098,0.145552902,0.009634628,0.000316538
2020-12-09,17:51:39,5.063700104,8.009999847,163.2687378,186.2099152,161.1520844,159.9914246,277.6002808,149.1828918,138.8488007,329.0610657,0.854447098,0.145552902,0.009634628,0.000316538
2020-12-09,17:51:40,5.063999939,8.009999847,163.2687378,186.2127228,161.1528931,159.9910431,277.6012878,149.1832886,138.848526,329.0610657,0.854447098,0.145552902,0.009634628,0.000316538
2020-12-09,17:51:41,5.063700104,8.009999847,163.2676849,186.2157288,161.1533051,159.9916992,277.5996399,149.184082,138.8478699,329.0610657,0.854447098,0.145552902,0.009634628,0.000316538
2020-12-09,17:51:42,5.063800049,8.009899902,163.2676849,186.2192535,161.1504211,159.9914856,277.6004028,149.1839905,138.8477478,329.0610657,0.854447098,0.145552902,0.009634628,0.000316538
2020-12-09,17:51:43,5.063499832,8.009999847,163.2676849,186.2228241,161.151413,159.9918671,277.5990906,149.1860504,138.8461609,329.0610657,0.854447098,0.145552902,0.009634628,0.000316538
2020-12-09,17:51:44,5.063700104,8.009899902,163.2676849,186.2253113,161.1513519,159.9914246,277.6004028,149.1865082,138.8458405,329.0610657,0.854447098,0.145552902,0.009634628,0.000316538
2020-12-09,17:51:45,5.063399887,8.009899902,163.2676849,186.2292938,161.1512909,159.9913177,277.6006165,149.187149,138.8452454,329.0610657,0.854447098,0.145552902,0.009634628,0.000316538
2020-12-09,17:51:46,5.063299942,8.009899902,163.2676849,186.2329712,161.1519012,159.9912109,277.6003113,149.1877747,138.8446808,329.0610657,0.854447098,0.145552902,0.009634628,0.000316538
2020-12-09,17:51:47,5.063499832,8.009899902,163.2676849,186.2364655,161.1516266,159.9913788,277.6009216,149.1885834,138.8440552,329.0610657,0.854447098,0.145552902,0.009634628,0.000316538
2020-12-09,17:51:48,5.063299942,8.009799957,163.2676849,186.238327,161.1519165,159.9917603,277.5994568,149.1890259,138.8436127,329.0610657,0.854381714,0.145618296,0.009634628,0.000316538
2020-12-09,17:51:49,5.063000107,8.009899902,163.2676849,186.242157,161.1514282,159.9914856,277.6001282,149.1901855,138.8426056,329.0610657,0.854381714,0.145618296,0.009634628,0.000316538
2020-12-09,17:51:50,5.063199997,8.009799957,163.2687225,186.2430878,161.1510468,159.9915466,277.5999756,149.1912079,138.8418121,329.0610657,0.854381714,0.145618296,0.009634628,0.000316538
2020-12-09,17:51:51,5.063000107,8.009799957,163.2677155,186.2479706,161.1515808,159.9916077,277.599762,149.1909332,138.8420258,329.0610657,0.854381714,0.145618296,0.009634628,0.000316538
2020-12-09,17:51:52,5.063199997,8.009799957,163.2687531,186.2509308,161.1508331,159.9916534,277.599884,149.1920929,138.8410645,329.0610657,0.854381714,0.145618296,0.009634628,0.000316538
2020-12-09,17:51:53,5.063000107,8.009799957,163.2687531,186.2549133,161.1513519,159.9916077,277.5997009,149.193634,138.839798,329.0610657,0.854381714,0.145618296,0.009634628,0.000316538
2020-12-09,17:51:54,5.063199997,8.009700012,163.267746,186.2584839,161.1508942,159.9916992,277.5996094,149.1932831,138.8400421,329.0610657,0.854381714,0.145618296,0.009634628,0.000316538
2020-12-09,17:51:55,5.063000107,8.009799957,163.267746,186.2598572,161.151886,159.9919586,277.5987549,149.1947174,138.8388672,329.0610657,0.854381714,0.145618296,0.009634628,0.000316538
2020-12-09,17:51:56,5.063100052,8.009700012,163.267746,186.2637024,161.1527252,159.9914856,277.6001587,149.1949921,138.8385773,329.0610657,0.854381714,0.145618296,0.009634628,0.000316538
2020-12-09,17:51:57,5.062799835,8.009700012,163.267746,186.2668152,161.1508484,159.9911499,277.6010742,149.1961517,138.8376007,329.0610657,0.854381714,0.145618296,0.009634628,0.000316538
2020-12-09,17:51:58,5.062900162,8.009600067,163.267746,186.2691498,161.1515961,159.991806,277.5992737,149.1966858,138.8371429,329.0610657,0.854381714,0.145618296,0.009634628,0.000316538
2020-12-09,17:51:59,5.06269989,8.009600067,163.2687988,186.2719727,161.1510468,159.9914246,277.6004028,149.197876,138.8361359,329.0610657,0.854381714,0.145618296,0.009634628,0.000316538
2020-12-09,17:52:00,5.062599945,8.009600067,163.2687988,186.2752228,161.1519623,159.9912109,277.6009216,149.1973114,138.8366089,329.0610657,0.854373703,0.145626297,0.009634628,0.000316538
2020-12-09,17:52:01,5.062799835,8.009600067,163.2687988,186.2789612,161.1513519,159.9915466,277.5999451,149.1985931,138.8355255,329.0610657,0.854373703,0.145626297,0.009634628,0.000316538
2020-12-09,17:52:02,5.062599945,8.009500122,163.2687988,186.2813873,161.151886,159.9914246,277.6001892,149.1993103,138.8349762,329.0610657,0.854361801,0.145638199,0.009634628,0.000316538
2020-12-09,17:52:03,5.062799835,8.009600067,163.2687988,186.2836609,161.151535,159.9916992,277.5996094,149.1996613,138.8345947,329.0610657,0.854361801,0.145638199,0.009634628,0.000316538
2020-12-09,17:52:04,5.062599945,8.009500122,163.2687988,186.2864075,161.1518402,159.9910431,277.6013184,149.2008362,138.8336182,329.0610657,0.854361801,0.145638199,0.009634628,0.000316538
2020-12-09,17:52:05,5.06269989,8.009600067,163.2677612,186.2900238,161.1511536,159.9917603,277.5994568,149.2012787,138.8332977,329.0610657,0.854361801,0.145638199,0.009634628,0.000316538
2020-12-09,17:52:06,5.0625,8.009500122,163.2677612,186.2928925,161.1504822,159.9921417,277.5983582,149.2019196,138.8327637,329.0610657,0.854361801,0.145638199,0.009634628,0.000316538
2020-12-09,17:52:07,5.062400055,8.009500122,163.2677612,186.2953644,161.1516418,159.9915466,277.5999756,149.2030945,138.8317413,329.0610657,0.854361801,0.145638199,0.009634628,0.000316538
2020-12-09,17:52:08,5.062599945,8.009400177,163.2677612,186.2984009,161.1525116,159.9917603,277.5994263,149.2034454,138.8314667,329.0610657,0.854361801,0.145638199,0.009634628,0.000316538
2020-12-09,17:52:09,5.06230011,8.009500122,163.2687988,186.3003082,161.1519623,159.9914856,277.6001282,149.2029114,138.8318787,329.0610657,0.854361801,0.145638199,0.009634628,0.000316538
2020-12-09,17:52:10,5.0625,8.009400177,163.2677765,186.3037567,161.1515961,159.9917603,277.5991516,149.2045441,138.8305206,329.0610657,0.854361801,0.145638199,0.009634628,0.000316538
2020-12-09,17:52:11,5.062200165,8.009400177,163.2677765,186.3060303,161.1526031,159.9914856,277.6004028,149.2044373,138.8304291,329.0610657,0.854361801,0.145638199,0.009634628,0.000316538
2020-12-09,17:52:12,5.061999893,8.009400177,163.2687988,186.3089447,161.1517487,159.991806,277.5991516,149.2057953,138.8294525,329.0610657,0.854361801,0.145638199,0.009634628,0.000316538
2020-12-09,17:52:13,5.062200165,8.009400177,163.2687988,186.3101196,161.1513977,159.9919586,277.5988159,149.2063293,138.8289795,329.0610657,0.854361801,0.145638199,0.009634628,0.000316538
2020-12-09,17:52:14,5.061999893,8.009300232,163.2687988,186.3140869,161.1522675,159.991806,277.5993042,149.2062531,138.8290558,329.0610657,0.854361801,0.145638199,0.009634628,0.000316538
2020-12-09,17:52:15,5.062200165,8.009400177,163.2687988,186.3161469,161.1513519,159.9916992,277.5995789,149.2070618,138.8284149,329.0610657,0.854361801,0.145638199,0.009634628,0.000316538
2020-12-09,17:52:16,5.061999893,8.009300232,163.2687988,186.3183899,161.1516418,159.991806,277.5993347,149.2077789,138.8278198,329.0610657,0.854361801,0.145638199,0.009634628,0.000316538
2020-12-09,17:52:17,5.062200165,8.009400177,163.2687988,186.3213806,161.1513367,159.9914246,277.6001892,149.2080536,138.8275299,329.0610657,0.854361801,0.145638199,0.009634628,0.000316538
2020-12-09,17:52:18,5.061899948,8.009300232,163.2687988,186.3237762,161.1509094,159.9912567,277.6007996,149.2097626,138.8261261,329.0610657,0.854361801,0.145638199,0.009634628,0.000316538
2020-12-09,17:52:19,5.061999893,8.009300232,163.2677917,186.3275146,161.1520081,159.9916077,277.599823,149.2100372,138.8258972,329.0610657,0.854361801,0.145638199,0.009634628,0.000316538
2020-12-09,17:52:20,5.061800003,8.009300232,163.2687988,186.3294067,161.1521149,159.9917603,277.5994568,149.2107391,138.8252716,329.0610657,0.854361801,0.145638199,0.009634628,0.000316538
2020-12-09,17:52:21,5.061999893,8.009200287,163.2687988,186.3318481,161.1524811,159.9916992,277.5995483,149.2110291,138.8250275,329.0610657,0.854361801,0.145638199,0.009634628,0.000316538
2020-12-09,17:52:22,5.061700058,8.009300232,163.2687988,186.3347321,161.1504517,159.9921417,277.5983887,149.2112885,138.8248138,329.0610657,0.854361801,0.145638199,0.009634628,0.000316538
2020-12-09,17:52:23,5.061999893,8.009200287,163.2677917,186.3367157,161.150238,159.9916992,277.5995178,149.2119141,138.824295,329.0610657,0.854361801,0.145638199,0.009634628,0.000316538
2020-12-09,17:52:24,5.062099838,8.009200287,163.2677917,186.3392944,161.151413,159.9915466,277.6000061,149.2123718,138.8238983,329.0610657,0.854361801,0.145638199,0.009634628,0.000316538
2020-12-09,17:52:25,5.061700058,8.009200287,163.2687988,186.3421936,161.15065,159.9910431,277.6012573,149.2127533,138.8236694,329.0610657,0.854361801,0.145638199,0.009634628,0.000316538
2020-12-09,17:52:26,5.061800003,8.009100342,163.2687988,186.3435364,161.151825,159.9917603,277.5994263,149.2137299,138.8227386,329.0610657,0.854361801,0.145638199,0.009634628,0.000315626
2020-12-09,17:52:27,5.061600113,8.009100342,163.2687988,186.3461761,161.1515503,159.9912567,277.6007996,149.2145996,138.8219757,329.0610657,0.854361801,0.145638199,0.009634628,0.000315626
2020-12-09,17:52:28,5.061800003,8.009200287,163.2687988,186.3491516,161.1513062,159.9920197,277.5986023,149.2149048,138.8217773,329.0610657,0.854361801,0.145638199,0.009634628,0.000315626
2020-12-09,17:52:29,5.061600113,8.009100342,163.2687988,186.349884,161.1520538,159.9916992,277.5995789,149.2152557,138.8214264,329.0610657,0.854361801,0.145638199,0.009634628,0.000315626
2020-12-09,17:52:30,5.061700058,8.009100342,163.2687988,186.3521881,161.151413,159.9921417,277.5982971,149.2153473,138.8213654,329.0610657,0.854361801,0.145638199,0.009634628,0.000315626
2020-12-09,17:52:31,5.061700058,8.009100342,163.2687988,186.3543549,161.1518402,159.9915466,277.5999451,149.2162628,138.8206177,329.0610657,0.854361801,0.145638199,0.009634628,0.000315626
2020-12-09,17:52:32,5.061500168,8.009100342,163.2687988,186.3582306,161.1512756,159.9916992,277.5995178,149.2167816,138.8201599,329.0610657,0.854361801,0.145638199,0.009634628,0.000315626
2020-12-09,17:52:33,5.061399841,8.008999634,163.2687988,186.3603363,161.1521301,159.9915466,277.5999146,149.2176971,138.8193817,328.9481506,0.854361801,0.145638199,0.009634628,0.000315626
2020-12-09,17:52:34,5.061500168,8.008999634,163.2687988,186.3624725,161.1510315,159.9920197,277.5986328,149.2179565,138.8191681,328.9481506,0.854361801,0.145638199,0.009634628,0.000315626
2020-12-09,17:52:35,5.061399841,8.008999634,163.2698059,186.3642578,161.1512909,159.9917603,277.5993958,149.2183228,138.8188782,328.9481506,0.854361801,0.145638199,0.009634628,0.000315626
2020-12-09,17:52:36,5.061600113,8.008899689,163.2687988,186.3663025,161.1508484,159.9916992,277.5995483,149.2185974,138.818634,328.9481506,0.854361801,0.145638199,0.009634628,0.000315626
2020-12-09,17:52:37,5.061199951,8.008999634,163.2698669,186.368454,161.1513672,159.9913788,277.6004639,149.2194977,138.8178558,328.9481506,0.854361801,0.145638199,0.009634628,0.000315626
2020-12-09,17:52:38,5.061299896,8.008899689,163.2698669,186.3709717,161.1511688,159.9916534,277.5997009,149.2192383,138.8180237,328.9481506,0.854361801,0.145638199,0.009634628,0.000315626
2020-12-09,17:52:39,5.061100006,8.008899689,163.2687836,186.3714447,161.1519928,159.9921417,277.5983887,149.2210236,138.8165894,328.9481506,0.854361801,0.145638199,0.009634628,0.000315626
2020-12-09,17:52:40,5.061199951,8.008899689,163.2687836,186.375351,161.1527405,159.9916534,277.5997314,149.2207489,138.816803,328.9481506,0.854361801,0.145638199,0.009634628,0.000315626
2020-12-09,17:52:41,5.061000061,8.008899689,163.2687836,186.3774261,161.1513367,159.991806,277.5991821,149.2210236,138.8165588,328.9481506,0.854361801,0.145638199,0.009634628,0.000315626
2020-12-09,17:52:42,5.061100006,8.008799744,163.2687836,186.3792419,161.1502991,159.9919586,277.5988159,149.2208557,138.8167267,328.9481506,0.854361801,0.145638199,0.009634628,0.000315683
2020-12-09,17:52:43,5.061000061,8.008899689,163.2687836,186.3814697,161.1510773,159.9921417,277.5983276,149.2216644,138.8160095,329.7548828,0.854361801,0.145638199,0.009634628,0.000315683
2020-12-09,17:52:44,5.060699844,8.008799744,163.2687836,186.3830872,161.1519928,159.9917603,277.5994568,149.2221985,138.8155823,329.7548828,0.854361801,0.145638199,0.009634628,0.000315683
2020-12-09,17:52:45,5.060900116,8.008799744,163.2687836,186.3860931,161.1516724,159.9914246,277.6003113,149.2231903,138.8147736,329.7548828,0.854361801,0.145638199,0.009634628,0.000315683
2020-12-09,17:52:46,5.060800171,8.008799744,163.2697906,186.387619,161.1520538,159.991806,277.5992126,149.2234497,138.8145142,329.7548828,0.854361801,0.145638199,0.009634628,0.000315683
2020-12-09,17:52:47,5.061000061,8.008699799,163.2697906,186.3885956,161.1508026,159.9914856,277.6001587,149.2230072,138.8149567,329.7548828,0.854361801,0.145638199,0.009634628,0.000315683
2020-12-09,17:52:48,5.060599899,8.008799744,163.2697906,186.3914795,161.1521149,159.991806,277.5992737,149.2242584,138.813858,329.7548828,0.854343872,0.145656099,0.009634628,0.000315683
2020-12-09,17:52:49,5.060900116,8.008699799,163.2697906,186.393692,161.1517487,159.9919281,277.5989685,149.2247162,138.8134613,329.7548828,0.854343872,0.145656099,0.009634628,0.000315683
2020-12-09,17:52:50,5.060699844,8.008699799,163.2697906,186.3960571,161.1524963,159.9917603,277.5993958,149.2258148,138.8125458,329.7548828,0.854343872,0.145656099,0.009634628,0.000315683
2020-12-09,17:52:51,5.060900116,8.008699799,163.2697906,186.3965454,161.1506805,159.9914856,277.6000366,149.2259064,138.8126221,329.7548828,0.854343872,0.145656099,0.009634628,0.000315683
2020-12-09,17:52:52,5.060699844,8.008599854,163.2687683,186.3993683,161.1517639,159.9920807,277.5984802,149.2263489,138.8121338,329.7548828,0.854343872,0.145656099,0.009634628,0.000316552
2020-12-09,17:52:53,5.060699844,8.008699799,163.2687683,186.4013519,161.1522522,159.9914246,277.6002197,149.2269745,138.8116455,329.7548828,0.854343872,0.145656099,0.009634628,0.000316552
2020-12-09,17:52:54,5.060800171,8.008599854,163.2687683,186.4029236,161.1506042,159.991806,277.5991211,149.227356,138.8112946,329.7548828,0.854411469,0.145588503,0.009634628,0.000316552
2020-12-09,17:52:55,5.060599899,8.008599854,163.2687683,186.4053955,161.151825,159.9921417,277.5982361,149.2268829,138.8116913,329.7548828,0.854411469,0.145588503,0.009634628,0.000316552
2020-12-09,17:52:56,5.060800171,8.008599854,163.2687683,186.4064484,161.1506805,159.9916534,277.5997009,149.2277985,138.8109131,329.7548828,0.854365768,0.145634203,0.009634628,0.000316552
2020-12-09,17:52:57,5.060499954,8.008499908,163.2687683,186.4082947,161.1517181,159.991806,277.5992737,149.2271576,138.8114014,329.7548828,0.854365768,0.145634203,0.009634628,0.000316552
2020-12-09,17:52:58,5.060499954,8.008599854,163.2687683,186.4111633,161.1520233,159.9915466,277.5999756,149.2285004,138.8103333,329.7548828,0.854365768,0.145634203,0.009634628,0.000316552
2020-12-09,17:52:59,5.060400009,8.008499908,163.2698059,186.4125061,161.1523132,159.9921417,277.5982666,149.2282257,138.8105621,329.7548828,0.854365768,0.145634203,0.009634628,0.000316552
2020-12-09,17:53:00,5.060599899,8.008499908,163.2698059,186.4151001,161.1529541,159.9919281,277.598877,149.2294159,138.8095398,329.7548828,0.854365768,0.145634203,0.009634628,0.000316552
2020-12-09,17:53:01,5.060200119,8.008499908,163.2698059,186.4171295,161.1515198,159.9916077,277.5997925,149.2292175,138.8097076,329.7548828,0.854365768,0.145634203,0.009634628,0.000316552
2020-12-09,17:53:02,5.060599899,8.008499908,163.2687378,186.4177704,161.1513824,159.9922028,277.598175,149.2300415,138.8090057,329.7548828,0.854365768,0.145634203,0.009634628,0.000316552
2020-12-09,17:53:03,5.060300064,8.008399963,163.2697449,186.4203796,161.1509705,159.9917603,277.5994568,149.2303925,138.8087311,329.7548828,0.854365768,0.145634203,0.009634628,0.000316552
2020-12-09,17:53:04,5.059999847,8.008499908,163.2697449,186.421936,161.1520844,159.9920197,277.5986023,149.2308502,138.8083496,329.7548828,0.854365768,0.145634203,0.009634628,0.000316552
2020-12-09,17:53:05,5.060100174,8.008399963,163.2697449,186.4234314,161.1520081,159.991806,277.5991821,149.2313232,138.8079376,329.7548828,0.854365768,0.145634203,0.009634628,0.000316552
2020-12-09,17:53:06,5.059999847,8.008399963,163.2697449,186.4248047,161.1515656,159.9922028,277.598114,149.2312164,138.8078766,329.7548828,0.854365768,0.145634203,0.009634628,0.000316552
2020-12-09,17:53:07,5.060100174,8.008399963,163.2687378,186.4270935,161.1531067,159.9924774,277.5974426,149.2318268,138.8074799,329.7548828,0.854365768,0.145634203,0.009634628,0.000316552
2020-12-09,17:53:08,5.060200119,8.008300018,163.2687378,186.4290924,161.1534576,159.9916534,277.5996704,149.2324524,138.8069305,329.7548828,0.854365768,0.145634203,0.009634628,0.000316552
2020-12-09,17:53:09,5.059899902,8.008300018,163.2687378,186.4305573,161.152771,159.9914856,277.6000977,149.2320099,138.8073425,329.7548828,0.854365768,0.145634203,0.009634628,0.000316552
2020-12-09,17:53:10,5.059799957,8.008399963,163.2687378,186.431839,161.1520844,159.9913177,277.600647,149.2328033,138.8066711,329.7548828,0.854365768,0.145634203,0.009634628,0.000316552
2020-12-09,17:53:11,5.059899902,8.008300018,163.2687378,186.4338837,161.1518097,159.9916077,277.599762,149.2335358,138.806015,329.7548828,0.854365768,0.145634203,0.009634628,0.000316552
2020-12-09,17:53:12,5.059799957,8.008399963,163.2687378,186.436554,161.1524353,159.9919586,277.5988159,149.2333679,138.8061829,329.7548828,0.854365768,0.145634203,0.009634628,0.000316552
2020-12-09,17:53:13,5.059700012,8.008300018,163.2697449,186.438385,161.1526947,159.9921417,277.5982056,149.2347107,138.805069,329.7548828,0.854365768,0.145634203,0.009634628,0.000316552
2020-12-09,17:53:14,5.059899902,8.008300018,163.2697449,186.4394684,161.1523438,159.9914246,277.6001892,149.2349854,138.8048248,329.7548828,0.854365768,0.145634203,0.009634628,0.000316552
2020-12-09,17:53:15,5.060100174,8.008300018,163.2697449,186.4410858,161.1534119,159.9921417,277.5982971,149.2347107,138.8050232,329.7548828,0.854365768,0.145634203,0.009634628,0.000316552
2020-12-09,17:53:16,5.059799957,8.008300018,163.2697449,186.4428406,161.1531219,159.991806,277.5993042,149.2353363,138.8045044,329.7548828,0.854365768,0.145634203,0.009634628,0.000316552
2020-12-09,17:53:17,5.059700012,8.008200073,163.2697449,186.4443665,161.1533966,159.9914246,277.6004028,149.2355194,138.8043518,329.7548828,0.854365768,0.145634203,0.009634628,0.000316552
2020-12-09,17:53:18,5.059899902,8.008300018,163.2697449,186.4454803,161.1528168,159.9916077,277.599884,149.235611,138.8042603,329.7548828,0.854365768,0.145634203,0.009634628,0.000316552
2020-12-09,17:53:19,5.061199951,8.008200073,163.2697449,186.4482117,161.1544647,159.9922638,277.5979309,149.2364197,138.8036194,329.7548828,0.854365768,0.145634203,0.009634628,0.000316552
2020-12-09,17:53:20,5.063800049,8.008300018,163.2697449,186.4490967,161.1538544,159.991806,277.5991516,149.2358856,138.8040009,329.7548828,0.854365768,0.145634203,0.009634628,0.00031661
2020-12-09,17:53:21,5.064799881,8.008200073,163.2697449,186.4515533,161.1534576,159.9917603,277.5994873,149.2367859,138.8032684,329.7548828,0.854365768,0.145634203,0.009634628,0.00031661
2020-12-09,17:53:22,5.065000153,8.008200073,163.2697449,186.4533081,161.1538239,159.9920807,277.5984497,149.2373199,138.8028107,329.7548828,0.854365768,0.145634203,0.009634628,0.00031661
2020-12-09,17:53:23,5.064699936,8.008200073,163.2697449,186.4545898,161.1531219,159.9919281,277.598877,149.2368774,138.8031921,329.7548828,0.854365768,0.145634203,0.009634628,0.00031661
2020-12-09,17:53:24,5.065000153,8.008200073,163.2697449,186.455658,161.1550598,159.9921417,277.5983887,149.238327,138.802063,329.7548828,0.854365768,0.145634203,0.009634628,0.00031661
2020-12-09,17:53:25,5.064899826,8.008100128,163.2697449,186.4577637,161.1539001,159.9920197,277.5986328,149.2384949,138.8018646,329.7548828,0.854365768,0.145634203,0.009634628,0.00031661
2020-12-09,17:53:26,5.065100098,8.008200073,163.2697449,186.4596405,161.1550903,159.9921417,277.5982056,149.238327,138.8020935,329.7548828,0.854365768,0.145634203,0.009634628,0.00031661
2020-12-09,17:53:27,5.064500046,8.008100128,163.2687225,186.4615326,161.1536255,159.9914246,277.6003113,149.2391205,138.8013306,329.7548828,0.854365768,0.145634203,0.009634628,0.00031661
2020-12-09,17:53:28,5.064799881,8.008200073,163.2697754,186.4633636,161.1547699,159.9920197,277.5986023,149.2389526,138.8014526,329.7548828,0.854365768,0.145634203,0.009634628,0.00031661
2020-12-09,17:53:29,5.064599991,8.008100128,163.2697754,186.4651337,161.1541138,159.9920807,277.5985107,149.2393036,138.801178,329.7548828,0.854365768,0.145634203,0.009634628,0.00031661
2020-12-09,17:53:30,5.064300156,8.008100128,163.2697754,186.4690857,161.1550598,159.9921417,277.5982971,149.2403107,138.8003235,329.7548828,0.854365768,0.145634203,0.009634628,0.00031661
2020-12-09,17:53:31,5.064099884,8.008100128,163.2697754,186.4707489,161.1534576,159.9918671,277.5990295,149.2399292,138.8006744,329.7548828,0.854365768,0.145634203,0.009634628,0.00031661
2020-12-09,17:53:32,5.063899994,8.008100128,163.2697754,186.4733429,161.1549988,159.9919586,277.5988159,149.2406616,138.8000488,329.7548828,0.854365768,0.145634203,0.009634628,0.00031661
2020-12-09,17:53:33,5.063999939,8.008100128,163.2697754,186.4765472,161.1555786,159.991806,277.5993347,149.2401123,138.8004761,329.6249084,0.854365768,0.145634203,0.009634628,0.00031661
2020-12-09,17:53:34,5.063899994,8.008000183,163.2697754,186.4790344,161.1545868,159.9921417,277.5984192,149.2406616,138.7999573,329.6249084,0.854314194,0.145685797,0.009634628,0.00031661
2020-12-09,17:53:35,5.063600159,8.008100128,163.2697754,186.4817963,161.1553802,159.9916534,277.5996704,149.2418213,138.7990417,329.6249084,0.854314194,0.145685797,0.009634628,0.00031661
2020-12-09,17:53:36,5.063800049,8.008000183,163.2697754,186.4843292,161.1555481,159.991806,277.5991516,149.2423706,138.7986145,329.6249084,0.854314194,0.145685797,0.009634628,0.00031661
2020-12-09,17:53:37,5.063600159,8.008100128,163.2697754,186.4868622,161.1551819,159.9923096,277.5977783,149.2420044,138.7988739,329.6249084,0.854314194,0.145685797,0.009634628,0.00031661
2020-12-09,17:53:38,5.063299942,8.008000183,163.2697754,186.4897614,161.1548004,159.9916534,277.5996704,149.2430878,138.7980347,329.6249084,0.854314194,0.145685797,0.009634628,0.00031661
2020-12-09,17:53:39,5.063399887,8.008000183,163.2697754,186.4945679,161.15625,159.9913788,277.6005554,149.2422943,138.7986603,329.6249084,0.854314194,0.145685797,0.009634628,0.00031661
2020-12-09,17:53:40,5.063100052,8.008000183,163.2697754,186.4968719,161.1557312,159.9922028,277.5981445,149.2430115,138.7980957,329.6249084,0.854314194,0.145685797,0.009634628,0.00031661
2020-12-09,17:53:41,5.063199997,8.008000183,163.2697754,186.5001526,161.1552582,159.9919281,277.5989075,149.2432709,138.7977753,329.6249084,0.854314194,0.145685797,0.009634628,0.00031661
2020-12-09,17:53:42,5.06269989,8.007900238,163.2697754,186.5041199,161.1563263,159.9921417,277.5984192,149.2429199,138.7981262,329.6249084,0.854371719,0.1456283,0.009634628,0.00031661
2020-12-09,17:53:43,5.062900162,8.008000183,163.2697754,186.5061798,161.1552734,159.9925232,277.5972595,149.2446289,138.7966614,329.6249084,0.854371719,0.1456283,0.009634628,0.00031661
2020-12-09,17:53:44,5.062599945,8.007900238,163.2697754,186.5112305,161.1563263,159.9919281,277.5988464,149.2443542,138.7969055,329.6249084,0.854371719,0.1456283,0.009634628,0.00031661
2020-12-09,17:53:45,5.06269989,8.007900238,163.2697754,186.5142975,161.1557465,159.9922028,277.598053,149.2449036,138.796463,329.6249084,0.854371719,0.1456283,0.009634628,0.00031661
2020-12-09,17:53:46,5.062400055,8.007900238,163.2707825,186.5169983,161.156723,159.9918671,277.5990906,149.2445221,138.7961426,329.6249084,0.854371719,0.1456283,0.009634628,0.00031661
2020-12-09,17:53:47,5.06230011,8.007900238,163.2707825,186.520874,161.1555176,159.9915466,277.5999146,149.2463379,138.7952118,329.6249084,0.854371719,0.1456283,0.009634628,0.00031661
2020-12-09,17:53:48,5.062599945,8.007800293,163.2707825,186.5240326,161.1567535,159.9921417,277.5982666,149.2462616,138.7951813,329.6249084,0.854371719,0.1456283,0.009634628,0.00031661
2020-12-09,17:53:49,5.062200165,8.007900238,163.2697754,186.5271149,161.1552429,159.991806,277.5993652,149.2460785,138.7953796,329.6249084,0.854371719,0.1456283,0.009634628,0.00031661
2020-12-09,17:53:50,5.06230011,8.007800293,163.2697754,186.5315857,161.1564636,159.9919281,277.5989075,149.246521,138.7950439,329.6249084,0.854371719,0.1456283,0.009634628,0.00031661
2020-12-09,17:53:51,5.061899948,8.007900238,163.2697754,186.5346375,161.1571198,159.9923096,277.5977783,149.2465973,138.7949219,329.6249084,0.854371719,0.1456283,0.009634628,0.00031661
2020-12-09,17:53:52,5.061800003,8.007800293,163.2697754,186.5392303,161.1562805,159.9925232,277.5973206,149.247406,138.7943115,329.6249084,0.854371719,0.1456283,0.009634628,0.00031661
2020-12-09,17:53:53,5.061600113,8.007800293,163.2697754,186.5424347,161.1561127,159.9922638,277.5979919,149.2477875,138.7940216,329.6249084,0.854371719,0.1456283,0.009634628,0.00031661
2020-12-09,17:53:54,5.061500168,8.007800293,163.2697754,186.54599,161.1570435,159.9924164,277.5975037,149.2479706,138.7938538,329.6249084,0.854371719,0.1456283,0.009634628,0.00031661
2020-12-09,17:53:55,5.061700058,8.007800293,163.2697754,186.549881,161.1577911,159.9919281,277.5988464,149.2478638,138.7937469,329.6249084,0.854371719,0.1456283,0.009634628,0.00031661
2020-12-09,17:53:56,5.061199951,8.007700348,163.2697754,186.5531464,161.1565094,159.9923553,277.5977478,149.2484283,138.793457,329.6249084,0.854371719,0.1456283,0.009634628,0.00031661
2020-12-09,17:53:57,5.061500168,8.007800293,163.2697754,186.5573578,161.1561127,159.9922638,277.5980835,149.248764,138.7931519,329.6249084,0.854371719,0.1456283,0.009634628,0.00031661
2020-12-09,17:53:58,5.061100006,8.007700348,163.2697754,186.5605316,161.15802,159.9921417,277.5983276,149.2484283,138.7934723,329.6249084,0.854371719,0.1456283,0.009634628,0.00031661
2020-12-09,17:53:59,5.061299896,8.007700348,163.2697754,186.565094,161.1570282,159.9922638,277.5978088,149.2497711,138.7923279,329.6249084,0.854371719,0.1456283,0.009634628,0.00031661
2020-12-09,17:54:00,5.061199951,8.007700348,163.2697754,186.567215,161.1567841,159.9924164,277.5983276,149.2496796,138.7924347,329.6249084,0.854401627,0.145598497,0.009634628,0.00031661
2020-12-09,17:54:01,5.061000061,8.007700348,163.2697754,186.5715332,161.157486,159.9919281,277.5975647,149.2505646,138.791626,329.6249084,0.854401627,0.145598497,0.009634628,0.00031661
2020-12-09,17:54:02,5.061199951,8.007700348,163.2697754,186.575058,161.157196,159.9923553,277.5989075,149.2510071,138.7912598,329.6249084,0.854401627,0.145598497,0.009634628,0.00031661
2020-12-09,17:54:03,5.060800171,8.00759964,163.2707825,186.579071,161.157074,159.9918671,277.5976868,149.2511139,138.7911682,329.6249084,0.854401627,0.145598497,0.009634628,0.00031661
2020-12-09,17:54:04,5.060599899,8.00759964,163.2707825,186.5822754,161.1577454,159.9923553,277.5991516,149.2513885,138.7909698,329.6249084,0.854401627,0.145598497,0.009634628,0.00031661
2020-12-09,17:54:05,5.060800171,8.007700348,163.2707825,186.5861511,161.1573486,159.9922638,277.5976563,149.2509308,138.7913055,329.6249084,0.854401627,0.145598497,0.009634628,0.00031661
2020-12-09,17:54:06,5.060499954,8.00759964,163.2707825,186.5899811,161.1580963,159.9922028,277.598114,149.2513885,138.7909546,329.6249084,0.854401627,0.145598497,0.009634628,0.00031661
2020-12-09,17:54:07,5.060400009,8.00759964,163.2707825,186.5933685,161.1574097,159.9925232,277.5973206,149.2522888,138.7901764,329.6249084,0.854401627,0.145598497,0.009634628,0.00031661
2020-12-09,17:54:08,5.060499954,8.00759964,163.2707825,186.5973206,161.1579285,159.9916534,277.5997009,149.2534637,138.7892151,329.6249084,0.854401627,0.145598497,0.009634628,0.00031661
2020-12-09,17:54:09,5.060200119,8.007499695,163.2707825,186.6017456,161.15802,159.9923096,277.5979004,149.2530212,138.789566,329.6249084,0.854401627,0.145598497,0.009634628,0.00031661
2020-12-09,17:54:10,5.060100174,8.00759964,163.2707825,186.6051331,161.1576843,159.9927521,277.5966187,149.2534637,138.7891846,329.6249084,0.854401627,0.145598497,0.009634628,0.00031661
2020-12-09,17:54:11,5.060400009,8.007499695,163.2707825,186.6090088,161.1575928,159.9922638,277.5979614,149.2526398,138.789917,329.6249084,0.854401627,0.145598497,0.009634628,0.00031661
2020-12-09,17:54:12,5.060100174,8.007499695,163.2707825,186.611618,161.1574402,159.9925232,277.5973511,149.2541656,138.7885895,329.6249084,0.854401627,0.145598497,0.009634628,0.00031661
2020-12-09,17:54:13,5.059999847,8.007499695,163.2707825,186.6159058,161.1579742,159.9922638,277.5979309,149.2539978,138.7887573,329.6249084,0.854401627,0.145598497,0.009634628,0.00031661
2020-12-09,17:54:14,5.060200119,8.007499695,163.2707825,186.6194153,161.1576843,159.9918671,277.5990906,149.2549896,138.7878571,329.6249084,0.854401627,0.145598497,0.009634628,0.00031661
2020-12-09,17:54:15,5.059899902,8.007499695,163.2707825,186.622757,161.1586914,159.9922028,277.598053,149.2551575,138.7877502,329.6249084,0.854401627,0.145598497,0.009634628,0.00031661
2020-12-09,17:54:16,5.059700012,8.007499695,163.2707825,186.627533,161.1580963,159.9920197,277.5986633,149.2544403,138.7883301,329.6249084,0.854401627,0.145598497,0.009634628,0.00031661
2020-12-09,17:54:17,5.059799957,8.00739975,163.2707825,186.6315308,161.1586304,159.9924164,277.5975647,149.2554474,138.7875061,329.6249084,0.854401627,0.145598497,0.009634628,0.00031661
2020-12-09,17:54:18,5.059500122,8.007499695,163.2707825,186.6345673,161.1588593,159.9921417,277.5984192,149.2550964,138.7878265,329.4864197,0.854401627,0.145598497,0.009634628,0.00031661
2020-12-09,17:54:19,5.059400177,8.00739975,163.2707825,186.6384583,161.1584778,159.9927979,277.5965576,149.2555542,138.7874298,329.4864197,0.854401627,0.145598497,0.009634628,0.00031661
2020-12-09,17:54:20,5.05929985,8.00739975,163.2707825,186.6424103,161.1586914,159.9923553,277.5977173,149.2561646,138.7869568,329.4864197,0.854401627,0.145598497,0.009634628,0.000316552
2020-12-09,17:54:21,5.059700012,8.00739975,163.2718201,186.6458282,161.1589813,159.9928436,277.596405,149.256424,138.7866821,329.4864197,0.854401627,0.145598497,0.009634628,0.000316552
2020-12-09,17:54:22,5.05929985,8.00739975,163.2718201,186.649704,161.1576385,159.9922028,277.598053,149.2568054,138.7864075,329.4864197,0.854401627,0.145598497,0.009634628,0.000316552
2020-12-09,17:54:23,5.05909996,8.00739975,163.2707062,186.6528778,161.1590576,159.9925842,277.5971069,149.2573242,138.7858582,329.4864197,0.854401627,0.145598497,0.009634628,0.000316552
2020-12-09,17:54:24,5.05929985,8.007299805,163.2707062,186.6567078,161.157959,159.9922638,277.598175,149.257431,138.7858124,329.4864197,0.854401627,0.145598497,0.009634628,0.000316552
2020-12-09,17:54:25,5.059000015,8.00739975,163.2707062,186.659668,161.1585083,159.9925232,277.59729,149.2573242,138.7859192,329.4864197,0.854401627,0.145598497,0.009634628,0.000316552
2020-12-09,17:54:26,5.05929985,8.007299805,163.2707062,186.6637573,161.1580963,159.9922028,277.5981445,149.257782,138.7855682,329.4864197,0.854401627,0.145598497,0.009634628,0.000316552
2020-12-09,17:54:27,5.059600067,8.00739975,163.2717743,186.668335,161.1598053,159.992691,277.5967407,149.2579651,138.7854156,329.4864197,0.854401627,0.145598497,0.009634628,0.000316552
2020-12-09,17:54:28,5.059400177,8.007299805,163.2707367,186.6710663,161.1587982,159.9921417,277.5982666,149.257782,138.7855682,329.4864197,0.854401627,0.145598497,0.009634628,0.000316552
2020-12-09,17:54:29,5.059600067,8.007299805,163.2707367,186.6735687,161.1593628,159.9927521,277.5966797,149.2582397,138.7851563,329.4864197,0.854401627,0.145598497,0.009634628,0.000316552
2020-12-09,17:54:30,5.059199905,8.007299805,163.2707367,186.6786499,161.1581116,159.9918671,277.598999,149.258606,138.7848663,329.4864197,0.854401627,0.145598497,0.009634628,0.000316552
2020-12-09,17:54:31,5.05929985,8.00719986,163.2697144,186.6830292,161.1586456,159.9920807,277.5984802,149.2588806,138.7846222,329.4864197,0.854401627,0.145598497,0.009634628,0.000316552
2020-12-09,17:54:32,5.059199905,8.007299805,163.2697144,186.6859436,161.1589203,159.9925842,277.5970154,149.258606,138.7849121,329.4864197,0.854401627,0.145598497,0.009634628,0.000316552
2020-12-09,17:54:33,5.059400177,8.007299805,163.2697144,186.6894379,161.1585236,159.9920807,277.5984497,149.2589569,138.7845459,329.4864197,0.854401627,0.145598497,0.009634628,0.000316552
2020-12-09,17:54:34,5.05929985,8.00719986,163.270813,186.6925659,161.1604462,159.9925842,277.5970459,149.259491,138.7840881,329.4864197,0.854401627,0.145598497,0.009634628,0.000316552
2020-12-09,17:54:35,5.059400177,8.00719986,163.270813,186.6969299,161.1581268,159.9923096,277.5978088,149.2594147,138.7841797,329.4864197,0.854401627,0.145598497,0.009634628,0.000316552
2020-12-09,17:54:36,5.05909996,8.00719986,163.270813,186.7002411,161.1597748,159.9920807,277.5985413,149.2592316,138.7842712,329.4864197,0.854401627,0.145598497,0.009634628,0.000316552
2020-12-09,17:54:37,5.05929985,8.00719986,163.270813,186.7036743,161.1604767,159.9923553,277.5977173,149.260498,138.7832336,329.4864197,0.854401627,0.145598497,0.009634628,0.000316552
2020-12-09,17:54:38,5.05909996,8.00719986,163.270813,186.7073822,161.1594849,159.9925842,277.5970459,149.2607727,138.78302,329.4864197,0.854401627,0.145598497,0.009634628,0.000316552
2020-12-09,17:54:39,5.05929985,8.007099915,163.270813,186.7108612,161.1599884,159.9922638,277.5979309,149.2604065,138.7832794,329.4864197,0.854401627,0.145598497,0.009634628,0.000316552
2020-12-09,17:54:40,5.059400177,8.007099915,163.270813,186.7138519,161.1593323,159.9921417,277.5983582,149.2600403,138.7836609,329.4864197,0.854401627,0.145598497,0.009634628,0.000316682
2020-12-09,17:54:41,5.059199905,8.007099915,163.270813,186.7185669,161.1587982,159.9930267,277.5959167,149.2598724,138.783783,329.4864197,0.854401627,0.145598497,0.009634628,0.000316682
2020-12-09,17:54:42,5.05929985,8.007099915,163.270813,186.7226105,161.1586304,159.9921417,277.5982971,149.2606659,138.7831116,329.4864197,0.854401627,0.145598497,0.009634628,0.000316682
2020-12-09,17:54:43,5.059000015,8.007099915,163.270813,186.7248535,161.1589966,159.9923096,277.5978088,149.2609406,138.7828522,329.4864197,0.854401627,0.145598497,0.009634628,0.000316682
2020-12-09,17:54:44,5.05929985,8.007099915,163.270813,186.7288208,161.1593475,159.9924774,277.5974731,149.2611237,138.7827454,329.4864197,0.854401627,0.145598497,0.009634628,0.000316552
2020-12-09,17:54:45,5.05909996,8.007099915,163.2718353,186.7329102,161.1587677,159.9921417,277.5982056,149.2619324,138.7820129,329.4864197,0.854401627,0.145598497,0.009634628,0.000316552
2020-12-09,17:54:46,5.059400177,8.006999969,163.2707367,186.7357788,161.1583405,159.9932556,277.5952454,149.2621002,138.7818604,329.4864197,0.854381714,0.145618296,0.009634628,0.000316552
2020-12-09,17:54:47,5.05909996,8.007099915,163.2707367,186.7401581,161.15979,159.9925232,277.597229,149.2615814,138.7823029,329.4864197,0.854381714,0.145618296,0.009634628,0.000316552
2020-12-09,17:54:48,5.059000015,8.006999969,163.2718048,186.7434692,161.1602631,159.9923553,277.5976868,149.2621002,138.7818146,329.4864197,0.854375687,0.145624304,0.009634628,0.000316552
2020-12-09,17:54:49,5.059199905,8.006999969,163.2718048,186.7471161,161.1594696,159.9925232,277.5973511,149.2627411,138.7814026,329.4864197,0.854375687,0.145624304,0.009634628,0.000316552
2020-12-09,17:54:50,5.058800125,8.006999969,163.2718048,186.7498932,161.1586914,159.9927979,277.5965271,149.2624664,138.7815704,329.4864197,0.854375687,0.145624304,0.009634628,0.000316552
2020-12-09,17:54:51,5.059000015,8.006999969,163.2718048,186.7539215,161.1594543,159.9925232,277.5973816,149.2627411,138.7813568,329.4864197,0.854375687,0.145624304,0.009634628,0.000316552
2020-12-09,17:54:52,5.05890007,8.006999969,163.2707825,186.7580719,161.158905,159.9927979,277.5965576,149.2625732,138.7815399,329.4864197,0.854375687,0.145624304,0.009634628,0.000316552
2020-12-09,17:54:53,5.059000015,8.006900024,163.2707825,186.760849,161.159317,159.993103,277.5957336,149.2629242,138.7812042,329.4864197,0.854375687,0.145624304,0.009634628,0.000316552
2020-12-09,17:54:54,5.05909996,8.006999969,163.2707825,186.7635651,161.1600342,159.9927521,277.5966797,149.2632904,138.7809143,329.4864197,0.854385605,0.145614405,0.009634628,0.000316552
2020-12-09,17:54:55,5.058800125,8.006900024,163.2707825,186.7681122,161.1590118,159.9928436,277.5962524,149.2641144,138.7801819,329.4864197,0.854385605,0.145614405,0.009634628,0.000316552
2020-12-09,17:54:56,5.05890007,8.006999969,163.2707825,186.7713928,161.1598663,159.993103,277.5957031,149.2637177,138.7805176,329.4864197,0.854385605,0.145614405,0.009634628,0.000316552
2020-12-09,17:54:57,5.058599854,8.006900024,163.2707825,186.7750244,161.1595154,159.9925232,277.5973816,149.2635498,138.7806854,329.4864197,0.854385605,0.145614405,0.009634628,0.000316552
2020-12-09,17:54:58,5.05870018,8.006900024,163.2707825,186.7783661,161.1602173,159.9925232,277.5972595,149.2640228,138.7802582,329.4864197,0.854385605,0.145614405,0.009634628,0.000316508
2020-12-09,17:54:59,5.058499908,8.006900024,163.2707825,186.7824554,161.1603394,159.993103,277.5957947,149.2641144,138.7801666,329.4864197,0.854385605,0.145614405,0.009634628,0.000316508
2020-12-09,17:55:00,5.05870018,8.006800079,163.2718201,186.7861023,161.1597748,159.9928436,277.5962524,149.2637177,138.7805176,329.4864197,0.854385605,0.145614405,0.009634628,0.000316508
2020-12-09,17:55:01,5.058499908,8.006900024,163.2718201,186.7890015,161.1593628,159.9924774,277.5974426,149.2636414,138.7805786,329.4864197,0.854385605,0.145614405,0.009634628,0.000316508
2020-12-09,17:55:02,5.05870018,8.006800079,163.2707977,186.79216,161.1604614,159.9925842,277.5970154,149.26474,138.7796326,329.4864197,0.854385605,0.145614405,0.009634628,0.000316508
2020-12-09,17:55:03,5.058599854,8.006900024,163.2707977,186.7960205,161.1589661,159.9927521,277.5966797,149.2650909,138.7794037,329.4864197,0.854385605,0.145614405,0.009634628,0.000316508
2020-12-09,17:55:04,5.058399963,8.006800079,163.2718048,186.7992401,161.1604004,159.9925232,277.5971985,149.2640228,138.7802582,329.4864197,0.854385605,0.145614405,0.009634628,0.000316508
2020-12-09,17:55:05,5.058599854,8.006800079,163.2718048,186.8036957,161.1598206,159.9927521,277.5966492,149.2649078,138.7795105,329.4864197,0.854385605,0.145614405,0.009634628,0.000316508
2020-12-09,17:55:06,5.058200073,8.006800079,163.2718048,186.8071136,161.1605377,159.992981,277.5960388,149.264801,138.7796173,329.4864197,0.854385605,0.145614405,0.009634628,0.000316508
2020-12-09,17:55:07,5.058599854,8.006700134,163.2718048,186.8091736,161.160675,159.9927521,277.5966187,149.2651978,138.7792511,329.4864197,0.854385605,0.145614405,0.009634628,0.000316508
2020-12-09,17:55:08,5.058399963,8.006800079,163.2718048,186.813446,161.1604462,159.9925842,277.5970764,149.2656097,138.7789612,329.4864197,0.854385605,0.145614405,0.009634628,0.000316508
2020-12-09,17:55:09,5.058300018,8.006700134,163.2707062,186.817337,161.160614,159.9928436,277.5964355,149.2663574,138.7783661,329.4864197,0.854385605,0.145614405,0.009634628,0.000316508
2020-12-09,17:55:10,5.058599854,8.006700134,163.2707062,186.8196411,161.1602173,159.9925232,277.597168,149.2657166,138.7788544,329.4864197,0.854385605,0.145614405,0.009634628,0.000316508
2020-12-09,17:55:11,5.058399963,8.006700134,163.2707062,186.8239136,161.1605225,159.992691,277.5967712,149.2664337,138.7782135,329.4864197,0.854385605,0.145614405,0.009634628,0.000316508
2020-12-09,17:55:12,5.058599854,8.006600189,163.2717133,186.8270721,161.1591949,159.992981,277.5960693,149.2658997,138.7786865,329.4864197,0.854385605,0.145614405,0.009634628,0.000316508
2020-12-09,17:55:13,5.058200073,8.006700134,163.2717133,186.8309631,161.1604462,159.9925232,277.597168,149.2674255,138.7774353,329.4864197,0.854385605,0.145614405,0.009634628,0.000316508
2020-12-09,17:55:14,5.058100128,8.006700134,163.2717133,186.8341522,161.1600342,159.992981,277.5960693,149.2657928,138.7787476,329.4864197,0.854385605,0.145614405,0.009634628,0.000316508
2020-12-09,17:55:15,5.058300018,8.006600189,163.2717133,186.8382721,161.1609192,159.9927521,277.5966492,149.2663574,138.778244,329.4864197,0.854385605,0.145614405,0.009634628,0.000316508
2020-12-09,17:55:16,5.058399963,8.006700134,163.2717133,186.8410187,161.1602783,159.9923553,277.5976563,149.2667999,138.7779388,329.4864197,0.854367828,0.145632296,0.009634628,0.000316508
2020-12-09,17:55:17,5.058200073,8.006600189,163.2717133,186.844574,161.1599884,159.992981,277.5960693,149.2668915,138.7778931,329.4864197,0.854367828,0.145632296,0.009634628,0.000316508
2020-12-09,17:55:18,5.058300018,8.006600189,163.2717133,186.8480988,161.1607971,159.992981,277.5959473,149.2678986,138.7769928,329.3677063,0.854413528,0.145586596,0.009634628,0.000316508
2020-12-09,17:55:19,5.058399963,8.006600189,163.2717133,186.8509064,161.16008,159.9929199,277.5961304,149.2669678,138.77771,329.3677063,0.854413528,0.145586596,0.009634628,0.000316508
2020-12-09,17:55:20,5.058200073,8.006600189,163.2717133,186.8564758,161.1605225,159.9930267,277.5958862,149.2671661,138.7775879,329.3677063,0.854413528,0.145586596,0.009634628,0.000316508
2020-12-09,17:55:21,5.058100128,8.006600189,163.2717133,186.8588409,161.1606598,159.9929199,277.5961609,149.2667999,138.7779083,329.3677063,0.854413528,0.145586596,0.009634628,0.000316508
2020-12-09,17:55:22,5.058000183,8.006500244,163.2717133,186.86203,161.1607819,159.9928436,277.5962524,149.2673492,138.7774811,329.3677063,0.854413528,0.145586596,0.009634628,0.000315669
2020-12-09,17:55:23,5.057899857,8.006600189,163.2727203,186.8653107,161.1605072,159.9928436,277.5961304,149.2677002,138.7771149,329.3677063,0.854413528,0.145586596,0.009634628,0.000315669
2020-12-09,17:55:24,5.058200073,8.006500244,163.2716675,186.8692169,161.1609039,159.992691,277.5967407,149.2675171,138.777359,329.3677063,0.854413528,0.145586596,0.009634628,0.000315669
2020-12-09,17:55:25,5.057899857,8.006500244,163.2716675,186.8723602,161.160614,159.9927979,277.5969543,149.2679749,138.7769623,329.3677063,0.854413528,0.145586596,0.009634628,0.000315669
2020-12-09,17:55:26,5.058100128,8.006500244,163.2716675,186.8757019,161.1612854,159.9934692,277.5947266,149.2682495,138.7767029,329.3677063,0.854413528,0.145586596,0.009634628,0.000315669
2020-12-09,17:55:27,5.058000183,8.006500244,163.2726746,186.8787231,161.1605988,159.9928436,277.5962219,149.2685242,138.7764587,329.3677063,0.854413528,0.145586596,0.009634628,0.000315669
2020-12-09,17:55:28,5.057899857,8.006500244,163.2726746,186.8824463,161.1599884,159.9934692,277.5946655,149.2687073,138.7763519,329.3677063,0.854413528,0.145586596,0.009634628,0.000315669
2020-12-09,17:55:29,5.058100128,8.006500244,163.2726746,186.8865967,161.1607513,159.9933167,277.5950623,149.2685242,138.7765045,329.3677063,0.854413528,0.145586596,0.009634628,0.000315669
2020-12-09,17:55:30,5.058300018,8.006500244,163.2726746,186.8889771,161.1608887,159.9932556,277.5953064,149.2687073,138.7763672,329.3677063,0.145598497,0.209599896,0.009634628,0.000315669
2020-12-09,17:55:31,5.058000183,8.006500244,163.2726746,186.8923035,161.1611938,159.9934235,277.5947876,149.2682495,138.7767181,329.3677063,0.145598497,0.209599896,0.009634628,0.000315669
2020-12-09,17:55:32,5.058100128,8.006400299,163.2726746,186.8953857,161.1604309,159.9933167,277.5950317,149.2690582,138.776001,329.3677063,0.854419403,0.145580597,0.009634628,0.000315669
2020-12-09,17:55:33,5.058200073,8.006500244,163.2716217,186.8989563,161.160202,159.993576,277.5943298,149.2687683,138.7762146,329.3677063,0.854419403,0.145580597,0.009634628,0.000315669
2020-12-09,17:55:34,5.057899857,8.006400299,163.2716217,186.9022217,161.1608734,159.9931488,277.5956116,149.2689514,138.7761078,329.3677063,0.854419403,0.145580597,0.009634628,0.000315669
2020-12-09,17:55:35,5.058100128,8.006400299,163.2716217,186.9057007,161.1603394,159.9932556,277.5951538,149.2695923,138.7755585,329.3677063,0.854419403,0.145580597,0.009634628,0.000315669
2020-12-09,17:55:36,5.057799911,8.006400299,163.2716217,186.9097137,161.1609039,159.9932098,277.595459,149.2693329,138.7758179,329.3677063,0.854419403,0.145580597,0.009634628,0.000315669
2020-12-09,17:55:37,5.057699966,8.006400299,163.2716217,186.9125671,161.160614,159.9933167,277.5951233,149.2698669,138.7752838,329.3677063,0.854419403,0.145580597,0.009634628,0.000315669
2020-12-09,17:55:38,5.058000183,8.006400299,163.2716217,186.9155426,161.1611023,159.9936371,277.5941467,149.2695313,138.7756195,329.3677063,0.854419403,0.145580597,0.009634628,0.000315669
2020-12-09,17:55:39,5.057799911,8.006400299,163.2726288,186.9197998,161.1606293,159.9932098,277.5954285,149.2701416,138.7750854,329.3677063,0.854419403,0.145580597,0.009634628,0.000315669
2020-12-09,17:55:40,5.058000183,8.006300354,163.2726288,186.9231873,161.1613007,159.9932556,277.5954895,149.2702332,138.7750092,329.3677063,0.854419403,0.145580597,0.009634628,0.000315669
2020-12-09,17:55:41,5.057799911,8.006400299,163.2715759,186.9260712,161.1602478,159.9934235,277.5948486,149.27005,138.7751465,329.3677063,0.854419403,0.145580597,0.009634628,0.000315669
2020-12-09,17:55:42,5.057899857,8.006300354,163.272583,186.9304047,161.1615295,159.9936371,277.5941772,149.2703247,138.7749786,329.3677063,0.854419403,0.145580597,0.009634628,0.000315669
2020-12-09,17:55:43,5.057799911,8.006400299,163.272583,186.9332428,161.160553,159.992981,277.5960083,149.2705078,138.7751312,329.3677063,0.854419403,0.145580597,0.009634628,0.000315669
2020-12-09,17:55:44,5.058000183,8.006300354,163.272583,186.9371796,161.1608276,159.9934235,277.5948181,149.2695923,138.775528,329.3677063,0.854419403,0.145580597,0.009634628,0.000315669
2020-12-09,17:55:45,5.057600021,8.006300354,163.272583,186.9400787,161.1617737,159.9931488,277.5956421,149.2705078,138.774826,329.3677063,0.854419403,0.145580597,0.009634628,0.000315669
2020-12-09,17:55:46,5.057799911,8.006300354,163.272583,186.9439545,161.1621094,159.9934692,277.5946655,149.2703247,138.7749634,329.3677063,0.854419403,0.145580597,0.009634628,0.000315669
2020-12-09,17:55:47,5.057500076,8.006300354,163.272583,186.9457245,161.1604156,159.993103,277.5957031,149.2707672,138.7745514,329.3677063,0.854419403,0.145580597,0.009634628,0.000315669
2020-12-09,17:55:48,5.057300186,8.006300354,163.272583,186.9493256,161.1614838,159.9934692,277.594635,149.2714081,138.7740631,329.3677063,0.854419403,0.145580597,0.009634628,0.000315669
2020-12-09,17:55:49,5.05719986,8.006199646,163.272583,186.9536133,161.1611786,159.9933777,277.5949402,149.2709351,138.7744293,329.3677063,0.854419403,0.145580597,0.009634628,0.000315669
2020-12-09,17:55:50,5.057600021,8.006199646,163.272583,186.957077,161.1614532,159.9938812,277.5936279,149.271286,138.7741089,329.3677063,0.854419403,0.145580597,0.009634628,0.000315669
2020-12-09,17:55:51,5.057699966,8.006300354,163.272583,186.9603119,161.1609955,159.9936371,277.5941162,149.2719421,138.7735748,329.3677063,0.854419403,0.145580597,0.009634628,0.000315669
2020-12-09,17:55:52,5.057500076,8.006199646,163.272583,186.9633789,161.1621857,159.9934692,277.5946045,149.2711182,138.774231,329.3677063,0.854419403,0.145580597,0.009634628,0.000315669
2020-12-09,17:55:53,5.057699966,8.006199646,163.2715759,186.9676819,161.1604462,159.9932556,277.5951843,149.2716675,138.7737427,329.3677063,0.854419403,0.145580597,0.009634628,0.000315669
2020-12-09,17:55:54,5.057600021,8.006199646,163.2715759,186.9718018,161.1629791,159.9936371,277.5940857,149.2714996,138.773941,329.3677063,0.854357834,0.145642204,0.009634628,0.000315669
2020-12-09,17:55:55,5.057899857,8.006199646,163.2715759,186.9746094,161.1607361,159.993988,277.5932617,149.2718658,138.7736664,329.3677063,0.854357834,0.145642204,0.009634628,0.000315669
2020-12-09,17:55:56,5.058000183,8.006199646,163.2715759,186.9783478,161.1613922,159.9934692,277.594696,149.2719421,138.7735901,329.3677063,0.854357834,0.145642204,0.009634628,0.000315669
2020-12-09,17:55:57,5.057899857,8.006099701,163.2715759,186.9810333,161.1605988,159.9938354,277.59375,149.27211,138.7734222,329.3677063,0.854357834,0.145642204,0.009634628,0.000315669
2020-12-09,17:55:58,5.058000183,8.006199646,163.2715759,186.985321,161.1623077,159.993988,277.5933228,149.2716675,138.7737427,329.2651672,0.854357834,0.145642204,0.009634628,0.000315669
2020-12-09,17:55:59,5.057799911,8.006199646,163.2715759,186.9880371,161.1610107,159.9935303,277.5944824,149.2725677,138.773056,329.2651672,0.854357834,0.145642204,0.009634628,0.000315669
2020-12-09,17:56:00,5.058000183,8.006099701,163.2715759,186.9915924,161.1608276,159.993988,277.5932312,149.2723846,138.7731628,329.2651672,0.854357834,0.145642204,0.009634628,0.000315669
2020-12-09,17:56:01,5.057799911,8.006199646,163.2715759,186.9944611,161.1616364,159.9934692,277.5946045,149.2722931,138.7732544,329.2651672,0.854357834,0.145642204,0.009634628,0.000315669
2020-12-09,17:56:02,5.058000183,8.006199646,163.2725983,186.9978485,161.1618652,159.9933777,277.5948792,149.2723846,138.7731781,329.2651672,0.854357834,0.145642204,0.009634628,0.000315669
2020-12-09,17:56:03,5.057899857,8.006099701,163.2725983,187.0020752,161.1604004,159.9938354,277.5936584,149.2725677,138.773056,329.2651672,0.854357834,0.145642204,0.009634628,0.000315669
2020-12-09,17:56:04,5.058000183,8.006099701,163.2725983,187.0055542,161.1620636,159.9936981,277.5939941,149.27211,138.773407,329.2651672,0.854410477,0.145589504,0.009634628,0.000315669
2020-12-09,17:56:05,5.057899857,8.006099701,163.2725983,187.009491,161.1610107,159.993576,277.5944214,149.2729187,138.7727051,329.2651672,0.854410477,0.145589504,0.009634628,0.000315669
2020-12-09,17:56:06,5.058000183,8.006099701,163.2736816,187.0122833,161.1618347,159.9938812,277.5935974,149.2737579,138.7720795,329.2651672,0.854410477,0.145589504,0.009634628,0.000315669
2020-12-09,17:56:07,5.057899857,8.006099701,163.2726593,187.0161285,161.1607361,159.993988,277.5933228,149.2728424,138.7728424,329.2651672,0.854410477,0.145589504,0.009634628,0.000315669
2020-12-09,17:56:08,5.058200073,8.006099701,163.2726593,187.0194855,161.1616364,159.9936371,277.5942383,149.2724915,138.7731018,329.2651672,0.854410477,0.145589504,0.009634628,0.000315669
2020-12-09,17:56:09,5.058100128,8.005999756,163.2726593,187.0233154,161.1607819,159.9934235,277.5948181,149.2735596,138.772171,329.2651672,0.854410477,0.145589504,0.009634628,0.000315669
2020-12-09,17:56:10,5.058200073,8.006099701,163.2716064,187.0268402,161.1626129,159.9938354,277.5936584,149.2733917,138.7723846,329.2651672,0.854410477,0.145589504,0.009634628,0.000315669
2020-12-09,17:56:11,5.058499908,8.005999756,163.2726135,187.0304565,161.1621399,159.993576,277.5944519,149.2736664,138.7721252,329.2651672,0.854410477,0.145589504,0.009634628,0.000315669
2020-12-09,17:56:12,5.058399963,8.005999756,163.2726135,187.0336304,161.1613464,159.9938354,277.593811,149.2741089,138.7717896,329.2651672,0.854410477,0.145589504,0.009634628,0.000315669
2020-12-09,17:56:13,5.058300018,8.006099701,163.2726135,187.0372162,161.1607971,159.9941101,277.592926,149.2734833,138.7722321,329.2651672,0.854410477,0.145589504,0.009634628,0.000315669
2020-12-09,17:56:14,5.058399963,8.005999756,163.2726135,187.040329,161.1617889,159.994278,277.5926208,149.2739258,138.7719116,329.2651672,0.854410477,0.145589504,0.009634628,0.000315669
2020-12-09,17:56:15,5.058499908,8.005999756,163.2736511,187.0431213,161.1625214,159.9938354,277.5937805,149.2741852,138.771637,329.2651672,0.854410477,0.145589504,0.009634628,0.000315669
2020-12-09,17:56:16,5.058399963,8.005999756,163.2726135,187.0478821,161.1620636,159.9947052,277.5913086,149.2745514,138.7713776,329.2651672,0.854410477,0.145589504,0.009634628,0.000315669
2020-12-09,17:56:17,5.058499908,8.005999756,163.2726135,187.0496979,161.1628265,159.9938812,277.5935974,149.2741089,138.7717133,329.2651672,0.854410477,0.145589504,0.009634628,0.000315669
2020-12-09,17:56:18,5.058399963,8.005999756,163.2726135,187.0537415,161.1618347,159.994278,277.5925293,149.2740173,138.7718506,329.2651672,0.854410477,0.145589504,0.009634628,0.000315669
2020-12-09,17:56:19,5.058599854,8.005899811,163.2726135,187.0583496,161.1623535,159.9940491,277.5931091,149.2742767,138.7715759,329.2651672,0.854410477,0.145589504,0.009634628,0.000315669
2020-12-09,17:56:20,5.058499908,8.005999756,163.2736206,187.0627289,161.161911,159.9943695,277.5922546,149.2746429,138.7712555,329.2651672,0.854410477,0.145589504,0.009634628,0.000315669
2020-12-09,17:56:21,5.058300018,8.005899811,163.2714996,187.0657196,161.1615295,159.9938812,277.5936279,149.2747345,138.7713318,329.2651672,0.854410477,0.145589504,0.009634628,0.000315669
2020-12-09,17:56:22,5.058599854,8.005999756,163.272522,187.0692902,161.1609344,159.9941101,277.5929871,149.2745514,138.7710724,329.2651672,0.854410477,0.145589504,0.009634628,0.000315669
2020-12-09,17:56:23,5.058800125,8.005899811,163.2735291,187.0726624,161.1623993,159.9938354,277.5937805,149.2752686,138.7707062,329.2651672,0.854410477,0.145589504,0.009634628,0.000315669
2020-12-09,17:56:24,5.058599854,8.005899811,163.2735291,187.0763702,161.1618042,159.9941559,277.5927734,149.274826,138.7711487,329.2651672,0.854410477,0.145589504,0.009634628,0.000315669
2020-12-09,17:56:25,5.058800125,8.005899811,163.2735291,187.0796967,161.161438,159.9938812,277.5935364,149.2752075,138.7708588,329.2651672,0.854410477,0.145589504,0.009634628,0.000315669
2020-12-09,17:56:26,5.058599854,8.005899811,163.2735291,187.0834503,161.1617889,159.9940491,277.5930786,149.2753754,138.7706451,329.2651672,0.854410477,0.145589504,0.009634628,0.000315669
2020-12-09,17:56:27,5.058800125,8.005899811,163.2735291,187.0881958,161.1628571,159.9936371,277.5942078,149.2754517,138.7705688,329.2651672,0.854410477,0.145589504,0.009634628,0.000315669
2020-12-09,17:56:28,5.058599854,8.005899811,163.2725067,187.090683,161.161911,159.9941101,277.5928955,149.2758331,138.7703247,329.2651672,0.854410477,0.145589504,0.009634628,0.000315683
2020-12-09,17:56:29,5.05890007,8.005899811,163.2735443,187.0933075,161.1612396,159.993988,277.5932007,149.2755585,138.7705536,329.2651672,0.854410477,0.145589504,0.009634628,0.000315683
2020-12-09,17:56:30,5.05870018,8.005899811,163.2735443,187.0985413,161.162262,159.994278,277.5925903,149.2757263,138.7703705,329.2651672,0.854410477,0.145589504,0.009634628,0.000315683
2020-12-09,17:56:31,5.05890007,8.005799866,163.2735443,187.10112,161.1620178,159.9942169,277.5926819,149.2759094,138.7701721,329.2651672,0.854410477,0.145589504,0.009634628,0.000315683
2020-12-09,17:56:32,5.05870018,8.005899811,163.2735443,187.1048431,161.1616364,159.9941101,277.5929565,149.2755585,138.7705383,329.2651672,0.854410477,0.145589504,0.009634628,0.000315683
2020-12-09,17:56:33,5.05890007,8.005799866,163.2735443,187.1082611,161.1618958,159.9940491,277.5930176,149.2764435,138.7697449,329.2651672,0.854410477,0.145589504,0.009634628,0.000315683
2020-12-09,17:56:34,5.058800125,8.005899811,163.2735443,187.1119995,161.1625977,159.9944916,277.5919189,149.276535,138.7696381,329.2651672,0.854410477,0.145589504,0.009634628,0.000315683
2020-12-09,17:56:35,5.059000015,8.005799866,163.2735443,187.1166077,161.1628876,159.9950256,277.5903931,149.2760773,138.7700653,329.2651672,0.854410477,0.145589504,0.009634628,0.000315683
2020-12-09,17:56:36,5.059199905,8.005799866,163.2735443,187.1195526,161.1618042,159.993988,277.5933838,149.2768097,138.7694244,329.2651672,0.854410477,0.145589504,0.009634628,0.000315683
2020-12-09,17:56:37,5.05890007,8.005799866,163.2735443,187.1233978,161.1612854,159.9942169,277.5926514,149.2760773,138.7700653,329.2651672,0.854410477,0.145589504,0.009634628,0.000315683
2020-12-09,17:56:38,5.059199905,8.005799866,163.2735443,187.1273956,161.1621246,159.9945526,277.5917969,149.2767029,138.7694855,329.2651672,0.854435272,0.145564699,0.009634628,0.000315683
2020-12-09,17:56:39,5.05890007,8.005799866,163.2735443,187.131134,161.1612396,159.9942169,277.5926514,149.276535,138.7696686,329.2651672,0.854435272,0.145564699,0.009634628,0.000315683
2020-12-09,17:56:40,5.05909996,8.005799866,163.2735443,187.1344299,161.1617432,159.9944916,277.5918274,149.2774353,138.7689514,329.2651672,0.854435272,0.145564699,0.009634628,0.000315683
2020-12-09,17:56:41,5.059000015,8.005799866,163.2735443,187.1372223,161.1623688,159.994812,277.5909424,149.276535,138.7696991,329.2651672,0.854435272,0.145564699,0.009634628,0.000315683
2020-12-09,17:56:42,5.058800125,8.005799866,163.2735443,187.1424561,161.1626587,159.9941101,277.5928955,149.2769012,138.7693939,329.2651672,0.854435272,0.145564699,0.009634628,0.000315683
2020-12-09,17:56:43,5.05909996,8.005799866,163.2725372,187.1453857,161.1628723,159.9943695,277.5922241,149.2778015,138.7685852,329.2651672,0.854435272,0.145564699,0.009634628,0.000315683
2020-12-09,17:56:44,5.05890007,8.005699921,163.2725372,187.1490631,161.1622925,159.9947052,277.5912781,149.276535,138.7696991,329.2651672,0.854435272,0.145564699,0.009634628,0.000315683
2020-12-09,17:56:45,5.059199905,8.005799866,163.2725372,187.1531067,161.1625061,159.9945526,277.5917969,149.2778931,138.7685699,329.2651672,0.854435272,0.145564699,0.009634628,0.000315683
2020-12-09,17:56:46,5.05909996,8.005799866,163.2725372,187.1565399,161.1620483,159.9943695,277.5921936,149.278244,138.7682343,329.2651672,0.854435272,0.145564699,0.009634628,0.000315683
2020-12-09,17:56:47,5.059000015,8.005799866,163.2725372,187.1606598,161.1627197,159.9946442,277.5915527,149.2776184,138.7687225,329.2651672,0.854435272,0.145564699,0.009634628,0.000315683
2020-12-09,17:56:48,5.05929985,8.005699921,163.2735443,187.1645203,161.161377,159.9943695,277.5921326,149.278595,138.7679749,329.2651672,0.854435272,0.145564699,0.009634628,0.000316682
2020-12-09,17:56:49,5.059500122,8.005799866,163.2735443,187.1682739,161.1608429,159.994873,277.5908203,149.2780762,138.7684021,329.2651672,0.854435272,0.145564699,0.009634628,0.000316682
2020-12-09,17:56:50,5.05929985,8.005699921,163.2735443,187.1730957,161.1621552,159.9944305,277.5919495,149.2778931,138.7685547,329.2651672,0.854351883,0.145648098,0.009634628,0.000316682
2020-12-09,17:56:51,5.059600067,8.005799866,163.2735443,187.175827,161.1613159,159.9943695,277.5922852,149.278595,138.7679291,329.2651672,0.854351883,0.145648098,0.009634628,0.000316682
2020-12-09,17:56:52,5.059400177,8.005699921,163.2735443,187.1796875,161.1621094,159.9947662,277.5910339,149.279068,138.7675476,329.2651672,0.854351883,0.145648098,0.009634628,0.000316682
2020-12-09,17:56:53,5.059500122,8.005799866,163.2735443,187.1838684,161.16185,159.9949799,277.5905151,149.2788086,138.7678223,329.2651672,0.854351883,0.145648098,0.009634628,0.000316682
2020-12-09,17:56:54,5.059700012,8.005699921,163.2735443,187.1879883,161.162384,159.994812,277.5909729,149.2796936,138.7670135,329.2651672,0.854351883,0.145648098,0.009634628,0.000316682
2020-12-09,17:56:55,5.059500122,8.005699921,163.2735443,187.191925,161.1619263,159.9947052,277.5913696,149.2788086,138.7678528,329.2651672,0.854351883,0.145648098,0.009634628,0.000316682
2020-12-09,17:56:56,5.059600067,8.005699921,163.2735443,187.1954041,161.1612854,159.9949799,277.5904846,149.2792358,138.7674255,329.2651672,0.854351883,0.145648098,0.009634628,0.000316682
2020-12-09,17:56:57,5.059799957,8.005699921,163.272522,187.1992645,161.160965,159.994873,277.5907898,149.2800446,138.7667847,329.2651672,0.854351883,0.145648098,0.009634628,0.000316682
2020-12-09,17:56:58,5.059600067,8.005699921,163.272522,187.2032471,161.1625519,159.9943695,277.5921021,149.2794189,138.7672577,329.2651672,0.854351883,0.145648098,0.009634628,0.000316682
2020-12-09,17:56:59,5.059400177,8.005699921,163.2745819,187.2061615,161.1615753,159.9951935,277.5898438,149.2800446,138.7666931,329.2651672,0.854351883,0.145648098,0.009634628,0.000316682
2020-12-09,17:57:00,5.059799957,8.005699921,163.2735291,187.2106934,161.1614838,159.9953613,277.589447,149.2803192,138.7665253,329.2651672,0.854351883,0.145648098,0.009634628,0.000316682
2020-12-09,17:57:01,5.059500122,8.005699921,163.2735291,187.2143707,161.1613312,159.9947052,277.5912781,149.2796936,138.766983,329.2651672,0.854351883,0.145648098,0.009634628,0.000316682
2020-12-09,17:57:02,5.059899902,8.005599976,163.272522,187.2188568,161.1625214,159.9950867,277.5901489,149.2802124,138.7665863,329.2651672,0.854351883,0.145648098,0.009634628,0.000316682
2020-12-09,17:57:03,5.059700012,8.005699921,163.2735748,187.2223663,161.1619263,159.9949799,277.5905762,149.2808685,138.7660217,329.2651672,0.854351883,0.145648098,0.009634628,0.000316682
2020-12-09,17:57:04,5.059899902,8.005599976,163.2735748,187.2260437,161.162384,159.9947052,277.5911865,149.2805939,138.7662964,329.2651672,0.854351883,0.145648098,0.009634628,0.000316682
2020-12-09,17:57:05,5.059799957,8.005699921,163.2735748,187.2306061,161.1614532,159.994873,277.5908508,149.2809753,138.7659454,329.2651672,0.854351883,0.145648098,0.009634628,0.000316682
2020-12-09,17:57:06,5.060100174,8.005599976,163.2735748,187.2337952,161.1625824,159.9951935,277.5899048,149.2805939,138.7662811,329.2651672,0.854351883,0.145648098,0.009634628,0.000316682
2020-12-09,17:57:07,5.059899902,8.005699921,163.2735748,187.237854,161.1617279,159.9954834,277.5891418,149.2810516,138.7659149,329.2651672,0.854351883,0.145648098,0.009634628,0.000316682
2020-12-09,17:57:08,5.059999847,8.005699921,163.2735748,187.242691,161.1627808,159.9952545,277.5897522,149.2812347,138.7657318,329.1612854,0.854351883,0.145648098,0.009634628,0.000316682
2020-12-09,17:57:09,5.059799957,8.005599976,163.2735748,187.2458038,161.1622467,159.9945526,277.5917969,149.2810516,138.7658844,329.1612854,0.854351883,0.145648098,0.009634628,0.000316682
2020-12-09,17:57:10,5.060100174,8.005699921,163.2735748,187.2505798,161.1619568,159.9953308,277.5896301,149.2809753,138.7659607,329.1612854,0.854351883,0.145648098,0.009634628,0.000316682
2020-12-09,17:57:11,5.059999847,8.005599976,163.2746429,187.2537994,161.1625824,159.9949341,277.5906677,149.281311,138.765625,329.1612854,0.854351883,0.145648098,0.009634628,0.000316682
2020-12-09,17:57:12,5.060200119,8.005699921,163.2746429,187.2579346,161.1628876,159.9953308,277.5895996,149.2810516,138.7658997,329.1612854,0.854351883,0.145648098,0.009634628,0.000316682
2020-12-09,17:57:13,5.060300064,8.005599976,163.2736206,187.2613525,161.161499,159.9950867,277.59021,149.2817535,138.7653046,329.1612854,0.854351883,0.145648098,0.009634628,0.000316682
2020-12-09,17:57:14,5.060100174,8.005599976,163.2736206,187.2666473,161.16185,159.9950867,277.590332,149.2819366,138.7651062,329.1612854,0.854351883,0.145648098,0.009634628,0.00031661
2020-12-09,17:57:15,5.060300064,8.005599976,163.2736206,187.2701416,161.1634216,159.9953308,277.5896912,149.2822113,138.7648926,329.1612854,0.854351883,0.145648098,0.009634628,0.00031661
2020-12-09,17:57:16,5.060400009,8.005500031,163.2736206,187.2743073,161.1615295,159.994812,277.5909729,149.2819366,138.7650909,329.1612854,0.854351883,0.145648098,0.009634628,0.00031661
2020-12-09,17:57:17,5.060300064,8.005599976,163.2736206,187.2784882,161.1624146,159.9953308,277.5896301,149.2825012,138.7646484,329.1612854,0.854351883,0.145648098,0.009634628,0.00031661
2020-12-09,17:57:18,5.060400009,8.005599976,163.2736206,187.2825623,161.1627502,159.9951935,277.5898438,149.2823944,138.7647858,329.1612854,0.854351883,0.145648098,0.009634628,0.00031661
2020-12-09,17:57:19,5.060599899,8.005599976,163.2746277,187.287323,161.1608582,159.9954224,277.5894165,149.2826843,138.7644806,329.1612854,0.854351883,0.145648098,0.009634628,0.00031661
2020-12-09,17:57:20,5.060400009,8.005500031,163.2746277,187.2910004,161.1626282,159.9951935,277.5898438,149.2823944,138.7647095,329.1612854,0.854369736,0.145630302,0.009634628,0.00031661
2020-12-09,17:57:21,5.060599899,8.005500031,163.2735901,187.2950745,161.161911,159.9953613,277.5895386,149.2827606,138.7644348,329.1612854,0.854369736,0.145630302,0.009634628,0.00031661
2020-12-09,17:57:22,5.060400009,8.005599976,163.2735901,187.298233,161.1622314,159.9951477,277.5899658,149.2832031,138.7640381,329.1612854,0.854369736,0.145630302,0.009634628,0.00031661
2020-12-09,17:57:23,5.060699844,8.005500031,163.2746277,187.3029175,161.1616516,159.9958038,277.5881653,149.2833862,138.763916,329.1612854,0.854369736,0.145630302,0.009634628,0.00031661
2020-12-09,17:57:24,5.060900116,8.005599976,163.2746277,187.3073883,161.1614227,159.9950867,277.5900879,149.2835693,138.7637939,329.1612854,0.854369736,0.145630302,0.009634628,0.00031661
2020-12-09,17:57:25,5.060699844,8.005599976,163.2746277,187.3118896,161.1620026,159.9953613,277.5894775,149.2840118,138.7633972,329.1612854,0.854369736,0.145630302,0.009634628,0.00031661
2020-12-09,17:57:26,5.060800171,8.005500031,163.2746277,187.3156128,161.1616364,159.9955292,277.5888977,149.2843933,138.7630615,329.1612854,0.854369736,0.145630302,0.009634628,0.00031661
2020-12-09,17:57:27,5.060599899,8.005500031,163.2735901,187.31987,161.160553,159.9958038,277.5881958,149.2840118,138.7633667,329.1612854,0.854369736,0.145630302,0.009634628,0.00031661
2020-12-09,17:57:28,5.060499954,8.005599976,163.2735901,187.3238983,161.1611328,159.9955902,277.5888672,149.2847443,138.7627563,329.1612854,0.854369736,0.145630302,0.009634628,0.000316552
2020-12-09,17:57:29,5.060800171,8.005500031,163.2735901,187.3281708,161.1619873,159.9959106,277.5878601,149.2843933,138.763031,329.1612854,0.854369736,0.145630302,0.009634628,0.000316552
2020-12-09,17:57:30,5.060699844,8.005500031,163.2735901,187.3326111,161.1613312,159.9958038,277.5881958,149.2847443,138.7627411,329.1612854,0.854369736,0.145630302,0.009634628,0.000316552
2020-12-09,17:57:31,5.060499954,8.005500031,163.2735901,187.3367462,161.1621094,159.9955292,277.5889587,149.2843018,138.7631073,329.1612854,0.854369736,0.145630302,0.009634628,0.000316552
2020-12-09,17:57:32,5.060699844,8.005500031,163.2746582,187.3408508,161.1624451,159.9959106,277.5879822,149.2853699,138.7621613,329.1612854,0.854369736,0.145630302,0.009634628,0.000316552
2020-12-09,17:57:33,5.060499954,8.005500031,163.2746582,187.3455963,161.1619415,159.9957581,277.5884399,149.285553,138.7620544,329.1612854,0.854369736,0.145630302,0.009634628,0.000316552
2020-12-09,17:57:34,5.060599899,8.005500031,163.2736359,187.3491516,161.1622314,159.995697,277.5881348,149.2850952,138.7624664,329.1612854,0.854369736,0.145630302,0.009634628,0.000316552
2020-12-09,17:57:35,5.060200119,8.005400085,163.2746887,187.3531952,161.1615448,159.9955902,277.5888672,149.285202,138.7623901,329.1612854,0.854369736,0.145630302,0.009634628,0.000316552
2020-12-09,17:57:36,5.060499954,8.005500031,163.2746887,187.3574219,161.1619415,159.9954834,277.5891113,149.2852783,138.7624664,329.1612854,0.854369736,0.145630302,0.009634628,0.000316552
2020-12-09,17:57:37,5.060400009,8.005400085,163.2746887,187.3621521,161.1615753,159.9957581,277.588501,149.2853699,138.762207,329.1612854,0.854369736,0.145630302,0.009634628,0.000316552
2020-12-09,17:57:38,5.060699844,8.005400085,163.2746887,187.3667297,161.1608734,159.9958649,277.5880127,149.286087,138.7616119,329.1612854,0.854369736,0.145630302,0.009634628,0.000316552
2020-12-09,17:57:39,5.060599899,8.00530014,163.2746887,187.3710938,161.1613159,159.995697,277.5885315,149.2863617,138.7614136,329.1612854,0.854369736,0.145630302,0.009634628,0.000316552
2020-12-09,17:57:40,5.060699844,8.00530014,163.2746887,187.3753204,161.1608429,159.9960938,277.5875854,149.2865448,138.7612762,329.1612854,0.854369736,0.145630302,0.009634628,0.000316552
2020-12-09,17:57:41,5.060400009,8.005200195,163.2736816,187.3793335,161.1611938,159.9962006,277.5870972,149.2859955,138.7617188,329.1612854,0.854369736,0.145630302,0.009634628,0.000316552
2020-12-09,17:57:42,5.060499954,8.005200195,163.2736816,187.3843689,161.1608582,159.9959106,277.5879822,149.2863007,138.7614441,329.1612854,0.854369736,0.145630302,0.009634628,0.000316552
2020-12-09,17:57:43,5.060400009,8.00510025,163.2736816,187.3885498,161.1616974,159.9960938,277.5875244,149.2865448,138.7612,329.1612854,0.854369736,0.145630302,0.009634628,0.000316552
2020-12-09,17:57:44,5.060599899,8.00510025,163.2736816,187.3928223,161.1621857,159.9958649,277.5880432,149.2870026,138.7608795,329.1612854,0.854369736,0.145630302,0.009634628,0.000316552
2020-12-09,17:57:45,5.060400009,8.005000305,163.2746887,187.3974915,161.161087,159.9956512,277.5886841,149.2868958,138.7609406,329.1612854,0.854369736,0.145630302,0.009634628,0.000316552
2020-12-09,17:57:46,5.060800171,8.005000305,163.2746887,187.401825,161.1619263,159.9952545,277.5897522,149.2877197,138.7602692,329.1612854,0.854369736,0.145630302,0.009634628,0.000316552
2020-12-09,17:57:47,5.060499954,8.00490036,163.2746887,187.4065857,161.1624451,159.9963074,277.5868835,149.2873535,138.7605133,329.1612854,0.854369736,0.145630302,0.009634628,0.000316552
2020-12-09,17:57:48,5.060699844,8.00490036,163.2746887,187.4104004,161.16185,159.9954834,277.5890503,149.2877197,138.7602997,329.1612854,0.854404526,0.145595503,0.009634628,0.000316552
2020-12-09,17:57:49,5.060599899,8.004799652,163.2746887,187.4148865,161.1624298,159.9959717,277.5877686,149.287796,138.7602081,329.1612854,0.854404526,0.145595503,0.009634628,0.000316552
2020-12-09,17:57:50,5.060400009,8.004799652,163.2746887,187.4204865,161.1611633,159.9958038,277.5883484,149.2875214,138.760376,329.1612854,0.854369736,0.145630302,0.009634628,0.000316552
2020-12-09,17:57:51,5.060499954,8.004699707,163.2746887,187.4244232,161.162796,159.9963684,277.586731,149.2881622,138.7598877,329.1612854,0.854369736,0.145630302,0.009634628,0.000316552
2020-12-09,17:57:52,5.060400009,8.004699707,163.2746887,187.4285889,161.1614532,159.9961395,277.5873413,149.2884521,138.7596283,329.1612854,0.854369736,0.145630302,0.009634628,0.000316552
2020-12-09,17:57:53,5.060200119,8.004599762,163.2746887,187.433136,161.1623077,159.9965668,277.5860596,149.2889862,138.7591858,329.1612854,0.854369736,0.145630302,0.009634628,0.000316552
2020-12-09,17:57:54,5.060400009,8.004599762,163.2757721,187.4374237,161.1617432,159.9954834,277.5891113,149.2881622,138.759903,329.1612854,0.854369736,0.145630302,0.009634628,0.000316552
2020-12-09,17:57:55,5.060300064,8.004499817,163.2746887,187.4421387,161.1621246,159.99646,277.5864258,149.2888031,138.7593689,329.1612854,0.854369736,0.145630302,0.009634628,0.000316552
2020-12-09,17:57:56,5.060400009,8.004499817,163.2746887,187.4464111,161.1612091,159.9962006,277.5872803,149.2890625,138.7590637,329.1612854,0.854369736,0.145630302,0.009634628,0.000315713
2020-12-09,17:57:57,5.060300064,8.004399872,163.2746887,187.4516602,161.1614685,159.9961395,277.5874023,149.2892303,138.7589722,329.1612854,0.854369736,0.145630302,0.009634628,0.000315713
2020-12-09,17:57:58,5.060400009,8.004299927,163.2746887,187.4559937,161.1625214,159.9958649,277.5880432,149.2896118,138.758606,329.1612854,0.854369736,0.145630302,0.009634628,0.000315713
2020-12-09,17:57:59,5.060499954,8.004299927,163.2746887,187.4608612,161.1623077,159.9962006,277.5872192,149.2898102,138.7584991,329.1612854,0.854369736,0.145630302,0.009634628,0.000315713
2020-12-09,17:58:00,5.060400009,8.004299927,163.2746887,187.4659576,161.1622009,159.99646,277.5864563,149.2894135,138.7587891,329.1612854,0.854369736,0.145630302,0.009634628,0.000315713
2020-12-09,17:58:01,5.060499954,8.004199982,163.2746887,187.4704132,161.1618042,159.9963684,277.586731,149.2901611,138.7582092,329.1612854,0.854369736,0.145630302,0.009634628,0.000315713
2020-12-09,17:58:02,5.060300064,8.004199982,163.2746887,187.4755096,161.1620941,159.9961395,277.5873413,149.289978,138.7583313,329.1612854,0.854369736,0.145630302,0.009634628,0.000315713
2020-12-09,17:58:03,5.060499954,8.004100037,163.2746887,187.4792938,161.1617126,159.9963074,277.5869141,149.2895203,138.7586517,329.1612854,0.854369736,0.145630302,0.009634628,0.000315713
2020-12-09,17:58:04,5.060400009,8.004100037,163.2746887,187.4835815,161.1613159,159.9959106,277.5879517,149.2906799,138.7577362,329.1612854,0.854369736,0.145630302,0.009634628,0.000315713
2020-12-09,17:58:05,5.060599899,8.004000092,163.2746887,187.4891663,161.1616364,159.9966431,277.5859375,149.290329,138.7579956,329.1612854,0.854369736,0.145630302,0.009634628,0.000315713
2020-12-09,17:58:06,5.060699844,8.004000092,163.2746887,187.4938049,161.161087,159.9963074,277.5869141,149.2906799,138.7577362,329.1612854,0.854369736,0.145630302,0.009634628,0.000315713
2020-12-09,17:58:07,5.060499954,8.003900146,163.2746887,187.4987946,161.1618805,159.9961395,277.5874634,149.2909698,138.7574463,329.1612854,0.854369736,0.145630302,0.009634628,0.000315713
2020-12-09,17:58:08,5.060599899,8.003900146,163.2756958,187.5032959,161.1615295,159.996521,277.5863037,149.2905121,138.7578735,329.1612854,0.854369736,0.145630302,0.009634628,0.000315713
2020-12-09,17:58:09,5.060499954,8.003800201,163.2746429,187.5067902,161.1625519,159.9966431,277.5858459,149.2913208,138.7571869,329.1612854,0.854369736,0.145630302,0.009634628,0.000315713
2020-12-09,17:58:10,5.060699844,8.003800201,163.2746429,187.5112457,161.1617737,159.9962463,277.5869751,149.2910461,138.7573853,329.1612854,0.854369736,0.145630302,0.009634628,0.000316682
2020-12-09,17:58:11,5.060400009,8.003800201,163.2756653,187.5168762,161.1619873,159.9967651,277.5856018,149.2909698,138.7575073,329.1612854,0.854369736,0.145630302,0.009634628,0.000316682
2020-12-09,17:58:12,5.060499954,8.003700256,163.2756653,187.5219116,161.1622314,159.9963684,277.5867615,149.2912292,138.7572937,329.1612854,0.854369736,0.145630302,0.009634628,0.000316682
2020-12-09,17:58:13,5.060400009,8.003700256,163.2746124,187.5269165,161.1617737,159.9960327,277.5876465,149.2920532,138.7565613,329.1612854,0.854369736,0.145630302,0.009634628,0.000316682
2020-12-09,17:58:14,5.060200119,8.003600311,163.2746124,187.5307617,161.1628418,159.9967651,277.5856323,149.2924957,138.7561646,329.1612854,0.854369736,0.145630302,0.009634628,0.000316682
2020-12-09,17:58:15,5.060400009,8.003600311,163.2746124,187.5359039,161.1621094,159.9959717,277.587738,149.2924957,138.7561951,329.1612854,0.854369736,0.145630302,0.009634628,0.000316682
2020-12-09,17:58:16,5.060599899,8.003600311,163.2756348,187.5415039,161.1614075,159.9970398,277.5848999,149.2921448,138.7565002,329.1612854,0.854369736,0.145630302,0.009634628,0.000316682
2020-12-09,17:58:17,5.060699844,8.003500366,163.2756348,187.5454712,161.1619568,159.9967041,277.5857849,149.2924957,138.7561798,329.1612854,0.854369736,0.145630302,0.009634628,0.000316682
2020-12-09,17:58:18,5.060800171,8.003500366,163.2756348,187.5505066,161.1615448,159.9966431,277.5859985,149.2933044,138.7554932,329.1612854,0.854369736,0.145630302,0.009634628,0.000316682
2020-12-09,17:58:19,5.060499954,8.003500366,163.2756348,187.5549774,161.1618652,159.9968109,277.5855103,149.2931976,138.7555847,329.1612854,0.854369736,0.145630302,0.009634628,0.000316682
2020-12-09,17:58:20,5.060400009,8.003399658,163.2756348,187.5597382,161.1616516,159.9968719,277.5856018,149.2927704,138.7559357,329.1612854,0.854369736,0.145630302,0.009634628,0.000316682
2020-12-09,17:58:21,5.060499954,8.003399658,163.2756348,187.5657959,161.1628876,159.9968109,277.5854797,149.2935028,138.7553864,329.1612854,0.854369736,0.145630302,0.009634628,0.000316682
2020-12-09,17:58:22,5.060300064,8.003299713,163.2756348,187.5703583,161.1622925,159.9969788,277.585022,149.2936707,138.7552032,329.1612854,0.854369736,0.145630302,0.009634628,0.000316682
2020-12-09,17:58:23,5.060699844,8.003299713,163.2756348,187.5748291,161.1614532,159.996521,277.5862122,149.2942963,138.7546997,329.1612854,0.854369736,0.145630302,0.009634628,0.000316682
2020-12-09,17:58:24,5.060499954,8.003199768,163.2756348,187.5797882,161.1624908,159.9972076,277.5844421,149.2940216,138.7549133,329.1612854,0.854369736,0.145630302,0.009634628,0.000316682
2020-12-09,17:58:25,5.060599899,8.003199768,163.2756348,187.5857086,161.1618958,159.9969788,277.5849915,149.2949371,138.7541809,329.1612854,0.854369736,0.145630302,0.009634628,0.000316682
2020-12-09,17:58:26,5.060699844,8.003199768,163.2746277,187.5897827,161.1617737,159.9970398,277.5848389,149.2947388,138.7539673,329.1612854,0.854369736,0.145630302,0.009634628,0.000316682
2020-12-09,17:58:27,5.060499954,8.003199768,163.2756348,187.5945435,161.1620026,159.9971466,277.585083,149.2942963,138.7546692,329.1612854,0.854369736,0.145630302,0.009634628,0.000316682
2020-12-09,17:58:28,5.060599899,8.003099823,163.2756348,187.5998993,161.1616669,159.9962006,277.5872192,149.2944794,138.7545319,329.1612854,0.854369736,0.145630302,0.009634628,0.000316682
2020-12-09,17:58:29,5.060400009,8.003199768,163.2756348,187.6046753,161.1620941,159.9966431,277.5858459,149.2950134,138.7540436,329.1612854,0.854369736,0.145630302,0.009634628,0.000316682
2020-12-09,17:58:30,5.060800171,8.003099823,163.2746124,187.6086426,161.162384,159.996933,277.585083,149.2955627,138.7536011,329.1612854,0.854369736,0.145630302,0.009634628,0.000316682
2020-12-09,17:58:31,5.060599899,8.002999878,163.2746124,187.6137543,161.1625519,159.9970398,277.5853882,149.2950134,138.7540741,329.1612854,0.854369736,0.145630302,0.009634628,0.000316682
2020-12-09,17:58:32,5.060800171,8.002999878,163.2746124,187.6193085,161.1610107,159.9967041,277.5857544,149.2954865,138.7537384,329.1612854,0.854369736,0.145630302,0.009634628,0.000316682
2020-12-09,17:58:33,5.060699844,8.002999878,163.2746124,187.6251831,161.1616974,159.9972076,277.5845032,149.2963715,138.7528992,329.1612854,0.854369736,0.145630302,0.009634628,0.000316682
2020-12-09,17:58:34,5.060599899,8.002899933,163.2756805,187.6295471,161.16185,159.996521,277.5863037,149.2967072,138.7526245,329.1612854,0.854369736,0.145630302,0.009634628,0.000316682
2020-12-09,17:58:35,5.060400009,8.002999878,163.2756805,187.6355438,161.1614227,159.996933,277.5852356,149.295929,138.7533264,329.1612854,0.854369736,0.145630302,0.009634628,0.000316682
2020-12-09,17:58:36,5.060599899,8.002899933,163.2756805,187.6390381,161.1621704,159.9967651,277.5856934,149.2956696,138.7535248,329.1612854,0.854369736,0.145630302,0.009634628,0.000316682
2020-12-09,17:58:37,5.060400009,8.002899933,163.2756805,187.6452789,161.1611938,159.9969788,277.5849915,149.2955627,138.7534332,329.1612854,0.854369736,0.145630302,0.009634628,0.000316682
2020-12-09,17:58:38,5.060300064,8.002799988,163.2756805,187.649765,161.1622467,159.9972076,277.5845337,149.2963715,138.7529602,329.1612854,0.854369736,0.145630302,0.009634628,0.000316566
2020-12-09,17:58:39,5.060499954,8.002899933,163.2756805,187.6550293,161.1615906,159.9967651,277.5856934,149.296463,138.7528534,329.1612854,0.854369736,0.145630302,0.009634628,0.000316566
2020-12-09,17:58:40,5.060300064,8.002799988,163.2756805,187.6611633,161.1619415,159.9974976,277.5836792,149.2971802,138.7522278,329.1612854,0.854369736,0.145630302,0.009634628,0.000316566
2020-12-09,17:58:41,5.060499954,8.002700043,163.2756805,187.66539,161.1613464,159.996933,277.5852356,149.297287,138.752121,329.1612854,0.854369736,0.145630302,0.009634628,0.000316566
2020-12-09,17:58:42,5.060599899,8.002799988,163.2756805,187.6704559,161.1618652,159.9968109,277.5855713,149.2971802,138.7522583,329.1612854,0.854369736,0.145630302,0.009634628,0.000316566
2020-12-09,17:58:43,5.060499954,8.002700043,163.2756805,187.6753387,161.1611938,159.996933,277.5852051,149.2969208,138.7524261,329.1612854,0.854369736,0.145630302,0.009634628,0.000316566
2020-12-09,17:58:44,5.060599899,8.002700043,163.2756805,187.6801605,161.1623077,159.9967041,277.5857849,149.2979889,138.7515411,329.1612854,0.854369736,0.145630302,0.009634628,0.000316566
2020-12-09,17:58:45,5.060699844,8.002600098,163.2756805,187.6864166,161.16185,159.9971466,277.5846252,149.2977295,138.7518005,329.1612854,0.854369736,0.145630302,0.009634628,0.000316566
2020-12-09,17:58:46,5.060499954,8.002600098,163.2756805,187.691803,161.161377,159.9967651,277.5856934,149.2983551,138.7512817,329.1612854,0.854369736,0.145630302,0.009634628,0.000316566
2020-12-09,17:58:47,5.060300064,8.002600098,163.2756805,187.6973724,161.1626129,159.996933,277.5853271,149.2984467,138.7511749,329.1612854,0.854369736,0.145630302,0.009634628,0.000316566
2020-12-09,17:58:48,5.060599899,8.002500153,163.2756805,187.700882,161.1629028,159.9966431,277.585968,149.2980957,138.7514801,329.0226135,0.854369736,0.145630302,0.009634628,0.000316566
2020-12-09,17:58:49,5.060699844,8.002500153,163.2756805,187.7063141,161.1611328,159.9972534,277.5843506,149.2992706,138.750473,329.0226135,0.854369736,0.145630302,0.009634628,0.000316566
2020-12-09,17:58:50,5.060499954,8.002500153,163.2756805,187.7128448,161.1615906,159.9971466,277.5846252,149.2990875,138.7506561,329.0226135,0.854369736,0.145630302,0.009634628,0.000316552
2020-12-09,17:58:51,5.060699844,8.002400208,163.2756805,187.7176056,161.162384,159.9970398,277.5848999,149.2990875,138.7506256,329.0226135,0.854369736,0.145630302,0.009634628,0.000316552
2020-12-09,17:58:52,5.060499954,8.002500153,163.2756805,187.7232056,161.1607971,159.9972076,277.5844421,149.298996,138.7507324,329.0226135,0.854369736,0.145630302,0.009634628,0.000316552
2020-12-09,17:58:53,5.060599899,8.002400208,163.2756805,187.7283936,161.1610107,159.9968109,277.5855408,149.2992706,138.750473,329.1717834,0.854369736,0.145630302,0.009634628,0.000316552
2020-12-09,17:58:54,5.060400009,8.002400208,163.2756805,187.7341003,161.1619263,159.9974976,277.5837097,149.29953,138.7506714,329.1717834,0.854369736,0.145630302,0.009634628,0.00031661
2020-12-09,17:58:55,5.060499954,8.002300262,163.2756805,187.7389221,161.1610565,159.9971008,277.5848083,149.3000641,138.7498169,329.1717834,0.854369736,0.145630302,0.009634628,0.00031661
2020-12-09,17:58:56,5.060200119,8.002300262,163.2756805,187.7447205,161.1612396,159.9974976,277.5837097,149.29953,138.7502441,329.1717834,0.854369736,0.145630302,0.009634628,0.00031661
2020-12-09,17:58:57,5.060100174,8.002400208,163.2756805,187.7493744,161.1616364,159.9972992,277.584259,149.3003387,138.7495728,329.1717834,0.854369736,0.145630302,0.009634628,0.00031661
2020-12-09,17:58:58,5.060400009,8.002300262,163.2766876,187.7549286,161.1622467,159.996933,277.5852966,149.3008881,138.749176,329.061554,0.854369736,0.145630302,0.009634628,0.00031661
2020-12-09,17:58:59,5.060200119,8.002300262,163.2766876,187.7609711,161.1618805,159.9970398,277.5849304,149.2999725,138.7498932,329.061554,0.854369736,0.145630302,0.009634628,0.00031661
2020-12-09,17:59:00,5.060300064,8.002200317,163.2766876,187.7662659,161.1613922,159.9975433,277.5834961,149.3006134,138.7493439,329.061554,0.854369736,0.145630302,0.009634628,0.00031661
2020-12-09,17:59:01,5.060200119,8.002200317,163.2766876,187.7711487,161.162323,159.9971466,277.5845642,149.3010559,138.7489319,329.061554,0.854369736,0.145630302,0.009634628,0.00031661
2020-12-09,17:59:02,5.060300064,8.002200317,163.2766876,187.7770233,161.1616669,159.9974213,277.5837708,149.300705,138.7492981,329.061554,0.854369736,0.145630302,0.009634628,0.00031661
2020-12-09,17:59:03,5.060100174,8.002200317,163.2766876,187.7819672,161.1613159,159.9972992,277.5842896,149.3012543,138.7487946,329.061554,0.854369736,0.145630302,0.009634628,0.00031661
2020-12-09,17:59:04,5.060300064,8.002100372,163.2766876,187.7883606,161.162323,159.9976501,277.5832825,149.3016052,138.7485199,329.061554,0.854369736,0.145630302,0.009634628,0.00031661
2020-12-09,17:59:05,5.060100174,8.002200317,163.2766876,187.7931061,161.1609192,159.9974213,277.5838318,149.3020477,138.7481689,329.061554,0.854369736,0.145630302,0.009634628,0.00031661
2020-12-09,17:59:06,5.059999847,8.002100372,163.27565,187.7984161,161.1618042,159.9976044,277.583374,149.3015137,138.7485962,329.061554,0.854507599,0.145492401,0.009634628,0.00031661
2020-12-09,17:59:07,5.060100174,8.002100372,163.2766571,187.804245,161.1614685,159.9977722,277.5828552,149.3018646,138.7482605,329.061554,0.854507599,0.145492401,0.009634628,0.00031661
2020-12-09,17:59:08,5.060300064,8.002100372,163.2766571,187.8090363,161.1620026,159.9974213,277.5837708,149.3016968,138.7484283,329.061554,0.854507599,0.145492401,0.009634628,0.00031661
2020-12-09,17:59:09,5.060100174,8.001999664,163.27565,187.8148499,161.1622925,159.9971466,277.5845947,149.3024139,138.7478333,329.061554,0.854507599,0.145492401,0.009634628,0.00031661
2020-12-09,17:59:10,5.060200119,8.002100372,163.27565,187.8210144,161.1617889,159.9977112,277.5830078,149.3027954,138.7474976,329.061554,0.854500732,0.145499296,0.009634628,0.00031661
2020-12-09,17:59:11,5.060100174,8.001999664,163.27565,187.8265991,161.1611938,159.9976044,277.5834351,149.3022308,138.7479706,329.061554,0.854500732,0.145499296,0.009634628,0.00031661
2020-12-09,17:59:12,5.060300064,8.001999664,163.2766876,187.8316193,161.1613159,159.9973602,277.5838928,149.3032227,138.7471313,329.061554,0.854532471,0.145467501,0.009634628,0.00031661
2020-12-09,17:59:13,5.060200119,8.001899719,163.2766876,187.8380127,161.1615601,159.9972992,277.5840759,149.3029633,138.7473297,329.061554,0.854532471,0.145467501,0.009634628,0.00031661
2020-12-09,17:59:14,5.060400009,8.001999664,163.2766876,187.842865,161.1619415,159.9976501,277.5831299,149.3033142,138.7470093,329.061554,0.854532471,0.145467501,0.009634628,0.00031661
2020-12-09,17:59:15,5.060200119,8.001899719,163.2766876,187.8483276,161.1623383,159.9972992,277.584259,149.3035889,138.7467957,329.061554,0.854532471,0.145467501,0.009634628,0.00031661
2020-12-09,17:59:16,5.060100174,8.001899719,163.2778168,187.8530884,161.1619568,159.9980316,277.5822754,149.3037567,138.7466736,329.061554,0.854532471,0.145467501,0.009634628,0.00031661
2020-12-09,17:59:17,5.060200119,8.001899719,163.2768097,187.8599548,161.1616058,159.9977722,277.581665,149.3041992,138.7463226,329.061554,0.854532471,0.145467501,0.009634628,0.00031661
2020-12-09,17:59:18,5.060100174,8.001899719,163.2768097,187.8653412,161.1612549,159.9976501,277.5832214,149.3037567,138.7467194,329.061554,0.854532471,0.145467501,0.009634628,0.00031661
2020-12-09,17:59:19,5.060400009,8.001799774,163.2757874,187.8696899,161.1606903,159.9977112,277.5829773,149.3044739,138.7461395,329.061554,0.854532471,0.145467501,0.009634628,0.00031661
2020-12-09,17:59:20,5.060499954,8.001899719,163.2768402,187.8756409,161.1619568,159.9972076,277.5844727,149.3043976,138.7460327,329.061554,0.854532471,0.145467501,0.009634628,0.00031661
2020-12-09,17:59:21,5.060400009,8.001799774,163.2768402,187.8817444,161.1615295,159.9974976,277.5836487,149.3044739,138.7461853,329.061554,0.854532471,0.145467501,0.009634628,0.00031661
2020-12-09,17:59:22,5.060599899,8.001799774,163.2768402,187.8877869,161.1620026,159.997879,277.5825806,149.3049316,138.7457123,329.061554,0.854532471,0.145467501,0.009634628,0.00031661
2020-12-09,17:59:23,5.060200119,8.001899719,163.2768402,187.8934784,161.16185,159.9980316,277.5822754,149.3050079,138.745636,329.061554,0.854532471,0.145467501,0.009634628,0.00031661
2020-12-09,17:59:24,5.060100174,8.001799774,163.2768402,187.8985138,161.1620483,159.9977722,277.5828552,149.3053741,138.7453003,329.061554,0.854532471,0.145467501,0.009634628,0.000315626
2020-12-09,17:59:25,5.060300064,8.001799774,163.2768402,187.9048004,161.1616516,159.9976501,277.5832825,149.3056488,138.7450256,329.061554,0.854532471,0.145467501,0.009634628,0.000315626
2020-12-09,17:59:26,5.060100174,8.001799774,163.2768402,187.9102783,161.1612549,159.9977112,277.5830078,149.3050079,138.7456055,329.061554,0.854532471,0.145467501,0.009634628,0.000316682
2020-12-09,17:59:27,5.060300064,8.001699829,163.2768402,187.9150391,161.1620483,159.9979401,277.58255,149.3061676,138.7446289,329.061554,0.854532471,0.145467501,0.009634628,0.000316682
2020-12-09,17:59:28,5.060400009,8.001799774,163.2768402,187.9210205,161.1607056,159.9977112,277.5830383,149.3062744,138.7445374,329.061554,0.854532471,0.145467501,0.009634628,0.00031661
2020-12-09,17:59:29,5.060200119,8.001699829,163.2768402,187.9276428,161.1620636,159.997879,277.5826416,149.3067474,138.7441559,329.061554,0.854532471,0.145467501,0.009634628,0.00031661
2020-12-09,17:59:30,5.060300064,8.001799774,163.2768402,187.9322205,161.1610565,159.9980316,277.5822144,149.3058167,138.7449341,329.061554,0.854528503,0.145471497,0.009634628,0.00031661
2020-12-09,17:59:31,5.060200119,8.001699829,163.2768402,187.9386444,161.1607819,159.9978333,277.5827942,149.3068085,138.7440643,329.061554,0.854528503,0.145471497,0.009634628,0.00031661
2020-12-09,17:59:32,5.060100174,8.001699829,163.2768402,187.9451904,161.1613159,159.9979858,277.5823669,149.3064728,138.7444,329.061554,0.854528503,0.145471497,0.009634628,0.00031661
2020-12-09,17:59:33,5.060200119,8.001699829,163.2768402,187.9503021,161.1605988,159.9976501,277.583313,149.3068085,138.7440491,329.061554,0.854528503,0.145471497,0.009634628,0.00031661
2020-12-09,17:59:34,5.059999847,8.001699829,163.2768402,187.9568481,161.1614685,159.9979401,277.582428,149.3074493,138.743576,329.061554,0.854528503,0.145471497,0.009634628,0.00031661
2020-12-09,17:59:35,5.060200119,8.001699829,163.2768402,187.962204,161.1609192,159.9978333,277.5827026,149.3074493,138.743515,329.061554,0.854528503,0.145471497,0.009634628,0.00031661
2020-12-09,17:59:36,5.060300064,8.001599884,163.2768402,187.9682922,161.161377,159.9978333,277.5827942,149.3069153,138.7440033,329.061554,0.854528503,0.145471497,0.009634628,0.00031661
2020-12-09,17:59:37,5.060100174,8.001699829,163.2768402,187.9732361,161.16185,159.9976501,277.583313,149.3074493,138.743515,329.061554,0.854528503,0.145471497,0.009634628,0.00031661
2020-12-09,17:59:38,5.060300064,8.001599884,163.2768402,187.9797668,161.1615448,159.9977112,277.5830688,149.3079834,138.7430725,329.061554,0.854528503,0.145471497,0.009634628,0.00031661
2020-12-09,17:59:39,5.060100174,8.001699829,163.2768402,187.9854736,161.1618195,159.9979401,277.5825195,149.3075562,138.7434235,329.061554,0.854528503,0.145471497,0.009634628,0.00031661
2020-12-09,17:59:40,5.060300064,8.001599884,163.2768402,187.9911957,161.1616364,159.997879,277.5826721,149.3073578,138.7436676,329.061554,0.854578095,0.145421896,0.009634628,0.00031661
2020-12-09,17:59:41,5.060100174,8.001599884,163.2768402,187.9972382,161.1603699,159.9981537,277.5818176,149.3082733,138.7428589,329.061554,0.854578095,0.145421896,0.009634628,0.00031661
2020-12-09,17:59:42,5.060300064,8.001499939,163.2768402,188.0023193,161.1623993,159.9980316,277.5820313,149.3087158,138.7424622,329.061554,0.854578095,0.145421896,0.009634628,0.00031661
2020-12-09,17:59:43,5.060499954,8.001599884,163.2768402,188.0094604,161.1607819,159.9981995,277.5817261,149.3088074,138.7425842,329.061554,0.854578095,0.145421896,0.009634628,0.00031661
2020-12-09,17:59:44,5.060300064,8.001499939,163.2768402,188.0153198,161.1602631,159.9980927,277.5820007,149.3087158,138.7423248,329.061554,0.854627609,0.1453724,0.009634628,0.00031661
2020-12-09,17:59:45,5.060200119,8.001599884,163.2778778,188.0214539,161.1621552,159.9979858,277.5823059,149.3091583,138.7420959,329.061554,0.854627609,0.1453724,0.009634628,0.00031661
2020-12-09,17:59:46,5.059999847,8.001499939,163.2778778,188.0264587,161.1615295,159.9981537,277.5818481,149.3093414,138.7419128,329.061554,0.854627609,0.1453724,0.009634628,0.00031661
2020-12-09,17:59:47,5.060200119,8.001599884,163.2778778,188.0322418,161.1610107,159.9984131,277.5809937,149.309433,138.7420197,329.061554,0.854627609,0.1453724,0.009634628,0.00031661
2020-12-09,17:59:48,5.059999847,8.001499939,163.2778778,188.0381317,161.1614685,159.9985504,277.5812073,149.3090668,138.7422028,329.061554,0.854627609,0.1453724,0.009634628,0.00031661
2020-12-09,17:59:49,5.060100174,8.001499939,163.2768402,188.0444183,161.1611786,159.9984131,277.5809326,149.3101501,138.7412872,329.061554,0.854627609,0.1453724,0.009634628,0.00031661
2020-12-09,17:59:50,5.059999847,8.001499939,163.2768402,188.0509796,161.1607819,159.9980316,277.5820618,149.3097839,138.7415314,329.061554,0.854627609,0.1453724,0.009634628,0.00031661
2020-12-09,17:59:51,5.060200119,8.001499939,163.2768402,188.0570526,161.1627502,159.9979858,277.5823975,149.310257,138.7411652,329.061554,0.854627609,0.1453724,0.009634628,0.00031661
2020-12-09,17:59:52,5.060100174,8.001499939,163.2768402,188.0621033,161.1613464,159.9985504,277.5807495,149.309967,138.7414246,329.061554,0.854627609,0.1453724,0.009634628,0.00031661
2020-12-09,17:59:53,5.059899902,8.001399994,163.2768402,188.0681915,161.1620636,159.9982605,277.5815125,149.3104401,138.7410889,329.061554,0.854627609,0.1453724,0.009634628,0.00031661
2020-12-09,17:59:54,5.059799957,8.001499939,163.2778625,188.0738678,161.1617126,159.997879,277.5826721,149.3100739,138.7413177,329.061554,0.854627609,0.1453724,0.009634628,0.00031661
2020-12-09,17:59:55,5.059999847,8.001399994,163.2778625,188.0792542,161.1619873,159.9983215,277.5814514,149.3109589,138.7405243,329.061554,0.854627609,0.1453724,0.009634628,0.00031661
2020-12-09,17:59:56,5.059999847,8.001499939,163.2778625,188.0864563,161.1613617,159.9985962,277.5806274,149.310257,138.7411652,329.061554,0.854627609,0.1453724,0.009634628,0.00031661
2020-12-09,17:59:57,5.059899902,8.001399994,163.2768555,188.0919952,161.161087,159.9981995,277.5817566,149.3106995,138.740799,329.061554,0.854627609,0.1453724,0.009634628,0.00031661
2020-12-09,17:59:58,5.059999847,8.001399994,163.2778931,188.0980072,161.1601257,159.9989166,277.5797424,149.3115845,138.7400055,329.061554,0.854627609,0.1453724,0.009634628,0.00031661
2020-12-09,17:59:59,5.059700012,8.001399994,163.2778931,188.1044006,161.1612854,159.9984741,277.5809326,149.3115082,138.7401428,329.061554,0.854627609,0.1453724,0.009634628,0.00031661
2020-12-09,18:00:00,5.059899902,8.001399994,163.2778931,188.1109009,161.1615906,159.9983826,277.5812378,149.3115845,138.7401123,329.061554,0.854627609,0.1453724,0.009634628,0.000316552
2020-12-09,18:00:01,5.059700012,8.001300049,163.2778931,188.1173248,161.1608582,159.9982605,277.5814819,149.3113251,138.7402954,329.061554,0.854627609,0.1453724,0.009634628,0.000316552
2020-12-09,18:00:02,5.059600067,8.001399994,163.2778931,188.1217651,161.1617889,159.9984131,277.5810547,149.3117828,138.7398987,329.061554,0.854627609,0.1453724,0.009634628,0.000316552
2020-12-09,18:00:03,5.059799957,8.001300049,163.2778931,188.1281586,161.1615295,159.9984131,277.5811157,149.312149,138.7396088,329.061554,0.854627609,0.1453724,0.009634628,0.000316552
2020-12-09,18:00:04,5.059899902,8.001499939,163.2778931,188.1340027,161.1611633,159.9986572,277.5805054,149.3118744,138.7398376,329.061554,0.854627609,0.1453724,0.009634628,0.000316552
2020-12-09,18:00:05,5.059700012,8.001599884,163.2778931,188.1416168,161.1603699,159.9983826,277.5812378,149.3120575,138.7396545,329.061554,0.854627609,0.1453724,0.009634628,0.000316552
2020-12-09,18:00:06,5.059899902,8.001399994,163.2778931,188.1468964,161.161911,159.9981995,277.5816956,149.3122406,138.7395477,329.061554,0.854627609,0.1453724,0.009634628,0.000316552
2020-12-09,18:00:07,5.059700012,8.000800323,163.2778931,188.1522369,161.1615448,159.9983826,277.5812073,149.3127747,138.7391052,329.061554,0.854627609,0.1453724,0.009634628,0.000316552
2020-12-09,18:00:08,5.059899902,8.000299835,163.2778931,188.1590729,161.1607666,159.9986572,277.5804749,149.3129425,138.7388611,329.061554,0.854627609,0.1453724,0.009634628,0.000316552
2020-12-09,18:00:09,5.059600067,7.99980011,163.2778931,188.1652679,161.161499,159.9984131,277.5811157,149.3132324,138.7386627,329.061554,0.854627609,0.1453724,0.009634628,0.000316552
2020-12-09,18:00:10,5.059899902,7.999299622,163.2778931,188.1711578,161.1620941,159.9984741,277.5809021,149.3130341,138.7388306,329.061554,0.854627609,0.1453724,0.009634628,0.000316552
2020-12-09,18:00:11,5.059799957,7.998999786,163.2778931,188.1769714,161.1611786,159.9986572,277.5805664,149.3134003,138.7385712,329.061554,0.854627609,0.1453724,0.009634628,0.000316552
2020-12-09,18:00:12,5.059799957,7.998699951,163.2778931,188.1836853,161.162262,159.9987183,277.5804138,149.3139496,138.7380371,329.061554,0.854627609,0.1453724,0.009634628,0.000316552
2020-12-09,18:00:13,5.059600067,7.998400116,163.2778931,188.1902466,161.1627808,159.9984131,277.5809937,149.3131256,138.7387848,328.9536438,0.854627609,0.1453724,0.009634628,0.000316552
2020-12-09,18:00:14,5.059500122,7.998100281,163.2778931,188.1959229,161.1610565,159.9988708,277.5798645,149.3139496,138.7380524,328.9536438,0.854627609,0.1453724,0.009634628,0.000316552
2020-12-09,18:00:15,5.059199905,7.998200226,163.2778931,188.2021027,161.1616821,159.9980316,277.5821838,149.3145752,138.7374725,328.9536438,0.854627609,0.1453724,0.009634628,0.000316552
2020-12-09,18:00:16,5.059500122,7.998699951,163.2778931,188.2084503,161.1616516,159.9985962,277.5806274,149.3139496,138.7380981,328.9536438,0.854627609,0.1453724,0.009634628,0.000316552
2020-12-09,18:00:17,5.059400177,7.999099731,163.2778931,188.2136536,161.1625671,159.9987183,277.5803528,149.3145752,138.7375641,328.9536438,0.854627609,0.1453724,0.009634628,0.000316552
2020-12-09,18:00:18,5.059500122,7.999500275,163.2778931,188.2211304,161.161911,159.9988098,277.5799866,149.3139496,138.7381134,328.9536438,0.854627609,0.1453724,0.009634628,0.000316552
2020-12-09,18:00:19,5.05929985,7.999900055,163.2789001,188.227951,161.1618042,159.9984131,277.5810547,149.314743,138.737381,328.9536438,0.854627609,0.1453724,0.009634628,0.000316552
2020-12-09,18:00:20,5.059500122,8.00019989,163.2778778,188.233078,161.1612549,159.9990692,277.5793152,149.3151093,138.7370911,328.9536438,0.854627609,0.1453724,0.009634628,0.000316552
2020-12-09,18:00:21,5.05929985,8.000499725,163.2778778,188.2398987,161.1616516,159.9984131,277.5811157,149.314743,138.7373657,328.9536438,0.854627609,0.1453724,0.009634628,0.000316552
2020-12-09,18:00:22,5.059400177,8.000800323,163.2778778,188.2450867,161.1611938,159.9987488,277.5802612,149.3145752,138.7375793,328.9536438,0.854627609,0.1453724,0.009634628,0.000316552
2020-12-09,18:00:23,5.059600067,8.001000214,163.2778778,188.252243,161.1609039,159.9989777,277.5796204,149.3159332,138.7363586,329.0673218,0.854627609,0.1453724,0.009634628,0.000316552
2020-12-09,18:00:24,5.05929985,8.001100159,163.2778778,188.2586212,161.16185,159.9988708,277.5798645,149.3152924,138.7368774,329.0673218,0.854627609,0.1453724,0.009634628,0.000316552
2020-12-09,18:00:25,5.059500122,8.000700378,163.2778778,188.2641449,161.1613312,159.9988098,277.5799866,149.315567,138.7367096,329.0673218,0.854627609,0.1453724,0.009634628,0.000316552
2020-12-09,18:00:26,5.05929985,8.00019989,163.2778778,188.2704773,161.1611938,159.9987183,277.5803528,149.3157501,138.7365723,329.0673218,0.854627609,0.1453724,0.009634628,0.00031661
2020-12-09,18:00:27,5.059400177,7.99980011,163.2778778,188.2766571,161.1611481,159.9989777,277.5796509,149.3158264,138.7364349,329.0673218,0.854627609,0.1453724,0.009634628,0.00031661
2020-12-09,18:00:28,5.059199905,7.999500275,163.2778778,188.2825623,161.1613312,159.9991913,277.578949,149.3162079,138.7361755,329.0673218,0.854627609,0.1453724,0.009634628,0.00031661
2020-12-09,18:00:29,5.05929985,7.999199677,163.2789001,188.289978,161.1620941,159.9983826,277.5812988,149.3162842,138.736084,329.0673218,0.854627609,0.1453724,0.009634628,0.00031661
2020-12-09,18:00:30,5.059400177,7.998899841,163.2789001,188.2967224,161.1615601,159.9990387,277.5794983,149.3167419,138.735733,329.0673218,0.854627609,0.1453724,0.009634628,0.000315698
2020-12-09,18:00:31,5.059199905,7.998999786,163.2778931,188.3020782,161.1601715,159.9987488,277.5802612,149.3174591,138.7351227,329.0673218,0.854627609,0.1453724,0.009634628,0.000315698
2020-12-09,18:00:32,5.05890007,7.999299622,163.2778931,188.3082733,161.161377,159.9987488,277.5802002,149.3164673,138.7359009,329.0673218,0.854627609,0.1453724,0.009634628,0.00031661
2020-12-09,18:00:33,5.059199905,7.99940033,163.2778931,188.3151245,161.1613159,159.9989777,277.5796204,149.3169098,138.7355042,329.0673218,0.854627609,0.1453724,0.009634628,0.00031661
2020-12-09,18:00:34,5.05929985,7.999500275,163.2789307,188.3213959,161.1614532,159.9987488,277.5802917,149.3174591,138.7351074,329.0673218,0.854627609,0.1453724,0.009634628,0.00031661
2020-12-09,18:00:35,5.059000015,7.99960022,163.2799377,188.3273315,161.1614075,159.9984741,277.5808716,149.3171997,138.7353058,329.0673218,0.854627609,0.1453724,0.009634628,0.00031661
2020-12-09,18:00:36,5.05929985,7.99960022,163.2789307,188.3341827,161.1611328,159.9990387,277.5794373,149.3176422,138.7349243,329.0673218,0.854627609,0.1453724,0.009634628,0.00031661
2020-12-09,18:00:37,5.05909996,7.999700165,163.2789307,188.3397369,161.161438,159.9989777,277.5797729,149.3171997,138.7353058,329.0673218,0.854627609,0.1453724,0.009634628,0.00031661
2020-12-09,18:00:38,5.059000015,7.99980011,163.2789307,188.3461456,161.1611786,159.9991302,277.5791321,149.3170929,138.7353973,329.0673218,0.854627609,0.1453724,0.009634628,0.00031661
2020-12-09,18:00:39,5.05890007,7.999900055,163.2778931,188.3530273,161.1605988,159.9988098,277.5799866,149.3177338,138.7348633,329.0673218,0.854627609,0.1453724,0.009634628,0.00031661
2020-12-09,18:00:40,5.059000015,7.999900055,163.2778931,188.3590393,161.1610565,159.9990387,277.5794678,149.3175659,138.7349396,329.0673218,0.854645462,0.1453545,0.009634628,0.00031661
2020-12-09,18:00:41,5.05929985,8.0,163.2778931,188.3656006,161.161438,159.9990387,277.5794067,149.3185425,138.7341919,329.0673218,0.854645462,0.1453545,0.009634628,0.00031661
2020-12-09,18:00:42,5.059500122,8.000099945,163.276886,188.3719025,161.1605225,159.9990387,277.5793762,149.3179169,138.7346954,329.0673218,0.854645462,0.1453545,0.009634628,0.00031661
2020-12-09,18:00:43,5.05909996,8.000099945,163.2790527,188.3781586,161.1614838,159.9988708,277.5798645,149.3177338,138.734848,329.0673218,0.854645462,0.1453545,0.009634628,0.00031661
2020-12-09,18:00:44,5.05890007,8.00019989,163.2790527,188.384552,161.1619873,159.9985504,277.580719,149.3184509,138.7342987,329.0673218,0.854645462,0.1453545,0.009634628,0.00031661
2020-12-09,18:00:45,5.059199905,8.00019989,163.2790527,188.3903656,161.161087,159.9990387,277.5794678,149.3190918,138.7337341,329.0673218,0.854645462,0.1453545,0.009634628,0.00031661
2020-12-09,18:00:46,5.059000015,8.000299835,163.2790527,188.3974915,161.161499,159.9988708,277.579834,149.3187103,138.7340393,329.0673218,0.854645462,0.1453545,0.009634628,0.00031661
2020-12-09,18:00:47,5.05929985,8.000299835,163.2790527,188.4041443,161.1612396,159.9994354,277.5784302,149.3192749,138.7335968,329.0673218,0.854645462,0.1453545,0.009634628,0.00031661
2020-12-09,18:00:48,5.05909996,8.00039978,163.2790527,188.4090729,161.1602325,159.9989166,277.5797729,149.3191681,138.7335052,329.0673218,0.854645462,0.1453545,0.009634628,0.00031661
2020-12-09,18:00:49,5.059000015,8.00039978,163.2790527,188.4163971,161.1599731,159.9989777,277.5795593,149.319458,138.7333679,329.0673218,0.854645462,0.1453545,0.009634628,0.00031661
2020-12-09,18:00:50,5.05909996,8.000499725,163.2790527,188.4231415,161.161026,159.9988098,277.5800476,149.3190918,138.7337494,329.0673218,0.854645462,0.1453545,0.009634628,0.00031661
2020-12-09,18:00:51,5.05890007,8.000499725,163.2790527,188.4300995,161.1609192,159.9990692,277.5793152,149.3199005,138.7330475,329.0673218,0.854645462,0.1453545,0.009634628,0.00031661
2020-12-09,18:00:52,5.058800125,8.00059967,163.2790527,188.435257,161.161911,159.9988098,277.5802917,149.3197937,138.733139,329.0673218,0.854645462,0.1453545,0.009634628,0.00031661
2020-12-09,18:00:53,5.05909996,8.00059967,163.2780304,188.4423828,161.1613617,159.9994354,277.5783691,149.3202515,138.7327118,329.0673218,0.854645462,0.1453545,0.009634628,0.00031661
2020-12-09,18:00:54,5.058800125,8.000700378,163.2791443,188.4485016,161.1611176,159.9991302,277.5791931,149.3200836,138.7328796,329.0673218,0.854645462,0.1453545,0.009634628,0.00031661
2020-12-09,18:00:55,5.058800125,8.00059967,163.2791443,188.4550018,161.1617889,159.9999084,277.5768738,149.3206024,138.7323761,329.0673218,0.854645462,0.1453545,0.009634628,0.00031661
2020-12-09,18:00:56,5.05870018,8.000700378,163.2781372,188.4621429,161.1610565,159.9991302,277.5791016,149.3207855,138.7325897,329.0673218,0.854645462,0.1453545,0.009634628,0.00031661
2020-12-09,18:00:57,5.059000015,8.000800323,163.2781372,188.4674072,161.1618042,159.9992523,277.5787964,149.3205414,138.7325287,329.0673218,0.854645462,0.1453545,0.009634628,0.00031661
2020-12-09,18:00:58,5.058800125,8.000700378,163.2791443,188.4745789,161.1604004,159.9998627,277.577179,149.3212585,138.7318726,329.0673218,0.854639511,0.145360498,0.009634628,0.00031661
2020-12-09,18:00:59,5.05890007,8.000800323,163.2791443,188.4798431,161.1606598,159.9989777,277.5795898,149.3207092,138.7323303,329.0673218,0.854639511,0.145360498,0.009634628,0.00031661
2020-12-09,18:01:00,5.058800125,8.000800323,163.2791443,188.4862823,161.1618652,159.9991913,277.5789185,149.3213348,138.7317657,329.0673218,0.854639511,0.145360498,0.009634628,0.00031661
2020-12-09,18:01:01,5.058599854,8.000900269,163.2791443,188.4930267,161.1616364,159.9993744,277.5785522,149.321167,138.7320099,329.0673218,0.854639511,0.145360498,0.009634628,0.00031661
2020-12-09,18:01:02,5.05909996,8.000800323,163.2791443,188.5008087,161.1610107,159.9991302,277.5789795,149.3209534,138.7321472,329.0673218,0.854670334,0.145329704,0.009634628,0.00031661
2020-12-09,18:01:03,5.062200165,8.000900269,163.2791443,188.5079498,161.1607208,159.9998627,277.5770874,149.3216095,138.7315826,329.0673218,0.854670334,0.145329704,0.009634628,0.00031661
2020-12-09,18:01:04,5.068799973,8.000900269,163.2791443,188.5127258,161.161087,159.9993744,277.5785522,149.3214264,138.73172,329.0673218,0.854670334,0.145329704,0.009634628,0.00031661
2020-12-09,18:01:05,5.076499939,8.001000214,163.2801514,188.5193634,161.1605835,159.9994659,277.5780945,149.3215332,138.7316589,329.0673218,0.854670334,0.145329704,0.009634628,0.00031661
2020-12-09,18:01:06,5.085900116,8.000900269,163.2790985,188.5267639,161.1609344,159.9993134,277.5786743,149.3223267,138.730957,329.0673218,0.854670334,0.145329704,0.009634628,0.00031661
2020-12-09,18:01:07,5.09280014,8.001000214,163.2790985,188.5320129,161.1613312,159.999527,277.5780029,149.3224182,138.7310638,329.0673218,0.854670334,0.145329704,0.009634628,0.00031661
2020-12-09,18:01:08,5.102000046,8.001000214,163.2790985,188.5391388,161.1615448,159.9992523,277.5787354,149.3221436,138.7307892,329.0673218,0.854670334,0.145329704,0.009634628,0.00031661
2020-12-09,18:01:09,5.109500122,8.001000214,163.2790985,188.5460052,161.1611481,159.9998016,277.5772705,149.322876,138.7305298,329.0673218,0.854670334,0.145329704,0.009634628,0.00031661
2020-12-09,18:01:10,5.117399979,8.001100159,163.2790985,188.5524597,161.1619263,159.9998627,277.5774841,149.3230591,138.7303619,329.0673218,0.854670334,0.145329704,0.009634628,0.00031661
2020-12-09,18:01:11,5.125999832,8.001100159,163.2790985,188.5582428,161.1613159,159.9994659,277.5780945,149.3234863,138.72995,329.0673218,0.854670334,0.145329704,0.009634628,0.00031661
2020-12-09,18:01:12,5.131999969,8.001200104,163.2790985,188.5653381,161.1614227,159.9996948,277.5775452,149.3227844,138.7306213,329.0673218,0.854670334,0.145329704,0.009634628,0.00031661
2020-12-09,18:01:13,5.139699936,8.001200104,163.2790985,188.5721436,161.1618805,159.9993134,277.5786133,149.324295,138.7292633,329.0673218,0.854670334,0.145329704,0.009634628,0.00031661
2020-12-09,18:01:14,5.147600174,8.001300049,163.2790985,188.5796356,161.1612854,159.9997559,277.5773926,149.3249359,138.7287292,329.0673218,0.854670334,0.145329704,0.009634628,0.00031661
2020-12-09,18:01:15,5.15530014,8.001300049,163.2801056,188.5870972,161.1610107,159.9993744,277.5785828,149.3250427,138.7286682,329.0673218,0.854670334,0.145329704,0.009634628,0.00031661
2020-12-09,18:01:16,5.161600113,8.001399994,163.2790222,188.5932465,161.1618652,159.9998627,277.5770874,149.3258514,138.7280121,329.0673218,0.854670334,0.145329704,0.009634628,0.00031661
2020-12-09,18:01:17,5.168299866,8.001300049,163.2790222,188.6009521,161.1615753,159.9999542,277.5768127,149.3263855,138.7275543,329.0673218,0.854670334,0.145329704,0.009634628,0.00031661
2020-12-09,18:01:18,5.175600052,8.001499939,163.2790222,188.6080475,161.161499,159.9996338,277.5776978,149.3271027,138.7268829,329.0673218,0.854670334,0.145329704,0.009634628,0.00031661
2020-12-09,18:01:19,5.185599899,8.001499939,163.2790222,188.6150818,161.1609039,159.9993134,277.5787048,149.327652,138.7265167,329.0673218,0.854670334,0.145329704,0.009634628,0.00031661
2020-12-09,18:01:20,5.199399948,8.001599884,163.2790222,188.6234283,161.1620483,160.0000916,277.5764771,149.3289185,138.7253876,329.0673218,0.854670334,0.145329704,0.009634628,0.00031661
2020-12-09,18:01:21,5.216199875,8.001699829,163.2790222,188.6302185,161.161499,159.9998016,277.5772705,149.3296204,138.724762,329.0673218,0.854670334,0.145329704,0.009634628,0.00031661
2020-12-09,18:01:22,5.230599976,8.001799774,163.2790222,188.6368408,161.1606903,159.999527,277.5780029,149.3309021,138.7237396,329.0673218,0.854670334,0.145329704,0.009634628,0.00031661
2020-12-09,18:01:23,5.244499969,8.001899719,163.2800446,188.6446686,161.1615295,159.9998627,277.5770264,149.3319702,138.7228088,329.0673218,0.854670334,0.145329704,0.009634628,0.00031661
2020-12-09,18:01:24,5.259500122,8.001899719,163.2800446,188.652771,161.1611176,159.9996948,277.5775452,149.332962,138.7219696,329.0673218,0.854670334,0.145329704,0.009634628,0.00031661
2020-12-09,18:01:25,5.274499893,8.002100372,163.2800446,188.6608429,161.1618042,159.9999084,277.5769653,149.3340607,138.7210999,329.0673218,0.854670334,0.145329704,0.009634628,0.00031661
2020-12-09,18:01:26,5.286800003,8.002200317,163.2800446,188.6684418,161.161087,159.9998627,277.5771179,149.3355865,138.7197571,329.0673218,0.854670334,0.145329704,0.009634628,0.00031661
2020-12-09,18:01:27,5.301599884,8.002300262,163.2800446,188.6759338,161.1607513,159.9998627,277.5769958,149.3375092,138.7181549,329.0673218,0.854670334,0.145329704,0.009634628,0.00031661
2020-12-09,18:01:28,5.315200043,8.002500153,163.2800446,188.6847839,161.1615906,160.0001526,277.5763245,149.3384705,138.7173004,329.0673218,0.854670334,0.145329704,0.009634628,0.00031661
2020-12-09,18:01:29,5.32859993,8.002600098,163.2800446,188.6920319,161.1609497,160.0000153,277.5765991,149.3412628,138.7149658,329.0673218,0.854670334,0.145329704,0.009634628,0.00031661
2020-12-09,18:01:30,5.343000031,8.002799988,163.2800446,188.7010956,161.16185,160.0002594,277.5760498,149.3426971,138.7137146,329.0673218,0.854670334,0.145329704,0.009634628,0.00031661
2020-12-09,18:01:31,5.35530014,8.002999878,163.2800446,188.7086945,161.1612244,159.9999084,277.5769043,149.3461456,138.7108765,329.0673218,0.854670334,0.145329704,0.009634628,0.00031661
2020-12-09,18:01:32,5.369499969,8.003099823,163.2800446,188.7175598,161.1616058,160.0001526,277.5763855,149.3479309,138.7093658,329.0673218,0.854670334,0.145329704,0.009634628,0.00031661
2020-12-09,18:01:33,5.381600189,8.003299713,163.2800446,188.7258148,161.1610107,160.0002594,277.5760498,149.3507233,138.7069702,329.0673218,0.854670334,0.145329704,0.009634628,0.00031661
2020-12-09,18:01:34,5.395199966,8.003500366,163.2800446,188.7341919,161.1605377,160.0005798,277.5751343,149.3538055,138.7044373,329.0673218,0.854670334,0.145329704,0.009634628,0.00031661
2020-12-09,18:01:35,5.408800125,8.003399658,163.2800446,188.7433014,161.1609497,159.9999542,277.5768127,149.3565979,138.7020111,329.0673218,0.854670334,0.145329704,0.009634628,0.00031661
2020-12-09,18:01:36,5.420600128,8.003199768,163.2800446,188.7529449,161.1612091,160.0006409,277.5749512,149.359848,138.6992188,329.0673218,0.854670334,0.145329704,0.009634628,0.00031661
2020-12-09,18:01:37,5.432899857,8.002899933,163.2800446,188.7615509,161.1615906,160.0000916,277.5765381,149.3628235,138.6967316,329.0673218,0.854670334,0.145329704,0.009634628,0.00031661
2020-12-09,18:01:38,5.445500183,8.002700043,163.2800446,188.7708435,161.1615448,159.9999084,277.5768738,149.366333,138.6938324,329.0673218,0.854670334,0.145329704,0.009634628,0.00031661
2020-12-09,18:01:39,5.457699966,8.002400208,163.2800446,188.7800751,161.1613312,160.0006866,277.5747681,149.3705902,138.6901398,329.0673218,0.854670334,0.145329704,0.009634628,0.00031661
2020-12-09,18:01:40,5.470299911,8.002200317,163.2800446,188.7892456,161.1608582,160.0001526,277.5763245,149.3738403,138.6874695,329.0673218,0.854670334,0.145329704,0.009634628,0.00031661
2020-12-09,18:01:41,5.482300186,8.002100372,163.2800446,188.7976074,161.1611328,160.0004272,277.575592,149.3783264,138.6836395,329.0673218,0.854670334,0.145329704,0.009634628,0.00031661
2020-12-09,18:01:42,5.494499969,8.001899719,163.2800446,188.8076019,161.1602173,160.0005798,277.5751953,149.3830109,138.6797791,329.0673218,0.854670334,0.145329704,0.009634628,0.00031661
2020-12-09,18:01:43,5.506600189,8.001699829,163.2800446,188.8173981,161.1618958,160.0001526,277.576355,149.3877106,138.675766,329.0673218,0.854670334,0.145329704,0.009634628,0.00031661
2020-12-09,18:01:44,5.518700027,8.001499939,163.2800446,188.8252563,161.1611023,160.0005798,277.5752563,149.3926697,138.6715393,329.0673218,0.854670334,0.145329704,0.009634628,0.00031661
2020-12-09,18:01:45,5.529899979,8.001399994,163.2800446,188.8354645,161.1613312,160.0010376,277.5738525,149.3975525,138.6674805,329.0673218,0.854670334,0.145329704,0.009634628,0.00031661
2020-12-09,18:01:46,5.54129982,8.001300049,163.2800446,188.8454895,161.1607513,160.0002594,277.5760803,149.4034882,138.6624298,329.0673218,0.854670334,0.145329704,0.009634628,0.00031661
2020-12-09,18:01:47,5.553900146,8.001200104,163.2800446,188.8547516,161.1609802,160.0005341,277.5754089,149.4087372,138.6579895,329.0673218,0.854670334,0.145329704,0.009634628,0.00031661
2020-12-09,18:01:48,5.564199829,8.001499939,163.2800446,188.8645782,161.1601563,160.0013275,277.5732422,149.4146118,138.6531219,329.0673218,0.854857712,0.145142298,0.009634628,0.00031661
2020-12-09,18:01:49,5.575600052,8.001799774,163.2800446,188.8752289,161.1615906,160.0003662,277.5757141,149.4212646,138.6474457,329.0673218,0.854857712,0.145142298,0.009634628,0.00031661
2020-12-09,18:01:50,5.587799835,8.001399994,163.2800446,188.8846283,161.1606598,160.0004272,277.5758667,149.4275055,138.6421967,329.0673218,0.854857712,0.145142298,0.009634628,0.00031661
2020-12-09,18:01:51,5.598300171,8.001100159,163.2800446,188.8929749,161.1601715,160.0005798,277.5752563,149.4328003,138.6376648,329.0673218,0.854857712,0.145142298,0.009634628,0.00031661
2020-12-09,18:01:52,5.609400177,8.000800323,163.2800446,188.9039154,161.1620636,160.0004272,277.575592,149.4409485,138.6308136,329.0673218,0.854857712,0.145142298,0.009634628,0.00031661
2020-12-09,18:01:53,5.620399857,8.00039978,163.2800446,188.9131622,161.1605377,160.0007477,277.5746155,149.447525,138.6253204,329.0673218,0.854857712,0.145142298,0.009634628,0.00031661
2020-12-09,18:01:54,5.631299973,8.00019989,163.2800446,188.9243774,161.1601563,160.0009766,277.5741272,149.4552917,138.6188049,329.0673218,0.854857712,0.145142298,0.009634628,0.00031661
2020-12-09,18:01:55,5.641999817,8.000099945,163.2800446,188.9345703,161.1609955,160.0006866,277.5748291,149.4630432,138.6122589,329.0673218,0.854857712,0.145142298,0.009634628,0.00031661
2020-12-09,18:01:56,5.652700043,8.00039978,163.2810822,188.9440765,161.1616211,160.0005798,277.5751953,149.4708099,138.6056366,329.0673218,0.854857712,0.145142298,0.009634628,0.000316667
2020-12-09,18:01:57,5.663999939,8.00059967,163.2799988,188.9552002,161.1602631,160.0009766,277.5742188,149.4791107,138.598587,329.0673218,0.854857712,0.145142298,0.009634628,0.000316667
2020-12-09,18:01:58,5.673699951,8.000800323,163.2810059,188.9650421,161.1612091,160.0009308,277.5740967,149.4873199,138.5917511,329.0673218,0.854887466,0.145112495,0.009634628,0.000316667
2020-12-09,18:01:59,5.683399963,8.000900269,163.2810059,188.974823,161.1606445,160.0008087,277.574585,149.4967041,138.5838013,329.0673218,0.854887466,0.145112495,0.009634628,0.000316667
2020-12-09,18:02:00,5.695100021,8.001100159,163.2810059,188.9857483,161.1608276,160.0012207,277.5734253,149.5053711,138.5765228,329.0673218,0.854921265,0.145078697,0.009634628,0.000316667
2020-12-09,18:02:01,5.704600143,8.001200104,163.2799835,188.9955597,161.1604309,160.0004883,277.57547,149.5150452,138.5683289,329.0673218,0.854921265,0.145078697,0.009634628,0.000316667
2020-12-09,18:02:02,5.714300156,8.000700378,163.2799835,189.0059967,161.1597595,160.0010376,277.5739441,149.5238647,138.5608826,329.0673218,0.854921265,0.145078697,0.009634628,0.000316667
2020-12-09,18:02:03,5.724599838,8.00019989,163.2799835,189.0160522,161.1602173,160.0013275,277.5732422,149.533432,138.5528717,329.0673218,0.854921265,0.145078697,0.009634628,0.000316667
2020-12-09,18:02:04,5.735300064,8.0,163.2799835,189.0272522,161.1612091,160.0009308,277.5743103,149.5438385,138.5441132,329.0673218,0.854921265,0.145078697,0.009634628,0.000316667
2020-12-09,18:02:05,5.744300079,8.001699829,163.2799835,189.0374298,161.1596069,160.0008087,277.5745239,149.5528412,138.5365448,329.0673218,0.854921265,0.145078697,0.009634628,0.000316667
2020-12-09,18:02:06,5.754000092,8.001999664,163.2810211,189.0488129,161.1604614,160.0010834,277.573761,149.5637817,138.5273743,329.0673218,0.854921265,0.145078697,0.009634628,0.000316667
2020-12-09,18:02:07,5.763999939,8.002100372,163.2810211,189.0588226,161.161026,160.0008698,277.5744324,149.5741577,138.5185547,329.0673218,0.854921265,0.145078697,0.009634628,0.000316667
2020-12-09,18:02:08,5.772900009,8.001999664,163.2799988,189.0698395,161.1602325,160.0012665,277.5733643,149.5850983,138.5093994,329.0673218,0.854921265,0.145078697,0.009634628,0.000316667
2020-12-09,18:02:09,5.783499908,8.002100372,163.2810211,189.0794373,161.1601563,160.0009766,277.5742188,149.5964661,138.4998016,329.0673218,0.854921265,0.145078697,0.009634628,0.000316667
2020-12-09,18:02:10,5.791600037,8.002200317,163.2810211,189.0911713,161.1599579,160.0007477,277.574707,149.6079407,138.4901733,329.0673218,0.854921265,0.145078697,0.009634628,0.000316667
2020-12-09,18:02:11,5.802199936,8.002100372,163.2810211,189.1017151,161.1596069,160.0010834,277.573761,149.6194,138.4804688,329.0673218,0.854921265,0.145078697,0.009634628,0.000316667
2020-12-09,18:02:12,5.811399841,8.002300262,163.2810211,189.1126099,161.1590576,160.0017242,277.572113,149.631073,138.4706726,329.0673218,0.854921265,0.145078697,0.009634628,0.000316667
2020-12-09,18:02:13,5.820600128,8.002400208,163.2810211,189.1232147,161.1597748,160.0013885,277.572998,149.6427002,138.4608154,329.0673218,0.854921265,0.145078697,0.009634628,0.000316667
2020-12-09,18:02:14,5.82859993,8.002500153,163.2810211,189.1340027,161.1588287,160.0017242,277.5719604,149.6557007,138.4499969,329.0673218,0.854921265,0.145078697,0.009634628,0.000316667
2020-12-09,18:02:15,5.837799835,8.002600098,163.2810211,189.1461945,161.1604919,160.0014801,277.5727234,149.6680298,138.4395905,329.0673218,0.854921265,0.145078697,0.009634628,0.000316667
2020-12-09,18:02:16,5.846699905,8.002700043,163.2810211,189.1565857,161.1595154,160.0012207,277.5735168,149.6800232,138.4295502,329.0673218,0.854921265,0.145078697,0.009634628,0.000316667
2020-12-09,18:02:17,5.855899811,8.002799988,163.2810211,189.1668091,161.1590576,160.0010376,277.572998,149.6936646,138.4180145,329.0673218,0.854921265,0.145078697,0.009634628,0.000316667
2020-12-09,18:02:18,5.864899826,8.002899933,163.2810211,189.1786652,161.1582642,160.0012665,277.5737305,149.706665,138.4070587,329.0673218,0.854921265,0.145078697,0.009634628,0.000316667
2020-12-09,18:02:19,5.872900009,8.002999878,163.2810211,189.1897888,161.1596985,160.0015411,277.5725403,149.7195282,138.3963165,329.0673218,0.854921265,0.145078697,0.009634628,0.000316667
2020-12-09,18:02:20,5.882699966,8.003099823,163.2810211,189.200531,161.1591339,160.0017242,277.571991,149.7332458,138.3847351,329.0673218,0.854921265,0.145078697,0.009634628,0.000316667
2020-12-09,18:02:21,5.890399933,8.003199768,163.2810211,189.211441,161.1583252,160.0019836,277.5713501,149.7469788,138.37323,329.0673218,0.854921265,0.145078697,0.009634628,0.000316667
2020-12-09,18:02:22,5.898400116,8.003399658,163.2810211,189.2234192,161.1593475,160.0020905,277.571167,149.7602692,138.3619537,329.0673218,0.854921265,0.145078697,0.009634628,0.000316667
2020-12-09,18:02:23,5.90719986,8.003500366,163.2810211,189.2347717,161.1591492,160.0017242,277.572113,149.773819,138.3506012,329.0673218,0.854921265,0.145078697,0.009634628,0.000316667
2020-12-09,18:02:24,5.915000153,8.003600311,163.2810211,189.2461243,161.1586151,160.0013885,277.572998,149.7877655,138.338913,329.0673218,0.854921265,0.145078697,0.009634628,0.000316667
2020-12-09,18:02:25,5.922999954,8.003800201,163.2810211,189.2567291,161.1581421,160.0020905,277.5709229,149.8027649,138.3263245,329.0673218,0.854921265,0.145078697,0.009634628,0.000316667
2020-12-09,18:02:26,5.930899811,8.003900146,163.2810211,189.2681274,161.1588287,160.0017242,277.571991,149.8177643,138.3137512,329.0673218,0.854921265,0.145078697,0.009634628,0.000316667
2020-12-09,18:02:27,5.938800049,8.004000092,163.2810211,189.2792969,161.1586609,160.0013885,277.5729065,149.8316193,138.3021088,329.0673218,0.854921265,0.145078697,0.009634628,0.000316667
2020-12-09,18:02:28,5.945399857,8.004199982,163.2810211,189.2906036,161.1589203,160.0019379,277.5715332,149.8461456,138.2898865,329.0673218,0.854921265,0.145078697,0.009634628,0.000316667
2020-12-09,18:02:29,5.952899933,8.004399872,163.2810211,189.3029633,161.1571045,160.00177,277.5719299,149.8612671,138.2772064,329.0673218,0.854921265,0.145078697,0.009634628,0.000316667
2020-12-09,18:02:30,5.959999847,8.003600311,163.2810211,189.3134003,161.1590271,160.0021362,277.5708008,149.8767548,138.2642212,329.0673218,0.854921265,0.145078697,0.009634628,0.000316667
2020-12-09,18:02:31,5.967100143,8.002700043,163.282074,189.3245239,161.1578674,160.002533,277.5698547,149.8915863,138.2518158,329.0673218,0.854921265,0.145078697,0.009634628,0.000316667
2020-12-09,18:02:32,5.973899841,8.001799774,163.282074,189.3368225,161.1577759,160.0023651,277.5703735,149.9073334,138.2384949,329.0673218,0.854921265,0.145078697,0.009634628,0.000316667
2020-12-09,18:02:33,5.982099915,8.002200317,163.2810669,189.3478546,161.1576691,160.0023041,277.5702209,149.9235077,138.2249146,329.2310181,0.854921265,0.145078697,0.009634628,0.000316667
2020-12-09,18:02:34,5.987200165,8.001999664,163.2810669,189.3585968,161.1574097,160.0024261,277.570343,149.9384308,138.2124176,329.2310181,0.854921265,0.145078697,0.009634628,0.000315713
2020-12-09,18:02:35,5.994400024,8.001499939,163.2810669,189.3709869,161.1571655,160.0028534,277.5689087,149.9542999,138.1991272,329.2310181,0.854921265,0.145078697,0.009634628,0.000315713
2020-12-09,18:02:36,6.000999832,8.001999664,163.2810669,189.3828888,161.1573639,160.0019836,277.5713196,149.9704132,138.1856384,329.2310181,0.854921265,0.145078697,0.009634628,0.000315713
2020-12-09,18:02:37,6.007500076,8.001499939,163.2810669,189.394516,161.1578369,160.0023041,277.5704651,149.9868774,138.171936,329.2310181,0.854921265,0.145078697,0.009634628,0.000315713
2020-12-09,18:02:38,6.014199829,8.00059967,163.2810669,189.4064789,161.1567993,160.0024261,277.5700684,150.0030518,138.1583557,329.2310181,0.854905396,0.145094605,0.009634628,0.000315713
2020-12-09,18:02:39,6.020399857,7.99980011,163.2810669,189.4185944,161.1571503,160.0023651,277.570282,150.0192871,138.1446686,329.2310181,0.854905396,0.145094605,0.009634628,0.000315713
2020-12-09,18:02:40,6.026900101,7.999099731,163.2820892,189.4307098,161.1576385,160.0020905,277.5709229,150.0365601,138.130249,329.2310181,0.85491333,0.145086699,0.009634628,0.000315713
2020-12-09,18:02:41,6.033399963,7.998400116,163.2820892,189.4417725,161.1566315,160.0028229,277.5690308,150.0534973,138.1160736,329.2310181,0.85491333,0.145086699,0.009634628,0.000315713
2020-12-09,18:02:42,6.039899826,7.998899841,163.2820892,189.4537964,161.1572113,160.0020905,277.5710144,150.0691681,138.1029053,329.2310181,0.85491333,0.145086699,0.009634628,0.000315713
2020-12-09,18:02:43,6.045899963,8.00019989,163.2810822,189.4658813,161.1556702,160.002655,277.569519,150.0856476,138.0890503,329.2310181,0.85491333,0.145086699,0.009634628,0.000315713
2020-12-09,18:02:44,6.052500153,8.000499725,163.2810822,189.4778442,161.1562347,160.0028229,277.5690002,150.1033173,138.074295,329.2310181,0.85491333,0.145086699,0.009634628,0.000315713
2020-12-09,18:02:45,6.058000183,8.000800323,163.2810822,189.4890442,161.156189,160.0024719,277.5699463,150.120163,138.0602264,329.2310181,0.85491333,0.145086699,0.009634628,0.000315713
2020-12-09,18:02:46,6.063899994,8.001100159,163.2810822,189.5009613,161.1564026,160.0027618,277.5692139,150.1371918,138.0460815,329.2310181,0.85491333,0.145086699,0.009634628,0.000315626
2020-12-09,18:02:47,6.067699814,8.001300049,163.2820892,189.5127563,161.1563263,160.0028534,277.5688477,150.1545105,138.0315399,329.2310181,0.85491333,0.145086699,0.009634628,0.000315626
2020-12-09,18:02:48,6.069200134,8.001499939,163.2820892,189.5241852,161.1556244,160.0027008,277.569397,150.1710663,138.0177002,329.3736572,0.85491333,0.145086699,0.009634628,0.000315626
2020-12-09,18:02:49,6.066600037,8.001799774,163.2820892,189.5371399,161.1549988,160.0028534,277.5688782,150.1886444,138.003006,329.3736572,0.85491333,0.145086699,0.009634628,0.000315626
2020-12-09,18:02:50,6.059500122,8.001999664,163.2820892,189.5489349,161.154541,160.0031433,277.5682373,150.2055969,137.9887695,329.3736572,0.85491333,0.145086699,0.009634628,0.000315626
2020-12-09,18:02:51,6.05019989,8.002200317,163.2820892,189.5610657,161.1550446,160.0028229,277.5691833,150.2242889,137.9732056,329.3736572,0.85491333,0.145086699,0.009634628,0.000315626
2020-12-09,18:02:52,6.041199875,8.002400208,163.2810364,189.57341,161.1562042,160.0032501,277.567749,150.241333,137.9589996,329.3736572,0.85491333,0.145086699,0.009634628,0.000315626
2020-12-09,18:02:53,6.033100128,8.002600098,163.2810364,189.5848999,161.1556091,160.00354,277.5671997,150.2588959,137.9442444,329.3736572,0.85491333,0.145086699,0.009634628,0.000315626
2020-12-09,18:02:54,6.026699829,8.002799988,163.2810364,189.5965576,161.1551819,160.002533,277.5697327,150.2761383,137.9298859,329.3736572,0.85491333,0.145086699,0.009634628,0.000315626
2020-12-09,18:02:55,6.020000076,8.002899933,163.282074,189.609024,161.1550903,160.0029755,277.568512,150.2948151,137.9142609,329.3736572,0.85491333,0.145086699,0.009634628,0.000315626
2020-12-09,18:02:56,6.014699936,8.003099823,163.282074,189.6209564,161.1546173,160.00354,277.5671387,150.3116913,137.9002228,329.3736572,0.85491333,0.145086699,0.009634628,0.000315626
2020-12-09,18:02:57,6.008300018,8.003199768,163.2810669,189.6336212,161.1537628,160.0033112,277.5664978,150.3292542,137.8855591,329.3736572,0.85491333,0.145086699,0.009634628,0.000315626
2020-12-09,18:02:58,6.002500153,8.003299713,163.282074,189.6452789,161.1540985,160.0028229,277.5691833,150.3473206,137.8705139,329.577301,0.85491333,0.145086699,0.009634628,0.000315626
2020-12-09,18:02:59,5.996099854,8.003399658,163.282074,189.6584625,161.1543121,160.003479,277.5673218,150.3661957,137.8547211,329.577301,0.85491333,0.145086699,0.009634628,0.000315626
2020-12-09,18:03:00,5.991400146,8.003500366,163.282074,189.6698303,161.1539612,160.0031738,277.5679932,150.3835144,137.8402405,329.577301,0.85491333,0.145086699,0.009634628,0.000315626
2020-12-09,18:03:01,5.98769989,8.003500366,163.282074,189.6825256,161.153595,160.0032501,277.5681763,150.4016571,137.8251343,329.577301,0.85491333,0.145086699,0.009634628,0.000315626
2020-12-09,18:03:02,5.984600067,8.003600311,163.282074,189.694519,161.1531525,160.003418,277.5674744,150.4195404,137.8101654,329.577301,0.85491333,0.145086699,0.009634628,0.000315626
2020-12-09,18:03:03,5.981999969,8.003700256,163.282074,189.7053223,161.1539154,160.0033112,277.5678101,150.4365997,137.79599,329.577301,0.85491333,0.145086699,0.009634628,0.000315626
2020-12-09,18:03:04,5.980400085,8.003700256,163.282074,189.7181244,161.1526642,160.00354,277.5669861,150.4551392,137.7805328,329.577301,0.85491333,0.145086699,0.009634628,0.000315626
2020-12-09,18:03:05,5.978900146,8.003800201,163.282074,189.7300415,161.1535187,160.0037079,277.5666199,150.4737396,137.7650757,329.577301,0.85491333,0.145086699,0.009634628,0.000315626
2020-12-09,18:03:06,5.97840004,8.003800201,163.282074,189.7421875,161.1526489,160.0033569,277.5675354,150.4922638,137.749649,329.577301,0.85491333,0.145086699,0.009634628,0.000315626
2020-12-09,18:03:07,5.978699875,8.003800201,163.282074,189.7540131,161.151947,160.0037537,277.5664978,150.5092316,137.7355042,329.577301,0.85491333,0.145086699,0.009634628,0.000315626
2020-12-09,18:03:08,5.979000092,8.003900146,163.282074,189.7648621,161.1529999,160.0041504,277.5654907,150.528656,137.7192993,329.6940918,0.85491333,0.145086699,0.009634628,0.000315626
2020-12-09,18:03:09,5.979399872,8.003900146,163.282074,189.7773438,161.1522522,160.00354,277.5670471,150.547821,137.7033386,329.6940918,0.85491333,0.145086699,0.009634628,0.000315626
2020-12-09,18:03:10,5.979700089,8.004000092,163.282074,189.7895813,161.1516724,160.0042114,277.5652161,150.5656281,137.6885376,329.6940918,0.85491333,0.145086699,0.009634628,0.000315626
2020-12-09,18:03:11,5.980699921,8.004000092,163.282074,189.8016357,161.1524506,160.0030823,277.5683289,150.5829773,137.6740875,329.6940918,0.85491333,0.145086699,0.009634628,0.000315626
2020-12-09,18:03:12,5.981800079,8.004100037,163.282074,189.8123627,161.1515961,160.0037079,277.5666504,150.6006927,137.6593323,329.6940918,0.85491333,0.145086699,0.009634628,0.000315626
2020-12-09,18:03:13,5.982799911,8.004000092,163.282074,189.8249054,161.1512909,160.0039215,277.5661316,150.6195984,137.643631,329.6940918,0.85491333,0.145086699,0.009634628,0.000315626
2020-12-09,18:03:14,5.983599854,8.004100037,163.282074,189.8365021,161.1522827,160.0038147,277.5657959,150.6372223,137.6290131,329.6940918,0.85491333,0.145086699,0.009634628,0.000315626
2020-12-09,18:03:15,5.984600067,8.004100037,163.282074,189.8488922,161.15065,160.0039215,277.5665283,150.6551056,137.61409,329.6940918,0.85491333,0.145086699,0.009634628,0.000315626
2020-12-09,18:03:16,5.985400009,8.004199982,163.282074,189.8596802,161.1514282,160.0042572,277.5650024,150.6726685,137.5995789,329.6940918,0.85491333,0.145086699,0.009634628,0.000315626
2020-12-09,18:03:17,5.986199951,8.004100037,163.282074,189.872406,161.1509399,160.0039673,277.5657959,150.6902008,137.5848846,329.6940918,0.85491333,0.145086699,0.009634628,0.000315626
2020-12-09,18:03:18,5.987200165,8.004299927,163.2831268,189.8834534,161.1499786,160.0042572,277.5650635,150.707901,137.5701904,329.9041748,0.85491333,0.145086699,0.009634628,0.000315626
2020-12-09,18:03:19,5.988299942,8.004199982,163.2820129,189.8956909,161.1513519,160.0041504,277.5654602,150.7246552,137.5563049,329.9041748,0.85491333,0.145086699,0.009634628,0.000315626
2020-12-09,18:03:20,5.989599991,8.004299927,163.2820129,189.9074097,161.1498413,160.0046844,277.5638733,150.7430267,137.5410004,329.9041748,0.85491333,0.145086699,0.009634628,0.000315626
2020-12-09,18:03:21,5.99109993,8.004299927,163.2820129,189.9186707,161.1504974,160.0045929,277.5642395,150.7605591,137.5264587,329.9041748,0.85491333,0.145086699,0.009634628,0.000315626
2020-12-09,18:03:22,5.992499924,8.004399872,163.2830658,189.9307251,161.1496735,160.004425,277.5646667,150.776947,137.5128784,329.9041748,0.85491333,0.145086699,0.009634628,0.000315626
2020-12-09,18:03:23,5.993600082,8.004399872,163.2830658,189.9421387,161.1505737,160.0043182,277.5649109,150.7943878,137.4984589,329.9041748,0.85491333,0.145086699,0.009634628,0.000315626
2020-12-09,18:03:24,5.995000076,8.004399872,163.2830658,189.9547577,161.1501007,160.0042572,277.565155,150.8123016,137.4835663,329.9041748,0.85491333,0.145086699,0.009634628,0.000315626
2020-12-09,18:03:25,5.996300125,8.004499817,163.2820587,189.9656525,161.1503754,160.0045929,277.56427,150.8293304,137.4694214,329.9041748,0.85491333,0.145086699,0.009634628,0.000315626
2020-12-09,18:03:26,5.997600174,8.004399872,163.2820587,189.978241,161.1494598,160.0050507,277.5630188,150.8466949,137.4549866,329.9041748,0.85491333,0.145086699,0.009634628,0.000315626
2020-12-09,18:03:27,5.999000168,8.004499817,163.2820587,189.9902039,161.1497345,160.0043182,277.5649109,150.8632507,137.4412689,329.9041748,0.85491333,0.145086699,0.009634628,0.000315626
2020-12-09,18:03:28,6.000099945,8.004499817,163.2820587,190.0015259,161.1495972,160.0046387,277.5639343,150.880722,137.426712,329.9041748,0.85491333,0.145086699,0.009634628,0.000315626
2020-12-09,18:03:29,6.001200104,8.004599762,163.2820587,190.013031,161.1495056,160.0039673,277.5658264,150.8968201,137.4134369,329.9041748,0.85491333,0.145086699,0.009634628,0.000315626
2020-12-09,18:03:30,6.002399826,8.004499817,163.2820587,190.0244446,161.1483612,160.0046387,277.5639343,150.9135742,137.3995361,329.9041748,0.85491333,0.145086699,0.009634628,0.000315626
2020-12-09,18:03:31,6.003300095,8.004599762,163.2820587,190.0386963,161.1492004,160.0051422,277.5626526,150.9312286,137.3848877,329.9041748,0.85491333,0.145086699,0.009634628,0.000315626
2020-12-09,18:03:32,6.004299927,8.004599762,163.2820587,190.0486908,161.1488647,160.0046844,277.5637817,150.9463348,137.3723907,329.9041748,0.85491333,0.145086699,0.009634628,0.000315626
2020-12-09,18:03:33,6.00530014,8.004699707,163.2820587,190.0596924,161.1487427,160.0048676,277.5634766,150.9635468,137.3582153,330.0855408,0.85491333,0.145086699,0.009634628,0.000315626
2020-12-09,18:03:34,6.006399918,8.004599762,163.2820587,190.0723724,161.1488647,160.0049896,277.5632324,150.9801331,137.3444214,330.0855408,0.85491333,0.145086699,0.009634628,0.000315626
2020-12-09,18:03:35,6.00719986,8.004699707,163.2820587,190.0839539,161.1478424,160.0046387,277.5639648,150.9972382,137.330307,330.0855408,0.85491333,0.145086699,0.009634628,0.000315626
2020-12-09,18:03:36,6.007899857,8.004699707,163.2840881,190.09552,161.1484375,160.0050507,277.5630188,151.0122528,137.3178406,330.0855408,0.85491333,0.145086699,0.009634628,0.000315626
2020-12-09,18:03:37,6.008800125,8.004799652,163.2830811,190.1081238,161.1486511,160.0048676,277.5634155,151.0287476,137.3041687,330.0855408,0.85491333,0.145086699,0.009634628,0.000315626
2020-12-09,18:03:38,6.009600067,8.004799652,163.2830811,190.119751,161.1478119,160.0052032,277.5624695,151.0451355,137.2906342,330.0855408,0.85491333,0.145086699,0.009634628,0.000315626
2020-12-09,18:03:39,6.010300064,8.004799652,163.2830811,190.1317749,161.1474304,160.0049896,277.5631104,151.0605469,137.2779083,330.0855408,0.85491333,0.145086699,0.009634628,0.000315626
2020-12-09,18:03:40,6.010800171,8.00490036,163.2841644,190.1436615,161.1481628,160.0052032,277.5625916,151.076004,137.2650299,330.0855408,0.85491333,0.145086699,0.009634628,0.000315626
2020-12-09,18:03:41,6.011299896,8.004799652,163.2831421,190.1548462,161.1467133,160.0050964,277.562439,151.0914001,137.2522583,330.0855408,0.85491333,0.145086699,0.009634628,0.000315626
2020-12-09,18:03:42,6.011800003,8.00490036,163.2831421,190.1670074,161.1478729,160.0052032,277.5628662,151.1077423,137.2388306,330.0855408,0.85491333,0.145086699,0.009634628,0.000315626
2020-12-09,18:03:43,6.012099838,8.00490036,163.2831421,190.1780853,161.1474457,160.0054779,277.5617065,151.1226807,137.2264862,330.217865,0.85491333,0.145086699,0.009634628,0.000315626
2020-12-09,18:03:44,6.012200165,8.005000305,163.2831421,190.1906891,161.1475525,160.0047913,277.5635376,151.1378021,137.2139587,330.217865,0.85491333,0.145086699,0.009634628,0.000315626
2020-12-09,18:03:45,6.012099838,8.00490036,163.2831421,190.2038116,161.1473236,160.0051422,277.5626526,151.1538391,137.2007446,330.217865,0.85491333,0.145086699,0.009634628,0.000315626
2020-12-09,18:03:46,6.01230011,8.005000305,163.2831421,190.2140961,161.1482544,160.0049896,277.5632324,151.1677856,137.1892395,330.217865,0.85491333,0.145086699,0.009634628,0.000315626
2020-12-09,18:03:47,6.012400055,8.005000305,163.2831421,190.2270203,161.1472168,160.0057678,277.5610352,151.1838226,137.1759644,330.217865,0.85491333,0.145086699,0.009634628,0.000315626
2020-12-09,18:03:48,6.012200165,8.00510025,163.2831421,190.237381,161.1477051,160.0049896,277.5632324,151.1980438,137.1641846,330.217865,0.85491333,0.145086699,0.009634628,0.00031661
2020-12-09,18:03:49,6.012400055,8.005000305,163.2831421,190.2501526,161.1470337,160.0057068,277.5611267,151.2129974,137.1518555,330.217865,0.85491333,0.145086699,0.009634628,0.00031661
2020-12-09,18:03:50,6.012599945,8.00510025,163.2831421,190.2628632,161.1474762,160.0052643,277.5623169,151.2281189,137.1394043,330.217865,0.85491333,0.145086699,0.009634628,0.000315683
2020-12-09,18:03:51,6.01230011,8.00510025,163.2841492,190.2733307,161.1472321,160.0055847,277.5614014,151.2426453,137.1273193,330.217865,0.85491333,0.145086699,0.009634628,0.000315683
2020-12-09,18:03:52,6.012200165,8.00510025,163.2830658,190.28685,161.1468353,160.0054321,277.5618286,151.2569733,137.1155853,330.217865,0.85491333,0.145086699,0.009634628,0.000315683
2020-12-09,18:03:53,6.01230011,8.00510025,163.2830658,190.2982635,161.1464081,160.0050964,277.5628052,151.2716522,137.1034393,330.3782349,0.85491333,0.145086699,0.009634628,0.000315683
2020-12-09,18:03:54,6.011999893,8.00510025,163.2830658,190.3097687,161.1469421,160.0053253,277.5621643,151.2853851,137.0921478,330.3782349,0.85491333,0.145086699,0.009634628,0.000315683
2020-12-09,18:03:55,6.012099838,8.005200195,163.2830658,190.3209839,161.1464081,160.0060883,277.5601196,151.300354,137.0797577,330.3782349,0.85491333,0.145086699,0.009634628,0.000315683
2020-12-09,18:03:56,6.011800003,8.00510025,163.2830658,190.333786,161.1470337,160.0053711,277.5619507,151.3148499,137.0678253,330.3782349,0.85491333,0.145086699,0.009634628,0.000315683
2020-12-09,18:03:57,6.011899948,8.005200195,163.2830658,190.3463593,161.1466064,160.0055237,277.5615845,151.3292694,137.0559082,330.3782349,0.85491333,0.145086699,0.009634628,0.000315683
2020-12-09,18:03:58,6.011999893,8.005200195,163.2840729,190.3569641,161.1471558,160.0050964,277.5628357,151.3429565,137.0446167,330.3782349,0.854790268,0.145209703,0.009634628,0.000315683
2020-12-09,18:03:59,6.011600113,8.00510025,163.2840729,190.3695374,161.146286,160.0054321,277.5617981,151.3570251,137.0330658,330.3782349,0.854790268,0.145209703,0.009634628,0.000315683
2020-12-09,18:04:00,6.011700058,8.005200195,163.2840729,190.3809967,161.1472015,160.0054779,277.561676,151.3708801,137.0215759,330.3782349,0.854780426,0.145219603,0.009634628,0.000315683
2020-12-09,18:04:01,6.011500168,8.005200195,163.2840729,190.3925629,161.1470337,160.0053253,277.5622559,151.3843384,137.0105286,330.3782349,0.854780426,0.145219603,0.009634628,0.000315683
2020-12-09,18:04:02,6.011700058,8.005200195,163.2840729,190.4057007,161.1468048,160.0053711,277.5619202,151.3989105,136.9984589,330.3782349,0.854780426,0.145219603,0.009634628,0.000315683
2020-12-09,18:04:03,6.011500168,8.00510025,163.2840729,190.4161377,161.1471252,160.0057678,277.5610046,151.4125977,136.9872284,330.3782349,0.854780426,0.145219603,0.009634628,0.000315683
2020-12-09,18:04:04,6.011299896,8.005200195,163.2830658,190.4285889,161.1468048,160.0060883,277.5601501,151.4263763,136.9758759,330.3782349,0.854780426,0.145219603,0.009634628,0.000315683
2020-12-09,18:04:05,6.011500168,8.005200195,163.2830658,190.4395447,161.1462402,160.0063019,277.5593872,151.43927,136.9652405,330.3782349,0.854780426,0.145219603,0.009634628,0.000315683
2020-12-09,18:04:06,6.011700058,8.005200195,163.2830658,190.4517365,161.1464691,160.0058289,277.5607605,151.4524994,136.9544067,330.3782349,0.854780426,0.145219603,0.009634628,0.000315611
2020-12-09,18:04:07,6.011299896,8.00530014,163.2840881,190.4638519,161.1468048,160.0060425,277.5600281,151.4662781,136.9430237,330.3782349,0.854780426,0.145219603,0.009634628,0.000315611
2020-12-09,18:04:08,6.011399841,8.005200195,163.2830658,190.4755859,161.1469727,160.0058289,277.5608826,151.4801788,136.9316101,330.3782349,0.854780426,0.145219603,0.009634628,0.000315611
2020-12-09,18:04:09,6.011199951,8.005200195,163.2841339,190.4876556,161.1455994,160.0057068,277.5604858,151.4932251,136.9208374,330.3782349,0.854780426,0.145219603,0.009634628,0.000315611
2020-12-09,18:04:10,6.011000061,8.005200195,163.2841339,190.4999847,161.1465759,160.0062408,277.5595093,151.5062561,136.9100342,330.3782349,0.854780426,0.145219603,0.009634628,0.000315611
2020-12-09,18:04:11,6.010900116,8.005200195,163.2841339,190.5106354,161.1460571,160.0058289,277.560791,151.5198059,136.8989258,330.3782349,0.854780426,0.145219603,0.009634628,0.000315611
2020-12-09,18:04:12,6.011199951,8.005200195,163.2841339,190.5224915,161.145752,160.0061493,277.559906,151.5323029,136.8885956,330.3782349,0.854780426,0.145219603,0.009634628,0.000315611
2020-12-09,18:04:13,6.011100006,8.005200195,163.2841339,190.5340271,161.1468811,160.0060883,277.5601196,151.5450134,136.8782043,330.5160828,0.854780426,0.145219603,0.009634628,0.000315611
2020-12-09,18:04:14,6.010900116,8.005200195,163.2841339,190.5463257,161.1464691,160.0061493,277.5598145,151.558609,136.8670197,330.5160828,0.854780426,0.145219603,0.009634628,0.000315611
2020-12-09,18:04:15,6.010699844,8.005200195,163.2841339,190.5582581,161.1456757,160.0060425,277.5603027,151.5704041,136.8572998,330.5160828,0.854780426,0.145219603,0.009634628,0.000315611
2020-12-09,18:04:16,6.010900116,8.005200195,163.2841339,190.5692139,161.145813,160.0062408,277.5595398,151.5832977,136.8466797,330.5160828,0.854780426,0.145219603,0.009634628,0.000315611
2020-12-09,18:04:17,6.010699844,8.005200195,163.2841339,190.5817413,161.1467285,160.0058289,277.560791,151.5967102,136.8357697,330.5160828,0.854780426,0.145219603,0.009634628,0.000315611
2020-12-09,18:04:18,6.010800171,8.005200195,163.2830963,190.5940094,161.1473083,160.0058594,277.5605774,151.6096039,136.8251038,330.5160828,0.854780426,0.145219603,0.009634628,0.000315611
2020-12-09,18:04:19,6.010599899,8.005200195,163.2830963,190.6053162,161.145462,160.0061951,277.5597229,151.621933,136.8149872,330.5160828,0.854780426,0.145219603,0.009634628,0.000315611
2020-12-09,18:04:20,6.010699844,8.005200195,163.2830963,190.6166687,161.145752,160.0059204,277.5604553,151.6336212,136.8053589,330.5160828,0.854770508,0.145229502,0.009634628,0.000315611
2020-12-09,18:04:21,6.010499954,8.005200195,163.2841034,190.6292572,161.1466522,160.005661,277.5612793,151.646698,136.7946167,330.5160828,0.854770508,0.145229502,0.009634628,0.000315611
2020-12-09,18:04:22,6.010599899,8.005200195,163.2841034,190.6408691,161.1470337,160.0060883,277.5599365,151.6591492,136.7844086,330.5160828,0.854770508,0.145229502,0.009634628,0.000315611
2020-12-09,18:04:23,6.010300064,8.005200195,163.2841034,190.6521912,161.1462708,160.0057068,277.5612183,151.6707458,136.7749023,330.5160828,0.854770508,0.145229502,0.009634628,0.000315611
2020-12-09,18:04:24,6.010400009,8.00510025,163.2841034,190.6637878,161.1461182,160.0068054,277.558075,151.6836548,136.7642975,330.5160828,0.854770508,0.145229502,0.009634628,0.000315582
2020-12-09,18:04:25,6.010300064,8.005200195,163.2841034,190.6755219,161.1459808,160.0063629,277.5593262,151.6952362,136.7546844,330.5160828,0.854770508,0.145229502,0.009634628,0.000315582
2020-12-09,18:04:26,6.010200119,8.00510025,163.2841034,190.6874695,161.1456909,160.0061493,277.559845,151.707962,136.744339,330.5160828,0.854770508,0.145229502,0.009634628,0.000315582
2020-12-09,18:04:27,6.010100174,8.005200195,163.2841034,190.6994324,161.1463318,160.0060425,277.5602112,151.7192078,136.7350616,330.5160828,0.854770508,0.145229502,0.009634628,0.000315582
2020-12-09,18:04:28,6.010300064,8.00510025,163.2841034,190.711731,161.1455231,160.0058594,277.5606384,151.7305298,136.7257385,330.7233582,0.854800263,0.145199699,0.009634628,0.000315582
2020-12-09,18:04:29,6.010400009,8.005200195,163.2841034,190.7226563,161.1464539,160.0061951,277.5597229,151.742981,136.7154846,330.7233582,0.854800263,0.145199699,0.009634628,0.000315582
2020-12-09,18:04:30,6.010100174,8.00510025,163.2841034,190.7330475,161.1463318,160.006485,277.5591125,151.7545013,136.7061157,330.7233582,0.854816132,0.145183897,0.009634628,0.000315582
2020-12-09,18:04:31,6.010300064,8.00510025,163.2841034,190.7458344,161.1473999,160.0060425,277.5601807,151.7652893,136.6972351,330.7233582,0.854816132,0.145183897,0.009634628,0.000315582
2020-12-09,18:04:32,6.010200119,8.00510025,163.2841034,190.7577667,161.1468506,160.0059204,277.5604553,151.7771912,136.6875,330.7233582,0.854816132,0.145183897,0.009634628,0.000315582
2020-12-09,18:04:33,6.009899902,8.00510025,163.2841034,190.7692871,161.1458893,160.0060883,277.5600891,151.7890015,136.6778259,330.7233582,0.854816132,0.145183897,0.009634628,0.000315582
2020-12-09,18:04:34,6.010100174,8.00510025,163.2841034,190.7811127,161.1464539,160.0063629,277.5592651,151.7998962,136.6688843,330.7233582,0.854816132,0.145183897,0.009634628,0.000315582
2020-12-09,18:04:35,6.009999847,8.005000305,163.2841034,190.7929535,161.1454163,160.0059204,277.5605469,151.8117981,136.6591492,330.7233582,0.854816132,0.145183897,0.009634628,0.000315582
2020-12-09,18:04:36,6.010100174,8.00510025,163.2841034,190.806076,161.1459503,160.006485,277.5589905,151.8228455,136.6500397,330.7233582,0.854816132,0.145183897,0.009634628,0.000315582
2020-12-09,18:04:37,6.009999847,8.005000305,163.2841034,190.8158722,161.1462402,160.0061493,277.5598145,151.8342896,136.6407318,330.7233582,0.854816132,0.145183897,0.009634628,0.000315582
2020-12-09,18:04:38,6.009700012,8.005000305,163.2841034,190.8283691,161.1468506,160.0060425,277.5601807,151.8445435,136.6322174,330.7233582,0.854816132,0.145183897,0.009634628,0.000315582
2020-12-09,18:04:39,6.009899902,8.005000305,163.2841034,190.8399048,161.146286,160.0059814,277.5603638,151.8556061,136.6232147,330.7233582,0.854816132,0.145183897,0.009634628,0.000315582
2020-12-09,18:04:40,6.009600067,8.005000305,163.2841034,190.8519135,161.1452332,160.006485,277.559021,151.8667603,136.6140747,330.7233582,0.854816132,0.145183897,0.009634628,0.000315582
2020-12-09,18:04:41,6.009799957,8.005000305,163.2841034,190.8634491,161.1463928,160.0062408,277.5595703,151.877121,136.6055756,330.7233582,0.854816132,0.145183897,0.009634628,0.000315582
2020-12-09,18:04:42,6.009700012,8.00490036,163.2841034,190.875412,161.1457977,160.0063629,277.5592957,151.8874664,136.5970917,330.7233582,0.854845886,0.145154104,0.009634628,0.000315582
2020-12-09,18:04:43,6.009500122,8.005000305,163.2841034,190.8874817,161.1468964,160.0058289,277.56073,151.8987122,136.5878448,330.7233582,0.854845886,0.145154104,0.009634628,0.000315582
2020-12-09,18:04:44,6.009700012,8.00490036,163.2841034,190.8970642,161.1462402,160.0061951,277.5596924,151.9093323,136.579071,330.7233582,0.854845886,0.145154104,0.009634628,0.000315582
2020-12-09,18:04:45,6.009400177,8.00490036,163.2841034,190.9103241,161.145401,160.0060883,277.5600891,151.9194946,136.5708618,330.7233582,0.854845886,0.145154104,0.009634628,0.000315582
2020-12-09,18:04:46,6.009600067,8.00490036,163.2841034,190.9217377,161.1466522,160.0058594,277.5605774,151.9303894,136.5619507,330.7233582,0.854845886,0.145154104,0.009634628,0.000315582
2020-12-09,18:04:47,6.009199905,8.00490036,163.2841034,190.9334564,161.1473541,160.006485,277.55896,151.9413757,136.5529327,330.7233582,0.854845886,0.145154104,0.009634628,0.000315582
2020-12-09,18:04:48,6.009500122,8.004799652,163.2841034,190.9449615,161.1472168,160.0060883,277.5600586,151.9519196,136.544342,330.7233582,0.854845886,0.145154104,0.009634628,0.000315582
2020-12-09,18:04:49,6.00929985,8.004799652,163.2841034,190.9565277,161.1463318,160.0058289,277.56073,151.9612579,136.5366821,330.7233582,0.854845886,0.145154104,0.009634628,0.000315582
2020-12-09,18:04:50,6.009600067,8.004799652,163.2841034,190.9684753,161.1467133,160.0063019,277.5593872,151.9718781,136.5279999,330.7233582,0.854845886,0.145154104,0.009634628,0.000315582
2020-12-09,18:04:51,6.00929985,8.004799652,163.2841034,190.980423,161.1462097,160.0062408,277.5596619,151.9821167,136.5195923,330.7233582,0.854845886,0.145154104,0.009634628,0.000315582
2020-12-09,18:04:52,6.009400177,8.004799652,163.285141,190.9919434,161.1469574,160.0060883,277.5599976,151.9913788,136.5120392,330.7233582,0.854845886,0.145154104,0.009634628,0.000315582
2020-12-09,18:04:53,6.00929985,8.004799652,163.285141,191.0036163,161.1464996,160.006546,277.5588074,152.0019836,136.5033417,330.8398438,0.854845886,0.145154104,0.009634628,0.000315582
2020-12-09,18:04:54,6.00909996,8.004699707,163.285141,191.0151215,161.1471405,160.0058289,277.5607605,152.0116272,136.4954224,330.8398438,0.854845886,0.145154104,0.009634628,0.000315582
2020-12-09,18:04:55,6.00929985,8.004799652,163.285141,191.0259705,161.146759,160.0061951,277.5596924,152.0214996,136.487381,330.8398438,0.854845886,0.145154104,0.009634628,0.000315582
2020-12-09,18:04:56,6.009000015,8.004699707,163.285141,191.0382233,161.147583,160.006485,277.5591125,152.0309448,136.4796448,330.8398438,0.854845886,0.145154104,0.009634628,0.000315582
2020-12-09,18:04:57,6.009199905,8.004699707,163.285141,191.0496979,161.1470642,160.0058289,277.5607605,152.041214,136.471283,330.8398438,0.854845886,0.145154104,0.009634628,0.000315582
2020-12-09,18:04:58,6.00929985,8.004699707,163.285141,191.0606384,161.1472778,160.0065765,277.5586548,152.0512085,136.463089,330.8398438,0.854845886,0.145154104,0.009634628,0.000315582
2020-12-09,18:04:59,6.00890007,8.004599762,163.2840881,191.0723114,161.1465759,160.0063629,277.5593567,152.0603485,136.4555817,330.8398438,0.854845886,0.145154104,0.009634628,0.000315582
2020-12-09,18:05:00,6.00929985,8.004699707,163.2840881,191.0838623,161.1461487,160.0059814,277.5603638,152.0699921,136.4477386,330.8398438,0.854845886,0.145154104,0.009634628,0.000315669
2020-12-09,18:05:01,6.009000015,8.004599762,163.2840881,191.0966797,161.1468506,160.0063019,277.5593872,152.0794067,136.4399414,330.8398438,0.854845886,0.145154104,0.009634628,0.000315669
2020-12-09,18:05:02,6.00909996,8.004599762,163.2840881,191.1074982,161.1471558,160.0066986,277.5584106,152.089035,136.4321747,330.8398438,0.854845886,0.145154104,0.009634628,0.000315669
2020-12-09,18:05:03,6.008800125,8.004599762,163.2840881,191.1191711,161.1474152,160.0060883,277.5600281,152.0983124,136.42453,330.8398438,0.854845886,0.145154104,0.009634628,0.000315669
2020-12-09,18:05:04,6.00890007,8.004499817,163.2840881,191.1311951,161.1465302,160.0058289,277.5606995,152.1072693,136.4171906,330.8398438,0.854845886,0.145154104,0.009634628,0.000315669
2020-12-09,18:05:05,6.008800125,8.004599762,163.2840881,191.142334,161.1470947,160.0057068,277.5611267,152.1169891,136.409256,330.8398438,0.854845886,0.145154104,0.009634628,0.000315669
2020-12-09,18:05:06,6.00909996,8.004499817,163.2851105,191.1540833,161.1475372,160.0060883,277.5600891,152.1261597,136.4017334,330.8398438,0.854845886,0.145154104,0.009634628,0.000315669
2020-12-09,18:05:07,6.008800125,8.004499817,163.2851105,191.1655121,161.1465912,160.0062408,277.5596619,152.1350403,136.3945618,330.8398438,0.854845886,0.145154104,0.009634628,0.000315669
2020-12-09,18:05:08,6.00870018,8.004499817,163.2851105,191.1768341,161.1461487,160.0058289,277.5608215,152.1439362,136.3873138,330.9939575,0.854845886,0.145154104,0.009634628,0.000315669
2020-12-09,18:05:09,6.008800125,8.004499817,163.2851105,191.1887512,161.1473236,160.0060425,277.5603027,152.1531982,136.3797455,330.9939575,0.854845886,0.145154104,0.009634628,0.000315669
2020-12-09,18:05:10,6.008599854,8.004399872,163.2851105,191.2003021,161.1469879,160.0059204,277.5599365,152.1617126,136.372818,330.9939575,0.854845886,0.145154104,0.009634628,0.000315669
2020-12-09,18:05:11,6.008599854,8.004399872,163.2851105,191.2124786,161.1473236,160.0066986,277.5584412,152.1701508,136.3659058,330.9939575,0.854845886,0.145154104,0.009634628,0.000315669
2020-12-09,18:05:12,6.00870018,8.004399872,163.2851105,191.223999,161.1481476,160.0060425,277.5602722,152.1786041,136.3590088,330.9939575,0.854845886,0.145154104,0.009634628,0.000316624
2020-12-09,18:05:13,6.008499908,8.004399872,163.2861176,191.234848,161.14711,160.0058289,277.5608215,152.1872101,136.3519135,330.9939575,0.854845886,0.145154104,0.009634628,0.000316624
2020-12-09,18:05:14,6.008499908,8.004399872,163.2850952,191.2467804,161.1484375,160.0057678,277.5605774,152.1957245,136.3449707,330.9939575,0.854845886,0.145154104,0.009634628,0.000316624
2020-12-09,18:05:15,6.008399963,8.004299927,163.2850952,191.2591705,161.1474304,160.0062408,277.5595093,152.2051849,136.337326,330.9939575,0.854845886,0.145154104,0.009634628,0.000316624
2020-12-09,18:05:16,6.008300018,8.004399872,163.2850952,191.2709503,161.1475677,160.0059204,277.5605164,152.2134399,136.3305206,330.9939575,0.854792328,0.145207596,0.009634628,0.000316624
2020-12-09,18:05:17,6.008599854,8.004299927,163.2850952,191.2814331,161.1477661,160.0058594,277.5606384,152.2216949,136.3238525,330.9939575,0.854792328,0.145207596,0.009634628,0.000316624
2020-12-09,18:05:18,6.008300018,8.004299927,163.2850952,191.2927704,161.1480865,160.0053711,277.5619507,152.2303162,136.3167725,330.9939575,0.854792328,0.145207596,0.009634628,0.000316624
2020-12-09,18:05:19,6.008200073,8.004199982,163.2840424,191.3046722,161.1487885,160.005661,277.5613403,152.237915,136.3105621,330.9939575,0.854792328,0.145207596,0.009634628,0.000316624
2020-12-09,18:05:20,6.008399963,8.004299927,163.2850647,191.3163757,161.1476135,160.0059204,277.5605164,152.2467041,136.30336,330.9939575,0.854792328,0.145207596,0.009634628,0.000316624
2020-12-09,18:05:21,6.008100128,8.004199982,163.2850647,191.3266602,161.1470947,160.0057678,277.5611877,152.2542419,136.2971954,330.9939575,0.854792328,0.145207596,0.009634628,0.000316624
2020-12-09,18:05:22,6.008399963,8.004199982,163.2850647,191.339798,161.1479492,160.0060883,277.5601501,152.2630768,136.2900696,330.9939575,0.854792328,0.145207596,0.009634628,0.000316624
2020-12-09,18:05:23,6.008200073,8.004199982,163.2850647,191.3505249,161.1471252,160.0057678,277.5609741,152.2711334,136.2834625,330.9939575,0.854792328,0.145207596,0.009634628,0.000316624
2020-12-09,18:05:24,6.008399963,8.004199982,163.2850647,191.3615875,161.1483154,160.0053711,277.5619202,152.2787476,136.2772522,330.9939575,0.854792328,0.145207596,0.009634628,0.000316624
2020-12-09,18:05:25,6.008100128,8.004100037,163.2850647,191.3737488,161.1489258,160.005661,277.5612793,152.2865295,136.2708588,330.9939575,0.854792328,0.145207596,0.009634628,0.000316624
2020-12-09,18:05:26,6.008200073,8.004100037,163.2850647,191.3856354,161.1483612,160.0057678,277.5608521,152.2947998,136.2641449,330.9939575,0.854792328,0.145207596,0.009634628,0.000316624
2020-12-09,18:05:27,6.008100128,8.004100037,163.2860718,191.39711,161.1476288,160.0055847,277.5614929,152.3027954,136.2576752,330.9939575,0.854792328,0.145207596,0.009634628,0.000316624
2020-12-09,18:05:28,6.007899857,8.004100037,163.2860718,191.4083405,161.1474609,160.0059204,277.5604553,152.3096771,136.2520905,330.9939575,0.854792328,0.145207596,0.009634628,0.000316624
2020-12-09,18:05:29,6.008100128,8.004000092,163.2850494,191.4200287,161.1485901,160.0057068,277.5612183,152.3178253,136.2453918,330.9939575,0.854792328,0.145207596,0.009634628,0.000316624
2020-12-09,18:05:30,6.007899857,8.004100037,163.2850494,191.4313049,161.1487885,160.0058289,277.56073,152.3250885,136.2395172,330.9939575,0.854792328,0.145207596,0.009634628,0.000316624
2020-12-09,18:05:31,6.008000183,8.004000092,163.2850494,191.4427795,161.1483917,160.0057678,277.5610352,152.3339844,136.2322845,330.9939575,0.854792328,0.145207596,0.009634628,0.000316624
2020-12-09,18:05:32,6.007899857,8.004000092,163.2850494,191.4543304,161.1480408,160.0058289,277.5606995,152.3409729,136.2265625,330.9939575,0.854792328,0.145207596,0.009634628,0.000316624
2020-12-09,18:05:33,6.008000183,8.004000092,163.2850494,191.4651794,161.1488037,160.0055847,277.5614014,152.3484955,136.2204285,330.9939575,0.854792328,0.145207596,0.009634628,0.000316624
2020-12-09,18:05:34,6.007799911,8.003900146,163.2850494,191.4781952,161.1489563,160.0060425,277.5602112,152.3562012,136.2141113,330.9939575,0.854808197,0.145191803,0.009634628,0.000316624
2020-12-09,18:05:35,6.007899857,8.004000092,163.2850494,191.4889679,161.1481628,160.0053711,277.5621338,152.3640137,136.2077789,330.9939575,0.854808197,0.145191803,0.009634628,0.000316624
2020-12-09,18:05:36,6.007799911,8.003900146,163.2850494,191.4998169,161.1499939,160.0060883,277.5601501,152.3708038,136.2022552,330.9939575,0.854808197,0.145191803,0.009634628,0.000316624
2020-12-09,18:05:37,6.008000183,8.003900146,163.2861786,191.5119324,161.1489563,160.005661,277.5613098,152.3780365,136.1963196,330.9939575,0.854808197,0.145191803,0.009634628,0.000316624
2020-12-09,18:05:38,6.007500076,8.003800201,163.2861786,191.5245209,161.1486816,160.0060425,277.5603027,152.3859406,136.1898956,330.9939575,0.854808197,0.145191803,0.009634628,0.000316624
2020-12-09,18:05:39,6.007400131,8.003900146,163.2861786,191.5344543,161.1493988,160.0055237,277.5615234,152.3929138,136.1842041,330.9939575,0.854808197,0.145191803,0.009634628,0.000316624
2020-12-09,18:05:40,6.007699966,8.003800201,163.2861786,191.5465088,161.1485291,160.0052032,277.562561,152.3994293,136.1789093,330.9939575,0.854808197,0.145191803,0.009634628,0.000316624
2020-12-09,18:05:41,6.007400131,8.003800201,163.2851563,191.5576782,161.1490479,160.0058289,277.560791,152.4070435,136.1727142,330.9939575,0.854808197,0.145191803,0.009634628,0.000316624
2020-12-09,18:05:42,6.007699966,8.003800201,163.2851563,191.5693512,161.1493073,160.0055847,277.5614624,152.4141388,136.1668854,330.9939575,0.854808197,0.145191803,0.009634628,0.000316624
2020-12-09,18:05:43,6.007899857,8.003700256,163.2851563,191.5809174,161.149704,160.0053711,277.5620728,152.4212952,136.1611481,330.9939575,0.854808197,0.145191803,0.009634628,0.000316624
2020-12-09,18:05:44,6.007600021,8.003800201,163.2861786,191.5924835,161.1501617,160.005661,277.5613708,152.4280701,136.1555328,330.9939575,0.854808197,0.145191803,0.009634628,0.000316508
2020-12-09,18:05:45,6.007400131,8.003700256,163.2851715,191.6038666,161.1497192,160.0055237,277.5615845,152.4352264,136.1497192,330.9939575,0.854808197,0.145191803,0.009634628,0.000316508
2020-12-09,18:05:46,6.007699966,8.003700256,163.2851715,191.6152954,161.1493225,160.005661,277.5612793,152.4414825,136.1446381,330.9939575,0.85480423,0.145195799,0.009634628,0.000316508
2020-12-09,18:05:47,6.007600021,8.003700256,163.2851715,191.6268005,161.148468,160.0050964,277.5627441,152.4481049,136.139267,330.9939575,0.85480423,0.145195799,0.009634628,0.000316508
2020-12-09,18:05:48,6.007400131,8.003600311,163.2851715,191.638031,161.1499634,160.0053711,277.5620117,152.4545135,136.1341095,330.9939575,0.854776535,0.145223599,0.009634628,0.000316508
2020-12-09,18:05:49,6.007600021,8.003600311,163.2851715,191.6495361,161.1492767,160.0052032,277.562561,152.4617767,136.1282196,330.9939575,0.854776535,0.145223599,0.009634628,0.000316508
2020-12-09,18:05:50,6.007500076,8.003600311,163.2851715,191.6605377,161.1495667,160.005661,277.5612793,152.4679413,136.1231842,330.9939575,0.854776535,0.145223599,0.009634628,0.000316682
2020-12-09,18:05:51,6.007699966,8.003600311,163.2861938,191.6729736,161.1492157,160.0053253,277.5621643,152.4747467,136.1175842,330.9939575,0.854776535,0.145223599,0.009634628,0.000316682
2020-12-09,18:05:52,6.007300186,8.003500366,163.2861938,191.6837769,161.1505127,160.0051422,277.5626526,152.4819031,136.1118622,330.9939575,0.854776535,0.145223599,0.009634628,0.000316682
2020-12-09,18:05:53,6.007099915,8.003600311,163.2861938,191.6959076,161.1501923,160.0052643,277.5623169,152.4876862,136.1070557,330.9939575,0.854776535,0.145223599,0.009634628,0.000316682
2020-12-09,18:05:54,6.007400131,8.003500366,163.2861938,191.707428,161.1497803,160.0052032,277.5624695,152.4948578,136.1012115,330.9939575,0.854776535,0.145223599,0.009634628,0.000316682
2020-12-09,18:05:55,6.00719986,8.003399658,163.2861938,191.7181396,161.1495361,160.0054779,277.5617065,152.5010834,136.0961761,330.9939575,0.854776535,0.145223599,0.009634628,0.000316682
2020-12-09,18:05:56,6.007099915,8.003500366,163.2861938,191.7296906,161.1497803,160.0046844,277.5638123,152.5069885,136.0914154,330.9939575,0.854776535,0.145223599,0.009634628,0.000316682
2020-12-09,18:05:57,6.006999969,8.003399658,163.2861938,191.7409821,161.1495972,160.0053711,277.5621033,152.5135956,136.0860443,330.9939575,0.854776535,0.145223599,0.009634628,0.000316682
2020-12-09,18:05:58,6.00719986,8.003399658,163.2861938,191.7529297,161.1506348,160.0054321,277.5617676,152.5201263,136.0807343,330.9939575,0.854776535,0.145223599,0.009634628,0.000316682
2020-12-09,18:05:59,6.006999969,8.003399658,163.2861938,191.7646179,161.1501312,160.0053253,277.5622864,152.5268097,136.0752716,330.9939575,0.854776535,0.145223599,0.009634628,0.000316682
2020-12-09,18:06:00,6.006999969,8.003299713,163.2861938,191.7763367,161.1511688,160.0055237,277.561554,152.5330505,136.0702362,330.9939575,0.854776535,0.145223599,0.009634628,0.000316682
2020-12-09,18:06:01,6.006800079,8.003299713,163.2861938,191.7873535,161.1501312,160.0049286,277.563324,152.538208,136.0660248,330.9939575,0.854776535,0.145223599,0.009634628,0.000316682
2020-12-09,18:06:02,6.007099915,8.003299713,163.2861938,191.79776,161.151535,160.0052643,277.5623779,152.5440826,136.061203,330.9939575,0.854776535,0.145223599,0.009634628,0.000316552
2020-12-09,18:06:03,6.006800079,8.003299713,163.2861938,191.8099976,161.151062,160.0050507,277.5630493,152.550705,136.0558472,330.9939575,0.854776535,0.145223599,0.009634628,0.000316552
2020-12-09,18:06:04,6.006700134,8.003199768,163.2861938,191.8209991,161.1511993,160.0046844,277.5637512,152.5571289,136.0505981,330.9939575,0.854776535,0.145223599,0.009634628,0.000316552
2020-12-09,18:06:05,6.006800079,8.003299713,163.2861938,191.8323669,161.1510162,160.0046387,277.5641174,152.5630951,136.0457764,330.9939575,0.854776535,0.145223599,0.009634628,0.000316552
2020-12-09,18:06:06,6.006700134,8.003199768,163.2861938,191.8433685,161.1515198,160.0050507,277.5629578,152.5683441,136.0414429,330.9939575,0.854776535,0.145223599,0.009634628,0.000316552
2020-12-09,18:06:07,6.006499863,8.003199768,163.2861938,191.8553925,161.1517792,160.0050964,277.5627136,152.5746002,136.0363922,330.9939575,0.854776535,0.145223599,0.009634628,0.000316552
2020-12-09,18:06:08,6.006600189,8.003199768,163.2861938,191.8663483,161.1513672,160.0053253,277.5622864,152.5802917,136.0317688,330.9939575,0.854776535,0.145223599,0.009634628,0.000316552
2020-12-09,18:06:09,6.006800079,8.003099823,163.2861938,191.8772125,161.1517639,160.0047913,277.5635681,152.5856171,136.0274658,330.9939575,0.854776535,0.145223599,0.009634628,0.000316552
2020-12-09,18:06:10,6.006700134,8.003099823,163.2861938,191.8901672,161.1531982,160.0045929,277.5641479,152.5920563,136.0221863,330.9939575,0.854776535,0.145223599,0.009634628,0.000316552
2020-12-09,18:06:11,6.006499863,8.003099823,163.2861938,191.9017334,161.1516724,160.0048676,277.563385,152.5975037,136.0178223,330.9939575,0.854776535,0.145223599,0.009634628,0.000316552
2020-12-09,18:06:12,6.006700134,8.002999878,163.2861938,191.9120941,161.1527405,160.0049286,277.5632629,152.6028137,136.0134888,330.9939575,0.854776535,0.145223599,0.009634628,0.000316552
2020-12-09,18:06:13,6.006800079,8.003099823,163.2861938,191.9236908,161.1524658,160.0046844,277.5637512,152.6090546,136.0083771,330.9939575,0.854776535,0.145223599,0.009634628,0.000316552
2020-12-09,18:06:14,6.006499863,8.002999878,163.2861938,191.9350128,161.1520844,160.0049286,277.5633545,152.6138458,136.0044403,330.9939575,0.854776535,0.145223599,0.009634628,0.000316552
2020-12-09,18:06:15,6.006299973,8.002999878,163.2861938,191.946228,161.1526031,160.0044708,277.5644836,152.6197357,135.9997711,330.9939575,0.854776535,0.145223599,0.009634628,0.000316552
2020-12-09,18:06:16,6.006499863,8.002899933,163.2861938,191.957016,161.1520233,160.0049896,277.5631409,152.625412,135.9951019,330.9939575,0.854776535,0.145223599,0.009634628,0.000316552
2020-12-09,18:06:17,6.006600189,8.002999878,163.2861938,191.9701538,161.15271,160.004364,277.5647583,152.6307526,135.9908752,330.9939575,0.854776535,0.145223599,0.009634628,0.000316552
2020-12-09,18:06:18,6.006399918,8.002899933,163.2861938,191.9815063,161.1516571,160.0051422,277.5626831,152.6356201,135.9868774,330.9939575,0.854776535,0.145223599,0.009634628,0.000316552
2020-12-09,18:06:19,6.006499863,8.002899933,163.2861938,191.9909821,161.1522217,160.0047913,277.5635376,152.6411591,135.9823151,330.9939575,0.854776535,0.145223599,0.009634628,0.000316552
2020-12-09,18:06:20,6.006600189,8.002899933,163.2861938,192.0045624,161.1531982,160.004364,277.5647583,152.6470337,135.9776306,330.9939575,0.854776535,0.145223599,0.009634628,0.000316624
2020-12-09,18:06:21,6.006399918,8.002799988,163.2861938,192.0156708,161.1522522,160.0044708,277.5645142,152.6519165,135.9736633,330.9939575,0.854776535,0.145223599,0.009634628,0.000316624
2020-12-09,18:06:22,6.006399918,8.002799988,163.2861938,192.026123,161.1528778,160.0042572,277.5649719,152.656311,135.970108,330.9939575,0.854776535,0.145223599,0.009634628,0.000316624
2020-12-09,18:06:23,6.006200027,8.002799988,163.2861938,192.0366974,161.1531982,160.0046844,277.5638123,152.6625824,135.9649658,330.9939575,0.854776535,0.145223599,0.009634628,0.000316624
2020-12-09,18:06:24,6.006499863,8.002799988,163.2861938,192.0487518,161.1533051,160.0042572,277.565155,152.6681976,135.9604187,330.9939575,0.854776535,0.145223599,0.009634628,0.000316624
2020-12-09,18:06:25,6.006200027,8.002700043,163.2861938,192.0598907,161.1532135,160.0045319,277.5643005,152.6732483,135.9563751,330.9939575,0.854776535,0.145223599,0.009634628,0.000316624
2020-12-09,18:06:26,6.006299973,8.002799988,163.2872009,192.0712585,161.1526031,160.0047455,277.5636597,152.6781006,135.9524078,330.9939575,0.854776535,0.145223599,0.009634628,0.000316624
2020-12-09,18:06:27,6.006100082,8.002700043,163.2872009,192.0819855,161.1531677,160.0046387,277.5640259,152.6824341,135.9488678,330.9939575,0.854776535,0.145223599,0.009634628,0.000316624
2020-12-09,18:06:28,6.006299973,8.002600098,163.2872009,192.0938416,161.1533508,160.004364,277.5647278,152.6879578,135.9443359,330.9939575,0.854776535,0.145223599,0.009634628,0.000316624
2020-12-09,18:06:29,6.006200027,8.002700043,163.2861786,192.1047668,161.1539001,160.0042572,277.565094,152.6930084,135.9402466,330.9939575,0.854776535,0.145223599,0.009634628,0.000316624
2020-12-09,18:06:30,6.006000137,8.002600098,163.2861786,192.1156921,161.1531372,160.0040894,277.5646362,152.6975861,135.9365387,330.9939575,0.854776535,0.145223599,0.009634628,0.000316624
2020-12-09,18:06:31,6.006299973,8.002600098,163.2861786,192.1280518,161.1538086,160.004364,277.5656433,152.7025604,135.9325409,330.9939575,0.854776535,0.145223599,0.009634628,0.000316624
2020-12-09,18:06:32,6.006100082,8.002600098,163.2861786,192.1398926,161.1548004,160.0045319,277.5643005,152.7076263,135.9283905,330.9939575,0.854776535,0.145223599,0.009634628,0.000316624
2020-12-09,18:06:33,6.005899811,8.002500153,163.2861786,192.151062,161.1543427,160.0043182,277.5649414,152.7120361,135.9248199,330.9939575,0.854776535,0.145223599,0.009634628,0.000316624
2020-12-09,18:06:34,6.006000137,8.002500153,163.2861786,192.1610413,161.1538239,160.0042572,277.5647583,152.7166443,135.9210358,330.9939575,0.854776535,0.145223599,0.009634628,0.000316624
2020-12-09,18:06:35,6.006100082,8.002500153,163.2872162,192.1735077,161.1533966,160.0043182,277.565033,152.7222595,135.9165192,330.9939575,0.854776535,0.145223599,0.009634628,0.000316624
2020-12-09,18:06:36,6.005799866,8.002400208,163.2861786,192.1851959,161.1539917,160.0042114,277.5653076,152.7270508,135.9126282,330.9939575,0.854776535,0.145223599,0.009634628,0.000316624
2020-12-09,18:06:37,6.006100082,8.002500153,163.2861786,192.1950836,161.1530609,160.004425,277.5645752,152.7317352,135.9088593,330.9939575,0.854776535,0.145223599,0.009634628,0.000316624
2020-12-09,18:06:38,6.005799866,8.002400208,163.2861786,192.2070923,161.1540833,160.0038147,277.5663452,152.7356873,135.9056091,330.9939575,0.854776535,0.145223599,0.009634628,0.000316624
2020-12-09,18:06:39,6.006100082,8.002400208,163.2861786,192.2186279,161.1538849,160.0036316,277.5667114,152.7406464,135.9016418,330.9939575,0.854776535,0.145223599,0.009634628,0.000316624
2020-12-09,18:06:40,6.005899811,8.002300262,163.2861786,192.2291107,161.1545715,160.0042572,277.5649719,152.7454224,135.8977203,330.9939575,0.854776535,0.145223599,0.009634628,0.000316624
2020-12-09,18:06:41,6.005599976,8.002300262,163.2872314,192.2404938,161.1539612,160.0040894,277.5656128,152.7494812,135.894455,330.9939575,0.854776535,0.145223599,0.009634628,0.000316624
2020-12-09,18:06:42,6.005699921,8.002300262,163.2872314,192.2522125,161.1534119,160.0043182,277.5648804,152.7540894,135.8907471,330.9939575,0.854776535,0.145223599,0.009634628,0.000316624
2020-12-09,18:06:43,6.005500031,8.002300262,163.2872314,192.2635803,161.1550598,160.0042114,277.5652771,152.7590637,135.886673,330.9939575,0.854776535,0.145223599,0.009634628,0.000316624
2020-12-09,18:06:44,6.005599976,8.002200317,163.2872314,192.2750702,161.1537323,160.004364,277.5647583,152.763092,135.8833618,330.9939575,0.854776535,0.145223599,0.009634628,0.000316624
2020-12-09,18:06:45,6.005699921,8.002300262,163.2872314,192.286438,161.1534576,160.0040436,277.5657349,152.7676086,135.8796692,330.9939575,0.854776535,0.145223599,0.009634628,0.000316624
2020-12-09,18:06:46,6.005400085,8.002200317,163.2872314,192.2966461,161.1551056,160.0039215,277.5654297,152.7720337,135.8761292,330.9939575,0.854776535,0.145223599,0.009634628,0.000316566
2020-12-09,18:06:47,6.005599976,8.002200317,163.2872314,192.3081818,161.1538696,160.0042114,277.565918,152.7763519,135.8726654,330.9939575,0.854776535,0.145223599,0.009634628,0.000316566
2020-12-09,18:06:48,6.00530014,8.002200317,163.2872314,192.3191223,161.1547699,160.0038147,277.5663147,152.779953,135.8696899,330.9939575,0.854776535,0.145223599,0.009634628,0.000316852
2020-12-09,18:06:49,6.005400085,8.002100372,163.2872314,192.3308258,161.1549225,160.0041504,277.5653992,152.7845459,135.8660583,330.9939575,0.854776535,0.145223599,0.009634628,0.000316852
2020-12-09,18:06:50,6.005599976,8.002100372,163.2861938,192.3424683,161.1552582,160.00354,277.5670166,152.789505,135.8620453,330.9939575,0.854776535,0.145223599,0.009634628,0.000316852
2020-12-09,18:06:51,6.005500031,8.002100372,163.2861938,192.3528137,161.1556244,160.0043182,277.5648804,152.7937622,135.8586578,330.9939575,0.854776535,0.145223599,0.009634628,0.000316852
2020-12-09,18:06:52,6.00530014,8.002100372,163.2872772,192.3644562,161.1554108,160.004425,277.5646057,152.7973328,135.8557129,330.9939575,0.854776535,0.145223599,0.009634628,0.000316852
2020-12-09,18:06:53,6.005199814,8.001999664,163.2872772,192.3751221,161.154541,160.0039215,277.5661011,152.8020325,135.8519135,330.9939575,0.854776535,0.145223599,0.009634628,0.000316852
2020-12-09,18:06:54,6.005099869,8.001999664,163.2872772,192.3872986,161.1550598,160.0035706,277.566925,152.8067017,135.848053,330.9939575,0.854776535,0.145223599,0.009634628,0.000316852
2020-12-09,18:06:55,6.00530014,8.002100372,163.2872772,192.3979645,161.1546021,160.0038147,277.5663147,152.8102264,135.8453064,330.9939575,0.854776535,0.145223599,0.009634628,0.000316852
2020-12-09,18:06:56,6.004999924,8.001899719,163.2872772,192.4090576,161.1553192,160.0033112,277.5676575,152.8138885,135.8423004,330.9939575,0.854776535,0.145223599,0.009634628,0.000316852
2020-12-09,18:06:57,6.004899979,8.001999664,163.2872772,192.4201965,161.1544647,160.0037079,277.5664673,152.8180389,135.838913,330.9939575,0.854776535,0.145223599,0.009634628,0.000316852
2020-12-09,18:06:58,6.004999924,8.001899719,163.2872772,192.4323883,161.1560211,160.00354,277.5671997,152.8230286,135.8348694,330.9939575,0.854776535,0.145223599,0.009634628,0.000316852
2020-12-09,18:06:59,6.004899979,8.001899719,163.2872772,192.4424133,161.1547089,160.0033569,277.5675964,152.8260345,135.8324738,330.9939575,0.854776535,0.145223599,0.009634628,0.000316852
2020-12-09,18:07:00,6.004999924,8.001799774,163.2872772,192.4548035,161.1555328,160.0030823,277.5683289,152.8303833,135.8288727,330.9939575,0.854776535,0.145223599,0.009634628,0.000316852
2020-12-09,18:07:01,6.004800034,8.001899719,163.2872772,192.4660645,161.1550751,160.0037537,277.5665283,152.8340607,135.825943,330.9939575,0.854776535,0.145223599,0.009634628,0.000316852
2020-12-09,18:07:02,6.004999924,8.001799774,163.2862549,192.4755707,161.1556854,160.0039673,277.5657959,152.8375549,135.8230743,330.9939575,0.854776535,0.145223599,0.009634628,0.000316852
2020-12-09,18:07:03,6.004700089,8.001799774,163.2862549,192.4871368,161.1550903,160.0035706,277.566925,152.8418579,135.8195343,330.9939575,0.854776535,0.145223599,0.009634628,0.000316852
2020-12-09,18:07:04,6.004499817,8.001799774,163.2862549,192.499527,161.1565857,160.003418,277.5673828,152.8460083,135.8162537,330.9939575,0.854776535,0.145223599,0.009634628,0.000316852
2020-12-09,18:07:05,6.004700089,8.001699829,163.2873383,192.5097656,161.1564026,160.0032501,277.5678406,152.8494873,135.8134155,330.9939575,0.854776535,0.145223599,0.009634628,0.000316852
2020-12-09,18:07:06,6.004800034,8.001699829,163.2873383,192.5205994,161.157074,160.003418,277.5673828,152.8531036,135.8105011,330.9939575,0.854752579,0.145247402,0.009634628,0.000316852
2020-12-09,18:07:07,6.004499817,8.001799774,163.2863312,192.5316467,161.1555481,160.0033112,277.5676575,152.8572388,135.8070984,330.9939575,0.854752579,0.145247402,0.009634628,0.000316852
2020-12-09,18:07:08,6.004299927,8.001699829,163.2873383,192.5432892,161.1553192,160.0035706,277.566925,152.8610229,135.8040924,330.9939575,0.854752579,0.145247402,0.009634628,0.000316852
2020-12-09,18:07:09,6.004600143,8.001599884,163.2862244,192.5549011,161.1562653,160.0037537,277.5664063,152.8641357,135.8015442,330.9939575,0.854752579,0.145247402,0.009634628,0.000316852
2020-12-09,18:07:10,6.004499817,8.001699829,163.2862244,192.5654144,161.1555786,160.0028229,277.5689392,152.8683929,135.7980957,330.9939575,0.854752579,0.145247402,0.009634628,0.000316852
2020-12-09,18:07:11,6.004100037,8.001599884,163.287262,192.5775604,161.1560059,160.0031433,277.5681458,152.8721466,135.7950592,330.9939575,0.854752579,0.145247402,0.009634628,0.000316852
2020-12-09,18:07:12,6.004199982,8.001599884,163.287262,192.5881653,161.1565857,160.0030212,277.5684509,152.8755493,135.7922974,330.9939575,0.854752579,0.145247402,0.009634628,0.000316852
2020-12-09,18:07:13,6.004000092,8.001599884,163.287262,192.599762,161.1568451,160.003418,277.5673828,152.8792419,135.7893066,330.9939575,0.854752579,0.145247402,0.009634628,0.000316852
2020-12-09,18:07:14,6.004399872,8.001499939,163.287262,192.6109467,161.1564484,160.0032501,277.567749,152.8825684,135.7866364,330.9939575,0.854752579,0.145247402,0.009634628,0.000316852
2020-12-09,18:07:15,6.004000092,8.001499939,163.287262,192.6214905,161.1570892,160.0029755,277.5686035,152.8860626,135.7838135,330.9939575,0.854752579,0.145247402,0.009634628,0.000316852
2020-12-09,18:07:16,6.004199982,8.001499939,163.287262,192.6324768,161.1557312,160.003418,277.5674133,152.8894653,135.7810364,330.9939575,0.854752579,0.145247402,0.009634628,0.000316852
2020-12-09,18:07:17,6.003900146,8.001399994,163.287262,192.6436768,161.1573181,160.0033112,277.5676575,152.8934174,135.7778168,330.9939575,0.854752579,0.145247402,0.009634628,0.000316852
2020-12-09,18:07:18,6.00379982,8.001499939,163.287262,192.6554565,161.1555328,160.0030823,277.5683289,152.8967285,135.775116,330.9939575,0.854752579,0.145247402,0.009634628,0.000316852
2020-12-09,18:07:19,6.00359993,8.001399994,163.287262,192.6673279,161.1566925,160.0030212,277.5684509,152.9003143,135.7722015,330.9939575,0.854752579,0.145247402,0.009634628,0.000316852
2020-12-09,18:07:20,6.003699875,8.001399994,163.287262,192.6768799,161.1576843,160.0033112,277.5676575,152.9034729,135.7696838,330.9939575,0.854752579,0.145247402,0.009634628,0.000316852
2020-12-09,18:07:21,6.003499985,8.001399994,163.287262,192.6878052,161.1561584,160.0032501,277.5678406,152.9074249,135.76651,330.9939575,0.854752579,0.145247402,0.009634628,0.000316852
2020-12-09,18:07:22,6.003699875,8.001300049,163.287262,192.6990967,161.1568909,160.003418,277.5673523,152.9101868,135.7642365,330.9939575,0.854752579,0.145247402,0.009634628,0.000316852
2020-12-09,18:07:23,6.00320015,8.001300049,163.287262,192.7102203,161.1572876,160.002655,277.569458,152.9141541,135.7612457,330.8887634,0.854752579,0.145247402,0.009634628,0.000316852
2020-12-09,18:07:24,6.00340004,8.001300049,163.287262,192.7203827,161.1569824,160.0029755,277.568573,152.9168091,135.7588959,330.8887634,0.854752579,0.145247402,0.009634628,0.000316852
2020-12-09,18:07:25,6.003099823,8.001300049,163.287262,192.7324829,161.1573181,160.0028229,277.5690918,152.9204865,135.7558899,330.8887634,0.854752579,0.145247402,0.009634628,0.000316852
2020-12-09,18:07:26,6.002799988,8.001200104,163.287262,192.742691,161.1565399,160.0029755,277.568512,152.9237976,135.7531891,330.8887634,0.854752579,0.145247402,0.009634628,0.000316852
2020-12-09,18:07:27,6.002600098,8.001300049,163.287262,192.7543793,161.1573486,160.0024261,277.5700378,152.9269409,135.7507019,330.8887634,0.854752579,0.145247402,0.009634628,0.000316852
2020-12-09,18:07:28,6.002700043,8.001200104,163.288269,192.7653046,161.1570435,160.0030823,277.5682983,152.9297943,135.7483826,330.8887634,0.854752579,0.145247402,0.009634628,0.000316852
2020-12-09,18:07:29,6.002700043,8.001200104,163.2872009,192.7771454,161.1578369,160.0033112,277.5676575,152.932663,135.7460327,330.8887634,0.854752579,0.145247402,0.009634628,0.000316852
2020-12-09,18:07:30,6.002500153,8.001100159,163.2872009,192.7878418,161.1568756,160.0028229,277.5689392,152.9362335,135.7431183,330.8887634,0.854752579,0.145247402,0.009634628,0.000316852
2020-12-09,18:07:31,6.002299881,8.001200104,163.2872009,192.7985077,161.1571503,160.0027008,277.5694275,152.9391937,135.7406769,330.8887634,0.854752579,0.145247402,0.009634628,0.000316852
2020-12-09,18:07:32,6.002500153,8.001100159,163.288208,192.8087158,161.1563721,160.002533,277.5697632,152.9427032,135.7379303,330.8887634,0.854752579,0.145247402,0.009634628,0.000316852
2020-12-09,18:07:33,6.002299881,8.001100159,163.2871399,192.8203888,161.1578674,160.0031433,277.5682373,152.9458008,135.7354431,330.8887634,0.854752579,0.145247402,0.009634628,0.000316852
2020-12-09,18:07:34,6.002299881,8.001000214,163.2871399,192.831955,161.1574402,160.0027618,277.5692749,152.9492188,135.732666,330.8887634,0.854752579,0.145247402,0.009634628,0.000316852
2020-12-09,18:07:35,6.002199936,8.001100159,163.288147,192.8421478,161.1578674,160.0028229,277.5690002,152.9516296,135.7306976,330.8887634,0.854752579,0.145247402,0.009634628,0.000316852
2020-12-09,18:07:36,6.002299881,8.001000214,163.288147,192.853653,161.1575165,160.0029755,277.568634,152.955658,135.7274628,330.8887634,0.854752579,0.145247402,0.009634628,0.000316852
2020-12-09,18:07:37,6.002199936,8.001000214,163.288147,192.8639832,161.1583252,160.0028534,277.5683899,152.9575195,135.7259369,330.8887634,0.854752579,0.145247402,0.009634628,0.000316852
2020-12-09,18:07:38,6.002299881,8.000900269,163.2871399,192.8748016,161.1572876,160.002655,277.5694885,152.9604645,135.7236023,330.8887634,0.854752579,0.145247402,0.009634628,0.000316852
2020-12-09,18:07:39,6.002099991,8.000900269,163.2871399,192.8859253,161.1579895,160.002533,277.5697937,152.9633026,135.721283,330.8887634,0.854752579,0.145247402,0.009634628,0.000316852
2020-12-09,18:07:40,6.002199936,8.000900269,163.2871399,192.8972931,161.1584778,160.0028229,277.5691833,152.9661865,135.7189484,330.8887634,0.854752579,0.145247402,0.009634628,0.000316852
2020-12-09,18:07:41,6.001800156,8.000800323,163.2871399,192.9088593,161.1573334,160.0024719,277.5699158,152.9692383,135.7164917,330.8887634,0.854752579,0.145247402,0.009634628,0.000316852
2020-12-09,18:07:42,6.001699829,8.000900269,163.2871399,192.9191284,161.1572113,160.0028229,277.5690918,152.9724426,135.7138977,330.8887634,0.854752579,0.145247402,0.009634628,0.000316852
2020-12-09,18:07:43,6.001900101,8.000800323,163.2871399,192.9297791,161.1574554,160.002533,277.5697937,152.974472,135.7122803,330.8887634,0.854752579,0.145247402,0.009634628,0.000316852
2020-12-09,18:07:44,6.001800156,8.000700378,163.2871399,192.940918,161.1572266,160.0023651,277.5702515,152.9779816,135.7094269,330.8887634,0.854752579,0.145247402,0.009634628,0.000316852
2020-12-09,18:07:45,6.001599884,8.000800323,163.2871399,192.951767,161.1578217,160.0027008,277.5693665,152.9800873,135.7076874,330.8887634,0.854752579,0.145247402,0.009634628,0.000316852
2020-12-09,18:07:46,6.001800156,8.000700378,163.2871399,192.9626007,161.1581421,160.0023651,277.5702515,152.9830475,135.705368,330.8887634,0.854752579,0.145247402,0.009634628,0.000316852
2020-12-09,18:07:47,6.001300049,8.000700378,163.2871399,192.9740143,161.1576538,160.0027008,277.5693665,152.9859009,135.7030182,330.8887634,0.854752579,0.145247402,0.009634628,0.000316852
2020-12-09,18:07:48,6.001599884,8.000700378,163.2871399,192.9854889,161.1593933,160.0024261,277.5700378,152.9888306,135.7006683,330.7735291,0.854752579,0.145247402,0.009634628,0.000316852
2020-12-09,18:07:49,6.001399994,8.000700378,163.2871399,192.9942169,161.1584473,160.0027008,277.5693665,152.9914246,135.6985474,330.7735291,0.854752579,0.145247402,0.009634628,0.000316852
2020-12-09,18:07:50,6.001499939,8.00059967,163.2871399,193.0062866,161.1581573,160.0031433,277.5681152,152.9941864,135.6962738,330.7735291,0.854752579,0.145247402,0.009634628,0.000316852
2020-12-09,18:07:51,6.001100159,8.000700378,163.288147,193.0167694,161.1586914,160.0023041,277.5704956,152.9963074,135.6946411,330.7735291,0.854752579,0.145247402,0.009634628,0.000316852
2020-12-09,18:07:52,6.000999832,8.00059967,163.2871399,193.028717,161.1582794,160.0023651,277.5706482,152.9997101,135.691864,330.7735291,0.854752579,0.145247402,0.009634628,0.000316852
2020-12-09,18:07:53,6.001100159,8.000499725,163.2871399,193.0391083,161.159317,160.0024261,277.5701904,153.0023804,135.6897125,330.7735291,0.854752579,0.145247402,0.009634628,0.000316852
2020-12-09,18:07:54,6.000899887,8.00059967,163.2871399,193.0492554,161.1586151,160.0023651,277.5700684,153.0046082,135.6878815,330.7735291,0.854752579,0.145247402,0.009634628,0.000316852
2020-12-09,18:07:55,6.000699997,8.000499725,163.2871399,193.0605011,161.1583862,160.0020905,277.5709839,153.0071564,135.6858063,330.7735291,0.854752579,0.145247402,0.009634628,0.000316852
2020-12-09,18:07:56,6.000999832,8.000499725,163.2871399,193.0709839,161.159256,160.0029144,277.5686646,153.0103912,135.6833954,330.7735291,0.854752579,0.145247402,0.009634628,0.000316852
2020-12-09,18:07:57,6.001100159,8.00039978,163.2871399,193.0827026,161.1583862,160.0022583,277.5705566,153.0126953,135.6813507,330.7735291,0.854752579,0.145247402,0.009634628,0.000316852
2020-12-09,18:07:58,6.000799942,8.000499725,163.2871399,193.0934448,161.1588593,160.0024261,277.5702209,153.0152588,135.679184,330.7735291,0.854752579,0.145247402,0.009634628,0.000316852
2020-12-09,18:07:59,6.000600052,8.00039978,163.2871399,193.1044617,161.1592865,160.002594,277.5697021,153.0178375,135.6771698,330.7735291,0.854752579,0.145247402,0.009634628,0.000316852
2020-12-09,18:08:00,6.000699997,8.00039978,163.2871399,193.1142578,161.1586456,160.0021362,277.5708923,153.0202484,135.6752319,330.7735291,0.854752579,0.145247402,0.009634628,0.000316852
2020-12-09,18:08:01,6.000400162,8.00039978,163.2871399,193.1257935,161.1588593,160.0029755,277.568573,153.0228271,135.6731415,330.7735291,0.854752579,0.145247402,0.009634628,0.000316852
2020-12-09,18:08:02,6.000600052,8.000299835,163.2871399,193.1369781,161.1585693,160.0028229,277.5691833,153.0250244,135.6712952,330.7735291,0.854752579,0.145247402,0.009634628,0.000316852
2020-12-09,18:08:03,6.000400162,8.000299835,163.2871399,193.1473999,161.15979,160.0022583,277.5706482,153.0273285,135.6694946,330.7735291,0.854752579,0.145247402,0.009634628,0.000316852
2020-12-09,18:08:04,6.00019989,8.000299835,163.2881622,193.1574402,161.1588593,160.0028229,277.5691833,153.030014,135.6673126,330.7735291,0.854752579,0.145247402,0.009634628,0.000316852
2020-12-09,18:08:05,6.000400162,8.000299835,163.2871094,193.1684723,161.1594543,160.0020905,277.5710144,153.0317841,135.6659241,330.7735291,0.854752579,0.145247402,0.009634628,0.000316852
2020-12-09,18:08:06,6.00019989,8.00019989,163.2871094,193.1802521,161.1591034,160.0023651,277.570282,153.0343628,135.6637726,330.7735291,0.854794312,0.145205698,0.009634628,0.000316852
2020-12-09,18:08:07,6.0,8.00019989,163.2871094,193.1897736,161.1597137,160.0020905,277.5709534,153.0365448,135.6620636,330.7735291,0.854794312,0.145205698,0.009634628,0.000316852
2020-12-09,18:08:08,6.00019989,8.00019989,163.2871094,193.2004242,161.1586304,160.0023041,277.5704041,153.0395203,135.6596527,330.7735291,0.854794312,0.145205698,0.009634628,0.000316852
2020-12-09,18:08:09,6.000099945,8.000099945,163.2871094,193.2117615,161.1591949,160.0024261,277.5700989,153.0415497,135.6579742,330.7735291,0.854794312,0.145205698,0.009634628,0.000316852
2020-12-09,18:08:10,6.00019989,8.00019989,163.2871094,193.2214203,161.1596222,160.0021973,277.5706787,153.0439301,135.6560364,330.7735291,0.854794312,0.145205698,0.009634628,0.000316852
2020-12-09,18:08:11,5.999900055,8.000099945,163.2871094,193.2326202,161.1587982,160.0020447,277.5712891,153.0457611,135.6545715,330.7735291,0.854794312,0.145205698,0.009634628,0.000316852
2020-12-09,18:08:12,5.99980011,8.000099945,163.2871094,193.2435303,161.159256,160.0023651,277.570282,153.0485382,135.6523285,330.7735291,0.854794312,0.145205698,0.009634628,0.000316852
2020-12-09,18:08:13,5.999900055,8.0,163.288147,193.2544403,161.1602936,160.0020905,277.5710144,153.0509186,135.6503906,330.7735291,0.854794312,0.145205698,0.009634628,0.000316852
2020-12-09,18:08:14,5.999700165,8.000099945,163.2870941,193.2647247,161.1600952,160.0022583,277.5705261,153.0531464,135.6486053,330.7735291,0.854794312,0.145205698,0.009634628,0.000316852
2020-12-09,18:08:15,5.99980011,8.0,163.288147,193.2759247,161.1605835,160.0018158,277.5717163,153.0553284,135.6468658,330.7735291,0.854794312,0.145205698,0.009634628,0.000316852
2020-12-09,18:08:16,5.999499893,8.0,163.288147,193.2872467,161.1594849,160.0018768,277.5717773,153.0576782,135.6449432,330.7735291,0.854794312,0.145205698,0.009634628,0.000316852
2020-12-09,18:08:17,5.99980011,7.999900055,163.288147,193.2968445,161.160202,160.0020905,277.5711365,153.0597992,135.6433105,330.7735291,0.854794312,0.145205698,0.009634628,0.000316852
2020-12-09,18:08:18,5.999499893,8.0,163.288147,193.3084106,161.1603546,160.0019836,277.5713196,153.062088,135.6414337,330.7735291,0.854794312,0.145205698,0.009634628,0.000316852
2020-12-09,18:08:19,5.999399948,7.999900055,163.2871399,193.3187408,161.1594543,160.0016479,277.5722351,153.0641022,135.6397552,330.7735291,0.854794312,0.145205698,0.009634628,0.000316852
2020-12-09,18:08:20,5.999499893,7.999900055,163.2871399,193.3288574,161.1604309,160.0019836,277.5713196,153.0661469,135.638092,330.7735291,0.854794312,0.145205698,0.009634628,0.000316852
2020-12-09,18:08:21,5.999300003,7.999900055,163.288147,193.3404541,161.1591034,160.0020905,277.5710449,153.0682678,135.6363983,330.7735291,0.854794312,0.145205698,0.009634628,0.000316852
2020-12-09,18:08:22,5.999499893,7.99980011,163.288147,193.349411,161.1586761,160.0019836,277.5713501,153.0700989,135.6349487,330.7735291,0.854794312,0.145205698,0.009634628,0.000316852
2020-12-09,18:08:23,5.999200058,7.99980011,163.288147,193.3602448,161.1598969,160.0024261,277.5700989,153.0726624,135.6328278,330.7735291,0.854794312,0.145205698,0.009634628,0.000316852
2020-12-09,18:08:24,5.999000168,7.99980011,163.288147,193.3720703,161.1608887,160.0020905,277.5711365,153.0744476,135.6314392,330.7735291,0.854794312,0.145205698,0.009634628,0.000316852
2020-12-09,18:08:25,5.999100113,7.999700165,163.2871399,193.3816071,161.1598969,160.0020447,277.5710144,153.0770264,135.6292877,330.7735291,0.854794312,0.145205698,0.009634628,0.000316852
2020-12-09,18:08:26,5.999000168,7.99980011,163.2871399,193.3921814,161.1593781,160.0022583,277.5706177,153.078598,135.6280518,330.7735291,0.854794312,0.145205698,0.009634628,0.000316852
2020-12-09,18:08:27,5.999200058,7.999700165,163.2871399,193.4033661,161.1599884,160.0018158,277.5717163,153.0800476,135.6268768,330.7735291,0.854794312,0.145205698,0.009634628,0.000316852
2020-12-09,18:08:28,5.998799896,7.999900055,163.2871399,193.4141388,161.1593781,160.0020905,277.571106,153.0820007,135.6252747,330.7735291,0.854794312,0.145205698,0.009634628,0.000316852
2020-12-09,18:08:29,5.999100113,8.00019989,163.2881927,193.4241943,161.1599121,160.0020447,277.5712891,153.0840149,135.623703,330.7735291,0.854794312,0.145205698,0.009634628,0.000316852
2020-12-09,18:08:30,5.999000168,8.00059967,163.2881927,193.4350739,161.1592407,160.0021362,277.5708923,153.0861511,135.6219177,330.7735291,0.854794312,0.145205698,0.009634628,0.000316852
2020-12-09,18:08:31,5.999200058,8.000900269,163.2881927,193.4455872,161.1598969,160.0015411,277.5725403,153.0881805,135.6203156,330.7735291,0.854794312,0.145205698,0.009634628,0.000316852
2020-12-09,18:08:32,5.998799896,8.001000214,163.2881927,193.4570313,161.1602325,160.0018768,277.5715637,153.0898285,135.6189575,330.7735291,0.854794312,0.145205698,0.009634628,0.000316852
2020-12-09,18:08:33,5.998899841,8.000900269,163.2881927,193.4661407,161.1596832,160.0017242,277.5719604,153.0922241,135.6170349,330.7735291,0.854794312,0.145205698,0.009634628,0.000316852
2020-12-09,18:08:34,5.999000168,8.00059967,163.2881927,193.4767303,161.1605988,160.0019379,277.5715332,153.0932312,135.6162109,330.7735291,0.854794312,0.145205698,0.009634628,0.000316852
2020-12-09,18:08:35,5.998899841,8.000499725,163.2881927,193.4860229,161.1609192,160.0020447,277.5712891,153.0953674,135.6144714,330.7735291,0.854794312,0.145205698,0.009634628,0.000316852
2020-12-09,18:08:36,5.999100113,8.000299835,163.2881927,193.4975281,161.1598053,160.0018158,277.5717163,153.0977631,135.6125336,330.7735291,0.854794312,0.145205698,0.009634628,0.000315683
2020-12-09,18:08:37,5.998699951,8.00019989,163.2881927,193.5095673,161.1600952,160.0019379,277.5720215,153.099411,135.6112671,330.7735291,0.854794312,0.145205698,0.009634628,0.000315683
2020-12-09,18:08:38,5.998799896,8.0,163.2881927,193.5188141,161.1596832,160.0021362,277.5708923,153.1013489,135.6096191,330.7735291,0.854794312,0.145205698,0.009634628,0.000315683
2020-12-09,18:08:39,5.998600006,7.999900055,163.2881927,193.5294952,161.1607666,160.0018768,277.5716248,153.1035767,135.6079102,330.7735291,0.854794312,0.145205698,0.009634628,0.000315683
2020-12-09,18:08:40,5.998899841,7.99980011,163.2881927,193.5402527,161.1590271,160.0022583,277.5705872,153.1055145,135.6063538,330.7735291,0.854794312,0.145205698,0.009634628,0.000315683
2020-12-09,18:08:41,5.998699951,8.000099945,163.2881927,193.5496216,161.1587677,160.0018768,277.5715637,153.1065369,135.6055145,330.7735291,0.854794312,0.145205698,0.009634628,0.000315683
2020-12-09,18:08:42,5.998500061,8.000299835,163.2871552,193.5610504,161.1606445,160.0020447,277.5710754,153.1089935,135.6035156,330.7735291,0.854794312,0.145205698,0.009634628,0.000315683
2020-12-09,18:08:43,5.998699951,8.00059967,163.2871552,193.570755,161.1599274,160.0018158,277.5718079,153.1107483,135.6021271,330.7735291,0.854794312,0.145205698,0.009634628,0.000315683
2020-12-09,18:08:44,5.998500061,8.000800323,163.2871552,193.5815582,161.16008,160.0020905,277.5710754,153.1124115,135.6007385,330.7735291,0.854794312,0.145205698,0.009634628,0.000315683
2020-12-09,18:08:45,5.998400116,8.001100159,163.2882233,193.5919342,161.1611176,160.0018158,277.5717468,153.1141815,135.5993347,330.7735291,0.854794312,0.145205698,0.009634628,0.000315683
2020-12-09,18:08:46,5.998199844,8.001300049,163.2882233,193.6018677,161.1599121,160.0017242,277.5722046,153.1161957,135.5977631,330.7735291,0.854794312,0.145205698,0.009634628,0.000315683
2020-12-09,18:08:47,5.998400116,8.001499939,163.2872162,193.6121063,161.1600647,160.0019379,277.5714722,153.117691,135.5964966,330.7735291,0.854794312,0.145205698,0.009634628,0.000315683
2020-12-09,18:08:48,5.998199844,8.001599884,163.2872162,193.6233368,161.1591644,160.0020447,277.5712891,153.1193237,135.5952148,330.7735291,0.854794312,0.145205698,0.009634628,0.000316552
2020-12-09,18:08:49,5.998500061,8.001699829,163.2872162,193.6339722,161.1597595,160.0017242,277.5720215,153.12117,135.5937195,330.7735291,0.854794312,0.145205698,0.009634628,0.000316552
2020-12-09,18:08:50,5.998199844,8.001300049,163.2872162,193.6436768,161.160675,160.0020447,277.5712585,153.1219177,135.5930634,330.7735291,0.854794312,0.145205698,0.009634628,0.000316682
2020-12-09,18:08:51,5.997999954,8.001000214,163.2882233,193.6529694,161.1601868,160.0017242,277.572113,153.1242218,135.5912628,330.7735291,0.854794312,0.145205698,0.009634628,0.000316682
2020-12-09,18:08:52,5.997900009,8.000700378,163.2882233,193.664505,161.1605377,160.0023041,277.5704041,153.1255035,135.5902405,330.7735291,0.854794312,0.145205698,0.009634628,0.000316682
2020-12-09,18:08:53,5.998199844,8.000499725,163.2882233,193.6737976,161.1600037,160.0019379,277.5715332,153.127533,135.5885315,330.7735291,0.854794312,0.145205698,0.009634628,0.000316682
2020-12-09,18:08:54,5.997900009,8.000499725,163.2872009,193.6853638,161.1604919,160.0017242,277.5721436,153.1289215,135.5874176,330.7735291,0.854794312,0.145205698,0.009634628,0.000316682
2020-12-09,18:08:55,5.997800064,8.00059967,163.2872009,193.6953888,161.1602478,160.0013885,277.5729065,153.1310425,135.5857849,330.7735291,0.854794312,0.145205698,0.009634628,0.000316682
2020-12-09,18:08:56,5.997900009,8.000700378,163.2872009,193.7045898,161.1596527,160.0016479,277.5722351,153.1326294,135.5844879,330.7735291,0.854877625,0.145122404,0.009634628,0.000316682
2020-12-09,18:08:57,5.998099899,8.000800323,163.2872009,193.7158508,161.1604462,160.0013885,277.5729675,153.1339874,135.5834045,330.7735291,0.854877625,0.145122404,0.009634628,0.000316682
2020-12-09,18:08:58,5.997900009,8.000900269,163.2872009,193.726532,161.1599579,160.0020447,277.5712891,153.1350861,135.5824585,330.7735291,0.854877625,0.145122404,0.009634628,0.000316682
2020-12-09,18:08:59,5.997800064,8.001000214,163.2872009,193.736084,161.1606903,160.0023651,277.5703735,153.1372223,135.5807495,330.7735291,0.854877625,0.145122404,0.009634628,0.000316682
2020-12-09,18:09:00,5.997600174,8.001100159,163.2882233,193.7464142,161.1599121,160.0019379,277.5715027,153.1381378,135.5800171,330.7735291,0.854877625,0.145122404,0.009634628,0.000316682
2020-12-09,18:09:01,5.997800064,8.001200104,163.2882233,193.7563324,161.1594391,160.0020905,277.5709534,153.1398926,135.578598,330.7735291,0.854877625,0.145122404,0.009634628,0.000316682
2020-12-09,18:09:02,5.997700119,8.001300049,163.2882233,193.7661133,161.1602631,160.0019836,277.5713806,153.1415558,135.5772552,330.7735291,0.854877625,0.145122404,0.009634628,0.000316682
2020-12-09,18:09:03,5.997900009,8.001300049,163.2882233,193.776413,161.1597443,160.0020447,277.5712891,153.1431427,135.5760345,330.7735291,0.854877625,0.145122404,0.009634628,0.000316682
2020-12-09,18:09:04,5.997600174,8.001399994,163.2882233,193.7865448,161.1600037,160.0018768,277.5715637,153.144043,135.5752258,330.7735291,0.854877625,0.145122404,0.009634628,0.000316682
2020-12-09,18:09:05,5.997499847,8.001499939,163.2871552,193.7974091,161.161026,160.0017242,277.572113,153.1457977,135.573822,330.7735291,0.854877625,0.145122404,0.009634628,0.000316682
2020-12-09,18:09:06,5.997900009,8.001599884,163.2871552,193.8078918,161.1596222,160.0014801,277.5726624,153.1474457,135.5724945,330.7735291,0.854877625,0.145122404,0.009634628,0.000316682
2020-12-09,18:09:07,5.997700119,8.001699829,163.2881927,193.817688,161.1601715,160.0020905,277.571167,153.1489105,135.5712891,330.7735291,0.854877625,0.145122404,0.009634628,0.000316682
2020-12-09,18:09:08,5.997600174,8.001699829,163.2881927,193.8291016,161.1599579,160.0017242,277.5720215,153.1498413,135.5705566,330.7735291,0.854877625,0.145122404,0.009634628,0.000316682
2020-12-09,18:09:09,5.997399902,8.001799774,163.2881927,193.837677,161.1603851,160.0019836,277.5714111,153.1515198,135.5691986,330.7735291,0.854877625,0.145122404,0.009634628,0.000316682
2020-12-09,18:09:10,5.997700119,8.001899719,163.2881927,193.848175,161.1606903,160.0020905,277.571167,153.1529846,135.5680237,330.7735291,0.854877625,0.145122404,0.009634628,0.000316682
2020-12-09,18:09:11,5.997499847,8.001899719,163.2881927,193.8579865,161.15979,160.00177,277.5718994,153.1548309,135.5665436,330.7735291,0.854877625,0.145122404,0.009634628,0.000316682
2020-12-09,18:09:12,5.997900009,8.001999664,163.2881927,193.8682098,161.160141,160.002533,277.5697937,153.1561279,135.5654907,330.7735291,0.854877625,0.145122404,0.009634628,0.000316682
2020-12-09,18:09:13,5.997600174,8.002100372,163.2881927,193.8787079,161.1594696,160.0017242,277.5719604,153.157135,135.5646973,330.7735291,0.854877625,0.145122404,0.009634628,0.000316682
2020-12-09,18:09:14,5.997499847,8.001999664,163.2881927,193.888382,161.1608734,160.0018768,277.5716553,153.1584167,135.5636292,330.7735291,0.854877625,0.145122404,0.009634628,0.000316682
2020-12-09,18:09:15,5.997800064,8.002200317,163.2881927,193.8990021,161.15979,160.0017242,277.5722046,153.1598053,135.5625153,330.7735291,0.854877625,0.145122404,0.009634628,0.000316682
2020-12-09,18:09:16,5.997700119,8.002100372,163.2881927,193.9085388,161.1606903,160.0019836,277.5713806,153.1613922,135.5612488,330.7735291,0.854877625,0.145122404,0.009634628,0.000316682
2020-12-09,18:09:17,5.997499847,8.002200317,163.2881927,193.918869,161.1605225,160.0017242,277.5721436,153.1625977,135.5602722,330.7735291,0.854877625,0.145122404,0.009634628,0.000316682
2020-12-09,18:09:18,5.997399902,8.001999664,163.2881927,193.9277191,161.1603394,160.0020905,277.571167,153.1642303,135.5589447,330.7735291,0.854877625,0.145122404,0.009634628,0.000316682
2020-12-09,18:09:19,5.997499847,8.001499939,163.2881927,193.9387207,161.1605988,160.0021362,277.5708923,153.1652527,135.5581207,330.7735291,0.854877625,0.145122404,0.009634628,0.000316682
2020-12-09,18:09:20,5.997200012,8.001200104,163.2881927,193.9492188,161.1600189,160.0014801,277.5726624,153.1663666,135.5572357,330.7735291,0.854877625,0.145122404,0.009634628,0.000316682
2020-12-09,18:09:21,5.997600174,8.000900269,163.2881927,193.9589996,161.1608582,160.0017242,277.5720825,153.1677399,135.5561066,330.7735291,0.854877625,0.145122404,0.009634628,0.000316682
2020-12-09,18:09:22,5.997399902,8.000800323,163.2881927,193.969696,161.1613922,160.0020905,277.571167,153.1694031,135.5547791,330.7735291,0.85486763,0.145132399,0.009634628,0.000316682
2020-12-09,18:09:23,5.997600174,8.000800323,163.2881927,193.9788971,161.1601257,160.0017242,277.572052,153.1699677,135.5543365,330.7735291,0.85486763,0.145132399,0.009634628,0.000316682
2020-12-09,18:09:24,5.997200012,8.000800323,163.2881927,193.9895935,161.1603699,160.0020905,277.5710449,153.1717072,135.5529327,330.7735291,0.85486763,0.145132399,0.009634628,0.000316682
2020-12-09,18:09:25,5.997100067,8.000900269,163.2881927,193.9985657,161.1596985,160.0017242,277.5721741,153.1733704,135.5515594,330.7735291,0.85486763,0.145132399,0.009634628,0.000316682
2020-12-09,18:09:26,5.997399902,8.000800323,163.2881927,194.0077972,161.1610107,160.0018158,277.5717468,153.1743774,135.5507355,330.7735291,0.85486763,0.145132399,0.009634628,0.000316682
2020-12-09,18:09:27,5.997100067,8.001000214,163.2881927,194.0182495,161.1604614,160.0018158,277.5718079,153.1754761,135.5499115,330.7735291,0.85486763,0.145132399,0.009634628,0.000316682
2020-12-09,18:09:28,5.997200012,8.000900269,163.2881927,194.0290527,161.1602936,160.0020447,277.5712585,153.1764984,135.5490265,330.7735291,0.85486763,0.145132399,0.009634628,0.000316682
2020-12-09,18:09:29,5.997299957,8.001100159,163.2881927,194.03862,161.1601563,160.0017242,277.5720825,153.1779785,135.5478516,330.7735291,0.85486763,0.145132399,0.009634628,0.000316682
2020-12-09,18:09:30,5.997399902,8.001000214,163.2881927,194.0492554,161.1597137,160.0019379,277.5714722,153.1794586,135.5466766,330.7735291,0.85486763,0.145132399,0.009634628,0.00031661
2020-12-09,18:09:31,5.997299957,8.001100159,163.2881927,194.0587158,161.160141,160.0019379,277.5716248,153.1807556,135.545639,330.7735291,0.85486763,0.145132399,0.009634628,0.00031661
2020-12-09,18:09:32,5.997399902,8.001200104,163.2881927,194.0690918,161.1607513,160.0020905,277.571167,153.1813965,135.5450745,330.7735291,0.85486763,0.145132399,0.009634628,0.00031661
2020-12-09,18:09:33,5.997000122,8.001300049,163.2881927,194.0779724,161.1599731,160.00177,277.5718994,153.1831512,135.5436859,330.7735291,0.85486763,0.145132399,0.009634628,0.00031661
2020-12-09,18:09:34,5.997200012,8.001200104,163.2881927,194.0873566,161.1607971,160.0021362,277.5708923,153.1837158,135.5432281,330.7735291,0.85486763,0.145132399,0.009634628,0.00031661
2020-12-09,18:09:35,5.997000122,8.001399994,163.2881927,194.097229,161.160141,160.0024261,277.5701294,153.1853485,135.5418549,330.7735291,0.85486763,0.145132399,0.009634628,0.00031661
2020-12-09,18:09:36,5.997299957,8.001399994,163.2881927,194.1077271,161.1606445,160.0019379,277.5715332,153.1858215,135.5415649,330.7735291,0.85486763,0.145132399,0.009634628,0.00031661
2020-12-09,18:09:37,5.997100067,8.001499939,163.2881927,194.1179657,161.1601715,160.0022583,277.5706177,153.1871185,135.5405121,330.7735291,0.85486763,0.145132399,0.009634628,0.00031661
2020-12-09,18:09:38,5.997200012,8.001499939,163.2871704,194.1273193,161.161087,160.0015869,277.5724792,153.1879272,135.5397644,330.7735291,0.85486763,0.145132399,0.009634628,0.00031661
2020-12-09,18:09:39,5.996900177,8.001599884,163.2882233,194.1374512,161.1603699,160.0022583,277.5706177,153.1889343,135.5389709,330.7735291,0.85486763,0.145132399,0.009634628,0.00031661
2020-12-09,18:09:40,5.997200012,8.001499939,163.2882233,194.1473846,161.1596222,160.0019836,277.5714111,153.1906891,135.5376129,330.7735291,0.85486763,0.145132399,0.009634628,0.00031661
2020-12-09,18:09:41,5.997000122,8.001599884,163.2882233,194.157074,161.1611176,160.0015869,277.5724792,153.1910706,135.5372772,330.7735291,0.85486763,0.145132399,0.009634628,0.00031661
2020-12-09,18:09:42,5.997200012,8.001699829,163.2882233,194.1671295,161.1599121,160.0020447,277.5712585,153.192627,135.5359955,330.7735291,0.85486763,0.145132399,0.009634628,0.00031661
2020-12-09,18:09:43,5.997000122,8.001699829,163.2882233,194.1771393,161.1613159,160.0018768,277.5716248,153.1932831,135.5354309,330.7735291,0.85486763,0.145132399,0.009634628,0.00031661
2020-12-09,18:09:44,5.99679985,8.001799774,163.2882233,194.1856079,161.160614,160.0021362,277.5708008,153.1950378,135.5341492,330.7735291,0.85486763,0.145132399,0.009634628,0.00031661
2020-12-09,18:09:45,5.997100067,8.001799774,163.2882233,194.1951904,161.1609344,160.0018158,277.5717163,153.1955872,135.5336609,330.7735291,0.85486763,0.145132399,0.009634628,0.00031661
2020-12-09,18:09:46,5.996900177,8.001899719,163.2882233,194.2054749,161.1604309,160.0021973,277.5706787,153.1971436,135.5323639,330.7735291,0.854854736,0.145145197,0.009634628,0.00031661
2020-12-09,18:09:47,5.997100067,8.001799774,163.2882233,194.2147369,161.1611786,160.0020447,277.5712891,153.1976166,135.5319977,330.7735291,0.854854736,0.145145197,0.009634628,0.00031661
2020-12-09,18:09:48,5.996699905,8.001899719,163.2882233,194.2252655,161.1609192,160.0019379,277.5714722,153.1985168,135.5312347,330.6730652,0.854854736,0.145145197,0.009634628,0.00031661
2020-12-09,18:09:49,5.99679985,8.001999664,163.2882233,194.2342529,161.160675,160.0018158,277.5717773,153.199646,135.5303497,330.6730652,0.854854736,0.145145197,0.009634628,0.00031661
2020-12-09,18:09:50,5.996900177,8.001899719,163.2882233,194.2437134,161.1600189,160.0020905,277.5710449,153.201416,135.5289001,330.6730652,0.854854736,0.145145197,0.009634628,0.00031661
2020-12-09,18:09:51,5.99679985,8.001999664,163.2882233,194.2538605,161.1605988,160.0022583,277.5706482,153.2020569,135.5284271,330.6730652,0.854854736,0.145145197,0.009634628,0.00031661
2020-12-09,18:09:52,5.996900177,8.001999664,163.2882233,194.2636566,161.161438,160.0019836,277.5714111,153.2029724,135.5276947,330.6730652,0.854854736,0.145145197,0.009634628,0.00031661
2020-12-09,18:09:53,5.99679985,8.002100372,163.2882233,194.2732239,161.1607666,160.0024261,277.5700073,153.2036133,135.5271912,330.6730652,0.854854736,0.145145197,0.009634628,0.00031661
2020-12-09,18:09:54,5.996900177,8.002100372,163.2882233,194.2841034,161.1604919,160.0019379,277.5714417,153.2046967,135.5262756,330.6730652,0.854854736,0.145145197,0.009634628,0.00031661
2020-12-09,18:09:55,5.99679985,8.002100372,163.2882233,194.2926178,161.1612396,160.0024261,277.5700989,153.2062683,135.5249939,330.6730652,0.854854736,0.145145197,0.009634628,0.00031661
2020-12-09,18:09:56,5.997100067,8.002200317,163.2882233,194.3018036,161.1595306,160.0020905,277.5710754,153.2066345,135.5247345,330.6730652,0.854854736,0.145145197,0.009634628,0.00031661
2020-12-09,18:09:57,5.996699905,8.002200317,163.2882233,194.3117676,161.1599121,160.0021362,277.5708008,153.2081146,135.523468,330.6730652,0.854854736,0.145145197,0.009634628,0.00031661
2020-12-09,18:09:58,5.99679985,8.002200317,163.2882233,194.3209839,161.1602325,160.0020905,277.5710144,153.2086792,135.5230103,330.6730652,0.854854736,0.145145197,0.009634628,0.00031661
2020-12-09,18:09:59,5.996699905,8.002200317,163.2882233,194.3309021,161.1600037,160.0022583,277.5706177,153.2096252,135.5223083,330.6730652,0.854854736,0.145145197,0.009634628,0.00031661
2020-12-09,18:10:00,5.99679985,8.002300262,163.2882233,194.3407745,161.1612549,160.0020905,277.571167,153.210907,135.5213013,330.6730652,0.854854736,0.145145197,0.009634628,0.00031661
2020-12-09,18:10:01,5.996900177,8.002300262,163.2882233,194.3501282,161.1604004,160.0024261,277.5700684,153.2116394,135.5206757,330.6730652,0.854854736,0.145145197,0.009634628,0.00031661
2020-12-09,18:10:02,5.997000122,8.002300262,163.2882233,194.359726,161.1600189,160.0020905,277.5710449,153.2127533,135.5197754,330.6730652,0.854854736,0.145145197,0.009634628,0.00031661
2020-12-09,18:10:03,5.99679985,8.002400208,163.2882233,194.3687439,161.1609039,160.0018158,277.5717163,153.2129211,135.5196075,330.6730652,0.854854736,0.145145197,0.009634628,0.00031661
2020-12-09,18:10:04,5.996900177,8.002300262,163.2882233,194.3782959,161.160553,160.0024719,277.5699463,153.2146759,135.5181885,330.6730652,0.854854736,0.145145197,0.009634628,0.00031661
2020-12-09,18:10:05,5.996699905,8.002400208,163.2882233,194.388031,161.1617737,160.0021362,277.5708618,153.2150269,135.5178986,330.6730652,0.854854736,0.145145197,0.009634628,0.00031661
2020-12-09,18:10:06,5.996900177,8.002400208,163.2882233,194.3973694,161.1607513,160.0020905,277.5710144,153.2167053,135.5166016,330.6730652,0.854875565,0.145124397,0.009634628,0.00031661
2020-12-09,18:10:07,5.996699905,8.002400208,163.2882233,194.4061432,161.161377,160.0022583,277.5705566,153.2169037,135.516449,330.6730652,0.854875565,0.145124397,0.009634628,0.00031661
2020-12-09,18:10:08,5.996900177,8.002500153,163.2872162,194.4163818,161.1602783,160.0018768,277.5715942,153.2178955,135.5155792,330.6730652,0.854875565,0.145124397,0.009634628,0.00031661
2020-12-09,18:10:09,5.996699905,8.002400208,163.2882538,194.4253235,161.1611328,160.002594,277.5697021,153.2192841,135.5144806,330.6730652,0.854875565,0.145124397,0.009634628,0.00031661
2020-12-09,18:10:10,5.99659996,8.002500153,163.2882538,194.4357452,161.1607513,160.0023651,277.570282,153.2202301,135.5137634,330.6730652,0.854875565,0.145124397,0.009634628,0.00031661
2020-12-09,18:10:11,5.99679985,8.002500153,163.2882538,194.4447937,161.1612549,160.0018158,277.5717468,153.2196808,135.5141907,330.6730652,0.854875565,0.145124397,0.009634628,0.00031661
2020-12-09,18:10:12,5.997000122,8.002500153,163.2882538,194.4540405,161.1608734,160.0024261,277.5700989,153.2217865,135.5124969,330.6730652,0.854881516,0.145118504,0.009634628,0.00031661
2020-12-09,18:10:13,5.996900177,8.002500153,163.2882538,194.4642029,161.1611176,160.0027618,277.5692749,153.222229,135.5121002,330.6730652,0.854881516,0.145118504,0.009634628,0.00031661
2020-12-09,18:10:14,5.996699905,8.002500153,163.2882538,194.4724121,161.1605377,160.0023651,277.5702515,153.2227936,135.5116577,330.6730652,0.854881516,0.145118504,0.009634628,0.00031661
2020-12-09,18:10:15,5.99679985,8.002500153,163.2882538,194.4826202,161.1609344,160.0021973,277.5707397,153.2243805,135.510376,330.6730652,0.854881516,0.145118504,0.009634628,0.00031661
2020-12-09,18:10:16,5.996699905,8.002500153,163.2882538,194.4919586,161.1612854,160.0028229,277.5691223,153.2248077,135.5100708,330.6730652,0.854881516,0.145118504,0.009634628,0.00031661
2020-12-09,18:10:17,5.997000122,8.002600098,163.2882538,194.5012054,161.1609192,160.0024719,277.5699768,153.2258301,135.5091858,330.6730652,0.854881516,0.145118504,0.009634628,0.00031661
2020-12-09,18:10:18,5.996900177,8.002500153,163.2892761,194.5109711,161.1598663,160.0023651,277.5702515,153.2268524,135.5084076,330.6730652,0.854881516,0.145118504,0.009634628,0.00031661
2020-12-09,18:10:19,5.99679985,8.002600098,163.2892761,194.5209961,161.1605988,160.002594,277.5696106,153.2276001,135.5078125,330.6730652,0.854881516,0.145118504,0.009634628,0.00031661
2020-12-09,18:10:20,5.997000122,8.002600098,163.2882385,194.5280914,161.1609497,160.0024719,277.5699158,153.2283325,135.5072174,330.6730652,0.854881516,0.145118504,0.009634628,0.00031661
2020-12-09,18:10:21,5.99659996,8.002600098,163.2882385,194.5389252,161.1600647,160.0023041,277.5704346,153.2293549,135.5063629,330.6730652,0.854881516,0.145118504,0.009634628,0.00031661
2020-12-09,18:10:22,5.996900177,8.002600098,163.2882385,194.546524,161.1597748,160.0020447,277.5711975,153.2297974,135.506012,330.6730652,0.854898529,0.145101605,0.009634628,0.00031661
2020-12-09,18:10:23,5.997100067,8.002600098,163.2882385,194.556488,161.1607208,160.0021973,277.5707092,153.2302856,135.5056458,330.6730652,0.854898529,0.145101605,0.009634628,0.00031661
2020-12-09,18:10:24,5.997000122,8.002600098,163.2882385,194.5665436,161.1604462,160.0020905,277.5709534,153.2310028,135.5050354,330.6730652,0.854898529,0.145101605,0.009634628,0.00031661
2020-12-09,18:10:25,5.996699905,8.002600098,163.2882385,194.5751801,161.1609344,160.002655,277.5695496,153.2322998,135.5039825,330.6730652,0.854898529,0.145101605,0.009634628,0.00031661
2020-12-09,18:10:26,5.996500015,8.002600098,163.2882385,194.5846863,161.1602631,160.0027008,277.5693665,153.2324829,135.5041199,330.6730652,0.854898529,0.145101605,0.009634628,0.00031661
2020-12-09,18:10:27,5.996900177,8.002600098,163.2882385,194.5936279,161.1608582,160.0024719,277.5699158,153.2338562,135.5027618,330.6730652,0.854898529,0.145101605,0.009634628,0.00031661
2020-12-09,18:10:28,5.99679985,8.002700043,163.2882385,194.6039429,161.1605988,160.0029144,277.5686951,153.2343445,135.5023804,330.6730652,0.854898529,0.145101605,0.009634628,0.00031661
2020-12-09,18:10:29,5.997100067,8.002600098,163.2882385,194.6126862,161.1606903,160.0024261,277.5700989,153.2353516,135.5015259,330.6730652,0.854898529,0.145101605,0.009634628,0.00031661
2020-12-09,18:10:30,5.99679985,8.002600098,163.2882385,194.6214294,161.1612549,160.0020905,277.5709229,153.2359772,135.5010223,330.6730652,0.854869614,0.145130396,0.009634628,0.00031661
2020-12-09,18:10:31,5.996900177,8.002700043,163.2882385,194.6310425,161.160965,160.0023651,277.5702515,153.2363434,135.5007172,330.6730652,0.854869614,0.145130396,0.009634628,0.00031661
2020-12-09,18:10:32,5.99659996,8.002600098,163.2882385,194.6399994,161.1607513,160.0027008,277.5693665,153.2370911,135.5001221,330.6730652,0.854869614,0.145130396,0.009634628,0.00031661
2020-12-09,18:10:33,5.997100067,8.002700043,163.2872314,194.6491241,161.161911,160.0024719,277.5699158,153.2383881,135.4990997,330.6730652,0.854869614,0.145130396,0.009634628,0.00031661
2020-12-09,18:10:34,5.997000122,8.002700043,163.2882843,194.6575012,161.1602478,160.0028229,277.5690308,153.2386627,135.4988861,330.6730652,0.854869614,0.145130396,0.009634628,0.00031661
2020-12-09,18:10:35,5.997100067,8.002600098,163.2882843,194.6665039,161.1621246,160.0027008,277.5694275,153.2393951,135.4983063,330.6730652,0.854869614,0.145130396,0.009634628,0.00031661
2020-12-09,18:10:36,5.99679985,8.002700043,163.2882843,194.6756592,161.160553,160.0023651,277.570343,153.2403412,135.4975281,330.6730652,0.854869614,0.145130396,0.009634628,0.00031661
2020-12-09,18:10:37,5.996699905,8.002600098,163.2882843,194.6855469,161.1602783,160.0028229,277.5691833,153.2408752,135.4970703,330.6730652,0.854869614,0.145130396,0.009634628,0.00031661
2020-12-09,18:10:38,5.99679985,8.002700043,163.2882843,194.6947784,161.160675,160.0027008,277.5694275,153.2420959,135.4960938,330.6730652,0.854869614,0.145130396,0.009634628,0.00031661
2020-12-09,18:10:39,5.996699905,8.002700043,163.2882843,194.7042389,161.1613159,160.0020905,277.5709839,153.2419891,135.4961548,330.6730652,0.854869614,0.145130396,0.009634628,0.00031661
2020-12-09,18:10:40,5.997000122,8.002700043,163.2882843,194.712265,161.160675,160.0030823,277.5682983,153.2431793,135.4952087,330.6730652,0.854869614,0.145130396,0.009634628,0.00031661
2020-12-09,18:10:41,5.997100067,8.002600098,163.2882843,194.7213898,161.1618042,160.0028534,277.5688171,153.2436371,135.4948425,330.6730652,0.854869614,0.145130396,0.009634628,0.00031661
2020-12-09,18:10:42,5.996699905,8.002700043,163.2882843,194.7310944,161.1608887,160.0028229,277.5690918,153.2443695,135.494278,330.6730652,0.854869614,0.145130396,0.009634628,0.00031661
2020-12-09,18:10:43,5.99659996,8.002600098,163.2882843,194.7389069,161.1615295,160.0027618,277.5692444,153.2445526,135.4940491,330.6730652,0.854869614,0.145130396,0.009634628,0.00031661
2020-12-09,18:10:44,5.99679985,8.002700043,163.2882843,194.7489624,161.1608582,160.0024719,277.5699158,153.2458649,135.493042,330.6730652,0.854897537,0.145102596,0.009634628,0.00031661
2020-12-09,18:10:45,5.996900177,8.002600098,163.2882843,194.7574005,161.1605377,160.0030212,277.5684814,153.2463226,135.4926453,330.6730652,0.854897537,0.145102596,0.009634628,0.00031661
2020-12-09,18:10:46,5.997000122,8.002700043,163.2893219,194.7661438,161.161911,160.0021973,277.5707703,153.2465057,135.4928284,330.6730652,0.854897537,0.145102596,0.009634628,0.00031661
2020-12-09,18:10:47,5.99679985,8.002700043,163.2882996,194.7751923,161.160553,160.0028229,277.5690918,153.2476959,135.4915771,330.6730652,0.854897537,0.145102596,0.009634628,0.00031661
2020-12-09,18:10:48,5.99659996,8.002700043,163.2882996,194.7838287,161.1621246,160.0024261,277.5700684,153.2483215,135.4910736,330.6730652,0.854897537,0.145102596,0.009634628,0.00031661
2020-12-09,18:10:49,5.996900177,8.002700043,163.2882996,194.793457,161.1609192,160.0028229,277.5690002,153.2485504,135.4908905,330.6730652,0.854897537,0.145102596,0.009634628,0.00031661
2020-12-09,18:10:50,5.99679985,8.002700043,163.2882996,194.8019867,161.1615295,160.0021973,277.5707092,153.2494659,135.4901428,330.6730652,0.854897537,0.145102596,0.009634628,0.00031661
2020-12-09,18:10:51,5.997100067,8.002600098,163.2882996,194.8109436,161.1599121,160.0030823,277.5682983,153.2502899,135.489502,330.6730652,0.854897537,0.145102596,0.009634628,0.00031661
2020-12-09,18:10:52,5.996900177,8.002700043,163.2882996,194.8197174,161.160614,160.0028534,277.5688782,153.250946,135.4889984,330.6730652,0.854897537,0.145102596,0.009634628,0.00031661
2020-12-09,18:10:53,5.99679985,8.002600098,163.2882996,194.8286591,161.161377,160.0027008,277.5693665,153.2513123,135.4886322,330.6730652,0.854897537,0.145102596,0.009634628,0.00031661
2020-12-09,18:10:54,5.99659996,8.002600098,163.2882996,194.8366547,161.1622772,160.0029755,277.5686035,153.2524109,135.4878082,330.6730652,0.854897537,0.145102596,0.009634628,0.00031661
2020-12-09,18:10:55,5.996500015,8.002700043,163.2882996,194.8465729,161.1603699,160.0031433,277.5681763,153.2530518,135.4872437,330.6730652,0.854897537,0.145102596,0.009634628,0.00031661
2020-12-09,18:10:56,5.996699905,8.002600098,163.2893066,194.8549042,161.1600189,160.002594,277.5697021,153.2533264,135.4869995,330.6730652,0.854897537,0.145102596,0.009634628,0.00031661
2020-12-09,18:10:57,5.99679985,8.002700043,163.2893066,194.8636475,161.1604004,160.0029755,277.5685425,153.2537994,135.4866486,330.6730652,0.854897537,0.145102596,0.009634628,0.00031661
2020-12-09,18:10:58,5.99659996,8.002600098,163.2893066,194.8724823,161.1611938,160.0028229,277.5689392,153.2546234,135.4860077,330.6730652,0.854897537,0.145102596,0.009634628,0.00031661
2020-12-09,18:10:59,5.996500015,8.002600098,163.2893066,194.8809662,161.1610565,160.0029144,277.5687256,153.2552643,135.4854889,330.6730652,0.854897537,0.145102596,0.009634628,0.00031661
2020-12-09,18:11:00,5.996300125,8.002700043,163.2893066,194.8908997,161.1608734,160.0031738,277.5679016,153.2550812,135.4856262,330.6730652,0.854897537,0.145102596,0.009634628,0.00031661
2020-12-09,18:11:01,5.996500015,8.002600098,163.2881927,194.8985138,161.1606903,160.0031433,277.5681152,153.2564697,135.4844818,330.6730652,0.854897537,0.145102596,0.009634628,0.00031661
2020-12-09,18:11:02,5.99640007,8.002600098,163.2891998,194.9068756,161.1614075,160.0029755,277.5686035,153.2569275,135.4841003,330.6730652,0.854897537,0.145102596,0.009634628,0.00031661
2020-12-09,18:11:03,5.996699905,8.002600098,163.2891998,194.9158936,161.1612854,160.0031433,277.5681763,153.2574921,135.4836578,330.6730652,0.854897537,0.145102596,0.009634628,0.00031661
2020-12-09,18:11:04,5.996500015,8.002600098,163.2881927,194.9245148,161.1619415,160.0033112,277.567688,153.2578583,135.4833527,330.6730652,0.854897537,0.145102596,0.009634628,0.00031661
2020-12-09,18:11:05,5.99659996,8.002600098,163.2881927,194.9326782,161.1616058,160.0030823,277.5682678,153.2580261,135.4832153,330.6730652,0.854897537,0.145102596,0.009634628,0.00031661
2020-12-09,18:11:06,5.996300125,8.002600098,163.2881927,194.9423523,161.1607361,160.0027618,277.5693054,153.2587738,135.4826202,330.6730652,0.854897537,0.145102596,0.009634628,0.00031661
2020-12-09,18:11:07,5.996500015,8.002600098,163.2881927,194.9509583,161.1609802,160.0030212,277.5683899,153.2598114,135.4817963,330.6730652,0.854897537,0.145102596,0.009634628,0.00031661
2020-12-09,18:11:08,5.99640007,8.002500153,163.2881927,194.9591522,161.1606293,160.0032501,277.5677795,153.2603455,135.4813843,330.6730652,0.854897537,0.145102596,0.009634628,0.00031661
2020-12-09,18:11:09,5.99679985,8.002600098,163.2881927,194.9667969,161.1609802,160.0028229,277.5690613,153.2609253,135.4808502,330.6730652,0.854897537,0.145102596,0.009634628,0.00031661
2020-12-09,18:11:10,5.99659996,8.002500153,163.2881927,194.9759827,161.1604004,160.0031738,277.5679321,153.2620239,135.4800415,330.6730652,0.854897537,0.145102596,0.009634628,0.00031661
2020-12-09,18:11:11,5.996500015,8.002500153,163.2892456,194.9837189,161.1617279,160.0029144,277.5686951,153.2619171,135.4799194,330.6730652,0.854897537,0.145102596,0.009634628,0.00031661
2020-12-09,18:11:12,5.99659996,8.002500153,163.2880554,194.9936676,161.1610107,160.0030212,277.5684204,153.2626648,135.4795074,330.6730652,0.854897537,0.145102596,0.009634628,0.000315626
2020-12-09,18:11:13,5.99620018,8.002500153,163.2880554,195.0014343,161.1611328,160.0031433,277.5682373,153.2633972,135.4788971,330.6730652,0.854897537,0.145102596,0.009634628,0.000315626
2020-12-09,18:11:14,5.99659996,8.002500153,163.289093,195.010437,161.1609192,160.0031433,277.5680237,153.2632141,135.4790649,330.6730652,0.854897537,0.145102596,0.009634628,0.000315626
2020-12-09,18:11:15,5.99679985,8.002500153,163.2880554,195.0186462,161.1605072,160.0028229,277.5690918,153.2639313,135.4784698,330.6730652,0.854897537,0.145102596,0.009634628,0.000315626
2020-12-09,18:11:16,5.99659996,8.002500153,163.2880554,195.0280151,161.1613159,160.0029755,277.568573,153.2645874,135.4779816,330.6730652,0.854897537,0.145102596,0.009634628,0.000315626
2020-12-09,18:11:17,5.99620018,8.002500153,163.2890625,195.0365448,161.1601715,160.0027008,277.569397,153.2654266,135.4772339,330.6730652,0.854897537,0.145102596,0.009634628,0.000315626
2020-12-09,18:11:18,5.996099854,8.002500153,163.2890625,195.0443878,161.1608276,160.0030823,277.5683289,153.2657013,135.4770813,330.6730652,0.854897537,0.145102596,0.009634628,0.000315385
2020-12-09,18:11:19,5.995899963,8.002400208,163.2879944,195.0527496,161.1620941,160.0028229,277.5691223,153.2664337,135.4764099,330.6730652,0.854897537,0.145102596,0.009634628,0.000315385
2020-12-09,18:11:20,5.996099854,8.002500153,163.2879944,195.0624695,161.1621857,160.0035706,277.566925,153.2671661,135.4758606,330.6730652,0.854897537,0.145102596,0.009634628,0.000315385
2020-12-09,18:11:21,5.99640007,8.002400208,163.2890015,195.0709076,161.1611328,160.0031433,277.5682373,153.2679138,135.4752808,330.6730652,0.854897537,0.145102596,0.009634628,0.000315385
2020-12-09,18:11:22,5.996500015,8.002500153,163.2890015,195.078476,161.161377,160.0029755,277.5685425,153.2677307,135.4753723,330.6730652,0.854897537,0.145102596,0.009634628,0.000315385
2020-12-09,18:11:23,5.995899963,8.002400208,163.2890015,195.0864258,161.161911,160.0031433,277.5680542,153.26828,135.4749603,330.568634,0.854897537,0.145102596,0.009634628,0.000315385
2020-12-09,18:11:24,5.995800018,8.002500153,163.2879944,195.095459,161.1615295,160.0033112,277.567627,153.2689056,135.4745178,330.568634,0.854897537,0.145102596,0.009634628,0.000315385
2020-12-09,18:11:25,5.995700073,8.002400208,163.2879944,195.1029968,161.1620483,160.0030212,277.5684814,153.2696838,135.4738922,330.568634,0.854897537,0.145102596,0.009634628,0.000315385
2020-12-09,18:11:26,5.99620018,8.002400208,163.2879944,195.1121674,161.1618042,160.0031738,277.5679932,153.2701263,135.4735413,330.568634,0.854897537,0.145102596,0.009634628,0.000315385
2020-12-09,18:11:27,5.996500015,8.002400208,163.2879944,195.1205292,161.1614075,160.0032501,277.5678101,153.2695007,135.4740143,330.568634,0.854897537,0.145102596,0.009634628,0.000315385
2020-12-09,18:11:28,5.996300125,8.002400208,163.2879944,195.1277313,161.1616516,160.0030823,277.5682678,153.2709656,135.4728699,330.568634,0.854897537,0.145102596,0.009634628,0.000315385
2020-12-09,18:11:29,5.99640007,8.002400208,163.2879944,195.1363068,161.1609955,160.0028229,277.5691833,153.2707062,135.4730682,330.568634,0.854897537,0.145102596,0.009634628,0.000315385
2020-12-09,18:11:30,5.996099854,8.002300262,163.2890472,195.1430054,161.1622925,160.002655,277.5688171,153.2718964,135.4721985,330.568634,0.854897537,0.145102596,0.009634628,0.000315385
2020-12-09,18:11:31,5.995999908,8.002400208,163.2890472,195.1527405,161.1627045,160.0031433,277.5682068,153.2721558,135.4719391,330.568634,0.854897537,0.145102596,0.009634628,0.000315385
2020-12-09,18:11:32,5.996300125,8.002300262,163.2890472,195.1607361,161.1613312,160.0029755,277.568573,153.2730865,135.4711914,330.568634,0.854897537,0.145102596,0.009634628,0.000315385
2020-12-09,18:11:33,5.996500015,8.002400208,163.2890472,195.1699066,161.1609802,160.0033569,277.5675659,153.2735443,135.4707947,330.568634,0.854897537,0.145102596,0.009634628,0.000315385
2020-12-09,18:11:34,5.99659996,8.002300262,163.2890472,195.1767273,161.1619568,160.0030212,277.5684814,153.274292,135.4702148,330.568634,0.854897537,0.145102596,0.009634628,0.000315385
2020-12-09,18:11:35,5.996699905,8.002400208,163.2890472,195.185257,161.1615906,160.0031433,277.5681152,153.2740021,135.4703979,330.568634,0.854897537,0.145102596,0.009634628,0.000315385
2020-12-09,18:11:36,5.996300125,8.002300262,163.2890472,195.1933899,161.1616974,160.0027618,277.5693054,153.2747498,135.4698639,330.568634,0.854897537,0.145102596,0.009634628,0.000315385
2020-12-09,18:11:37,5.996099854,8.002300262,163.2890472,195.2023315,161.1615448,160.003479,277.5672607,153.2759247,135.4688721,330.568634,0.854897537,0.145102596,0.009634628,0.000315385
2020-12-09,18:11:38,5.995999908,8.002300262,163.2890472,195.2107239,161.1613312,160.0036316,277.5667725,153.2754822,135.4692535,330.568634,0.854897537,0.145102596,0.009634628,0.000315385
2020-12-09,18:11:39,5.99620018,8.002200317,163.2890472,195.2182922,161.1614685,160.0030823,277.5683289,153.2759247,135.4688568,330.568634,0.854897537,0.145102596,0.009634628,0.000315385
2020-12-09,18:11:40,5.996500015,8.002300262,163.2890472,195.2267151,161.1607666,160.003418,277.5674438,153.2766724,135.4683075,330.568634,0.854897537,0.145102596,0.009634628,0.000315385
2020-12-09,18:11:41,5.996300125,8.002200317,163.2890472,195.2340546,161.1621857,160.0032501,277.5678101,153.2776031,135.4675446,330.568634,0.854897537,0.145102596,0.009634628,0.000315385
2020-12-09,18:11:42,5.99620018,8.002300262,163.2890472,195.2429352,161.1614075,160.00354,277.5671997,153.2774048,135.4676819,330.568634,0.85485672,0.145143299,0.009634628,0.000315385
2020-12-09,18:11:43,5.995899963,8.002200317,163.2900543,195.2501678,161.16185,160.00354,277.5670166,153.2786255,135.4666901,330.568634,0.85485672,0.145143299,0.009634628,0.000315385
2020-12-09,18:11:44,5.995800018,8.002200317,163.289032,195.2584076,161.1623993,160.0029755,277.568512,153.2780609,135.4671021,330.568634,0.85485672,0.145143299,0.009634628,0.000315385
2020-12-09,18:11:45,5.995600128,8.002200317,163.289032,195.2667542,161.1615906,160.0033569,277.5675659,153.2788849,135.4664917,330.568634,0.85485672,0.145143299,0.009634628,0.000315385
2020-12-09,18:11:46,5.99620018,8.002100372,163.289032,195.2740326,161.1606293,160.0029144,277.5687561,153.2797394,135.4658661,330.568634,0.85485672,0.145143299,0.009634628,0.000315385
2020-12-09,18:11:47,5.99640007,8.002100372,163.289032,195.2818909,161.1619873,160.00354,277.5670166,153.2799988,135.4655914,330.568634,0.85485672,0.145143299,0.009634628,0.000315385
2020-12-09,18:11:48,5.996300125,8.002200317,163.289032,195.2915192,161.1611481,160.0031433,277.5681458,153.2794647,135.4660339,330.568634,0.85485672,0.145143299,0.009634628,0.000315385
2020-12-09,18:11:49,5.995999908,8.002100372,163.289032,195.2982483,161.1615295,160.003418,277.5673828,153.2807465,135.4649811,330.568634,0.85485672,0.145143299,0.009634628,0.000315385
2020-12-09,18:11:50,5.995500183,8.002100372,163.289032,195.3062592,161.1607819,160.0041504,277.5654297,153.2810211,135.4647827,330.568634,0.85485672,0.145143299,0.009634628,0.000315385
2020-12-09,18:11:51,5.995399857,8.002100372,163.289032,195.314209,161.1620941,160.0031433,277.5681763,153.2812042,135.4646149,330.568634,0.85485672,0.145143299,0.009634628,0.000315385
2020-12-09,18:11:52,5.995700073,8.002100372,163.289032,195.3218536,161.1625977,160.0033569,277.5675354,153.2816925,135.4642181,330.568634,0.85485672,0.145143299,0.009634628,0.000315385
2020-12-09,18:11:53,5.995999908,8.002100372,163.289032,195.3297882,161.1614685,160.003418,277.5673523,153.2822266,135.4637756,330.568634,0.85485672,0.145143299,0.009634628,0.000315385
2020-12-09,18:11:54,5.995800018,8.002100372,163.289032,195.3377838,161.1616821,160.0032501,277.5678406,153.2820435,135.4639893,330.568634,0.85485672,0.145143299,0.009634628,0.000315385
2020-12-09,18:11:55,5.995899963,8.001999664,163.289032,195.3456268,161.1620636,160.0033569,277.5673523,153.2834167,135.4628601,330.568634,0.85485672,0.145143299,0.009634628,0.000315385
2020-12-09,18:11:56,5.995600128,8.002100372,163.289032,195.3526306,161.1617737,160.003418,277.5677185,153.2828522,135.4633331,330.568634,0.85485672,0.145143299,0.009634628,0.000315698
2020-12-09,18:11:57,5.995299911,8.001999664,163.289032,195.3622589,161.1618652,160.00354,277.5671997,153.2830505,135.4631348,330.568634,0.85485672,0.145143299,0.009634628,0.000315698
2020-12-09,18:11:58,5.995700073,8.001999664,163.2880249,195.3686371,161.161377,160.003418,277.5674133,153.284256,135.4621429,330.568634,0.85485672,0.145143299,0.009634628,0.000315626
2020-12-09,18:11:59,5.995999908,8.001999664,163.2880249,195.376358,161.1621704,160.0036316,277.5667114,153.28508,135.4615326,330.568634,0.85485672,0.145143299,0.009634628,0.000315626
2020-12-09,18:12:00,5.995899963,8.001999664,163.2890625,195.3843994,161.1613464,160.0037537,277.5670471,153.2844391,135.4620361,330.568634,0.85485672,0.145143299,0.009634628,0.00031661
2020-12-09,18:12:01,5.996300125,8.001899719,163.2880554,195.3914642,161.1617584,160.0030823,277.5682678,153.2849884,135.4616089,330.568634,0.85485672,0.145143299,0.009634628,0.00031661
2020-12-09,18:12:02,5.995899963,8.001899719,163.2890778,195.3993378,161.1614532,160.0037537,277.5665283,153.285553,135.4610901,330.568634,0.85485672,0.145143299,0.009634628,0.00031661
2020-12-09,18:12:03,5.995600128,8.001999664,163.2890778,195.4075775,161.1616821,160.00354,277.5670471,153.2859039,135.4608002,330.568634,0.85485672,0.145143299,0.009634628,0.00031661
2020-12-09,18:12:04,5.995100021,8.001899719,163.2890778,195.4149475,161.1622772,160.0036316,277.5667114,153.286377,135.460495,330.568634,0.85485672,0.145143299,0.009634628,0.00031661
2020-12-09,18:12:05,5.995299911,8.001899719,163.2890778,195.42276,161.1625214,160.00354,277.5671997,153.2865601,135.4603119,330.568634,0.85485672,0.145143299,0.009634628,0.00031661
2020-12-09,18:12:06,5.995199966,8.001899719,163.2890778,195.4297485,161.1612854,160.0033569,277.5665588,153.2872772,135.4597321,330.568634,0.85485672,0.145143299,0.009634628,0.00031661
2020-12-09,18:12:07,5.995600128,8.001899719,163.2890778,195.4377441,161.1627045,160.0032501,277.5678101,153.2876587,135.4594421,330.568634,0.85485672,0.145143299,0.009634628,0.00031661
2020-12-09,18:12:08,5.995899963,8.001799774,163.2890778,195.4443207,161.1619415,160.0038147,277.5663757,153.288208,135.4589844,330.568634,0.85485672,0.145143299,0.009634628,0.000315626
2020-12-09,18:12:09,5.995700073,8.001899719,163.2901001,195.4524994,161.1616974,160.0036316,277.5667419,153.2883911,135.458786,330.568634,0.85485672,0.145143299,0.009634628,0.000315626
2020-12-09,18:12:10,5.995800018,8.001799774,163.2901001,195.460022,161.1618652,160.0038147,277.5662842,153.288681,135.4585724,330.568634,0.85485672,0.145143299,0.009634628,0.000315626
2020-12-09,18:12:11,5.995399857,8.001799774,163.2879944,195.4684906,161.1624451,160.0039673,277.5658264,153.2883911,135.4587708,330.568634,0.85485672,0.145143299,0.009634628,0.000315626
2020-12-09,18:12:12,5.995100021,8.001799774,163.2891235,195.4752197,161.1615906,160.0035706,277.5669556,153.2892303,135.4581299,330.568634,0.854852829,0.1451472,0.009634628,0.000315626
2020-12-09,18:12:13,5.995299911,8.001799774,163.2891235,195.4825592,161.1621246,160.0038757,277.5662537,153.2897034,135.4577637,330.568634,0.854852829,0.1451472,0.009634628,0.000315626
2020-12-09,18:12:14,5.995600128,8.001799774,163.2891235,195.4900055,161.1613159,160.0035706,277.566925,153.2903442,135.4572754,330.568634,0.854852829,0.1451472,0.009634628,0.000315568
2020-12-09,18:12:15,5.995800018,8.001699829,163.2891235,195.4984131,161.1607513,160.0037079,277.5666199,153.290451,135.4571533,330.568634,0.854852829,0.1451472,0.009634628,0.000315568
2020-12-09,18:12:16,5.995899963,8.001799774,163.2891235,195.5054474,161.1622925,160.00354,277.5671082,153.2906342,135.457077,330.568634,0.854852829,0.1451472,0.009634628,0.000315568
2020-12-09,18:12:17,5.995999908,8.001699829,163.2891235,195.5130615,161.1625977,160.0037537,277.5664673,153.2908173,135.4568939,330.568634,0.854852829,0.1451472,0.009634628,0.000315568
2020-12-09,18:12:18,5.995600128,8.001699829,163.2891235,195.519516,161.1617126,160.0031738,277.5678711,153.2919922,135.4559021,330.462677,0.854844894,0.145155096,0.009634628,0.000315568
2020-12-09,18:12:19,5.995399857,8.001699829,163.2891235,195.5267639,161.1624146,160.00354,277.5670776,153.2919159,135.4560394,330.462677,0.854844894,0.145155096,0.009634628,0.000315568
2020-12-09,18:12:20,5.995600128,8.001599884,163.2891235,195.5351715,161.1608734,160.0037537,277.5664368,153.2924652,135.4555817,330.462677,0.854844894,0.145155096,0.009634628,0.000315568
2020-12-09,18:12:21,5.995500183,8.001699829,163.2891235,195.5429382,161.1615448,160.0038757,277.5661621,153.2920837,135.4557953,330.462677,0.854844894,0.145155096,0.009634628,0.000315568
2020-12-09,18:12:22,5.995800018,8.001599884,163.2891235,195.5489655,161.1619263,160.0036316,277.5667725,153.2932129,135.4549561,330.462677,0.854844894,0.145155096,0.009634628,0.000315568
2020-12-09,18:12:23,5.995899963,8.001599884,163.2891235,195.5560608,161.1621857,160.0038757,277.5661621,153.2936707,135.4545898,330.462677,0.854844894,0.145155096,0.009634628,0.000315568
2020-12-09,18:12:24,5.995600128,8.001699829,163.2891235,195.563446,161.1616516,160.0037079,277.5666199,153.2931061,135.4550323,330.462677,0.854844894,0.145155096,0.009634628,0.000315568
2020-12-09,18:12:25,5.995299911,8.001599884,163.2891235,195.5710754,161.1624603,160.0041504,277.5653992,153.2939453,135.4543152,330.462677,0.854844894,0.145155096,0.009634628,0.000315568
2020-12-09,18:12:26,5.995000076,8.001599884,163.2891235,195.578537,161.1610107,160.0035706,277.5669556,153.2940369,135.4544373,330.462677,0.854844894,0.145155096,0.009634628,0.000315568
2020-12-09,18:12:27,5.994900131,8.001599884,163.2891235,195.585968,161.1621246,160.0040436,277.5657654,153.2944031,135.4540253,330.462677,0.854844894,0.145155096,0.009634628,0.000315568
2020-12-09,18:12:28,5.994800186,8.001499939,163.2891235,195.5925446,161.1615906,160.0038757,277.5662231,153.2944946,135.4538574,330.462677,0.854844894,0.145155096,0.009634628,0.000315568
2020-12-09,18:12:29,5.995299911,8.001599884,163.2891235,195.59935,161.1625061,160.0037537,277.5664063,153.2952271,135.4533386,330.462677,0.854844894,0.145155096,0.009634628,0.000315568
2020-12-09,18:12:30,5.995800018,8.001599884,163.2891235,195.6071014,161.1614532,160.0040894,277.5655518,153.2951355,135.4532318,330.462677,0.854844894,0.145155096,0.009634628,0.000315568
2020-12-09,18:12:31,5.995899963,8.001499939,163.2891235,195.6145477,161.1616516,160.0037079,277.5665588,153.2956848,135.4529724,330.462677,0.854844894,0.145155096,0.009634628,0.000315568
2020-12-09,18:12:32,5.995600128,8.001499939,163.2891235,195.6221924,161.1613922,160.0040894,277.5655823,153.2961578,135.4525909,330.462677,0.854844894,0.145155096,0.009634628,0.000315568
2020-12-09,18:12:33,5.995399857,8.001499939,163.2891235,195.6285553,161.1616974,160.0039215,277.5649719,153.2959747,135.4527435,330.462677,0.854844894,0.145155096,0.009634628,0.000315568
2020-12-09,18:12:34,5.995000076,8.001399994,163.2891235,195.6355438,161.1615753,160.004425,277.5653992,153.2967072,135.4521179,330.462677,0.854844894,0.145155096,0.009634628,0.00031661
2020-12-09,18:12:35,5.994800186,8.001499939,163.2891235,195.6428223,161.1612549,160.00354,277.5670776,153.2977295,135.4513245,330.462677,0.854844894,0.145155096,0.009634628,0.00031661
2020-12-09,18:12:36,5.995000076,8.001399994,163.2891235,195.6488037,161.1615906,160.0038757,277.5662537,153.297348,135.4515991,330.462677,0.854844894,0.145155096,0.009634628,0.00031661
2020-12-09,18:12:37,5.995299911,8.001399994,163.2891235,195.6562958,161.1622009,160.003479,277.5672607,153.2975311,135.4514771,330.462677,0.854844894,0.145155096,0.009634628,0.00031661
2020-12-09,18:12:38,5.995800018,8.001399994,163.2891235,195.6632996,161.1608582,160.0036316,277.5666809,153.2980804,135.4509735,330.462677,0.854844894,0.145155096,0.009634628,0.00031661
2020-12-09,18:12:39,5.995999908,8.001399994,163.2891235,195.6705933,161.1618652,160.0038147,277.5663757,153.2978973,135.4511566,330.462677,0.854844894,0.145155096,0.009634628,0.00031661
2020-12-09,18:12:40,5.996099854,8.001300049,163.2891235,195.6768494,161.1610718,160.0041504,277.5654602,153.2990875,135.4502106,330.462677,0.854844894,0.145155096,0.009634628,0.00031661
2020-12-09,18:12:41,5.995600128,8.001399994,163.2891235,195.6847687,161.1611786,160.0039215,277.5660095,153.2995758,135.4498138,330.462677,0.854844894,0.145155096,0.009634628,0.00031661
2020-12-09,18:12:42,5.995299911,8.001300049,163.2891235,195.6918335,161.1609497,160.0037537,277.5664673,153.2997742,135.4496918,330.462677,0.854888535,0.145111504,0.009634628,0.00031661
2020-12-09,18:12:43,5.995199966,8.001300049,163.2891235,195.6978302,161.1613617,160.0039215,277.565979,153.2995758,135.4497833,330.462677,0.854888535,0.145111504,0.009634628,0.00031661
2020-12-09,18:12:44,5.995399857,8.001300049,163.2891235,195.7054901,161.1618195,160.0040436,277.5657349,153.3006897,135.4489136,330.462677,0.854888535,0.145111504,0.009634628,0.00031661
2020-12-09,18:12:45,5.995600128,8.001300049,163.2891235,195.7114563,161.1628418,160.0039215,277.5661011,153.2998657,135.449646,330.462677,0.854888535,0.145111504,0.009634628,0.00031661
2020-12-09,18:12:46,5.995899963,8.001300049,163.2891235,195.7195129,161.1614075,160.0036316,277.5667419,153.2995758,135.4497986,330.462677,0.854888535,0.145111504,0.009634628,0.00031661
2020-12-09,18:12:47,5.996099854,8.001200104,163.2891235,195.7258301,161.1617126,160.0039673,277.5657959,153.3005981,135.4490814,330.462677,0.854888535,0.145111504,0.009634628,0.00031661
2020-12-09,18:12:48,5.99640007,8.001300049,163.2891235,195.7333832,161.162323,160.0042114,277.5652771,153.3014221,135.4483643,330.462677,0.854888535,0.145111504,0.009634628,0.00031661
2020-12-09,18:12:49,5.996099854,8.001200104,163.2891235,195.7388306,161.1609344,160.0040894,277.5656128,153.3015137,135.4482422,330.462677,0.854888535,0.145111504,0.009634628,0.00031661
2020-12-09,18:12:50,5.995800018,8.001200104,163.2891235,195.7456055,161.1618347,160.0037537,277.5664673,153.3006897,135.4489136,330.462677,0.854888535,0.145111504,0.009634628,0.00031661
2020-12-09,18:12:51,5.995600128,8.001200104,163.2891235,195.7528839,161.1620331,160.0039215,277.565979,153.3020477,135.4477844,330.462677,0.854888535,0.145111504,0.009634628,0.00031661
2020-12-09,18:12:52,5.995700073,8.001200104,163.2891235,195.759201,161.1611023,160.0042114,277.5652466,153.3024292,135.4475555,330.462677,0.854888535,0.145111504,0.009634628,0.00031661
2020-12-09,18:12:53,5.995899963,8.001100159,163.2891235,195.7667542,161.1619873,160.0037079,277.5665894,153.3016968,135.4481354,330.462677,0.854888535,0.145111504,0.009634628,0.00031661
2020-12-09,18:12:54,5.996300125,8.001200104,163.2891235,195.7737274,161.1615601,160.0039215,277.5660706,153.3025208,135.4474487,330.462677,0.854888535,0.145111504,0.009634628,0.00031661
2020-12-09,18:12:55,5.99659996,8.001100159,163.2891235,195.7800293,161.1622467,160.0039673,277.5658264,153.3029785,135.4470978,330.462677,0.854888535,0.145111504,0.009634628,0.00031661
2020-12-09,18:12:56,5.99679985,8.001200104,163.2891235,195.7874451,161.1621552,160.0041504,277.5653381,153.3031769,135.4468994,330.462677,0.854888535,0.145111504,0.009634628,0.00031661
2020-12-09,18:12:57,5.996900177,8.001100159,163.2891235,195.7929993,161.1626282,160.0038757,277.5661926,153.303833,135.4463806,330.462677,0.854888535,0.145111504,0.009634628,0.00031661
2020-12-09,18:12:58,5.99659996,8.001100159,163.2891235,195.8002472,161.1618652,160.0044708,277.5645447,153.3036346,135.4465942,330.462677,0.854888535,0.145111504,0.009634628,0.00031661
2020-12-09,18:12:59,5.996500015,8.001100159,163.2891235,195.8068848,161.1607819,160.0039215,277.565918,153.3039246,135.4463043,330.462677,0.854888535,0.145111504,0.009634628,0.00031661
2020-12-09,18:13:00,5.99640007,8.001000214,163.2891235,195.813324,161.1622925,160.0036316,277.5667114,153.3047485,135.4456787,330.462677,0.854888535,0.145111504,0.009634628,0.00031661
2020-12-09,18:13:01,5.99659996,8.001100159,163.2891235,195.8200836,161.1620331,160.004364,277.5647888,153.3049927,135.4453888,330.462677,0.854888535,0.145111504,0.009634628,0.00031661
2020-12-09,18:13:02,5.996699905,8.001000214,163.2891235,195.8266449,161.161438,160.0040436,277.5656433,153.3037415,135.4464264,330.462677,0.854888535,0.145111504,0.009634628,0.00031661
2020-12-09,18:13:03,5.996900177,8.001000214,163.2891235,195.833847,161.1626129,160.0046387,277.5639038,153.3055725,135.4449463,330.462677,0.854888535,0.145111504,0.009634628,0.00031661
2020-12-09,18:13:04,5.997299957,8.001000214,163.2891235,195.8401642,161.1617737,160.0037537,277.5664063,153.306015,135.4446411,330.462677,0.854883575,0.145116396,0.009634628,0.00031661
2020-12-09,18:13:05,5.997399902,8.001000214,163.2881165,195.846756,161.1611786,160.0042572,277.565155,153.306015,135.4447174,330.462677,0.854883575,0.145116396,0.009634628,0.00031661
2020-12-09,18:13:06,5.997200012,8.001000214,163.2881165,195.8534393,161.1621246,160.0040436,277.5657654,153.306488,135.4442596,330.462677,0.854883575,0.145116396,0.009634628,0.00031661
2020-12-09,18:13:07,5.997100067,8.000900269,163.2891235,195.8593597,161.1616974,160.0038757,277.5661926,153.306015,135.4446259,330.462677,0.854883575,0.145116396,0.009634628,0.00031661
2020-12-09,18:13:08,5.997299957,8.000900269,163.2891235,195.8662262,161.1624451,160.0042114,277.5653076,153.3069458,135.4438782,330.462677,0.854883575,0.145116396,0.009634628,0.00031661
2020-12-09,18:13:09,5.996900177,8.001000214,163.2891235,195.8722229,161.16185,160.0041504,277.5649719,153.3072205,135.4435883,330.462677,0.854883575,0.145116396,0.009634628,0.00031661
2020-12-09,18:13:10,5.997200012,8.000900269,163.2891235,195.8785095,161.1613922,160.0039673,277.5658875,153.3068695,135.4439545,330.462677,0.854883575,0.145116396,0.009634628,0.00031661
2020-12-09,18:13:11,5.997200012,8.000900269,163.2891235,195.8848114,161.1621246,160.0041504,277.5654297,153.3080444,135.4429779,330.462677,0.854883575,0.145116396,0.009634628,0.00031661
2020-12-09,18:13:12,5.997399902,8.000900269,163.2891235,195.8921051,161.1623535,160.0047455,277.5636597,153.3078766,135.443161,330.462677,0.854883575,0.145116396,0.009634628,0.00031661
2020-12-09,18:13:13,5.997900009,8.000800323,163.2891235,195.8986511,161.1625214,160.0040436,277.5656433,153.3083344,135.442749,330.462677,0.854883575,0.145116396,0.009634628,0.00031661
2020-12-09,18:13:14,5.997999954,8.000900269,163.2891235,195.9042969,161.161438,160.0045319,277.5643921,153.3085175,135.4426422,330.462677,0.854883575,0.145116396,0.009634628,0.00031661
2020-12-09,18:13:15,5.997700119,8.000800323,163.2891235,195.9108429,161.1618042,160.004364,277.5647278,153.3080444,135.4429474,330.462677,0.854883575,0.145116396,0.009634628,0.00031661
2020-12-09,18:13:16,5.997600174,8.000800323,163.2901611,195.9186554,161.1622772,160.0039215,277.5660706,153.3088074,135.4423828,330.462677,0.854883575,0.145116396,0.009634628,0.00031661
2020-12-09,18:13:17,5.997900009,8.000800323,163.2901611,195.9245911,161.1615448,160.0042572,277.5650024,153.3085175,135.4425659,330.462677,0.854883575,0.145116396,0.009634628,0.00031661
2020-12-09,18:13:18,5.997700119,8.000800323,163.2901611,195.9302979,161.1611938,160.0045929,277.564209,153.3093414,135.4419098,330.462677,0.854883575,0.145116396,0.009634628,0.00031661
2020-12-09,18:13:19,5.997499847,8.000800323,163.2891083,195.9362793,161.1622314,160.0044708,277.5644531,153.3097992,135.4415436,330.462677,0.854883575,0.145116396,0.009634628,0.00031661
2020-12-09,18:13:20,5.997600174,8.000800323,163.2891083,195.9422302,161.1627655,160.0042114,277.5653076,153.3098907,135.4416351,330.462677,0.854883575,0.145116396,0.009634628,0.000315626
2020-12-09,18:13:21,5.997999954,8.000800323,163.2891083,195.9492035,161.1613312,160.0045319,277.5643921,153.3095245,135.4413452,330.462677,0.854883575,0.145116396,0.009634628,0.000315626
2020-12-09,18:13:22,5.998199844,8.000700378,163.2891083,195.9558105,161.1628265,160.0042572,277.5651855,153.3108368,135.4407806,330.462677,0.854869614,0.145130396,0.009634628,0.000315626
2020-12-09,18:13:23,5.998300171,8.000800323,163.2891083,195.9612274,161.1621552,160.0041504,277.5654602,153.3107605,135.4408417,330.462677,0.854869614,0.145130396,0.009634628,0.000315626
2020-12-09,18:13:24,5.998199844,8.000800323,163.2891083,195.9687347,161.1617737,160.0044708,277.5644836,153.3112946,135.4403992,330.462677,0.854899368,0.145100603,0.009634628,0.000315626
2020-12-09,18:13:25,5.998500061,8.000700378,163.2891083,195.9752655,161.1625214,160.0046387,277.5639038,153.3115845,135.4401245,330.462677,0.854899368,0.145100603,0.009634628,0.000315626
2020-12-09,18:13:26,5.998199844,8.000700378,163.2901154,195.9806213,161.1615753,160.004364,277.5647583,153.3123016,135.4395599,330.462677,0.854898529,0.145101605,0.009634628,0.000315626
2020-12-09,18:13:27,5.997999954,8.000800323,163.2890778,195.9859009,161.1625824,160.0043182,277.5648499,153.3115845,135.4401703,330.462677,0.854898529,0.145101605,0.009634628,0.000315626
2020-12-09,18:13:28,5.998099899,8.000700378,163.2890778,195.9930878,161.1631317,160.0044708,277.5644226,153.3114014,135.4403076,330.3453369,0.854898529,0.145101605,0.009634628,0.000315626
2020-12-09,18:13:29,5.997900009,8.000700378,163.2890778,195.9994507,161.1612091,160.0043182,277.5649109,153.3127747,135.439209,330.3453369,0.854898529,0.145101605,0.009634628,0.000315626
2020-12-09,18:13:30,5.998099899,8.00059967,163.2890778,196.0051575,161.16185,160.0042572,277.565155,153.3129578,135.4390106,330.3453369,0.854898529,0.145101605,0.009634628,0.000315626
2020-12-09,18:13:31,5.997900009,8.00059967,163.2890778,196.0112915,161.1615906,160.0043182,277.5648499,153.3123932,135.4394531,330.3453369,0.854898529,0.145101605,0.009634628,0.000315626
2020-12-09,18:13:32,5.998400116,8.00059967,163.2880707,196.0185852,161.1607971,160.0042572,277.5650635,153.313324,135.4387512,330.3453369,0.854898529,0.145101605,0.009634628,0.000315626
2020-12-09,18:13:33,5.998600006,8.00059967,163.2891388,196.0235596,161.1619263,160.004425,277.5645752,153.3128662,135.4390869,330.4632263,0.854898529,0.145101605,0.009634628,0.000315626
2020-12-09,18:13:34,5.998500061,8.00059967,163.2901459,196.0300903,161.1615448,160.0046844,277.5638428,153.3139801,135.4382782,330.4632263,0.854898529,0.145101605,0.009634628,0.000315626
2020-12-09,18:13:35,5.998699951,8.00059967,163.2891083,196.0366364,161.162323,160.0044708,277.5645142,153.3135071,135.4385834,330.4632263,0.854898529,0.145101605,0.009634628,0.000315626
2020-12-09,18:13:36,5.998500061,8.000499725,163.2891083,196.0421753,161.161087,160.0042572,277.5651855,153.3139801,135.4382477,330.4632263,0.854898529,0.145101605,0.009634628,0.000315626
2020-12-09,18:13:37,5.998300171,8.00059967,163.2901306,196.0487518,161.1614838,160.0045319,277.5643616,153.3150635,135.4373627,330.4632263,0.854898529,0.145101605,0.009634628,0.000315626
2020-12-09,18:13:38,5.998500061,8.000499725,163.2891235,196.0543518,161.1622314,160.0046387,277.5640869,153.3153534,135.4371185,330.4632263,0.854898529,0.145101605,0.009634628,0.000315626
2020-12-09,18:13:39,5.998400116,8.000499725,163.2891235,196.0601196,161.1607971,160.0048676,277.5634766,153.3148041,135.437561,330.4632263,0.854898529,0.145101605,0.009634628,0.000315626
2020-12-09,18:13:40,5.998300171,8.000499725,163.2901611,196.0658875,161.1616364,160.0046387,277.5639648,153.3158112,135.4367523,330.4632263,0.854898529,0.145101605,0.009634628,0.000315626
2020-12-09,18:13:41,5.998600006,8.000499725,163.2891235,196.072052,161.1624146,160.0045319,277.5643005,153.315918,135.4366608,330.4632263,0.854898529,0.145101605,0.009634628,0.000315626
2020-12-09,18:13:42,5.998500061,8.000499725,163.2891235,196.0781555,161.1613922,160.0048676,277.5634766,153.3156281,135.4368896,330.4632263,0.854898529,0.145101605,0.009634628,0.000315626
2020-12-09,18:13:43,5.998699951,8.000499725,163.2901611,196.0842438,161.1634674,160.0044708,277.5646362,153.3162689,135.4363708,330.4632263,0.854898529,0.145101605,0.009634628,0.000315626
2020-12-09,18:13:44,5.998600006,8.00039978,163.2901611,196.091217,161.1618958,160.0047455,277.5636292,153.316452,135.4362488,330.4632263,0.854898529,0.145101605,0.009634628,0.000315626
2020-12-09,18:13:45,5.998699951,8.000499725,163.2901611,196.0955353,161.161438,160.0049286,277.5633545,153.3169861,135.4357758,330.4632263,0.854898529,0.145101605,0.009634628,0.000315626
2020-12-09,18:13:46,5.998899841,8.00039978,163.2891235,196.1021271,161.1621552,160.0044708,277.5645447,153.3165588,135.436142,330.4632263,0.854898529,0.145101605,0.009634628,0.000315683
2020-12-09,18:13:47,5.998799896,8.00039978,163.2891235,196.1077118,161.1605072,160.0047913,277.5635071,153.3171082,135.4356537,330.4632263,0.854898529,0.145101605,0.009634628,0.000315683
2020-12-09,18:13:48,5.998699951,8.00039978,163.2891235,196.1136932,161.1622467,160.0049286,277.5638733,153.317276,135.4355164,330.4632263,0.854898529,0.145101605,0.009634628,0.000315683
2020-12-09,18:13:49,5.998799896,8.00039978,163.2891235,196.1201172,161.1613922,160.0046387,277.5639954,153.3179474,135.4350281,330.4632263,0.854898529,0.145101605,0.009634628,0.000315683
2020-12-09,18:13:50,5.998699951,8.000299835,163.2901306,196.1264343,161.1611481,160.0047913,277.5635376,153.3180389,135.4349518,330.4632263,0.854898529,0.145101605,0.009634628,0.000316552
2020-12-09,18:13:51,5.998899841,8.00039978,163.2901306,196.1314545,161.1612396,160.0045929,277.56427,153.3183899,135.4346313,330.4632263,0.854898529,0.145101605,0.009634628,0.000316552
2020-12-09,18:13:52,5.998699951,8.000299835,163.2901306,196.1372986,161.161499,160.0048676,277.563385,153.3181152,135.4348907,330.4632263,0.854898529,0.145101605,0.009634628,0.000316552
2020-12-09,18:13:53,5.999000168,8.00039978,163.2901306,196.1445618,161.1620026,160.0045929,277.5641785,153.3183899,135.4346619,330.4632263,0.854898529,0.145101605,0.009634628,0.000316552
2020-12-09,18:13:54,5.999200058,8.000299835,163.2901306,196.150116,161.161438,160.0048676,277.563446,153.3187714,135.4343567,330.4632263,0.854898529,0.145101605,0.009634628,0.000316552
2020-12-09,18:13:55,5.999399948,8.000299835,163.2890778,196.1553345,161.1607361,160.0049896,277.5631409,153.31987,135.4334717,330.4632263,0.854898529,0.145101605,0.009634628,0.000316552
2020-12-09,18:13:56,5.999100113,8.000299835,163.2890778,196.1615601,161.1617737,160.0047455,277.5637207,153.3195801,135.4337006,330.4632263,0.854898529,0.145101605,0.009634628,0.000316552
2020-12-09,18:13:57,5.999200058,8.000299835,163.2901001,196.1668701,161.1615753,160.0046387,277.5640259,153.3201599,135.4331818,330.4632263,0.854898529,0.145101605,0.009634628,0.000316552
2020-12-09,18:13:58,5.999100113,8.000299835,163.2901001,196.1727448,161.1605225,160.0046844,277.5636292,153.3202362,135.4331512,330.4632263,0.854901428,0.1450986,0.009634628,0.000316552
2020-12-09,18:13:59,5.998899841,8.00019989,163.2901001,196.1789551,161.1616211,160.0048676,277.5641174,153.3208923,135.4326172,330.4632263,0.854901428,0.1450986,0.009634628,0.000316552
2020-12-09,18:14:00,5.999200058,8.000299835,163.2901001,196.1846924,161.161911,160.0050507,277.5629272,153.3214569,135.4321747,330.4632263,0.854887466,0.145112495,0.009634628,0.000316552
2020-12-09,18:14:01,5.999100113,8.00019989,163.2901001,196.1906433,161.1609802,160.0053253,277.5621643,153.3208923,135.4326477,330.4632263,0.854887466,0.145112495,0.009634628,0.000316552
2020-12-09,18:14:02,5.999300003,8.00019989,163.2890778,196.1957855,161.161499,160.0049896,277.5631104,153.3213654,135.432251,330.4632263,0.854887466,0.145112495,0.009634628,0.000316552
2020-12-09,18:14:03,5.999100113,8.00019989,163.2890778,196.2014618,161.1604614,160.0047455,277.5636597,153.3215485,135.4321136,330.4632263,0.854887466,0.145112495,0.009634628,0.000316552
2020-12-09,18:14:04,5.999499893,8.00019989,163.2890778,196.2064819,161.1613464,160.0049896,277.5631409,153.3217316,135.4319611,330.4632263,0.854885483,0.145114498,0.009634628,0.000316552
2020-12-09,18:14:05,5.999399948,8.00019989,163.2890778,196.2136841,161.1616058,160.0045929,277.5641174,153.3213654,135.4322205,330.4632263,0.854885483,0.145114498,0.009634628,0.000316552
2020-12-09,18:14:06,5.999499893,8.000099945,163.2890778,196.2188873,161.1608582,160.0049896,277.5631714,153.3232117,135.4307861,330.4632263,0.854885483,0.145114498,0.009634628,0.000316552
2020-12-09,18:14:07,5.999700165,8.00019989,163.2890778,196.2246704,161.1613007,160.0052032,277.562439,153.3226471,135.4311981,330.4632263,0.854885483,0.145114498,0.009634628,0.000316552
2020-12-09,18:14:08,5.999499893,8.000099945,163.2890778,196.2301178,161.1609802,160.0050507,277.5629883,153.323288,135.4306793,330.4632263,0.854885483,0.145114498,0.009634628,0.000316552
2020-12-09,18:14:09,5.999599838,8.000099945,163.2890778,196.2362366,161.1610718,160.0045929,277.5642395,153.3234711,135.4305725,330.4632263,0.854885483,0.145114498,0.009634628,0.000316552
2020-12-09,18:14:10,5.999900055,8.000099945,163.2890778,196.2419586,161.1613922,160.0049286,277.563324,153.3240356,135.4301453,330.4632263,0.854885483,0.145114498,0.009634628,0.000316552
2020-12-09,18:14:11,5.999599838,8.000099945,163.2890778,196.2474213,161.1611023,160.0051422,277.5626221,153.3232117,135.4307404,330.4632263,0.854885483,0.145114498,0.009634628,0.000316552
2020-12-09,18:14:12,5.999700165,8.000099945,163.2890778,196.2525177,161.1617889,160.0046387,277.5639038,153.323761,135.4304047,330.4632263,0.854885483,0.145114498,0.009634628,0.000316508
2020-12-09,18:14:13,5.999499893,8.000099945,163.2900848,196.258667,161.1615448,160.0051422,277.5626526,153.3243866,135.4298096,330.4632263,0.854885483,0.145114498,0.009634628,0.000316508
2020-12-09,18:14:14,5.999599838,8.000099945,163.2900848,196.2633972,161.1614532,160.0048676,277.563385,153.3249512,135.4293365,330.4632263,0.854885483,0.145114498,0.009634628,0.000316508
2020-12-09,18:14:15,5.999499893,8.0,163.2900848,196.2693329,161.1610413,160.0049896,277.5632019,153.325058,135.4294434,330.4632263,0.854885483,0.145114498,0.009634628,0.000316508
2020-12-09,18:14:16,5.999700165,8.000099945,163.2900848,196.2748108,161.1617126,160.0052032,277.5625916,153.3246765,135.4291687,330.4632263,0.854885483,0.145114498,0.009634628,0.000316508
2020-12-09,18:14:17,5.999399948,8.0,163.2900848,196.2807007,161.1612244,160.0050964,277.5627136,153.325592,135.4289093,330.4632263,0.854885483,0.145114498,0.009634628,0.000316508
2020-12-09,18:14:18,5.99980011,8.0,163.2900848,196.2865448,161.1613922,160.0052643,277.5623779,153.3261566,135.4284668,330.4632263,0.854885483,0.145114498,0.009634628,0.000316508
2020-12-09,18:14:19,5.999700165,8.0,163.2900848,196.2921143,161.1617889,160.0050507,277.5628967,153.3263397,135.4282227,330.4632263,0.854885483,0.145114498,0.009634628,0.000316508
2020-12-09,18:14:20,6.0,8.0,163.2890778,196.2976685,161.1607513,160.0052032,277.562561,153.3256989,135.4287415,330.4632263,0.854885483,0.145114498,0.009634628,0.000316508
2020-12-09,18:14:21,5.999900055,8.0,163.2900848,196.3028717,161.1612091,160.0046844,277.5637512,153.3267975,135.4279022,330.4632263,0.854885483,0.145114498,0.009634628,0.000316508
2020-12-09,18:14:22,6.000099945,7.999900055,163.2900848,196.3097382,161.161438,160.0051422,277.5626831,153.326889,135.4277802,330.4632263,0.854885483,0.145114498,0.009634628,0.000316508
2020-12-09,18:14:23,5.999900055,8.0,163.2900848,196.3141937,161.1612396,160.0046387,277.5639648,153.3267975,135.4278717,330.4632263,0.854885483,0.145114498,0.009634628,0.000316508
2020-12-09,18:14:24,6.0,7.999900055,163.2900848,196.320343,161.1615295,160.0054321,277.5618591,153.3269806,135.4276886,330.4632263,0.854885483,0.145114498,0.009634628,0.000316508
2020-12-09,18:14:25,6.000099945,8.0,163.2900848,196.3250427,161.1608429,160.0049896,277.5632324,153.327713,135.4271698,330.4632263,0.854885483,0.145114498,0.009634628,0.000316508
2020-12-09,18:14:26,5.999700165,7.999900055,163.2900848,196.3304901,161.1609192,160.0053253,277.5622559,153.3282776,135.426712,330.4632263,0.854885483,0.145114498,0.009634628,0.000316508
2020-12-09,18:14:27,6.000099945,7.999900055,163.2900848,196.3356018,161.161377,160.0049896,277.5632019,153.327713,135.4271698,330.4632263,0.854885483,0.145114498,0.009634628,0.000316508
2020-12-09,18:14:28,5.99980011,7.999900055,163.2900848,196.3412933,161.1603546,160.0052643,277.5623474,153.3283386,135.4266357,330.4632263,0.854885483,0.145114498,0.009634628,0.000316508
2020-12-09,18:14:29,6.0,7.999900055,163.2900848,196.3470001,161.159668,160.0053711,277.5619202,153.3285522,135.4264984,330.4632263,0.854885483,0.145114498,0.009634628,0.000316508
2020-12-09,18:14:30,5.999900055,7.99980011,163.2890625,196.3520966,161.1602783,160.005661,277.5613098,153.3291168,135.4260406,330.4632263,0.854885483,0.145114498,0.009634628,0.000316508
2020-12-09,18:14:31,6.000099945,7.99980011,163.2901001,196.3574219,161.1604004,160.0050964,277.5628052,153.3287506,135.4262848,330.4632263,0.854885483,0.145114498,0.009634628,0.000316508
2020-12-09,18:14:32,5.999900055,7.999900055,163.2901001,196.3636932,161.1609192,160.0049896,277.5631409,153.3295593,135.4256744,330.4632263,0.854885483,0.145114498,0.009634628,0.000316508
2020-12-09,18:14:33,6.000099945,7.99980011,163.2901001,196.3694458,161.1607208,160.0050964,277.5628052,153.3291931,135.4259033,330.4632263,0.854885483,0.145114498,0.009634628,0.000316508
2020-12-09,18:14:34,5.99980011,7.99980011,163.2901001,196.3733215,161.161026,160.0047913,277.5635681,153.3304749,135.4249725,330.4632263,0.854885483,0.145114498,0.009634628,0.000316508
2020-12-09,18:14:35,5.999900055,7.99980011,163.2901001,196.3792877,161.1604156,160.005661,277.5613403,153.3308716,135.4246216,330.4632263,0.854885483,0.145114498,0.009634628,0.000316508
2020-12-09,18:14:36,6.0,7.99980011,163.2901001,196.3837585,161.1614075,160.0050964,277.5627441,153.3303833,135.4250031,330.4632263,0.854885483,0.145114498,0.009634628,0.000316508
2020-12-09,18:14:37,5.99980011,7.999700165,163.2901001,196.3903503,161.1604919,160.0055847,277.5614624,153.3310547,135.424408,330.4632263,0.854885483,0.145114498,0.009634628,0.000316508
2020-12-09,18:14:38,5.999700165,7.999700165,163.2901001,196.3947601,161.1614075,160.0050507,277.5630798,153.3313446,135.4242096,330.4632263,0.854885483,0.145114498,0.009634628,0.000316508
2020-12-09,18:14:39,5.999900055,7.99980011,163.2901001,196.3997498,161.1603699,160.0049286,277.5626831,153.3315125,135.4243317,330.4632263,0.854885483,0.145114498,0.009634628,0.000316508
2020-12-09,18:14:40,6.0,7.999700165,163.2890778,196.405365,161.1609192,160.0057678,277.5610962,153.3318787,135.4237976,330.4632263,0.854885483,0.145114498,0.009634628,0.00031661
2020-12-09,18:14:41,6.000099945,7.999900055,163.2901001,196.410614,161.1618652,160.0051422,277.5626831,153.3321686,135.423584,330.4632263,0.854885483,0.145114498,0.009634628,0.00031661
2020-12-09,18:14:42,5.999900055,7.999900055,163.2901001,196.4161682,161.1604156,160.0049896,277.5631104,153.3319702,135.4237061,330.4632263,0.854885483,0.145114498,0.009634628,0.000315626
2020-12-09,18:14:43,6.000099945,7.999900055,163.2901001,196.4215088,161.1602478,160.0055847,277.5614014,153.332901,135.4229889,330.4632263,0.854885483,0.145114498,0.009634628,0.000315626
2020-12-09,18:14:44,6.0,8.0,163.2901001,196.4264069,161.1611481,160.0053253,277.5622253,153.3332672,135.4227142,330.4632263,0.854885483,0.145114498,0.009634628,0.000315626
2020-12-09,18:14:45,6.00019989,8.000099945,163.2901001,196.4310608,161.160553,160.0057068,277.5611572,153.3328094,135.4230499,330.4632263,0.854885483,0.145114498,0.009634628,0.000315626
2020-12-09,18:14:46,5.999900055,8.00019989,163.2901001,196.437088,161.1620636,160.0058594,277.5606079,153.3332672,135.4226074,330.4632263,0.854885483,0.145114498,0.009634628,0.000315626
2020-12-09,18:14:47,6.000099945,8.00019989,163.2901001,196.442276,161.1604309,160.0053253,277.5622864,153.3327179,135.4231415,330.4632263,0.854885483,0.145114498,0.009634628,0.000315626
2020-12-09,18:14:48,5.99980011,8.00019989,163.2901001,196.4470673,161.1606598,160.0052032,277.5625305,153.333725,135.4222717,330.4632263,0.854845886,0.145154104,0.009634628,0.000315626
2020-12-09,18:14:49,6.000099945,8.000299835,163.2901001,196.4520264,161.1611176,160.0050507,277.5630188,153.3336334,135.422348,330.4632263,0.854845886,0.145154104,0.009634628,0.000315626
2020-12-09,18:14:50,5.99980011,8.00019989,163.2901001,196.4569855,161.1617889,160.0054779,277.5617065,153.3339996,135.4221344,330.4632263,0.854845886,0.145154104,0.009634628,0.000315626
2020-12-09,18:14:51,5.999900055,8.00019989,163.2901001,196.4624481,161.1606903,160.0058289,277.56073,153.3348236,135.4213867,330.4632263,0.854845886,0.145154104,0.009634628,0.000315626
2020-12-09,18:14:52,5.999700165,8.00019989,163.2890778,196.4669189,161.1611023,160.0054779,277.5617065,153.3351135,135.4212341,330.4632263,0.854845886,0.145154104,0.009634628,0.000315626
2020-12-09,18:14:53,5.999599838,8.00019989,163.2890778,196.47229,161.1603851,160.0057068,277.5612488,153.3349304,135.4213104,330.4632263,0.854845886,0.145154104,0.009634628,0.000315626
2020-12-09,18:14:54,5.999499893,8.000099945,163.2900848,196.4776459,161.160965,160.0054779,277.5617065,153.3353729,135.4209442,330.4632263,0.854845886,0.145154104,0.009634628,0.000315626
2020-12-09,18:14:55,5.99980011,8.00019989,163.2900848,196.4825287,161.1602783,160.0058289,277.5606995,153.3354645,135.4208832,330.4632263,0.854845886,0.145154104,0.009634628,0.000315626
2020-12-09,18:14:56,5.999700165,8.000099945,163.2900848,196.4870148,161.1608429,160.0052032,277.5624695,153.3356476,135.4207458,330.4632263,0.854845886,0.145154104,0.009634628,0.000315626
2020-12-09,18:14:57,5.999599838,8.000099945,163.2900848,196.4912415,161.1610565,160.0059814,277.5603638,153.3365784,135.4200134,330.4632263,0.854845886,0.145154104,0.009634628,0.000315626
2020-12-09,18:14:58,5.999700165,8.0,163.2900848,196.4971466,161.1599731,160.0055237,277.5615234,153.3356476,135.4207611,330.4632263,0.854845886,0.145154104,0.009634628,0.000315626
2020-12-09,18:14:59,5.999499893,8.000099945,163.2900848,196.5026703,161.1607361,160.0060883,277.559967,153.3359528,135.420517,330.4632263,0.854845886,0.145154104,0.009634628,0.000315626
2020-12-09,18:15:00,5.999700165,8.0,163.2900848,196.5069275,161.1602936,160.0054779,277.5617065,153.336319,135.4202118,330.4632263,0.854845886,0.145154104,0.009634628,0.000315626
2020-12-09,18:15:01,5.999599838,8.0,163.2900848,196.5122375,161.161499,160.0050507,277.5628662,153.3372345,135.4194336,330.4632263,0.854845886,0.145154104,0.009634628,0.000315626
2020-12-09,18:15:02,5.999700165,7.999900055,163.2890625,196.5180054,161.1603699,160.0058594,277.5606689,153.3376923,135.4191589,330.4632263,0.854845886,0.145154104,0.009634628,0.000315626
2020-12-09,18:15:03,5.999599838,8.0,163.2890625,196.5221405,161.1600952,160.0057678,277.5609741,153.3374023,135.4193573,330.4632263,0.854845886,0.145154104,0.009634628,0.000315626
2020-12-09,18:15:04,5.999700165,7.99980011,163.2900696,196.5271912,161.1609802,160.0053711,277.5621033,153.3382416,135.4187012,330.4632263,0.854845886,0.145154104,0.009634628,0.000315626
2020-12-09,18:15:05,5.999499893,7.99980011,163.2900696,196.5322571,161.1613312,160.0054321,277.5617676,153.3377686,135.4190063,330.4632263,0.854845886,0.145154104,0.009634628,0.000315626
2020-12-09,18:15:06,5.999599838,7.99980011,163.2900696,196.5372009,161.1602631,160.0057678,277.5608521,153.3384247,135.4185333,330.4632263,0.854845886,0.145154104,0.009634628,0.000315626
2020-12-09,18:15:07,5.999499893,7.999900055,163.2900696,196.5411072,161.1606598,160.0052643,277.5623474,153.338974,135.4181366,330.4632263,0.854845886,0.145154104,0.009634628,0.000315626
2020-12-09,18:15:08,5.999599838,8.0,163.2900696,196.5459442,161.1602173,160.0057678,277.5610962,153.3383484,135.4186249,330.4632263,0.854845886,0.145154104,0.009634628,0.000315626
2020-12-09,18:15:09,5.999399948,8.000099945,163.2900696,196.5509796,161.1595764,160.0059814,277.5604248,153.338974,135.4180145,330.4632263,0.854845886,0.145154104,0.009634628,0.000315626
2020-12-09,18:15:10,5.999499893,8.000099945,163.2900696,196.5557556,161.1608734,160.0057068,277.5612488,153.3393402,135.4177704,330.4632263,0.854845886,0.145154104,0.009634628,0.000315626
2020-12-09,18:15:11,5.999399948,8.00019989,163.2910767,196.561203,161.1599426,160.0054779,277.561676,153.3397217,135.4174347,330.4632263,0.854845886,0.145154104,0.009634628,0.000315626
2020-12-09,18:15:12,5.999499893,8.00019989,163.2900391,196.5643768,161.159729,160.0058289,277.560791,153.3395386,135.4176331,330.4632263,0.854845886,0.145154104,0.009634628,0.000315626
2020-12-09,18:15:13,5.999300003,8.000299835,163.2900391,196.5690002,161.1604004,160.0057068,277.5611877,153.3402863,135.4170227,330.4632263,0.854845886,0.145154104,0.009634628,0.000315626
2020-12-09,18:15:14,5.999399948,8.000299835,163.2900391,196.5745544,161.1604614,160.0060883,277.5600586,153.3399963,135.4172516,330.4632263,0.854845886,0.145154104,0.009634628,0.000315626
2020-12-09,18:15:15,5.999499893,8.00019989,163.2921753,196.5785065,161.1600342,160.0058289,277.5606995,153.3404541,135.4168549,330.4632263,0.854845886,0.145154104,0.009634628,0.000315626
2020-12-09,18:15:16,5.999200058,8.0,163.289917,196.5830688,161.1604767,160.0054321,277.5618896,153.3408203,135.4165955,330.4632263,0.854845886,0.145154104,0.009634628,0.000315626
2020-12-09,18:15:17,5.999399948,7.99980011,163.289917,196.5881348,161.1607819,160.0060883,277.5601196,153.3411255,135.4163818,330.4632263,0.854845886,0.145154104,0.009634628,0.000315626
2020-12-09,18:15:18,5.999300003,7.99960022,163.2909393,196.5916748,161.1603851,160.005661,277.5613098,153.3414917,135.4160767,330.4632263,0.854845886,0.145154104,0.009634628,0.00031661
2020-12-09,18:15:19,5.999399948,7.999500275,163.2909393,196.5969696,161.1610565,160.0060883,277.559967,153.3413086,135.4162292,330.4632263,0.854845886,0.145154104,0.009634628,0.00031661
2020-12-09,18:15:20,5.999300003,7.999900055,163.2909393,196.6014862,161.1602783,160.0059204,277.5604553,153.3416595,135.4159393,330.4632263,0.854845886,0.145154104,0.009634628,0.000316682
2020-12-09,18:15:21,5.999399948,8.00019989,163.2909393,196.605545,161.1608734,160.0057068,277.5611267,153.3411255,135.4163361,330.4632263,0.854845886,0.145154104,0.009634628,0.000316682
2020-12-09,18:15:22,5.999300003,8.0,163.289917,196.6097412,161.1615906,160.0058594,277.5606689,153.3424072,135.4153137,330.4632263,0.854845886,0.145154104,0.009634628,0.000316682
2020-12-09,18:15:23,5.999499893,7.999700165,163.289917,196.6138306,161.1602325,160.0057068,277.5611267,153.341568,135.4159851,330.4632263,0.854845886,0.145154104,0.009634628,0.000316682
2020-12-09,18:15:24,5.999599838,7.99940033,163.289917,196.6201019,161.159256,160.0058594,277.5605774,153.3432465,135.4146118,330.4632263,0.854845886,0.145154104,0.009634628,0.000316682
2020-12-09,18:15:25,5.999399948,7.999099731,163.2909698,196.6242371,161.1600342,160.0054779,277.561676,153.3429413,135.4148865,330.4632263,0.854845886,0.145154104,0.009634628,0.000316682
2020-12-09,18:15:26,5.999499893,7.998799896,163.2909698,196.6277771,161.1605377,160.0058289,277.5607605,153.3432465,135.4146881,330.4632263,0.854845886,0.145154104,0.009634628,0.000316682
2020-12-09,18:15:27,5.999599838,7.998699951,163.2909698,196.632431,161.1603699,160.0059204,277.5604553,153.3434296,135.414505,330.4632263,0.854845886,0.145154104,0.009634628,0.000316682
2020-12-09,18:15:28,5.999399948,7.999299622,163.2899475,196.6384277,161.1597443,160.0062408,277.5596619,153.3432465,135.4146423,330.4632263,0.854845886,0.145154104,0.009634628,0.000316552
2020-12-09,18:15:29,5.999599838,7.99960022,163.2899475,196.6416168,161.1609955,160.0061493,277.5597839,153.3435364,135.4144135,330.4632263,0.854845886,0.145154104,0.009634628,0.000316552
2020-12-09,18:15:30,5.999300003,7.999900055,163.2899475,196.6475983,161.1611328,160.0063019,277.5594177,153.3440704,135.4139404,330.4632263,0.854845886,0.145154104,0.009634628,0.000316552
2020-12-09,18:15:31,5.999499893,8.00019989,163.2899475,196.6511078,161.1602936,160.0060883,277.5601501,153.3443451,135.4137573,330.4632263,0.854845886,0.145154104,0.009634628,0.000316552
2020-12-09,18:15:32,5.999399948,8.00039978,163.2899475,196.6556396,161.1607361,160.0057678,277.5608826,153.3444366,135.4138031,330.4632263,0.854863663,0.145136299,0.009634628,0.000316552
2020-12-09,18:15:33,5.999200058,8.000499725,163.2899475,196.6594086,161.1605377,160.0059814,277.5603333,153.3447113,135.4134216,330.4632263,0.854863663,0.145136299,0.009634628,0.000316552
2020-12-09,18:15:34,5.999499893,8.000099945,163.2899475,196.6643066,161.1609497,160.0064087,277.5592041,153.3442535,135.4138641,330.4632263,0.854863663,0.145136299,0.009634628,0.000316552
2020-12-09,18:15:35,5.999399948,8.0,163.2899475,196.6681824,161.1594391,160.0059204,277.5605469,153.344986,135.4132385,330.4632263,0.854863663,0.145136299,0.009634628,0.000316552
2020-12-09,18:15:36,5.999499893,8.00059967,163.2899475,196.6732483,161.1602783,160.0057678,277.5609436,153.3450775,135.413147,330.4632263,0.854850769,0.145149202,0.009634628,0.000316552
2020-12-09,18:15:37,5.999300003,8.000299835,163.2899475,196.6782684,161.1613922,160.0060425,277.5603027,153.3456421,135.4127655,330.4632263,0.854850769,0.145149202,0.009634628,0.000316552
2020-12-09,18:15:38,5.999599838,8.0,163.2899475,196.6818542,161.1601563,160.0061493,277.5597839,153.3463593,135.4121246,330.4632263,0.854850769,0.145149202,0.009634628,0.000316552
2020-12-09,18:15:39,5.999499893,7.999700165,163.2899475,196.6864014,161.1608276,160.0058594,277.5606079,153.3456421,135.412735,330.4632263,0.854850769,0.145149202,0.009634628,0.000316552
2020-12-09,18:15:40,5.999300003,7.99960022,163.2899475,196.690979,161.1606598,160.006485,277.5589294,153.3463593,135.4120636,330.4632263,0.854850769,0.145149202,0.009634628,0.000316552
2020-12-09,18:15:41,5.999399948,7.999700165,163.2899475,196.6949158,161.15979,160.0059814,277.5604248,153.3464661,135.4120178,330.4632263,0.854850769,0.145149202,0.009634628,0.000316552
2020-12-09,18:15:42,5.999300003,7.99980011,163.2899475,196.7002106,161.1602173,160.0063019,277.5593872,153.3463593,135.4121399,330.4632263,0.854850769,0.145149202,0.009634628,0.000316552
2020-12-09,18:15:43,5.999599838,7.999700165,163.2910004,196.7047577,161.1590271,160.0063629,277.5592651,153.3471985,135.4114685,330.4632263,0.854850769,0.145149202,0.009634628,0.000316552
2020-12-09,18:15:44,5.999300003,7.999900055,163.2910004,196.7086182,161.161087,160.0060883,277.5601501,153.3467407,135.4118195,330.4632263,0.854850769,0.145149202,0.009634628,0.000316552
2020-12-09,18:15:45,5.999499893,8.0,163.2910004,196.7132416,161.1598969,160.006485,277.5588989,153.3470154,135.4115601,330.4632263,0.854850769,0.145149202,0.009634628,0.000316552
2020-12-09,18:15:46,5.999399948,8.000099945,163.2910004,196.7180176,161.159317,160.0058289,277.5607605,153.3474884,135.4112549,330.4632263,0.854850769,0.145149202,0.009634628,0.000316552
2020-12-09,18:15:47,5.999300003,8.000099945,163.2910004,196.7208557,161.1614227,160.006485,277.5588684,153.3473969,135.4113159,330.4632263,0.854850769,0.145149202,0.009634628,0.000316552
2020-12-09,18:15:48,5.999399948,8.00019989,163.2910004,196.7252197,161.158783,160.0067444,277.5582275,153.3476715,135.4110718,330.4632263,0.854850769,0.145149202,0.009634628,0.000316552
2020-12-09,18:15:49,5.999499893,8.000299835,163.289978,196.7306519,161.160614,160.0069275,277.5577393,153.3471985,135.4114685,330.4632263,0.854850769,0.145149202,0.009634628,0.000316552
2020-12-09,18:15:50,5.999599838,8.00039978,163.2889404,196.7349701,161.1599579,160.0060425,277.5602722,153.3483124,135.4105377,330.4632263,0.854850769,0.145149202,0.009634628,0.000316552
2020-12-09,18:15:51,5.999300003,8.000499725,163.2900238,196.7375793,161.1595612,160.0064087,277.5591736,153.3477478,135.4109802,330.4632263,0.854850769,0.145149202,0.009634628,0.000316552
2020-12-09,18:15:52,5.999399948,8.00059967,163.2910767,196.743927,161.160553,160.006485,277.5589905,153.3487701,135.410141,330.4632263,0.854850769,0.145149202,0.009634628,0.000315698
2020-12-09,18:15:53,5.999399948,8.00059967,163.2910767,196.747879,161.1600647,160.0059814,277.5604248,153.348114,135.4106598,330.4632263,0.854850769,0.145149202,0.009634628,0.000315698
2020-12-09,18:15:54,5.999599838,8.000700378,163.2900696,196.7530823,161.160965,160.0065765,277.5586853,153.348938,135.4099884,330.4632263,0.854850769,0.145149202,0.009634628,0.000315698
2020-12-09,18:15:55,5.999399948,8.000800323,163.2900696,196.7566376,161.159668,160.0063019,277.5594788,153.3484955,135.4104462,330.4632263,0.854850769,0.145149202,0.009634628,0.000315698
2020-12-09,18:15:56,5.999599838,8.000700378,163.2900696,196.760498,161.1602936,160.0060883,277.559967,153.3495941,135.4095154,330.4632263,0.854850769,0.145149202,0.009634628,0.000315698
2020-12-09,18:15:57,5.999399948,8.000900269,163.2900696,196.7653961,161.1607819,160.0061493,277.5602722,153.3488617,135.41008,330.4632263,0.854850769,0.145149202,0.009634628,0.000315698
2020-12-09,18:15:58,5.999599838,8.001000214,163.2900696,196.7696686,161.1593628,160.0061951,277.5596924,153.3495941,135.4094849,330.4632263,0.854850769,0.145149202,0.009634628,0.000315698
2020-12-09,18:15:59,5.999300003,8.001000214,163.2900696,196.7737122,161.1602173,160.0068054,277.5581665,153.3490448,135.4099579,330.4632263,0.854850769,0.145149202,0.009634628,0.000315698
2020-12-09,18:16:00,5.999599838,8.001100159,163.2900696,196.7782288,161.1599731,160.0060883,277.5600891,153.3500519,135.4091492,330.4632263,0.854850769,0.145149202,0.009634628,0.000315698
2020-12-09,18:16:01,5.999300003,8.001200104,163.2900696,196.7820435,161.158844,160.0066376,277.5585022,153.3504181,135.4088287,330.4632263,0.854850769,0.145149202,0.009634628,0.000315698
2020-12-09,18:16:02,5.999399948,8.001200104,163.2910767,196.7868805,161.1599274,160.0068665,277.5580444,153.3499451,135.4091949,330.4632263,0.854850769,0.145149202,0.009634628,0.000315698
2020-12-09,18:16:03,5.999300003,8.001300049,163.2910767,196.7905884,161.1589966,160.0065765,277.5586243,153.3508911,135.4084473,330.4632263,0.854850769,0.145149202,0.009634628,0.000315698
2020-12-09,18:16:04,5.999499893,8.001300049,163.2900543,196.7947388,161.1600037,160.0058594,277.5606079,153.3505249,135.408783,330.4632263,0.854850769,0.145149202,0.009634628,0.000315698
2020-12-09,18:16:05,5.999599838,8.001399994,163.2900543,196.7989807,161.1602478,160.0060883,277.5600891,153.3510742,135.4083557,330.4632263,0.854850769,0.145149202,0.009634628,0.000315698
2020-12-09,18:16:06,5.999300003,8.001399994,163.2900543,196.8024139,161.159317,160.0066376,277.5585327,153.3511658,135.4081879,330.4632263,0.854850769,0.145149202,0.009634628,0.000315698
2020-12-09,18:16:07,5.999499893,8.001499939,163.2910767,196.8075562,161.1605225,160.0068054,277.558075,153.3507996,135.4085693,330.4632263,0.854850769,0.145149202,0.009634628,0.000315698
2020-12-09,18:16:08,5.999300003,8.001499939,163.2910767,196.8117218,161.159668,160.0061493,277.5597839,153.3506165,135.4086761,330.4632263,0.854850769,0.145149202,0.009634628,0.000315698
2020-12-09,18:16:09,5.999499893,8.001599884,163.2910767,196.816864,161.1595001,160.0068054,277.558197,153.3512573,135.4081421,330.4632263,0.854850769,0.145149202,0.009634628,0.000315698
2020-12-09,18:16:10,5.999300003,8.001599884,163.2900543,196.820343,161.1598663,160.006485,277.559021,153.3515472,135.4079742,330.4632263,0.854850769,0.145149202,0.009634628,0.000315698
2020-12-09,18:16:11,5.999499893,8.001699829,163.2910767,196.8246918,161.1598206,160.0063019,277.5594788,153.3523712,135.4073334,330.4632263,0.854850769,0.145149202,0.009634628,0.000315698
2020-12-09,18:16:12,5.999300003,8.001699829,163.2900543,196.8294067,161.1601563,160.0068054,277.558136,153.3519135,135.4076385,330.4632263,0.854850769,0.145149202,0.009634628,0.000315698
2020-12-09,18:16:13,5.999499893,8.001799774,163.2900543,196.8315277,161.159256,160.0068665,277.5578918,153.3523712,135.4073029,330.4632263,0.854850769,0.145149202,0.009634628,0.000315698
2020-12-09,18:16:14,5.999599838,8.001799774,163.2900543,196.8360443,161.1598053,160.006485,277.5589294,153.3530121,135.4067535,330.4632263,0.854850769,0.145149202,0.009634628,0.000315698
2020-12-09,18:16:15,5.999300003,8.001899719,163.2900543,196.8410492,161.1601563,160.0066986,277.5583496,153.3527374,135.4069977,330.4632263,0.854850769,0.145149202,0.009634628,0.000315698
2020-12-09,18:16:16,5.999399948,8.001799774,163.2910919,196.8451996,161.1596527,160.0068665,277.5580444,153.3531189,135.4066315,330.4632263,0.854850769,0.145149202,0.009634628,0.000315698
2020-12-09,18:16:17,5.999499893,8.001899719,163.2910919,196.849762,161.1598816,160.0066986,277.5575867,153.352829,135.4069366,330.4632263,0.854850769,0.145149202,0.009634628,0.000315698
2020-12-09,18:16:18,5.999599838,8.001999664,163.2900848,196.8524323,161.1592865,160.006485,277.559082,153.353302,135.4065247,330.4632263,0.854850769,0.145149202,0.009634628,0.000315698
2020-12-09,18:16:19,5.999399948,8.001999664,163.2900848,196.8578186,161.159729,160.0066986,277.5583801,153.3535767,135.4063568,330.4632263,0.854850769,0.145149202,0.009634628,0.000315698
2020-12-09,18:16:20,5.999599838,8.001999664,163.2900848,196.8608551,161.1605225,160.0068665,277.5578003,153.3533783,135.4064941,330.4632263,0.854850769,0.145149202,0.009634628,0.000315698
2020-12-09,18:16:21,5.999499893,8.002100372,163.2900848,196.865799,161.1595306,160.0068665,277.558197,153.3541107,135.405899,330.4632263,0.854850769,0.145149202,0.009634628,0.000315698
2020-12-09,18:16:22,5.999700165,8.002100372,163.2900848,196.8694,161.1593628,160.0066986,277.5577698,153.3537598,135.4061584,330.4632263,0.854850769,0.145149202,0.009634628,0.000315698
2020-12-09,18:16:23,5.999499893,8.002100372,163.2900848,196.8736877,161.1600342,160.0072021,277.5584106,153.3539276,135.4060516,330.4632263,0.854850769,0.145149202,0.009634628,0.000315698
2020-12-09,18:16:24,5.999399948,8.002200317,163.2900848,196.8775635,161.1595154,160.0069275,277.5571594,153.3538513,135.4060822,330.4632263,0.854850769,0.145149202,0.009634628,0.000315698
2020-12-09,18:16:25,5.999499893,8.002100372,163.2900848,196.8811646,161.1600952,160.0064087,277.5591431,153.3541107,135.405899,330.4632263,0.854850769,0.145149202,0.009634628,0.000315698
2020-12-09,18:16:26,5.999599838,8.001999664,163.2900848,196.885498,161.1593781,160.0069275,277.5577393,153.3544159,135.4056244,330.4632263,0.854850769,0.145149202,0.009634628,0.00031661
2020-12-09,18:16:27,5.999499893,8.001799774,163.291153,196.8898468,161.1600037,160.0070801,277.5573425,153.3540192,135.4059753,330.4632263,0.854850769,0.145149202,0.009634628,0.00031661
2020-12-09,18:16:28,5.999700165,8.001499939,163.291153,196.8934479,161.1604156,160.0064087,277.5591431,153.3547821,135.4053955,330.4632263,0.854850769,0.145149202,0.009634628,0.00031661
2020-12-09,18:16:29,5.999599838,8.001300049,163.291153,196.8972015,161.1592865,160.0067444,277.5583191,153.3549652,135.4052124,330.4632263,0.854850769,0.145149202,0.009634628,0.00031661
2020-12-09,18:16:30,5.999499893,8.001499939,163.2900848,196.9006958,161.1596985,160.006958,277.5576477,153.355423,135.4048462,330.4632263,0.854850769,0.145149202,0.009634628,0.00031661
2020-12-09,18:16:31,5.999700165,8.001699829,163.2900848,196.9055634,161.1599731,160.0067444,277.5583191,153.3546906,135.4054565,330.4632263,0.854850769,0.145149202,0.009634628,0.00031661
2020-12-09,18:16:32,5.999499893,8.000800323,163.2900848,196.9091034,161.1602631,160.006958,277.5575256,153.3552399,135.4049683,330.4632263,0.854850769,0.145149202,0.009634628,0.00031661
2020-12-09,18:16:33,5.999700165,8.000499725,163.2911224,196.9126282,161.1599426,160.0071259,277.5578308,153.3558807,135.40448,330.4632263,0.854850769,0.145149202,0.009634628,0.00031661
2020-12-09,18:16:34,5.999399948,8.00039978,163.2911224,196.9168243,161.1596222,160.0066376,277.5585327,153.3557892,135.4043732,330.4632263,0.854850769,0.145149202,0.009634628,0.00031661
2020-12-09,18:16:35,5.999499893,8.000299835,163.2911224,196.9210205,161.1604156,160.0069275,277.5576782,153.3558807,135.4044952,330.4632263,0.854850769,0.145149202,0.009634628,0.00031661
2020-12-09,18:16:36,5.999700165,8.000700378,163.2900543,196.9263916,161.16008,160.007019,277.5574341,153.3557129,135.4046326,330.4632263,0.854850769,0.145149202,0.009634628,0.00031661
2020-12-09,18:16:37,5.999499893,8.000900269,163.2900543,196.9289093,161.1596222,160.006958,277.5575562,153.3567047,135.4037323,330.4632263,0.854850769,0.145149202,0.009634628,0.00031661
2020-12-09,18:16:38,5.999599838,8.000700378,163.2910614,196.9337158,161.1607971,160.0071259,277.5571594,153.3562469,135.4041443,330.4632263,0.854850769,0.145149202,0.009634628,0.00031661
2020-12-09,18:16:39,5.999700165,8.00059967,163.2910614,196.9365082,161.1588593,160.006958,277.5576172,153.3560638,135.4043274,330.4632263,0.854850769,0.145149202,0.009634628,0.00031661
2020-12-09,18:16:40,5.999300003,8.00039978,163.2910614,196.9409637,161.160553,160.0071259,277.557251,153.3567963,135.4036865,330.4632263,0.854850769,0.145149202,0.009634628,0.00031661
2020-12-09,18:16:41,5.999200058,8.000299835,163.2910614,196.945343,161.1598053,160.0069275,277.5576782,153.357254,135.4033356,330.4632263,0.854850769,0.145149202,0.009634628,0.00031661
2020-12-09,18:16:42,5.999399948,8.00019989,163.2910614,196.9489746,161.1612854,160.006485,277.559082,153.3560638,135.4043427,330.4632263,0.854850769,0.145149202,0.009634628,0.00031661
2020-12-09,18:16:43,5.999499893,8.0,163.2910614,196.9523468,161.1593781,160.006958,277.5576477,153.3570709,135.4034882,330.4632263,0.854850769,0.145149202,0.009634628,0.00031661
2020-12-09,18:16:44,5.999300003,7.99980011,163.2900391,196.9558105,161.1596832,160.0068665,277.5580139,153.357254,135.4032898,330.4632263,0.854850769,0.145149202,0.009634628,0.00031661
2020-12-09,18:16:45,5.999399948,7.999700165,163.2900391,196.9607086,161.1594238,160.0069275,277.5577393,153.3567047,135.4038239,330.4632263,0.854850769,0.145149202,0.009634628,0.00031661
2020-12-09,18:16:46,5.999499893,7.999500275,163.2900391,196.9646149,161.1602783,160.0075989,277.5559692,153.3577118,135.4030151,330.4632263,0.854850769,0.145149202,0.009634628,0.00031661
2020-12-09,18:16:47,5.999300003,7.99960022,163.2900391,196.967514,161.1599426,160.0073242,277.5567322,153.3574371,135.4027863,330.4632263,0.854850769,0.145149202,0.009634628,0.00031661
2020-12-09,18:16:48,5.999399948,7.999199677,163.2910614,196.9720001,161.1591492,160.0072021,277.5565796,153.3570709,135.4035187,330.4632263,0.854850769,0.145149202,0.009634628,0.00031661
2020-12-09,18:16:49,5.999200058,7.999099731,163.2910614,196.9758301,161.1598358,160.0071259,277.5572205,153.3584747,135.40242,330.4632263,0.854850769,0.145149202,0.009634628,0.00031661
2020-12-09,18:16:50,5.999399948,7.998999786,163.2910614,196.9790497,161.160141,160.007019,277.5574951,153.3577118,135.4029999,330.4632263,0.854850769,0.145149202,0.009634628,0.00031661
2020-12-09,18:16:51,5.999200058,7.998799896,163.2910614,196.9828033,161.1592407,160.0071259,277.5572205,153.357254,135.4032898,330.4632263,0.854850769,0.145149202,0.009634628,0.00031661
2020-12-09,18:16:52,5.999300003,7.998699951,163.2921143,196.9868011,161.1588135,160.0068665,277.5579834,153.3578949,135.402771,330.4632263,0.854850769,0.145149202,0.009634628,0.00031661
2020-12-09,18:16:53,5.999100113,7.998600006,163.2910309,196.99086,161.1596222,160.0067444,277.5575867,153.358017,135.4028931,330.5737915,0.854850769,0.145149202,0.009634628,0.00031661
2020-12-09,18:16:54,5.999300003,7.998400116,163.2900238,196.9954987,161.1598969,160.0073242,277.5566406,153.3578339,135.4026642,330.5737915,0.854850769,0.145149202,0.009634628,0.00031661
2020-12-09,18:16:55,5.999100113,7.998300171,163.2910919,196.999176,161.1600189,160.0069275,277.5577393,153.3587341,135.4021301,330.5737915,0.854850769,0.145149202,0.009634628,0.00031661
2020-12-09,18:16:56,5.999200058,7.998100281,163.2910919,197.0025482,161.1606293,160.0073242,277.5567017,153.3588409,135.4022217,330.5737915,0.854850769,0.145149202,0.009634628,0.000315582
2020-12-09,18:16:57,5.999100113,7.998000336,163.2910919,197.0065002,161.1592865,160.006958,277.5576477,153.358551,135.4018555,330.5737915,0.854850769,0.145149202,0.009634628,0.000315582
2020-12-09,18:16:58,5.999200058,7.997899628,163.2910919,197.0101166,161.1595612,160.0072784,277.5567932,153.3595734,135.4015198,330.5737915,0.854850769,0.145149202,0.009634628,0.000315683
2020-12-09,18:16:59,5.999000168,7.997799683,163.2900848,197.0138092,161.1590881,160.006958,277.5575256,153.3592987,135.4016876,330.5737915,0.854850769,0.145149202,0.009634628,0.000315683
2020-12-09,18:17:00,5.999200058,7.997699738,163.2900848,197.0172882,161.1605225,160.0070801,277.557373,153.3588409,135.4020691,330.5737915,0.854923172,0.145076799,0.009634628,0.000315683
2020-12-09,18:17:01,5.998899841,7.997499847,163.2900848,197.0210114,161.159668,160.0072784,277.5568542,153.3597565,135.4013062,330.5737915,0.854923172,0.145076799,0.009634628,0.000315683
2020-12-09,18:17:02,5.999100113,7.997399902,163.2900848,197.025116,161.160141,160.0067444,277.5582275,153.3600311,135.401123,330.5737915,0.854923172,0.145076799,0.009634628,0.000315683
2020-12-09,18:17:03,5.999200058,7.997299957,163.2911377,197.0282593,161.1591034,160.0071259,277.5571594,153.3595734,135.4014893,330.5737915,0.854923172,0.145076799,0.009634628,0.000315683
2020-12-09,18:17:04,5.998899841,7.997200012,163.2911377,197.0324097,161.1594849,160.0069275,277.5576782,153.3592987,135.4017181,330.5737915,0.854923172,0.145076799,0.009634628,0.000315683
2020-12-09,18:17:05,5.999100113,7.997000122,163.2911377,197.0362854,161.1598969,160.00737,277.5565491,153.359848,135.4012299,330.5737915,0.854923172,0.145076799,0.009634628,0.000315683
2020-12-09,18:17:06,5.999000168,7.997100067,163.2911377,197.0388184,161.1590271,160.007019,277.5574036,153.3595734,135.4015198,330.5737915,0.854923172,0.145076799,0.009634628,0.000315683
2020-12-09,18:17:07,5.998899841,7.996800232,163.2911377,197.0433197,161.1586761,160.0075989,277.5559998,153.3603973,135.4008179,330.5737915,0.854923172,0.145076799,0.009634628,0.000315683
2020-12-09,18:17:08,5.998899841,7.996700287,163.2901154,197.0467834,161.1595764,160.0070801,277.5573425,153.3608704,135.4004517,330.5737915,0.854923172,0.145076799,0.009634628,0.000316465
2020-12-09,18:17:09,5.998699951,7.996600342,163.2901154,197.0508728,161.1591034,160.0068665,277.5580444,153.3604889,135.4007416,330.5737915,0.854923172,0.145076799,0.009634628,0.000316465
2020-12-09,18:17:10,5.998799896,7.996499634,163.291153,197.0552216,161.1600037,160.0075378,277.5561829,153.3599396,135.4011688,330.5737915,0.854923172,0.145076799,0.009634628,0.000316465
2020-12-09,18:17:11,5.998600006,7.996399689,163.291153,197.0585632,161.1605835,160.0069275,277.5577698,153.3612976,135.4000397,330.5737915,0.854923172,0.145076799,0.009634628,0.000316465
2020-12-09,18:17:12,5.998799896,7.996299744,163.291153,197.0608978,161.1594849,160.0072784,277.5567627,153.3609467,135.4004211,330.5737915,0.854923172,0.145076799,0.009634628,0.000316465
2020-12-09,18:17:13,5.998600006,7.996199799,163.2922058,197.0648193,161.159317,160.007431,277.5563965,153.3605804,135.40065,330.5737915,0.854923172,0.145076799,0.009634628,0.000316465
2020-12-09,18:17:14,5.998500061,7.996099854,163.2911377,197.0684814,161.160141,160.0072784,277.5567932,153.3616028,135.3999023,330.5737915,0.854923172,0.145076799,0.009634628,0.000316465
2020-12-09,18:17:15,5.998400116,7.995999908,163.2911377,197.0722809,161.1596222,160.00737,277.5565491,153.3612213,135.4001465,330.5737915,0.854923172,0.145076799,0.009634628,0.000316465
2020-12-09,18:17:16,5.998199844,7.996099854,163.2911377,197.0767975,161.158905,160.0068665,277.5580139,153.3621521,135.3994293,330.5737915,0.854923172,0.145076799,0.009634628,0.000316465
2020-12-09,18:17:17,5.998300171,7.996600342,163.2911377,197.0796051,161.1600037,160.006958,277.5576172,153.3622589,135.3993225,330.5737915,0.854923172,0.145076799,0.009634628,0.000316465
2020-12-09,18:17:18,5.998099899,7.997100067,163.2911377,197.0838013,161.160202,160.0069275,277.5577698,153.3621521,135.3994598,330.5737915,0.854923172,0.145076799,0.009634628,0.000316465
2020-12-09,18:17:19,5.998500061,7.997599792,163.2911377,197.0869446,161.1592865,160.007431,277.556427,153.362442,135.3991852,330.5737915,0.854923172,0.145076799,0.009634628,0.000316465
2020-12-09,18:17:20,5.998300171,7.998000336,163.2911377,197.0904846,161.1595001,160.0071259,277.5571594,153.3621521,135.3993683,330.5737915,0.854923172,0.145076799,0.009634628,0.000316465
2020-12-09,18:17:21,5.998300171,7.998500061,163.2921753,197.0940857,161.1590118,160.0067444,277.5582275,153.3627167,135.3989868,330.5737915,0.854923172,0.145076799,0.009634628,0.000316465
2020-12-09,18:17:22,5.998400116,7.998899841,163.2921753,197.0967865,161.1609497,160.0072021,277.5569153,153.362442,135.3991547,330.5737915,0.854923172,0.145076799,0.009634628,0.000316465
2020-12-09,18:17:23,5.998199844,7.999299622,163.2911682,197.1000671,161.1600037,160.0074768,277.5562744,153.3631744,135.3985748,330.4712524,0.854923172,0.145076799,0.009634628,0.000316465
2020-12-09,18:17:24,5.998400116,7.999700165,163.2911682,197.1042175,161.1599121,160.0065765,277.5587158,153.3625336,135.3991241,330.4712524,0.854923172,0.145076799,0.009634628,0.000316465
2020-12-09,18:17:25,5.998300171,8.000099945,163.2911682,197.1070251,161.1610565,160.006958,277.5575256,153.3631744,135.3985901,330.4712524,0.854923172,0.145076799,0.009634628,0.000316465
2020-12-09,18:17:26,5.998199844,8.000299835,163.2921906,197.110611,161.1594849,160.0068054,277.558197,153.3628082,135.3988342,330.4712524,0.854923172,0.145076799,0.009634628,0.000316465
2020-12-09,18:17:27,5.998400116,8.00039978,163.291153,197.1153412,161.1604919,160.007019,277.5574646,153.3635406,135.3982544,330.4712524,0.854923172,0.145076799,0.009634628,0.000316465
2020-12-09,18:17:28,5.998300171,8.00019989,163.291153,197.1175232,161.1594391,160.0068054,277.5581055,153.3630066,135.3987427,330.4712524,0.854923172,0.145076799,0.009634628,0.000316465
2020-12-09,18:17:29,5.998600006,7.999900055,163.291153,197.1210632,161.1596832,160.006958,277.5575256,153.3636475,135.3982086,330.4712524,0.854923172,0.145076799,0.009634628,0.000316465
2020-12-09,18:17:30,5.998300171,7.999500275,163.291153,197.124588,161.1608734,160.0068665,277.5578613,153.3634491,135.3983612,330.4712524,0.854923172,0.145076799,0.009634628,0.000316465
2020-12-09,18:17:31,5.998199844,7.999199677,163.291153,197.1276703,161.15979,160.0068054,277.558136,153.3646545,135.3974304,330.4712524,0.854923172,0.145076799,0.009634628,0.000316465
2020-12-09,18:17:32,5.998300171,7.998799896,163.2921906,197.1311188,161.1593475,160.0071259,277.5571899,153.3639069,135.3980255,330.4712524,0.854923172,0.145076799,0.009634628,0.000316465
2020-12-09,18:17:33,5.998400116,7.998400116,163.2921906,197.1356354,161.1599121,160.0069275,277.5577393,153.3640137,135.3979492,330.4712524,0.854923172,0.145076799,0.009634628,0.000316465
2020-12-09,18:17:34,5.998500061,7.998100281,163.291153,197.1380157,161.1603241,160.0076904,277.555542,153.3642883,135.3976746,330.4712524,0.854923172,0.145076799,0.009634628,0.000316465
2020-12-09,18:17:35,5.998099899,7.997699738,163.2922363,197.141861,161.1596985,160.0072784,277.5568237,153.3638306,135.3980865,330.4712524,0.854923172,0.145076799,0.009634628,0.000316465
2020-12-09,18:17:36,5.997999954,7.997499847,163.2922363,197.1452484,161.1600342,160.0071259,277.557251,153.3646545,135.3974457,330.4712524,0.854923172,0.145076799,0.009634628,0.000316465
2020-12-09,18:17:37,5.998199844,7.997299957,163.291214,197.1483612,161.1595764,160.0076447,277.5556946,153.3644714,135.3975525,330.4712524,0.854923172,0.145076799,0.009634628,0.000316465
2020-12-09,18:17:38,5.998099899,7.997399902,163.291214,197.1528778,161.1599426,160.0072784,277.5568542,153.3649292,135.3972015,330.4712524,0.854923172,0.145076799,0.009634628,0.000316465
2020-12-09,18:17:39,5.998199844,7.997200012,163.291214,197.1559906,161.1590271,160.0075989,277.5559082,153.3645477,135.3974915,330.4712524,0.854923172,0.145076799,0.009634628,0.000316465
2020-12-09,18:17:40,5.998099899,7.997599792,163.291214,197.1586151,161.16008,160.006958,277.5575562,153.3656769,135.3965759,330.4712524,0.854964829,0.1450352,0.009634628,0.000316465
2020-12-09,18:17:41,5.997900009,7.997799683,163.2922516,197.1623535,161.1607666,160.0071259,277.557251,153.3651276,135.3970184,330.4712524,0.854964829,0.1450352,0.009634628,0.000316465
2020-12-09,18:17:42,5.997999954,7.998000336,163.2911987,197.1655121,161.1599579,160.0078125,277.5553589,153.3654938,135.3967133,330.4712524,0.854964829,0.1450352,0.009634628,0.000316465
2020-12-09,18:17:43,5.997800064,7.998200226,163.2911987,197.1695251,161.1608582,160.0072784,277.5568542,153.36586,135.3964691,330.4712524,0.854964829,0.1450352,0.009634628,0.000316465
2020-12-09,18:17:44,5.997900009,7.998400116,163.2911987,197.1727295,161.1603546,160.007019,277.5574341,153.3655853,135.3966217,330.4712524,0.854931183,0.145068798,0.009634628,0.000316465
2020-12-09,18:17:45,5.998099899,7.998600006,163.2911987,197.1757965,161.1596069,160.0072021,277.5578003,153.3650208,135.39711,330.4712524,0.854931183,0.145068798,0.009634628,0.000316465
2020-12-09,18:17:46,5.997999954,7.998699951,163.2911987,197.1790771,161.1606293,160.007431,277.556427,153.366684,135.395752,330.4712524,0.854931183,0.145068798,0.009634628,0.000316465
2020-12-09,18:17:47,5.998099899,7.998899841,163.2911987,197.1822205,161.1601715,160.0069275,277.5576782,153.3660431,135.3962555,330.4712524,0.854931183,0.145068798,0.009634628,0.000316465
2020-12-09,18:17:48,5.997900009,7.999099731,163.2911987,197.1858826,161.1600037,160.0072021,277.5571289,153.3664093,135.3959808,330.4712524,0.854931183,0.145068798,0.009634628,0.000316465
2020-12-09,18:17:49,5.997900009,7.999299622,163.2911987,197.1890564,161.1603394,160.007019,277.5574646,153.3661346,135.3962097,330.4712524,0.854931183,0.145068798,0.009634628,0.000316465
2020-12-09,18:17:50,5.997700119,7.99940033,163.2911987,197.1927643,161.1606598,160.0072784,277.5567932,153.3668671,135.3955994,330.4712524,0.854931183,0.145068798,0.009634628,0.000316465
2020-12-09,18:17:51,5.997800064,7.99960022,163.2911987,197.1961212,161.1607208,160.007019,277.5574951,153.3661346,135.396225,330.4712524,0.854931183,0.145068798,0.009634628,0.000316465
2020-12-09,18:17:52,5.997700119,7.999500275,163.2911987,197.1992493,161.1602783,160.0075989,277.5559692,153.3670654,135.395462,330.4712524,0.854931183,0.145068798,0.009634628,0.000316465
2020-12-09,18:17:53,5.997800064,7.999900055,163.2911987,197.2030029,161.161438,160.0072784,277.5571289,153.3664856,135.395874,330.4712524,0.854931183,0.145068798,0.009634628,0.000316465
2020-12-09,18:17:54,5.997800064,8.0,163.2911987,197.205368,161.1600037,160.0072021,277.5567932,153.3671417,135.3953857,330.4712524,0.854931183,0.145068798,0.009634628,0.000316465
2020-12-09,18:17:55,5.997900009,8.00019989,163.2911987,197.2096558,161.1612549,160.0072784,277.5569763,153.3664856,135.395874,330.4712524,0.854931183,0.145068798,0.009634628,0.000316465
2020-12-09,18:17:56,5.997800064,8.000299835,163.2911987,197.2132416,161.1603699,160.0069275,277.5576782,153.3674927,135.3950958,330.4712524,0.854931183,0.145068798,0.009634628,0.000316465
2020-12-09,18:17:57,5.997600174,8.000499725,163.2911987,197.2161865,161.1599121,160.0072784,277.5568542,153.3671417,135.3954926,330.4712524,0.854931183,0.145068798,0.009634628,0.000316465
2020-12-09,18:17:58,5.997700119,8.00059967,163.2922058,197.2186127,161.1595612,160.0070801,277.5573425,153.366684,135.3957214,330.4712524,0.854925308,0.145074701,0.009634628,0.000316465
2020-12-09,18:17:59,5.997600174,8.000700378,163.2911835,197.2227173,161.161087,160.007431,277.5563354,153.367691,135.3949432,330.4712524,0.854925308,0.145074701,0.009634628,0.000316465
2020-12-09,18:18:00,5.997800064,8.000900269,163.2911835,197.2252045,161.1604614,160.0075378,277.5561523,153.3679657,135.3946838,330.4712524,0.854925308,0.145074701,0.009634628,0.000316465
2020-12-09,18:18:01,5.997600174,8.001000214,163.2911835,197.2290192,161.160202,160.0076904,277.5556641,153.3682556,135.3949738,330.4712524,0.854925308,0.145074701,0.009634628,0.000316465
2020-12-09,18:18:02,5.997600174,8.001100159,163.2911835,197.2326813,161.1604309,160.0075989,277.5559387,153.3674927,135.3943024,330.4712524,0.854912262,0.1450877,0.009634628,0.000316465
2020-12-09,18:18:03,5.997700119,8.001200104,163.2911835,197.235199,161.1601715,160.0075989,277.5558167,153.3670654,135.3954315,330.4712524,0.854912262,0.1450877,0.009634628,0.000316465
2020-12-09,18:18:04,5.997299957,8.001300049,163.2911835,197.2377014,161.1597595,160.0073242,277.5567017,153.3681488,135.3945618,330.4712524,0.854912262,0.1450877,0.009634628,0.000316465
2020-12-09,18:18:05,5.997499847,8.001499939,163.2911835,197.242218,161.1591644,160.0075989,277.5558472,153.3682556,135.3946075,330.4712524,0.854912262,0.1450877,0.009634628,0.000316465
2020-12-09,18:18:06,5.997600174,8.001599884,163.2911835,197.2459412,161.1609192,160.00737,277.556488,153.3682556,135.3944702,330.4712524,0.854912262,0.1450877,0.009634628,0.000316465
2020-12-09,18:18:07,5.997700119,8.001699829,163.2911835,197.2484436,161.1600037,160.0076904,277.5556641,153.368515,135.3942413,330.4712524,0.854912262,0.1450877,0.009634628,0.000316465
2020-12-09,18:18:08,5.997800064,8.001799774,163.2911835,197.2518616,161.1595612,160.007431,277.5563354,153.367691,135.3949432,330.4712524,0.854912262,0.1450877,0.009634628,0.000316465
2020-12-09,18:18:09,5.997600174,8.001899719,163.2921906,197.2553711,161.1599121,160.0076904,277.5555725,153.3688049,135.3940735,330.4712524,0.854912262,0.1450877,0.009634628,0.000316465
2020-12-09,18:18:10,5.997800064,8.001999664,163.2921906,197.2584839,161.1601715,160.0077515,277.5556946,153.3688965,135.3939209,330.4712524,0.854912262,0.1450877,0.009634628,0.00031661
2020-12-09,18:18:11,5.997900009,8.002100372,163.2921906,197.2613068,161.1591187,160.007431,277.556366,153.368515,135.3942413,330.4712524,0.854912262,0.1450877,0.009634628,0.00031661
2020-12-09,18:18:12,5.997700119,8.002200317,163.2911835,197.2650452,161.1598663,160.0076904,277.5555725,153.3688965,135.3939667,330.4712524,0.854912262,0.1450877,0.009634628,0.00031661
2020-12-09,18:18:13,5.997800064,8.002300262,163.2911835,197.2677002,161.1603394,160.0073242,277.5566711,153.3691864,135.3937378,330.4712524,0.854912262,0.1450877,0.009634628,0.00031661
2020-12-09,18:18:14,5.997700119,8.002400208,163.2911835,197.2706604,161.16008,160.0075989,277.5558777,153.3690033,135.3938599,330.4712524,0.854912262,0.1450877,0.009634628,0.00031661
2020-12-09,18:18:15,5.997600174,8.002400208,163.2922211,197.2739868,161.160553,160.0072784,277.5567932,153.369278,135.3937073,330.4712524,0.854912262,0.1450877,0.009634628,0.00031661
2020-12-09,18:18:16,5.997800064,8.002500153,163.2922211,197.2783356,161.1603088,160.0079193,277.5550232,153.3688965,135.3939819,330.4712524,0.854912262,0.1450877,0.009634628,0.00031661
2020-12-09,18:18:17,5.997999954,8.002600098,163.2922211,197.2813721,161.1594696,160.0074768,277.5562744,153.3684235,135.3943176,330.4712524,0.854912262,0.1450877,0.009634628,0.00031661
2020-12-09,18:18:18,5.998099899,8.002700043,163.2922211,197.283844,161.1598969,160.0077515,277.5555115,153.3691864,135.3937683,330.4712524,0.854912262,0.1450877,0.009634628,0.00031661
2020-12-09,18:18:19,5.997800064,8.002700043,163.2922211,197.2887878,161.1599731,160.0075989,277.5559387,153.3695374,135.3935089,330.4712524,0.854912262,0.1450877,0.009634628,0.00031661
2020-12-09,18:18:20,5.998099899,8.002799988,163.2911835,197.2901611,161.1603851,160.0079803,277.5547791,153.3690796,135.3937988,330.4712524,0.854912262,0.1450877,0.009634628,0.00031661
2020-12-09,18:18:21,5.997999954,8.002899933,163.2922211,197.2941284,161.1606903,160.0075989,277.5558167,153.3691864,135.3937378,330.4712524,0.854912262,0.1450877,0.009634628,0.00031661
2020-12-09,18:18:22,5.997900009,8.002999878,163.2922211,197.2977142,161.1597137,160.0078125,277.5553894,153.3694458,135.3935394,330.4712524,0.854912262,0.1450877,0.009634628,0.00031661
2020-12-09,18:18:23,5.998199844,8.002999878,163.2911987,197.3013153,161.1604156,160.0076447,277.5557556,153.3698273,135.3932037,330.4712524,0.854912262,0.1450877,0.009634628,0.00031661
2020-12-09,18:18:24,5.997900009,8.003099823,163.2911987,197.3048706,161.1590424,160.0085754,277.5532227,153.3694458,135.3935699,330.4712524,0.854912262,0.1450877,0.009634628,0.00031661
2020-12-09,18:18:25,5.997999954,8.002700043,163.2911987,197.3069458,161.1607208,160.0078583,277.5551758,153.3698273,135.393219,330.4712524,0.854912262,0.1450877,0.009634628,0.00031661
2020-12-09,18:18:26,5.997800064,8.001799774,163.2922211,197.3107758,161.1595001,160.008194,277.5543213,153.3699036,135.3931732,330.4712524,0.854912262,0.1450877,0.009634628,0.00031661
2020-12-09,18:18:27,5.997999954,8.000900269,163.2922211,197.3137207,161.1605225,160.0083618,277.553772,153.3700104,135.3931122,330.4712524,0.854912262,0.1450877,0.009634628,0.00031661
2020-12-09,18:18:28,5.997900009,7.999900055,163.2922211,197.3168793,161.160202,160.0079803,277.5548096,153.3701935,135.3928833,330.4712524,0.854912262,0.1450877,0.009634628,0.00031661
2020-12-09,18:18:29,5.997999954,7.999199677,163.2922211,197.3192291,161.1597443,160.0078583,277.5551758,153.3700867,135.3929901,330.4712524,0.854912262,0.1450877,0.009634628,0.00031661
2020-12-09,18:18:30,5.997900009,7.99940033,163.2922211,197.3226013,161.1593018,160.008255,277.5541077,153.3700104,135.3931274,330.4712524,0.854941101,0.145058899,0.009634628,0.00031661
2020-12-09,18:18:31,5.998099899,7.99960022,163.2922211,197.3259277,161.1590881,160.0079803,277.5548706,153.3702698,135.392868,330.4712524,0.854941101,0.145058899,0.009634628,0.00031661
2020-12-09,18:18:32,5.997999954,7.999099731,163.291214,197.3302765,161.1595459,160.0076904,277.5556335,153.3705444,135.3926239,330.4712524,0.854941101,0.145058899,0.009634628,0.00031661
2020-12-09,18:18:33,5.998099899,7.999299622,163.291214,197.3324432,161.1604767,160.0081482,277.5543518,153.3707275,135.3924866,330.4712524,0.854941101,0.145058899,0.009634628,0.00031661
2020-12-09,18:18:34,5.997900009,7.999500275,163.2922211,197.3367004,161.1605988,160.0079193,277.5550842,153.3701935,135.3928833,330.4712524,0.854941101,0.145058899,0.009634628,0.00031661
2020-12-09,18:18:35,5.997999954,7.99960022,163.2922211,197.340744,161.1603241,160.008316,277.5540161,153.3700867,135.3929443,330.4712524,0.854941101,0.145058899,0.009634628,0.00031661
2020-12-09,18:18:36,5.997800064,7.999700165,163.2911987,197.3419647,161.159729,160.0079803,277.5548401,153.3705444,135.3926849,330.4712524,0.854941101,0.145058899,0.009634628,0.00031661
2020-12-09,18:18:37,5.997700119,7.99960022,163.2911987,197.3452148,161.1602783,160.008255,277.5541382,153.3706512,135.3925629,330.4712524,0.854941101,0.145058899,0.009634628,0.00031661
2020-12-09,18:18:38,5.997999954,7.999700165,163.2922058,197.3491974,161.1596069,160.0080414,277.5546875,153.3712006,135.3921356,330.4712524,0.854941101,0.145058899,0.009634628,0.00031661
2020-12-09,18:18:39,5.997800064,7.999700165,163.2922058,197.3520508,161.1606598,160.0078125,277.5553284,153.3708344,135.3923798,330.4712524,0.854941101,0.145058899,0.009634628,0.00031661
2020-12-09,18:18:40,5.997999954,7.999700165,163.2911835,197.3553162,161.1595612,160.0081482,277.5544128,153.3706512,135.3925934,330.4712524,0.854941101,0.145058899,0.009634628,0.00031661
2020-12-09,18:18:41,5.997800064,7.99980011,163.2921906,197.3583374,161.1603241,160.0079193,277.5550842,153.3712921,135.3920441,330.4712524,0.854941101,0.145058899,0.009634628,0.00031661
2020-12-09,18:18:42,5.997600174,7.99980011,163.2921906,197.3619995,161.1611176,160.0080414,277.554657,153.3713837,135.3920135,330.4712524,0.854941101,0.145058899,0.009634628,0.00031661
2020-12-09,18:18:43,5.997700119,7.99980011,163.2921906,197.3645172,161.1599426,160.008316,277.553833,153.3712006,135.3921509,330.4712524,0.854941101,0.145058899,0.009634628,0.00031661
2020-12-09,18:18:44,5.997800064,7.99980011,163.2921906,197.3686523,161.1607361,160.0079193,277.5550232,153.3709106,135.3923187,330.4712524,0.854941101,0.145058899,0.009634628,0.00031661
2020-12-09,18:18:45,5.997600174,7.99980011,163.2921906,197.3718109,161.1600494,160.008316,277.5539246,153.3713837,135.3919983,330.4712524,0.854941101,0.145058899,0.009634628,0.00031661
2020-12-09,18:18:46,5.997399902,7.999900055,163.2921906,197.3750916,161.1602173,160.0079193,277.5549927,153.3715515,135.3917999,330.4712524,0.854941101,0.145058899,0.009634628,0.00031661
2020-12-09,18:18:47,5.997700119,7.99980011,163.2911835,197.377243,161.1598053,160.0085144,277.5534058,153.3707275,135.3924561,330.4712524,0.854941101,0.145058899,0.009634628,0.00031661
2020-12-09,18:18:48,5.997800064,7.999900055,163.2921906,197.3802032,161.1600342,160.0079193,277.5549622,153.371109,135.3922119,330.4712524,0.854941101,0.145058899,0.009634628,0.00031661
2020-12-09,18:18:49,5.997700119,7.999900055,163.2921906,197.3852234,161.1605225,160.008194,277.5542297,153.3717499,135.3917084,330.4712524,0.854941101,0.145058899,0.009634628,0.00031661
2020-12-09,18:18:50,5.997800064,7.999900055,163.2921906,197.3882751,161.1600952,160.0078583,277.5552368,153.3714752,135.3918915,330.4712524,0.854941101,0.145058899,0.009634628,0.000316538
2020-12-09,18:18:51,5.997499847,7.999900055,163.2921906,197.3910217,161.1604156,160.008316,277.553894,153.3713837,135.3919983,330.4712524,0.854941101,0.145058899,0.009634628,0.000316538
2020-12-09,18:18:52,5.997299957,7.999900055,163.2921906,197.3943634,161.1607513,160.0076904,277.5556335,153.3716583,135.3917542,330.4712524,0.854941101,0.145058899,0.009634628,0.000316538
2020-12-09,18:18:53,5.997600174,7.999900055,163.2921906,197.3977203,161.1603394,160.0083618,277.5537415,153.3712006,135.3921967,330.4712524,0.854941101,0.145058899,0.009634628,0.000316538
2020-12-09,18:18:54,5.997499847,7.999900055,163.2921906,197.4003448,161.1608276,160.008316,277.5540771,153.371933,135.3915405,330.4712524,0.854941101,0.145058899,0.009634628,0.000316538
2020-12-09,18:18:55,5.997499847,7.999900055,163.2921906,197.403183,161.1602325,160.0081482,277.5544434,153.3722076,135.3913116,330.4712524,0.854941101,0.145058899,0.009634628,0.000316538
2020-12-09,18:18:56,5.997399902,7.999900055,163.2921906,197.4069519,161.1605072,160.0077515,277.555481,153.3715515,135.3917999,330.4712524,0.854941101,0.145058899,0.009634628,0.000316538
2020-12-09,18:18:57,5.997299957,8.0,163.2932434,197.4093628,161.1599731,160.008255,277.5541992,153.3713837,135.3920135,330.4712524,0.854941101,0.145058899,0.009634628,0.000316538
2020-12-09,18:18:58,5.997499847,7.999900055,163.2922211,197.4117889,161.1595154,160.008316,277.5539246,153.3716583,135.3917542,330.4712524,0.854941101,0.145058899,0.009634628,0.000316538
2020-12-09,18:18:59,5.997600174,8.0,163.2922211,197.4158936,161.1606903,160.0077515,277.555481,153.3720245,135.3914337,330.4712524,0.854941101,0.145058899,0.009634628,0.000316538
2020-12-09,18:19:00,5.997499847,7.999900055,163.2922211,197.4194794,161.1589508,160.008316,277.5540771,153.371933,135.39151,330.4712524,0.854941101,0.145058899,0.009634628,0.000316538
2020-12-09,18:19:01,5.997600174,8.0,163.2922211,197.4235687,161.1599731,160.0084686,277.5535583,153.3722076,135.3912659,330.4712524,0.854941101,0.145058899,0.009634628,0.000316538
2020-12-09,18:19:02,5.997399902,7.999900055,163.2922211,197.4256439,161.1598053,160.008194,277.5542908,153.3720245,135.3914642,330.4712524,0.854941101,0.145058899,0.009634628,0.000316538
2020-12-09,18:19:03,5.997600174,8.0,163.2922211,197.4283905,161.1606903,160.008255,277.553833,153.3722076,135.3912201,330.4712524,0.854941101,0.145058899,0.009634628,0.000316538
2020-12-09,18:19:04,5.997399902,7.999900055,163.2922211,197.4311829,161.1616516,160.0080414,277.5547485,153.3720245,135.3914642,330.4712524,0.854941101,0.145058899,0.009634628,0.000316538
2020-12-09,18:19:05,5.997499847,8.0,163.2922211,197.4367065,161.1605072,160.0075989,277.5559692,153.3730774,135.3906403,330.4712524,0.854941101,0.145058899,0.009634628,0.000316538
2020-12-09,18:19:06,5.997299957,7.999900055,163.2922211,197.4391174,161.1606598,160.0080414,277.554718,153.3720245,135.3914185,330.4712524,0.854941101,0.145058899,0.009634628,0.000316538
2020-12-09,18:19:07,5.997499847,7.999900055,163.2922211,197.4415894,161.1601563,160.008316,277.5538635,153.3724213,135.3916626,330.4712524,0.854941101,0.145058899,0.009634628,0.000316538
2020-12-09,18:19:08,5.997299957,7.999900055,163.2922211,197.444519,161.1604767,160.0080414,277.5546875,153.371933,135.3910675,330.4712524,0.854941101,0.145058899,0.009634628,0.000316538
2020-12-09,18:19:09,5.997399902,7.999900055,163.2922211,197.4488068,161.159729,160.0081482,277.5543823,153.3729706,135.39151,330.4712524,0.854941101,0.145058899,0.009634628,0.000316538
2020-12-09,18:19:10,5.997299957,7.999900055,163.2922211,197.4522247,161.1602631,160.008316,277.5540466,153.3731537,135.3905487,330.4712524,0.854941101,0.145058899,0.009634628,0.000316538
2020-12-09,18:19:11,5.997399902,7.999900055,163.2922211,197.4550781,161.1611481,160.0083618,277.5538025,153.3733368,135.3903809,330.4712524,0.854941101,0.145058899,0.009634628,0.000316538
2020-12-09,18:19:12,5.997200012,7.999900055,163.2922211,197.4571075,161.1604004,160.0080872,277.5545654,153.3726044,135.3910217,330.4712524,0.854923172,0.145076799,0.009634628,0.000316538
2020-12-09,18:19:13,5.997299957,7.999900055,163.2922211,197.4605255,161.1600189,160.0088348,277.5525208,153.3722992,135.3911896,330.4712524,0.854923172,0.145076799,0.009634628,0.000316538
2020-12-09,18:19:14,5.997200012,7.999900055,163.2922211,197.463913,161.1603241,160.0085144,277.5534363,153.3726044,135.390976,330.4712524,0.854893417,0.145106602,0.009634628,0.000316538
2020-12-09,18:19:15,5.997200012,7.99980011,163.2922211,197.467514,161.1595612,160.0081482,277.5544128,153.3726807,135.3910522,330.4712524,0.854893417,0.145106602,0.009634628,0.000316538
2020-12-09,18:19:16,5.997000122,7.999900055,163.2922211,197.4707031,161.1603851,160.0085144,277.5533447,153.3726044,135.3909454,330.4712524,0.854893417,0.145106602,0.009634628,0.000316538
2020-12-09,18:19:17,5.997299957,7.99980011,163.2922211,197.4730682,161.1607666,160.008255,277.5541687,153.3724823,135.3910828,330.4712524,0.854893417,0.145106602,0.009634628,0.000316538
2020-12-09,18:19:18,5.997100067,7.999900055,163.2922211,197.4769287,161.15979,160.008194,277.5543213,153.3732605,135.3904572,330.4712524,0.854893417,0.145106602,0.009634628,0.000316538
2020-12-09,18:19:19,5.997200012,7.99980011,163.2922211,197.479187,161.1592407,160.0081482,277.5544128,153.3726807,135.3908997,330.4712524,0.854893417,0.145106602,0.009634628,0.000316538
2020-12-09,18:19:20,5.997000122,7.99980011,163.2922211,197.4828033,161.1600952,160.0083618,277.5537109,153.3729706,135.3907166,330.4712524,0.854893417,0.145106602,0.009634628,0.000316538
2020-12-09,18:19:21,5.99679985,7.99980011,163.2922211,197.4857635,161.1604156,160.0084229,277.5535889,153.3732605,135.3904266,330.4712524,0.854893417,0.145106602,0.009634628,0.000316538
2020-12-09,18:19:22,5.997000122,7.99980011,163.2922211,197.4890137,161.1600647,160.0083618,277.5538025,153.3731537,135.3905182,330.4712524,0.854893417,0.145106602,0.009634628,0.000316538
2020-12-09,18:19:23,5.996900177,7.99980011,163.2922211,197.4912872,161.1604309,160.0085144,277.5533752,153.3734436,135.3903351,330.4712524,0.854893417,0.145106602,0.009634628,0.000316538
2020-12-09,18:19:24,5.997000122,7.999700165,163.2922211,197.4954834,161.1607208,160.008255,277.5541382,153.3732605,135.3904877,330.4712524,0.854893417,0.145106602,0.009634628,0.000316538
2020-12-09,18:19:25,5.997100067,7.99980011,163.2922211,197.4981384,161.1604309,160.0083618,277.5537415,153.3738861,135.3899231,330.4712524,0.854893417,0.145106602,0.009634628,0.000316538
2020-12-09,18:19:26,5.996900177,7.999700165,163.2922211,197.5017242,161.160614,160.0080872,277.5545349,153.3737946,135.3900757,330.4712524,0.854893417,0.145106602,0.009634628,0.000316538
2020-12-09,18:19:27,5.99679985,7.999700165,163.2922211,197.504776,161.1603241,160.0087585,277.5527344,153.373703,135.3901215,330.4712524,0.854893417,0.145106602,0.009634628,0.000316538
2020-12-09,18:19:28,5.996900177,7.999700165,163.2922211,197.5071716,161.1601563,160.0090485,277.5518799,153.3736115,135.390213,330.4712524,0.854893417,0.145106602,0.009634628,0.000316538
2020-12-09,18:19:29,5.99679985,7.999700165,163.2922211,197.5121307,161.1609802,160.0084229,277.5535889,153.3732605,135.3904572,330.4712524,0.854893417,0.145106602,0.009634628,0.000316538
2020-12-09,18:19:30,5.996900177,7.999700165,163.2922211,197.5133057,161.158905,160.008316,277.5540771,153.3737946,135.3899841,330.4712524,0.854893417,0.145106602,0.009634628,0.000316538
2020-12-09,18:19:31,5.99679985,7.999700165,163.2922211,197.5168457,161.1603851,160.0085144,277.5533447,153.3734436,135.3902893,330.4712524,0.854893417,0.145106602,0.009634628,0.000316538
2020-12-09,18:19:32,5.996900177,7.999700165,163.2922211,197.5206604,161.1595764,160.008255,277.5543213,153.3731537,135.3905487,330.4712524,0.854893417,0.145106602,0.009634628,0.000316538
2020-12-09,18:19:33,5.997100067,7.99960022,163.2922211,197.5241394,161.1607666,160.0084686,277.5534973,153.3740845,135.3898163,330.4712524,0.854893417,0.145106602,0.009634628,0.000316538
2020-12-09,18:19:34,5.997000122,7.99960022,163.2932587,197.5265503,161.1615295,160.008316,277.5538635,153.3742676,135.389679,330.4712524,0.854893417,0.145106602,0.009634628,0.000316538
2020-12-09,18:19:35,5.997100067,7.99960022,163.2932587,197.5305328,161.1611786,160.0084686,277.5534973,153.3738861,135.3899078,330.4712524,0.854893417,0.145106602,0.009634628,0.000316538
2020-12-09,18:19:36,5.99679985,7.99960022,163.2932587,197.5335846,161.1604767,160.0085144,277.5533142,153.3737946,135.3900604,330.4712524,0.854893417,0.145106602,0.009634628,0.000316538
2020-12-09,18:19:37,5.996900177,7.99960022,163.2922211,197.5370178,161.1612091,160.008255,277.5541382,153.3740845,135.3898315,330.4712524,0.854893417,0.145106602,0.009634628,0.000316538
2020-12-09,18:19:38,5.99679985,7.99960022,163.2922211,197.5394287,161.159317,160.0087585,277.5527649,153.3738861,135.3900757,330.4712524,0.854893417,0.145106602,0.009634628,0.000316595
2020-12-09,18:19:39,5.997000122,7.999500275,163.2922211,197.5422363,161.1603241,160.0085754,277.5532532,153.3745422,135.3894501,330.4712524,0.854893417,0.145106602,0.009634628,0.000316595
2020-12-09,18:19:40,5.99659996,7.999500275,163.2922211,197.5458527,161.1594849,160.0087585,277.5527954,153.3737946,135.3900146,330.4712524,0.854893417,0.145106602,0.009634628,0.000316595
2020-12-09,18:19:41,5.996900177,7.999500275,163.2922211,197.5490265,161.1607361,160.0084686,277.5534668,153.3744507,135.3895721,330.4712524,0.854893417,0.145106602,0.009634628,0.000316595
2020-12-09,18:19:42,5.996699905,7.99960022,163.2922211,197.5517273,161.1599579,160.0089264,277.5523071,153.3738861,135.3899536,330.4712524,0.854929199,0.145070801,0.009634628,0.000316595
2020-12-09,18:19:43,5.997000122,7.999500275,163.2922211,197.5557709,161.1601563,160.008255,277.5541077,153.3748016,135.3891907,330.4712524,0.854929199,0.145070801,0.009634628,0.000316595
2020-12-09,18:19:44,5.99679985,7.999500275,163.2922211,197.5582123,161.1598663,160.0083618,277.5536499,153.3745422,135.389389,330.4712524,0.854929199,0.145070801,0.009634628,0.000316595
2020-12-09,18:19:45,5.997000122,7.99940033,163.2922211,197.5610962,161.1607056,160.0088806,277.5524292,153.3741608,135.3897247,330.4712524,0.854929199,0.145070801,0.009634628,0.000316595
2020-12-09,18:19:46,5.996900177,7.999500275,163.2932892,197.5646667,161.1604767,160.0084229,277.5536804,153.3745422,135.3894501,330.4712524,0.854929199,0.145070801,0.009634628,0.000316595
2020-12-09,18:19:47,5.99679985,7.99940033,163.2922363,197.5680847,161.1597595,160.0086365,277.5530701,153.3747101,135.3893127,330.4712524,0.854929199,0.145070801,0.009634628,0.000316595
2020-12-09,18:19:48,5.997000122,7.999500275,163.2922363,197.5714264,161.1605377,160.0089264,277.5523071,153.3756561,135.3885651,330.4712524,0.854929199,0.145070801,0.009634628,0.000316595
2020-12-09,18:19:49,5.99679985,7.99940033,163.2922363,197.5739441,161.1608734,160.0087585,277.5519714,153.3752747,135.3888397,330.4712524,0.854929199,0.145070801,0.009634628,0.000316595
2020-12-09,18:19:50,5.996900177,7.99940033,163.2922363,197.5774841,161.159729,160.0080414,277.554657,153.3754578,135.3886871,330.4712524,0.854929199,0.145070801,0.009634628,0.000316595
2020-12-09,18:19:51,5.996699905,7.99940033,163.2922363,197.5809479,161.1602173,160.0085144,277.5534058,153.375,135.3890381,330.4712524,0.854929199,0.145070801,0.009634628,0.000316595
2020-12-09,18:19:52,5.99659996,7.999299622,163.2922363,197.5833435,161.1605225,160.0081482,277.5544128,153.375,135.3890839,330.4712524,0.854929199,0.145070801,0.009634628,0.000315683
2020-12-09,18:19:53,5.996900177,7.999299622,163.2922363,197.5867157,161.1606293,160.0088806,277.5524902,153.3752747,135.388855,330.4712524,0.854929199,0.145070801,0.009634628,0.000315683
2020-12-09,18:19:54,5.99659996,7.999299622,163.2922363,197.5895538,161.1599884,160.0085144,277.5533142,153.3756561,135.3885498,330.4712524,0.854929199,0.145070801,0.009634628,0.000315683
2020-12-09,18:19:55,5.99679985,7.999299622,163.2922363,197.5930176,161.1610413,160.0086975,277.5528564,153.3753662,135.3887482,330.4712524,0.854929199,0.145070801,0.009634628,0.000315683
2020-12-09,18:19:56,5.99659996,7.999299622,163.2922363,197.5969238,161.1604614,160.008316,277.5539856,153.3754578,135.3888245,330.4712524,0.854929199,0.145070801,0.009634628,0.000315683
2020-12-09,18:19:57,5.99679985,7.999199677,163.2922363,197.5992279,161.160675,160.0080872,277.5545654,153.3748932,135.3891449,330.4712524,0.854929199,0.145070801,0.009634628,0.000315683
2020-12-09,18:19:58,5.996500015,7.999199677,163.2922363,197.6016388,161.1604462,160.0088806,277.5524292,153.3759003,135.3883057,330.4712524,0.854929199,0.145070801,0.009634628,0.000315683
2020-12-09,18:19:59,5.99679985,7.999199677,163.2922363,197.6055908,161.1609192,160.0085754,277.5532227,153.3756561,135.388504,330.4712524,0.854929199,0.145070801,0.009634628,0.000315683
2020-12-09,18:20:00,5.99659996,7.999199677,163.2922363,197.6092529,161.15979,160.008316,277.553894,153.3756561,135.3886108,330.4712524,0.854929199,0.145070801,0.009634628,0.000315683
2020-12-09,18:20:01,5.996699905,7.999099731,163.2922363,197.6123047,161.1611786,160.0086975,277.5530396,153.3755493,135.3884277,330.4712524,0.854929199,0.145070801,0.009634628,0.000315683
2020-12-09,18:20:02,5.996500015,7.99960022,163.2922363,197.6156616,161.1606903,160.0084229,277.5536194,153.3753662,135.3887634,330.4712524,0.854929199,0.145070801,0.009634628,0.000315683
2020-12-09,18:20:03,5.99659996,8.00019989,163.2922363,197.6192169,161.1598206,160.0086975,277.5529175,153.3750763,135.3889771,330.4712524,0.854929199,0.145070801,0.009634628,0.000315683
2020-12-09,18:20:04,5.996500015,7.999700165,163.2922363,197.6221619,161.1610718,160.0081482,277.5543823,153.3755493,135.3886719,330.4712524,0.854929199,0.145070801,0.009634628,0.000315683
2020-12-09,18:20:05,5.996699905,7.99960022,163.293335,197.624939,161.1604462,160.0090485,277.552063,153.3753662,135.3887634,330.4712524,0.854929199,0.145070801,0.009634628,0.000315683
2020-12-09,18:20:06,5.996500015,8.0,163.293335,197.6281586,161.1599121,160.009201,277.5514832,153.3757172,135.3884277,330.4712524,0.854929199,0.145070801,0.009634628,0.000315683
2020-12-09,18:20:07,5.996699905,8.000299835,163.293335,197.6318207,161.161499,160.0086975,277.5528259,153.3760223,135.3882446,330.4712524,0.854929199,0.145070801,0.009634628,0.000315683
2020-12-09,18:20:08,5.996500015,8.00039978,163.2923279,197.6356354,161.1601563,160.0089264,277.5523682,153.3763885,135.3885345,330.4712524,0.854929199,0.145070801,0.009634628,0.000315683
2020-12-09,18:20:09,5.99640007,8.000299835,163.2913208,197.6375732,161.1614227,160.0086365,277.5531311,153.3759003,135.3879395,330.4712524,0.854929199,0.145070801,0.009634628,0.000315683
2020-12-09,18:20:10,5.996500015,8.00019989,163.2923584,197.6413727,161.1610107,160.0085144,277.5526733,153.3756561,135.3885803,330.4712524,0.854929199,0.145070801,0.009634628,0.000316595
2020-12-09,18:20:11,5.996500015,8.000099945,163.2923584,197.6436462,161.1612091,160.0091553,277.5516052,153.3762054,135.3880768,330.4712524,0.854929199,0.145070801,0.009634628,0.000316595
2020-12-09,18:20:12,5.99640007,7.999900055,163.2923584,197.6472778,161.1613617,160.0089264,277.5523071,153.3766632,135.3877411,330.4712524,0.854929199,0.145070801,0.009634628,0.000316595
2020-12-09,18:20:13,5.996500015,7.99980011,163.2923584,197.6512146,161.1602783,160.0087585,277.5527649,153.3753662,135.3887482,330.4712524,0.854929199,0.145070801,0.009634628,0.000316595
2020-12-09,18:20:14,5.99640007,7.999700165,163.2923584,197.6542664,161.1599731,160.0086975,277.5530396,153.3762817,135.3879852,330.4712524,0.854929199,0.145070801,0.009634628,0.000316595
2020-12-09,18:20:15,5.996300125,7.99980011,163.2923584,197.6559448,161.1601563,160.0089874,277.5521545,153.3766632,135.3877106,330.4712524,0.854929199,0.145070801,0.009634628,0.000316595
2020-12-09,18:20:16,5.996500015,7.999500275,163.2923584,197.6593781,161.1598969,160.0087585,277.5526733,153.3760986,135.3881836,330.4712524,0.854929199,0.145070801,0.009634628,0.000316595
2020-12-09,18:20:17,5.99640007,7.999700165,163.2923584,197.663269,161.1603241,160.0091553,277.5516663,153.3768463,135.3876343,330.4712524,0.854929199,0.145070801,0.009634628,0.000316595
2020-12-09,18:20:18,5.99620018,7.962200165,163.2923584,197.6663513,161.1604004,160.0089264,277.5523376,153.3762054,135.3881226,330.4712524,0.854871597,0.145128403,0.009634628,0.000316595
2020-12-09,18:20:19,5.995700073,7.896099854,163.2923584,197.6693726,161.1607056,160.0086975,277.5529785,153.3769226,135.3874817,330.4712524,0.854871597,0.145128403,0.009634628,0.000316595
2020-12-09,18:20:20,5.994800186,7.843099976,163.293396,197.6732483,161.1612854,160.0083618,277.5538025,153.3765717,135.3877716,330.4712524,0.854883575,0.145116396,0.009634628,0.000316595
2020-12-09,18:20:21,5.993099976,7.795500183,163.2922974,197.6760864,161.1608887,160.0089874,277.5521545,153.3764801,135.3878632,330.4712524,0.854883575,0.145116396,0.009634628,0.000316595
2020-12-09,18:20:22,5.99129982,7.751499939,163.2933044,197.6788635,161.1599426,160.0080414,277.5547485,153.3770294,135.3874054,330.4712524,0.854886627,0.145113497,0.009634628,0.000316595
2020-12-09,18:20:23,5.988899994,7.710800171,163.2933044,197.6822662,161.1607513,160.0079193,277.5549011,153.3763885,135.3879547,330.4712524,0.854886627,0.145113497,0.009634628,0.000316595
2020-12-09,18:20:24,5.986199951,7.668000031,163.2933044,197.686142,161.1611633,160.0072021,277.5569763,153.3762054,135.3877869,330.4712524,0.854886627,0.145113497,0.009634628,0.000316595
2020-12-09,18:20:25,5.983599854,7.629100037,163.2933044,197.6893616,161.1606293,160.0061951,277.5597534,153.3768463,135.387558,330.4712524,0.854886627,0.145113497,0.009634628,0.000316595
2020-12-09,18:20:26,5.980400085,7.591799927,163.2933044,197.6923981,161.1608582,160.0052032,277.5625305,153.3764801,135.3878784,330.4712524,0.854886627,0.145113497,0.009634628,0.000316595
2020-12-09,18:20:27,5.976800156,7.552400208,163.2922516,197.6960907,161.160614,160.0038147,277.5662842,153.3774872,135.387085,330.4712524,0.854886627,0.145113497,0.009634628,0.000316595
2020-12-09,18:20:28,5.972999954,7.513899994,163.2922516,197.6990814,161.1598511,160.002655,277.5695496,153.3773041,135.3872375,330.4712524,0.854886627,0.145113497,0.009634628,0.000315669
2020-12-09,18:20:29,5.969100189,7.477400208,163.2922516,197.7017822,161.1595306,160.0015411,277.5726013,153.377121,135.3870239,330.4712524,0.854886627,0.145113497,0.009634628,0.000315669
2020-12-09,18:20:30,5.964599991,7.439399719,163.2922516,197.7052612,161.1602631,159.9996948,277.5775757,153.3781281,135.3865204,330.4712524,0.854886627,0.145113497,0.009634628,0.000315669
2020-12-09,18:20:31,5.959999847,7.402200317,163.2933502,197.7077942,161.1605377,159.9983215,277.5813599,153.3786621,135.3861542,330.4712524,0.854886627,0.145113497,0.009634628,0.000315669
2020-12-09,18:20:32,5.954800034,7.364399719,163.2933502,197.7113037,161.1591034,159.9968109,277.5854797,153.3791351,135.3857422,330.4712524,0.854886627,0.145113497,0.009634628,0.000315669
2020-12-09,18:20:33,5.948699951,7.329599762,163.2933502,197.715271,161.1602173,159.994873,277.5907593,153.3798828,135.3850708,330.4712524,0.854886627,0.145113497,0.009634628,0.000315669
2020-12-09,18:20:34,5.944100189,7.294200134,163.2923431,197.7177582,161.1609497,159.9929199,277.5961914,153.3806305,135.3844757,330.4712524,0.854886627,0.145113497,0.009634628,0.000315669
2020-12-09,18:20:35,5.938299942,7.259799957,163.2923431,197.7213287,161.1591339,159.9912109,277.6008301,153.3814545,135.3838959,330.4712524,0.854886627,0.145113497,0.009634628,0.000315669
2020-12-09,18:20:36,5.837799835,7.22519989,163.2923431,197.7241516,161.159729,159.9895172,277.6054993,153.3822632,135.3832397,330.4712524,0.854886627,0.145113497,0.009634628,0.000315669
2020-12-09,18:20:37,5.773400116,7.191200256,163.2933502,197.7271576,161.1592865,159.9870453,277.6122131,153.3834991,135.3822327,330.4712524,0.854886627,0.145113497,0.009634628,0.000315669
2020-12-09,18:20:38,5.680599976,7.155400085,163.2922211,197.7309875,161.1584473,159.9851532,277.6175842,153.3844299,135.3815002,330.4712524,0.854886627,0.145113497,0.009634628,0.000315669
2020-12-09,18:20:39,5.593099976,7.118800354,163.2922211,197.7346344,161.1591949,159.9826202,277.6244202,153.3848724,135.3810883,330.4712524,0.854886627,0.145113497,0.009634628,0.000315669
2020-12-09,18:20:40,5.511100006,7.083999634,163.2922211,197.737381,161.1581116,159.9807587,277.6295471,153.3847961,135.3813019,330.4712524,0.854886627,0.145113497,0.009634628,0.000315669
2020-12-09,18:20:41,5.422299957,7.046099854,163.2922211,197.7393494,161.15802,159.9782104,277.6364746,153.3850403,135.3809814,330.4712524,0.854886627,0.145113497,0.009634628,0.000315669
2020-12-09,18:20:42,5.334700012,7.009200287,163.2932587,197.7423096,161.1576691,159.9756165,277.6436157,153.385437,135.3806305,330.4712524,0.854886627,0.145113497,0.009634628,0.000315669
2020-12-09,18:20:43,5.239300156,6.970400238,163.2932587,197.7429657,161.1572723,159.973053,277.6507568,153.3850403,135.3809814,330.6437988,0.854886627,0.145113497,0.009634628,0.000315669
2020-12-09,18:20:44,5.147600174,6.932900238,163.2932587,197.7425995,161.1566315,159.9700928,277.6587219,153.3860779,135.3800964,330.6437988,0.854786377,0.145213604,0.009634628,0.000315669
2020-12-09,18:20:45,5.005599976,6.895500183,163.2932587,197.7432861,161.1567841,159.967926,277.6647949,153.3866272,135.3796539,330.6437988,0.854786377,0.145213604,0.009634628,0.000315669
2020-12-09,18:20:46,4.79109993,6.854199982,163.2932587,197.7412872,161.15625,159.9652405,277.6722107,153.3862457,135.3799591,330.6437988,0.854786377,0.145213604,0.009634628,0.000315669
2020-12-09,18:20:47,4.568600082,6.812799835,163.2932587,197.7381592,161.1558533,159.9620667,277.6808777,153.3860779,135.3800964,330.6437988,0.854786377,0.145213604,0.009634628,0.000315669
2020-12-09,18:20:48,4.381900024,6.773999786,163.2922516,197.7335358,161.1547852,159.9593658,277.6882629,153.385437,135.3806152,330.8001099,0.854786377,0.145213604,0.009634628,0.000315669
2020-12-09,18:20:49,4.160599899,6.729299927,163.2932892,197.727829,161.1542358,159.9558105,277.6981201,153.3837891,135.3819885,330.8001099,0.854786377,0.145213604,0.009634628,0.000315669
2020-12-09,18:20:50,3.915100098,6.685099792,163.2932892,197.7173767,161.1544037,159.9533234,277.704895,153.3821869,135.3832703,330.8001099,0.849466171,0.1505338,0.009634628,0.000315669
2020-12-09,18:20:51,3.645299911,6.641899872,163.2932892,197.7060394,161.1539917,159.9503632,277.7129211,153.381546,135.3837738,330.8001099,0.849466171,0.1505338,0.009634628,0.000315669
2020-12-09,18:20:52,3.344499969,6.595800018,163.2932892,197.6888123,161.1521149,159.9467468,277.7229004,153.3795013,135.3854065,330.8001099,0.849466171,0.1505338,0.009634628,0.000315669
2020-12-09,18:20:53,3.038999939,6.548699951,163.2932892,197.6697998,161.1525421,159.9432526,277.7325439,153.3765717,135.3878021,331.0363159,0.849466171,0.1505338,0.009634628,0.000315669
2020-12-09,18:20:54,2.713800049,6.500800323,163.2932892,197.6454773,161.1519775,159.9396973,277.7423706,153.3736115,135.3901672,331.0363159,0.849466171,0.1505338,0.009634628,0.000315669
2020-12-09,18:20:55,2.235700035,6.456199646,163.2932892,197.6167145,161.1512146,159.9358673,277.7528381,153.3684235,135.3943176,331.0363159,0.849466171,0.1505338,0.009634628,0.000315669
2020-12-09,18:20:56,1.771199989,6.404599762,163.2932892,197.5796967,161.1504517,159.9324188,277.7622375,153.3649292,135.3971863,331.0363159,0.849466171,0.1505338,0.009634628,0.000315669
2020-12-09,18:20:57,1.35170002,6.354299927,163.2932892,197.5366974,161.1497192,159.9285431,277.7730103,153.3577118,135.4029541,331.0363159,0.849466171,0.1505338,0.009634628,0.000315669
2020-12-09,18:20:58,0.913099957,6.303900146,163.2932892,197.488266,161.1485596,159.9247131,277.7834778,153.3501434,135.4090729,331.2850037,0.849466171,0.1505338,0.009634628,0.000315669
2020-12-09,18:20:59,0.638800001,6.255400085,163.2932892,197.4322205,161.1480865,159.9198914,277.7966614,153.342041,135.4155884,331.2850037,0.849466171,0.1505338,0.009634628,0.000315669
2020-12-09,18:21:00,0.448400021,6.20530014,163.2932892,197.3644867,161.1472168,159.916275,277.8066101,153.3322449,135.4234924,331.2850037,0.84608017,0.153919802,0.009634628,0.000315669
2020-12-09,18:21:01,0.319799995,6.15719986,163.2932892,197.2872772,161.1468964,159.9115601,277.8196106,153.3210754,135.4324951,331.2850037,0.84608017,0.153919802,0.009634628,0.000315669
2020-12-09,18:21:02,0.2398,6.105599976,163.2922668,197.1980743,161.1453857,159.9070587,277.8321228,153.3084259,135.442688,331.2850037,0.84608017,0.153919802,0.009634628,0.000315669
2020-12-09,18:21:03,0.1921,6.058300018,163.2922668,197.1084595,161.1450806,159.9030304,277.8431396,153.2950287,135.453476,331.5984497,0.84608017,0.153919802,0.009634628,0.000315669
2020-12-09,18:21:04,0.162199998,6.011399841,163.2922668,197.0042572,161.1458435,159.8981628,277.8566589,153.2780609,135.4671631,331.5984497,0.84608017,0.153919802,0.009634628,0.000315669
2020-12-09,18:21:05,0.146500003,5.960900116,163.2922668,196.8985748,161.1431427,159.8935242,277.8692017,153.2593231,135.482193,331.5984497,0.84608017,0.153919802,0.009634628,0.000315669
2020-12-09,18:21:06,0.138699997,5.914699936,163.2922668,196.7936249,161.1418304,159.8894196,277.8805542,153.2378387,135.499527,331.5984497,0.84608017,0.153919802,0.009634628,0.000315669
2020-12-09,18:21:07,0.134099996,5.866999817,163.2932892,196.6836548,161.1419983,159.8839417,277.895752,153.2127533,135.5197296,331.5984497,0.84608017,0.153919802,0.009634628,0.000315669
2020-12-09,18:21:08,0.131299996,5.819599915,163.2932892,196.5758209,161.1409912,159.8792725,277.9083252,153.1848145,135.5423126,331.9182129,0.854395599,0.145604401,0.009634628,0.000315669
2020-12-09,18:21:09,0.130299997,5.774399948,163.2932892,196.4780273,161.1402893,159.8744354,277.9216003,153.1559448,135.5656738,331.9182129,0.854395599,0.145604401,0.009634628,0.000315669
2020-12-09,18:21:10,0.1296,5.727600098,163.2932892,196.3742676,161.1397095,159.8692932,277.9356689,153.1231079,135.5921173,331.9182129,0.854395599,0.145604401,0.009634628,0.000315669
2020-12-09,18:21:11,0.128999996,5.683000183,163.2932892,196.2769928,161.1373749,159.864624,277.9485474,153.0870667,135.6212463,331.9182129,0.854395599,0.145604401,0.009634628,0.000315669
2020-12-09,18:21:12,0.128699994,5.636999893,163.2932892,196.182663,161.137085,159.859375,277.9630127,153.0484619,135.6524048,331.9182129,0.854395599,0.145604401,0.009634628,0.000315669
2020-12-09,18:21:13,0.128400004,5.589400101,163.2932892,196.0927582,161.1366119,159.8541107,277.9776001,153.0083466,135.684845,332.2854004,0.854395599,0.145604401,0.009634628,0.000315669
2020-12-09,18:21:14,0.128100002,5.545899963,163.2932892,196.0100708,161.1363068,159.8491669,277.9912109,152.9672852,135.7180328,332.2854004,0.854395599,0.145604401,0.009634628,0.000315669
2020-12-09,18:21:15,0.127600002,5.501200104,163.2932892,195.9296722,161.1349945,159.8445129,278.0040894,152.923996,135.7530518,332.2854004,0.854395599,0.145604401,0.009634628,0.000315669
2020-12-09,18:21:16,0.127400005,5.456299973,163.2932892,195.8506165,161.1340027,159.8386841,278.0201111,152.87677,135.7913208,332.2854004,0.854395599,0.145604401,0.009634628,0.000315669
2020-12-09,18:21:17,0.1125,5.413999939,163.2932892,195.7809448,161.134552,159.8334656,278.0343628,152.8302917,135.8289337,332.2854004,0.854395599,0.145604401,0.009634628,0.000315669
2020-12-09,18:21:18,0.0838,5.370100021,163.2932892,195.7104492,161.1328888,159.828476,278.0482178,152.7816772,135.8683777,332.6154785,0.854395599,0.145604401,0.009634628,0.000316538
2020-12-09,18:21:19,0.034599999,5.324700165,163.2932892,195.6420593,161.1340485,159.8228149,278.0637512,152.7305145,135.9098816,332.6154785,0.854395599,0.145604401,0.009634628,0.000316538
2020-12-09,18:21:20,0.029499999,5.284799957,163.2932892,195.5803375,161.1306763,159.8178253,278.0775452,152.680603,135.9503937,332.6154785,0.854395599,0.145604401,0.009634628,0.000316538
2020-12-09,18:21:21,0.029300001,5.241899872,163.2932892,195.518631,161.1314697,159.8127441,278.0916138,152.6269836,135.9938812,332.6154785,0.854395599,0.145604401,0.009634628,0.000316538
2020-12-09,18:21:22,0.027700001,4.443099976,163.2932892,195.460022,161.1299591,159.8069305,278.1075745,152.5736694,136.0371399,332.6154785,0.854395599,0.145604401,0.009634628,0.000316538
2020-12-09,18:21:23,0.029800001,3.777399826,163.2932892,195.404007,161.1289215,159.8018036,278.1217346,152.5176239,136.0827637,332.9202881,0.854395599,0.145604401,0.009634628,0.000316538
2020-12-09,18:21:24,0.0206,2.609700012,163.2932892,195.3518829,161.1282959,159.7993927,278.1283875,152.4654236,136.1251831,332.9202881,0.854395599,0.145604401,0.009634628,0.000316538
2020-12-09,18:21:25,0.0155,1.441300011,163.2932892,195.298645,161.1264343,159.8052368,278.1121826,152.4131012,136.1677399,332.9202881,0.854395599,0.145604401,0.009634628,0.000316538
2020-12-09,18:21:26,0.0108,0.351900005,163.2932892,195.2489777,161.1273956,159.8313141,278.0403748,152.3652802,136.2067261,332.9202881,0.854395599,0.145604401,0.009634628,0.000316538
2020-12-09,18:21:27,0.007,0.0991,163.2932892,195.1996765,161.1256256,159.880661,277.9043884,152.3265533,136.2383118,332.9202881,0.854395599,0.145604401,0.009634628,0.000316538
2020-12-09,18:21:28,0.0054,0.098799998,163.2932892,195.1534729,161.1248322,159.94487,277.7280884,152.2951813,136.263855,333.3211975,0.854395599,0.145604401,0.009634628,0.000316538
2020-12-09,18:21:29,0.0048,0.098900002,163.2932892,195.1074982,161.1244965,160.0067444,277.5583191,152.2707672,136.2837677,333.3211975,0.854395599,0.145604401,0.009634628,0.000316538
2020-12-09,18:21:30,0.0045,0.098900002,163.2943878,195.064209,161.1234741,160.0567322,277.421051,152.2509613,136.2999268,333.3211975,0.854395599,0.145604401,0.009634628,0.000316538
2020-12-09,18:21:31,0.004,0.099000001,163.2933807,195.0235291,161.1217957,160.1006012,277.3008118,152.2350769,136.3128967,333.3211975,0.854395599,0.145604401,0.009634628,0.000316538
2020-12-09,18:21:32,0.0043,0.099000001,163.2933807,194.9868317,161.1203461,160.1371765,277.2004089,152.2216949,136.3238068,333.3211975,0.854395599,0.145604401,0.009634628,0.000316538
2020-12-09,18:21:33,0.0039,0.0991,163.2933807,194.9512939,161.1200714,160.1724243,277.1038513,152.2097626,136.3335114,333.7739563,0.854395599,0.145604401,0.009634628,0.000316538
2020-12-09,18:21:34,0.0038,0.099000001,163.2933807,194.9167328,161.1179352,160.2062836,277.0113525,152.1985016,136.3427734,333.7739563,0.854395599,0.145604401,0.009634628,0.000316538
2020-12-09,18:21:35,0.0039,0.0991,163.2933807,194.8876953,161.1167603,160.2360687,276.9299011,152.1893463,136.3502197,333.7739563,0.854395599,0.145604401,0.009634628,0.000316538
2020-12-09,18:21:36,0.0036,0.0991,163.2933807,194.8582611,161.1153259,160.2653656,276.8499451,152.1800537,136.3577728,333.7739563,0.854395599,0.145604401,0.009634628,0.000316538
2020-12-09,18:21:37,0.021699999,0.0991,163.2933807,194.8318481,161.1127777,160.2940216,276.7714539,152.1719055,136.3644714,333.7739563,0.854395599,0.145604401,0.009634628,0.000316538
2020-12-09,18:21:38,0.049500001,0.0991,163.2933807,194.8082275,161.1118164,160.319519,276.7017517,152.1637421,136.3711243,334.4205933,0.854395599,0.145604401,0.009634628,0.000316538
2020-12-09,18:21:39,0.068800002,0.0991,163.2933807,194.7852173,161.1103668,160.344574,276.6334534,152.1564026,136.377121,334.4205933,0.854395599,0.145604401,0.009634628,0.000316538
2020-12-09,18:21:40,0.077899998,0.099199998,163.2933807,194.7639923,161.1085968,160.3690186,276.566803,152.1491547,136.3829956,334.4205933,0.854395599,0.145604401,0.009634628,0.000315568
2020-12-09,18:21:41,0.078500003,0.0991,163.2923737,194.744812,161.1088562,160.3924255,276.5029297,152.142746,136.3882751,334.4205933,0.854395599,0.145604401,0.009634628,0.000315568
2020-12-09,18:21:42,0.078799999,0.099199998,163.2923737,194.7277069,161.1066284,160.4147491,276.441925,152.1363983,136.3934021,334.4205933,0.854395599,0.145604401,0.009634628,0.000315568
2020-12-09,18:21:43,0.077999997,0.0991,163.2923737,194.7124023,161.1049042,160.4357147,276.3847656,152.1309357,136.3978882,335.0227966,0.854395599,0.145604401,0.009634628,0.000315568
2020-12-09,18:21:44,0.068900001,0.099199998,163.2923737,194.6975098,161.1035767,160.4560089,276.3295898,152.1249695,136.4027557,335.0227966,0.854395599,0.145604401,0.009634628,0.000315568
2020-12-09,18:21:45,0.059100002,0.099199998,163.2923737,194.6839142,161.1024628,160.4760895,276.2748108,152.1200256,136.4067993,335.0227966,0.854395599,0.145604401,0.009634628,0.000315568
2020-12-09,18:21:46,0.055000001,0.0991,163.2923737,194.6716766,161.102951,160.4941864,276.2254944,152.1152344,136.410675,335.0227966,0.854395599,0.145604401,0.009634628,0.000315611
2020-12-09,18:21:47,0.049700001,0.099199998,163.2923737,194.659317,161.1004333,160.5124054,276.1759033,152.1105652,136.414505,335.0227966,0.854395599,0.145604401,0.009634628,0.000315611
2020-12-09,18:21:48,0.0486,0.0991,163.2923737,194.6503296,161.0986633,160.5290985,276.1303711,152.1062622,136.4180145,335.6204834,0.854395599,0.145604401,0.009634628,0.000315611
2020-12-09,18:21:49,0.009,0.099199998,163.2923737,194.6414948,161.0987854,160.5453186,276.0864563,152.1020508,136.4214478,335.6204834,0.854395599,0.145604401,0.009634628,0.000315611
2020-12-09,18:21:50,0.0191,0.0991,163.2923737,194.6319733,161.0977173,160.5609131,276.0438843,152.0973816,136.4253235,335.6204834,0.854395599,0.145604401,0.009634628,0.000314699
2020-12-09,18:21:51,0.0366,0.099199998,163.2923737,194.6247559,161.0963287,160.5764465,276.001709,152.0939789,136.4281006,335.6204834,0.854395599,0.145604401,0.009634628,0.000314699
2020-12-09,18:21:52,0.0477,0.099199998,163.2934265,194.6184387,161.0948334,160.5908356,275.9625854,152.0900574,136.4313202,335.6204834,0.856537781,0.1434622,0.009634628,0.000314699
2020-12-09,18:21:53,0.058200002,0.0991,163.2923889,194.6119537,161.0952759,160.6042175,275.9261475,152.087326,136.4335327,336.1084595,0.856537781,0.1434622,0.009634628,0.000314699
2020-12-09,18:21:54,0.030599999,0.099199998,163.2923889,194.6077271,161.0940704,160.6171112,275.8909912,152.0841064,136.436203,336.1084595,0.856537781,0.1434622,0.009634628,0.000314699
2020-12-09,18:21:55,0.0235,0.0991,163.2923889,194.6013184,161.0927429,160.6296082,275.8571777,152.08078,136.438858,336.1084595,0.856537781,0.1434622,0.009634628,0.000314699
2020-12-09,18:21:56,0.0123,0.099199998,163.2923889,194.5977783,161.0919952,160.641571,275.824585,152.0786896,136.4405975,336.1084595,0.856537781,0.1434622,0.009634628,0.000314699
2020-12-09,18:21:57,0.0292,0.0991,163.2923889,194.5939178,161.0916748,160.6521912,275.7958374,152.0752869,136.4433594,336.1084595,0.856537781,0.1434622,0.009634628,0.000314699
2020-12-09,18:21:58,0.058899999,0.0991,163.2923889,194.5903168,161.0898743,160.663681,275.7647095,152.0731964,136.4450836,336.5932312,0.856537781,0.1434622,0.009634628,0.000314699
2020-12-09,18:21:59,0.075300002,0.0991,163.2923889,194.5878906,161.0911255,160.6740265,275.7364807,152.0701752,136.4476166,336.5932312,0.856537781,0.1434622,0.009634628,0.000314699
2020-12-09,18:22:00,0.082700002,0.0991,163.2923889,194.5865936,161.088913,160.6836548,275.7102661,152.0670471,136.4501038,336.5932312,0.856537781,0.1434622,0.009634628,0.000314699
2020-12-09,18:22:01,0.0593,0.0991,163.2923889,194.584198,161.0894928,160.6923828,275.6867065,152.0660553,136.450943,336.5932312,0.856537781,0.1434622,0.009634628,0.000314699
2020-12-09,18:22:02,0.0528,0.099000001,163.2923889,194.583313,161.088501,160.7010193,275.663269,152.0629272,136.453537,336.5932312,0.856537781,0.1434622,0.009634628,0.000314699
2020-12-09,18:22:03,0.053200001,0.0991,163.2923889,194.5818176,161.089325,160.709549,275.6400757,152.0603485,136.4556122,336.8948364,0.856537781,0.1434622,0.009634628,0.000314699
2020-12-09,18:22:04,0.038100001,0.099000001,163.2923889,194.5815277,161.0880432,160.7171326,275.6195068,152.0582581,136.4572754,336.8948364,0.856537781,0.1434622,0.009634628,0.000314699
2020-12-09,18:22:05,0.034,0.0991,163.2923889,194.5806427,161.0872498,160.7244415,275.5995178,152.056778,136.4585419,336.8948364,0.856537781,0.1434622,0.009634628,0.000314699
2020-12-09,18:22:06,0.0266,0.099000001,163.2923889,194.5812073,161.0866699,160.7319031,275.5792847,152.0550537,136.4599457,336.8948364,0.856537781,0.1434622,0.009634628,0.000314699
2020-12-09,18:22:07,0.0308,0.0991,163.2923889,194.5815887,161.0870667,160.7380524,275.5625916,152.053299,136.4613647,336.8948364,0.856537781,0.1434622,0.009634628,0.000314699
2020-12-09,18:22:08,0.042199999,0.099000001,163.2923889,194.5825348,161.0856018,160.7442474,275.5460205,152.050827,136.4634094,337.2580566,0.856537781,0.1434622,0.009634628,0.000314699
2020-12-09,18:22:09,0.0233,0.099000001,163.2923889,194.5848999,161.0842438,160.7502136,275.5297852,152.0496368,136.4644012,337.2580566,0.856537781,0.1434622,0.009634628,0.000314699
2020-12-09,18:22:10,0.037400001,0.099000001,163.2923889,194.5857849,161.0860291,160.7557831,275.51474,152.0470734,136.4664917,337.2580566,0.856537781,0.1434622,0.009634628,0.000314699
2020-12-09,18:22:11,0.063300002,0.099000001,163.2923889,194.5868225,161.0850372,160.7609711,275.5007019,152.045517,136.4677124,337.2580566,0.856537781,0.1434622,0.009634628,0.000314699
2020-12-09,18:22:12,0.0815,0.099000001,163.2913208,194.5883636,161.0835876,160.7658844,275.4873047,152.0442352,136.4687805,337.2580566,0.856537781,0.1434622,0.009634628,0.000314699
2020-12-09,18:22:13,0.090600002,0.098900002,163.2923279,194.591217,161.0849457,160.77034,275.4752808,152.0427704,136.4699554,337.6325684,0.856537781,0.1434622,0.009634628,0.000314699
2020-12-09,18:22:14,0.093400002,0.099000001,163.2923279,194.5925446,161.0839081,160.7741852,275.4647827,152.0411072,136.4713287,337.6325684,0.856537781,0.1434622,0.009634628,0.000314699
2020-12-09,18:22:15,0.081800002,0.098900002,163.2923279,194.5953369,161.0845184,160.7783813,275.4533691,152.0395508,136.4725494,337.6325684,0.856537781,0.1434622,0.009634628,0.000314699
2020-12-09,18:22:16,0.076599997,0.098900002,163.2923279,194.5995178,161.0833588,160.7824554,275.4424744,152.0380096,136.473877,337.6325684,0.856537781,0.1434622,0.009634628,0.000314699
2020-12-09,18:22:17,0.087699997,0.098900002,163.2923279,194.6024933,161.0836334,160.7855377,275.4341736,152.0364685,136.4752045,337.6325684,0.856537781,0.1434622,0.009634628,0.000314699
2020-12-09,18:22:18,0.093099999,0.098900002,163.2923279,194.6048737,161.0821991,160.7888184,275.4251709,152.0355072,136.4758759,337.9875488,0.856717377,0.143282604,0.009634628,0.000314699
2020-12-09,18:22:19,0.0963,0.098900002,163.2923279,194.609314,161.0815277,160.7919464,275.4165955,152.0330658,136.4779358,337.9875488,0.856717377,0.143282604,0.009634628,0.000314699
2020-12-09,18:22:20,0.097500002,0.098900002,163.2923279,194.6120605,161.0829773,160.7953796,275.4073486,152.0323181,136.4784698,337.9875488,0.856717377,0.143282604,0.009634628,0.000314699
2020-12-09,18:22:21,0.098100001,0.098900002,163.2923279,194.6169586,161.0814056,160.7975311,275.4015198,152.0307617,136.4797821,337.9875488,0.856717377,0.143282604,0.009634628,0.000314699
2020-12-09,18:22:22,0.098199999,0.098799998,163.2923279,194.6205597,161.0820465,160.7996216,275.395813,152.0296783,136.4806976,337.9875488,0.856717377,0.143282604,0.009634628,0.000314699
2020-12-09,18:22:23,0.098299998,0.098799998,163.2923279,194.6243591,161.0826721,160.8018036,275.3898315,152.0289307,136.4813232,338.2070007,0.856717377,0.143282604,0.009634628,0.000314699
2020-12-09,18:22:24,0.098100001,0.098799998,163.2923279,194.6280518,161.0805359,160.8035736,275.3851013,152.0279999,136.4820404,338.2070007,0.856717377,0.143282604,0.009634628,0.000314699
2020-12-09,18:22:25,0.098299998,0.098799998,163.2923279,194.6338043,161.0811615,160.8059998,275.3786316,152.0261078,136.483551,338.2070007,0.856717377,0.143282604,0.009634628,0.000314699
2020-12-09,18:22:26,0.098100001,0.098799998,163.2923279,194.638855,161.0816193,160.8070526,275.3756714,152.0249786,136.4845123,338.2070007,0.856717377,0.143282604,0.009634628,0.000314699
2020-12-09,18:22:27,0.098299998,0.098799998,163.2923279,194.6438446,161.0805206,160.8084412,275.3718262,152.0235291,136.485733,338.2070007,0.856717377,0.143282604,0.009634628,0.000314699
2020-12-09,18:22:28,0.098100001,0.098799998,163.2923279,194.6478577,161.0810089,160.8100586,275.3674927,152.022522,136.486496,338.5482178,0.856717377,0.143282604,0.009634628,0.000314642
2020-12-09,18:22:29,0.098199999,0.098699999,163.2923279,194.6539307,161.081604,160.8106232,275.3659363,152.0221558,136.4868622,338.5482178,0.856717377,0.143282604,0.009634628,0.000314642
2020-12-09,18:22:30,0.097899997,0.098799998,163.2923279,194.6596375,161.0804596,160.8118591,275.3625793,152.0209503,136.487793,338.5482178,0.856717377,0.143282604,0.009634628,0.000314642
2020-12-09,18:22:31,0.098100001,0.098699999,163.2923279,194.6649628,161.080246,160.8134003,275.358429,152.0186768,136.4896851,338.5482178,0.856717377,0.143282604,0.009634628,0.000314642
2020-12-09,18:22:32,0.097799999,0.098699999,163.2923279,194.6707764,161.0814056,160.8137817,275.3573608,152.0178375,136.4903259,338.5482178,0.856717377,0.143282604,0.009634628,0.000314642
2020-12-09,18:22:33,0.098000002,0.098699999,163.2923279,194.6761932,161.0801849,160.8141022,275.3564758,152.0167542,136.491272,338.7625122,0.856717377,0.143282604,0.009634628,0.000314642
2020-12-09,18:22:34,0.097799999,0.098699999,163.2913208,194.6820068,161.079483,160.815033,275.3540955,152.0156403,136.492157,338.7625122,0.856717377,0.143282604,0.009634628,0.000314642
2020-12-09,18:22:35,0.097899997,0.098699999,163.2913208,194.6881561,161.0813751,160.8147583,275.3547668,152.0139923,136.4934692,338.7625122,0.856717377,0.143282604,0.009634628,0.000314642
2020-12-09,18:22:36,0.097799999,0.098699999,163.2923279,194.6940765,161.0799408,160.815979,275.351532,152.0136414,136.4937897,338.7625122,0.856717377,0.143282604,0.009634628,0.000314642
2020-12-09,18:22:37,0.097600001,0.0986,163.2923279,194.7007904,161.0798187,160.8155365,275.3526306,152.0116272,136.4954681,338.7625122,0.856717377,0.143282604,0.009634628,0.000314642
2020-12-09,18:22:38,0.0977,0.098699999,163.2923279,194.7077637,161.0794067,160.8158875,275.3517761,152.0115204,136.495575,339.1073608,0.856717377,0.143282604,0.009634628,0.000314642
2020-12-09,18:22:39,0.097899997,0.0986,163.2923279,194.7135925,161.0795135,160.8157501,275.3519897,152.0102386,136.4965973,339.1073608,0.856717377,0.143282604,0.009634628,0.000314642
2020-12-09,18:22:40,0.097899997,0.0986,163.2923279,194.7199402,161.0802612,160.8160858,275.3512573,152.0088654,136.4976959,339.1073608,0.856717377,0.143282604,0.009634628,0.000314642
2020-12-09,18:22:41,0.0977,0.0986,163.2923279,194.7261047,161.0797119,160.8157501,275.3521118,152.008316,136.4981384,339.1073608,0.856717377,0.143282604,0.009634628,0.000314642
2020-12-09,18:22:42,0.097899997,0.0986,163.2923279,194.7346191,161.08078,160.8157501,275.3521729,152.007309,136.4989929,339.1073608,0.856717377,0.143282604,0.009634628,0.000314642
2020-12-09,18:22:43,0.097600001,0.0986,163.2923279,194.741272,161.0792847,160.8155365,275.3525696,152.0060272,136.5000763,339.302887,0.856717377,0.143282604,0.009634628,0.000314642
2020-12-09,18:22:44,0.098000002,0.098500001,163.2923279,194.747818,161.0791016,160.8149719,275.3541565,152.0053101,136.5006256,339.302887,0.856717377,0.143282604,0.009634628,0.000314642
2020-12-09,18:22:45,0.097600001,0.0986,163.2912598,194.7557526,161.079483,160.8148651,275.3544922,152.0041199,136.5016174,339.302887,0.856717377,0.143282604,0.009634628,0.000314642
2020-12-09,18:22:46,0.097500002,0.088999999,163.2922974,194.7628632,161.0802765,160.814682,275.3548889,152.0033875,136.5021973,339.302887,0.856717377,0.143282604,0.009634628,0.000314642
2020-12-09,18:22:47,0.093900001,0.015099999,163.2922974,194.7704773,161.0791473,160.8142395,275.3562317,152.0021667,136.5031738,339.302887,0.856717377,0.143282604,0.009634628,0.000314642
2020-12-09,18:22:48,0.0949,0.0016,163.2922974,194.7776794,161.0786896,160.8139038,275.3571472,152.0011597,136.5039978,339.5996704,0.856717377,0.143282604,0.009634628,0.000314642
2020-12-09,18:22:49,0.096499997,0.0,163.2922974,194.7848816,161.079834,160.8152008,275.3535461,152.0005341,136.5045776,339.5996704,0.856717377,0.143282604,0.009634628,0.000314642
2020-12-09,18:22:50,0.097299999,0.0,163.2922974,194.7931213,161.0788269,160.8164215,275.3502502,151.9994202,136.5054474,339.5996704,0.856717377,0.143282604,0.009634628,0.000314642
2020-12-09,18:22:51,0.097600001,0.0,163.2922974,194.8001251,161.0806427,160.8174896,275.3474121,151.9976044,136.5069427,339.5996704,0.856717377,0.143282604,0.009634628,0.000314642
2020-12-09,18:22:52,0.0977,0.0,163.291275,194.8083038,161.0796814,160.8175964,275.3469849,151.9972382,136.5072327,339.5996704,0.856717377,0.143282604,0.009634628,0.000314642
2020-12-09,18:22:53,0.097600001,0.0,163.291275,194.815979,161.0807037,160.8183899,275.3448792,151.9965973,136.5077515,339.764679,0.856717377,0.143282604,0.009634628,0.000314642
2020-12-09,18:22:54,0.097799999,0.0,163.2922821,194.8241577,161.0791016,160.8191681,275.342865,151.994751,136.5092163,339.764679,0.856717377,0.143282604,0.009634628,0.000314642
2020-12-09,18:22:55,0.097600001,0.0,163.2922821,194.8321991,161.0805511,160.8194427,275.342041,151.9943085,136.5096436,339.764679,0.856717377,0.143282604,0.009634628,0.000314642
2020-12-09,18:22:56,0.097500002,0.0,163.2922821,194.8406677,161.0798035,160.8191071,275.3430481,151.993576,136.5102234,339.764679,0.856717377,0.143282604,0.009634628,0.000314642
2020-12-09,18:22:57,0.0972,0.0,163.2922821,194.8491821,161.0789948,160.8203278,275.3396301,151.9930267,136.5106354,339.764679,0.856717377,0.143282604,0.009634628,0.000314642
2020-12-09,18:22:58,0.096899998,0.0,163.2922821,194.8575439,161.0792542,160.8202667,275.3397827,151.9915466,136.5118866,340.0567627,0.856717377,0.143282604,0.009634628,0.000314642
2020-12-09,18:22:59,0.096700001,0.0,163.2922821,194.8664856,161.0799866,160.8208313,275.3383484,151.9906464,136.512619,340.0567627,0.856717377,0.143282604,0.009634628,0.000314642
2020-12-09,18:23:00,0.0968,0.0,163.2922821,194.8741913,161.0788116,160.8201141,275.3402405,151.9898224,136.5132599,340.0567627,0.856717377,0.143282604,0.009634628,0.000314642
2020-12-09,18:23:01,0.094599998,0.0,163.2922821,194.8826904,161.0796356,160.8203735,275.3395691,151.9891815,136.5138702,340.0567627,0.856717377,0.143282604,0.009634628,0.000314642
2020-12-09,18:23:02,0.061799997,0.0,163.2922821,194.8908844,161.0791168,160.8199463,275.3406677,151.9884186,136.5144196,340.0567627,0.856717377,0.143282604,0.009634628,0.000314642
2020-12-09,18:23:03,0.039199999,0.0012,163.2922821,194.9006958,161.0798187,160.8206635,275.3386536,151.9879761,136.5148621,340.2651062,0.856717377,0.143282604,0.009634628,0.000314642
2020-12-09,18:23:04,0.025400001,0.0005,163.2922821,194.9088898,161.0812073,160.8202667,275.3397827,151.9866943,136.5158539,340.2651062,0.856717377,0.143282604,0.009634628,0.000314642
2020-12-09,18:23:05,0.0189,0.0,163.2922821,194.9176788,161.0796661,160.8205414,275.3390198,151.9850464,136.5171967,340.2651062,0.856717377,0.143282604,0.009634628,0.000314642
2020-12-09,18:23:06,0.0133,0.0,163.2922821,194.9250488,161.0802307,160.8198395,275.3410034,151.9843292,136.5178528,340.2651062,0.856717377,0.143282604,0.009634628,0.000314642
2020-12-09,18:23:07,0.0094,0.0,163.2922821,194.9327698,161.0811615,160.8197937,275.3407593,151.9824677,136.5192719,340.2651062,0.856717377,0.143282604,0.009634628,0.000314642
2020-12-09,18:23:08,0.0071,0.0,163.2922821,194.9428864,161.0800018,160.8196106,275.3416138,151.9814758,136.5200958,340.3869324,0.803394318,0.196605701,0.009634628,0.000314642
2020-12-09,18:23:09,0.0055,0.0,163.2922821,194.9477844,161.0805817,160.8198395,275.3410034,151.9809265,136.5205536,340.3869324,0.803394318,0.196605701,0.009634628,0.000314642
2020-12-09,18:23:10,0.0042,0.0,163.2922821,194.9549408,161.0808563,160.818924,275.3434448,151.9799042,136.5213928,340.3869324,0.803394318,0.196605701,0.009634628,0.000315626
2020-12-09,18:23:11,0.0035,0.0,163.2922821,194.9613953,161.0800476,160.8182678,275.3453369,151.9785614,136.5225372,340.3869324,0.803394318,0.196605701,0.009634628,0.000315626
2020-12-09,18:23:12,0.003,0.0,163.2922821,194.9692688,161.0812531,160.8183899,275.3450623,151.9778137,136.5231018,340.3869324,0.803394318,0.196605701,0.009634628,0.000315626
2020-12-09,18:23:13,0.0025,0.0,163.2922821,194.9758911,161.0803375,160.8176422,275.3468018,151.9766235,136.5240479,340.6505127,0.803394318,0.196605701,0.009634628,0.000315626
2020-12-09,18:23:14,0.002,0.0,163.2922821,194.9822998,161.0810242,160.8170319,275.3485718,151.9755249,136.5249939,340.6505127,0.803394318,0.196605701,0.009634628,0.000315626
2020-12-09,18:23:15,0.0017,0.0,163.2922821,194.9896088,161.082077,160.8164215,275.3503113,151.9752502,136.5251617,340.6505127,0.803394318,0.196605701,0.009634628,0.000315626
2020-12-09,18:23:16,0.0014,0.0,163.2922821,194.9963684,161.0810699,160.81604,275.3513184,151.9741364,136.5260773,340.6505127,0.803394318,0.196605701,0.009634628,0.000315626
2020-12-09,18:23:17,0.001,0.0,163.2922821,195.0035858,161.0820313,160.8158264,275.3518066,151.9738922,136.5263519,340.6505127,0.803394318,0.196605701,0.009634628,0.000315626
2020-12-09,18:23:18,0.0011,0.0,163.2922821,195.0100555,161.081665,160.8149261,275.3543396,151.9726105,136.5273895,340.789917,0.803394318,0.196605701,0.009634628,0.000315626
2020-12-09,18:23:19,0.0006,0.0,163.2922821,195.0189056,161.0819702,160.8141022,275.3564758,151.9711609,136.5285492,340.789917,0.803394318,0.196605701,0.009634628,0.000315626
2020-12-09,18:23:20,0.0005,0.0,163.2922821,195.02565,161.0827942,160.8131866,275.3591309,151.9705963,136.529007,340.789917,0.803394318,0.196605701,0.009634628,0.000315626
2020-12-09,18:23:21,0.0002,0.0,163.291275,195.0345917,161.0830688,160.8130646,275.359375,151.9703217,136.5292664,340.789917,0.803394318,0.196605701,0.009634628,0.000315626
2020-12-09,18:23:22,0.0001,0.0,163.291275,195.042572,161.0819855,160.8124542,275.3609009,151.9691162,136.5302887,340.789917,0.803394318,0.196605701,0.009634628,0.000315626
2020-12-09,18:23:23,0.0,0.0,163.291275,195.0503235,161.0831604,160.8113098,275.3641663,151.9685822,136.5307007,340.9348755,0.803394318,0.196605701,0.009634628,0.000315626
2020-12-09,18:23:24,0.0001,0.0,163.2923279,195.0592346,161.0821075,160.8109131,275.3652954,151.9678345,136.5312958,340.9348755,0.803394318,0.196605701,0.009634628,0.000315626
2020-12-09,18:23:25,0.0002,0.0,163.2923279,195.0671082,161.082901,160.8100586,275.3675232,151.9663849,136.5324707,340.9348755,0.803394318,0.196605701,0.009634628,0.000315626
2020-12-09,18:23:26,0.0,0.0,163.2923279,195.0767975,161.0832977,160.8092346,275.3697205,151.9660187,136.5327911,340.9348755,0.803394318,0.196605701,0.009634628,0.000315626
2020-12-09,18:23:27,0.0,0.0,163.2923279,195.0834808,161.0829315,160.8087769,275.3709412,151.9651031,136.5334778,340.9348755,0.803394318,0.196605701,0.009634628,0.000315626
2020-12-09,18:23:28,0.0,0.0,163.2912903,195.0937042,161.0835419,160.8083954,275.3719788,151.9638214,136.5345306,341.1261902,0.803394318,0.196605701,0.009634628,0.000315626
2020-12-09,18:23:29,0.0,0.0,163.2922974,195.1037598,161.0830078,160.8075104,275.3744202,151.9627991,136.5353851,341.1261902,0.803394318,0.196605701,0.009634628,0.000315626
2020-12-09,18:23:30,0.0,0.0,163.2922974,195.1117554,161.0839081,160.8066559,275.3767395,151.9625244,136.5356598,341.1261902,0.803394318,0.196605701,0.009634628,0.000315626
2020-12-09,18:23:31,0.0,0.0,163.2912445,195.1194,161.0849457,160.8058167,275.3789368,151.9614258,136.5364685,341.1261902,0.803394318,0.196605701,0.009634628,0.000315626
2020-12-09,18:23:32,0.0,0.0,163.2912445,195.1303253,161.0851593,160.8053131,275.3804321,151.960434,136.5373535,341.1261902,0.803394318,0.196605701,0.009634628,0.000315626
2020-12-09,18:23:33,0.0,0.0,163.2912445,195.1394348,161.0844574,160.8042145,275.3834229,151.9594269,136.5381927,341.2631226,0.803394318,0.196605701,0.009634628,0.000315626
2020-12-09,18:23:34,0.0,0.0,163.2912445,195.1481934,161.0843964,160.8036346,275.3848877,151.9589539,136.5386047,341.2631226,0.803394318,0.196605701,0.009634628,0.000315626
2020-12-09,18:23:35,0.0,0.0,163.2912445,195.1593323,161.0853271,160.8030853,275.3864136,151.9580536,136.5393066,341.2631226,0.803394318,0.196605701,0.009634628,0.000315626
2020-12-09,18:23:36,0.0,0.0,163.2912445,195.1681213,161.0848999,160.8020935,275.3892212,151.9578705,136.5394135,341.2631226,0.803394318,0.196605701,0.009634628,0.000315626
2020-12-09,18:23:37,0.0,0.0,163.2912445,195.1776581,161.0863953,160.8014069,275.3909302,151.9566803,136.5404053,341.2631226,0.803394318,0.196605701,0.009634628,0.000315626
2020-12-09,18:23:38,0.0,0.0,163.2912445,195.1873474,161.0868225,160.8005676,275.39328,151.9556732,136.5412292,341.2631226,0.803394318,0.196605701,0.009634628,0.000315626
2020-12-09,18:23:39,0.0,0.0,163.2912445,195.1969299,161.085022,160.800293,275.394104,151.9551086,136.541687,341.2631226,0.803394318,0.196605701,0.009634628,0.000315626
2020-12-09,18:23:40,0.0,0.0,163.2912445,195.2064362,161.0864258,160.7996216,275.395813,151.9546509,136.5421143,341.2631226,0.803394318,0.196605701,0.009634628,0.000315626
2020-12-09,18:23:41,0.0,0.0,163.2912445,195.2163391,161.0858307,160.798584,275.3985901,151.9539185,136.5427094,341.2631226,0.803394318,0.196605701,0.009634628,0.000315626
2020-12-09,18:23:42,0.0,0.0,163.2922516,195.2267303,161.0877686,160.797699,275.401001,151.9527283,136.5436707,341.2631226,0.803394318,0.196605701,0.009634628,0.000315626
2020-12-09,18:23:43,0.0,0.0,163.2922516,195.2361145,161.0870514,160.796936,275.4030151,151.9519196,136.544281,341.4734497,0.803394318,0.196605701,0.009634628,0.000315626
2020-12-09,18:23:44,0.0,0.0,163.2922516,195.2470398,161.086319,160.7960968,275.4052734,151.9520874,136.5441895,341.4734497,0.803394318,0.196605701,0.009634628,0.000315626
2020-12-09,18:23:45,0.0,0.0,163.2922516,195.2572632,161.0873413,160.7954407,275.4071655,151.9506226,136.5453339,341.4734497,0.803394318,0.196605701,0.009634628,0.000315626
2020-12-09,18:23:46,0.0,0.0,163.2922516,195.2667999,161.0874329,160.7948456,275.4087524,151.9502563,136.5457001,341.4734497,0.803394318,0.196605701,0.009634628,0.000315626
2020-12-09,18:23:47,0.0,0.0,163.2922516,195.2780151,161.0881195,160.7943573,275.4102478,151.9494476,136.5463715,341.4734497,0.803394318,0.196605701,0.009634628,0.000315626
2020-12-09,18:23:48,0.0,0.0,163.2922516,195.2884064,161.0879211,160.7935181,275.4124451,151.9479675,136.5475769,341.6804199,0.803394318,0.196605701,0.009634628,0.000315626
2020-12-09,18:23:49,0.0,0.0,163.2922516,195.2984314,161.0882111,160.7921753,275.4159241,151.9476929,136.5477448,341.6804199,0.803394318,0.196605701,0.009634628,0.000315626
2020-12-09,18:23:50,0.0,0.0,163.2922516,195.3082581,161.0890503,160.7919464,275.4167175,151.947052,136.5483093,341.6804199,0.803394318,0.196605701,0.009634628,0.000315626
2020-12-09,18:23:51,0.0,0.0,163.2922516,195.3189087,161.0891571,160.7913818,275.4181519,151.9459686,136.5492249,341.6804199,0.803394318,0.196605701,0.009634628,0.000315626
2020-12-09,18:23:52,0.0,0.0,163.2922516,195.3295288,161.0896301,160.7910614,275.4191589,151.9455109,136.5495911,341.6804199,0.803394318,0.196605701,0.009634628,0.000315626
2020-12-09,18:23:53,0.0,0.0,163.2912292,195.3400879,161.0903473,160.7895966,275.4230347,151.9458771,136.5492554,341.6804199,0.803394318,0.196605701,0.009634628,0.000315626
2020-12-09,18:23:54,0.0,0.0,163.2912292,195.3499298,161.0899048,160.7893677,275.423645,151.9441223,136.5506744,341.6804199,0.803394318,0.196605701,0.009634628,0.000315626
2020-12-09,18:23:55,0.0,0.0,163.2912292,195.3602295,161.0913544,160.788208,275.4267273,151.9435883,136.5511627,341.6804199,0.803394318,0.196605701,0.009634628,0.000315626
2020-12-09,18:23:56,0.0,0.0,163.2912292,195.3715363,161.0909119,160.7880402,275.4272461,151.942749,136.5517731,341.6804199,0.803394318,0.196605701,0.009634628,0.000315626
2020-12-09,18:23:57,0.0,0.0,163.2912292,195.3823547,161.0914154,160.7874756,275.4286804,151.9418488,136.552597,341.6804199,0.803394318,0.196605701,0.009634628,0.000315626
2020-12-09,18:23:58,0.0,0.0,163.2912292,195.3943939,161.0909271,160.786972,275.4301453,151.9414673,136.5528564,341.8737488,0.803394318,0.196605701,0.009634628,0.000315626
2020-12-09,18:23:59,0.0,0.0,163.2912292,195.4048157,161.0920258,160.7857971,275.4332886,151.940094,136.5540009,341.8737488,0.803394318,0.196605701,0.009634628,0.000315626
2020-12-09,18:24:00,0.0,0.0,163.2912292,195.41539,161.0913086,160.7852325,275.4348145,151.9394531,136.5545654,341.8737488,0.803394318,0.196605701,0.009634628,0.000315626
2020-12-09,18:24:01,0.0,0.0,163.2912292,195.425705,161.0920868,160.7849121,275.4357605,151.9388275,136.555069,341.8737488,0.803394318,0.196605701,0.009634628,0.000315626
2020-12-09,18:24:02,0.0,0.0,163.2912292,195.4367065,161.0917053,160.7840881,275.4379883,151.9382782,136.555542,341.8737488,0.803394318,0.196605701,0.009634628,0.000315626
2020-12-09,18:24:03,0.0,0.0,163.2912292,195.4483337,161.0937653,160.783783,275.4386902,151.9375153,136.5561218,341.8737488,0.803394318,0.196605701,0.009634628,0.000315626
2020-12-09,18:24:04,0.0,0.0,163.2912292,195.4584198,161.0926361,160.782959,275.4410706,151.9370575,136.5565033,341.8737488,0.803394318,0.196605701,0.009634628,0.000315626
2020-12-09,18:24:05,0.0,0.0,163.2912292,195.4701385,161.0941315,160.7821198,275.4433594,151.9359741,136.5573273,341.8737488,0.803394318,0.196605701,0.009634628,0.000315626
2020-12-09,18:24:06,0.0,0.0,163.2912292,195.4811859,161.0943909,160.7817841,275.4442444,151.935791,136.5575104,341.8737488,0.803394318,0.196605701,0.009634628,0.000315626
2020-12-09,18:24:07,0.0,0.0,163.2912292,195.4910431,161.0953369,160.780838,275.4466858,151.9347992,136.5583191,341.8737488,0.803394318,0.196605701,0.009634628,0.000315626
2020-12-09,18:24:08,0.0,0.0,163.2912292,195.5034027,161.0950928,160.7810669,275.4462585,151.9340515,136.55896,341.8737488,0.803394318,0.196605701,0.009634628,0.000315626
2020-12-09,18:24:09,0.0,0.0,163.2912292,195.5146179,161.0963593,160.7800598,275.4488525,151.9334106,136.5594635,341.8737488,0.803394318,0.196605701,0.009634628,0.000315626
2020-12-09,18:24:10,0.0,0.0,163.2912292,195.5256958,161.0959625,160.7796631,275.4499817,151.9325867,136.5601196,341.8737488,0.803394318,0.196605701,0.009634628,0.000315626
2020-12-09,18:24:11,0.0,0.0,163.2912292,195.5353394,161.0958405,160.7792664,275.4509583,151.9320526,136.5605927,341.8737488,0.803394318,0.196605701,0.009634628,0.000315626
2020-12-09,18:24:12,0.0,0.0,163.2912292,195.5476532,161.0967712,160.7788086,275.4522705,151.9307556,136.561615,341.8737488,0.803394318,0.196605701,0.009634628,0.000315626
2020-12-09,18:24:13,0.0,0.0,163.2922974,195.5585938,161.0970306,160.77771,275.4552307,151.9305725,136.5617523,342.0511475,0.803394318,0.196605701,0.009634628,0.000315626
2020-12-09,18:24:14,0.0,0.0,163.2922974,195.5696869,161.0972748,160.7778168,275.4550171,151.9310455,136.5614319,342.0511475,0.803394318,0.196605701,0.009634628,0.000315626
2020-12-09,18:24:15,0.0,0.0,163.2922974,195.5812531,161.0967102,160.776825,275.4576416,151.9293671,136.5627289,342.0511475,0.803394318,0.196605701,0.009634628,0.000315626
2020-12-09,18:24:16,0.0,0.0,163.2922974,195.5926361,161.0978546,160.7764435,275.4586792,151.9284821,136.5635223,342.0511475,0.803394318,0.196605701,0.009634628,0.000315626
2020-12-09,18:24:17,0.0,0.0,163.2922974,195.6047211,161.0974426,160.7759399,275.460022,151.9281921,136.563736,342.0511475,0.803394318,0.196605701,0.009634628,0.000315626
2020-12-09,18:24:18,0.0,0.0,163.2922974,195.6154022,161.0979309,160.7758026,275.4603882,151.9276581,136.5641632,342.197876,0.803394318,0.196605701,0.009634628,0.000315626
2020-12-09,18:24:19,0.0,0.0,163.2922974,195.6261444,161.0989075,160.7750092,275.4624939,151.9263611,136.5652313,342.197876,0.803394318,0.196605701,0.009634628,0.000315626
2020-12-09,18:24:20,0.0,0.0,163.2912903,195.6386108,161.0993805,160.7745209,275.4638062,151.9259949,136.5655365,342.197876,0.803394318,0.196605701,0.009634628,0.000315626
2020-12-09,18:24:21,0.0,0.0,163.2923279,195.6497803,161.0985718,160.7747955,275.4646606,151.9256287,136.5658569,342.197876,0.803394318,0.196605701,0.009634628,0.000315626
2020-12-09,18:24:22,0.0,0.0,163.2912445,195.6610413,161.0998383,160.7731934,275.4675293,151.9250793,136.5662842,342.197876,0.803394318,0.196605701,0.009634628,0.000315626
2020-12-09,18:24:23,0.0,0.0,163.2912445,195.6728973,161.1009216,160.7733612,275.4671326,151.9244385,136.566803,342.197876,0.803394318,0.196605701,0.009634628,0.000315626
2020-12-09,18:24:24,0.0,0.0,163.2912445,195.6838531,161.1001892,160.7732391,275.4673462,151.9238892,136.5672607,342.197876,0.803394318,0.196605701,0.009634628,0.000315626
2020-12-09,18:24:25,0.0,0.0,163.2922668,195.6958008,161.1013031,160.7726288,275.4691162,151.922699,136.5681915,342.197876,0.803394318,0.196605701,0.009634628,0.000315626
2020-12-09,18:24:26,0.0,0.0,163.2912445,195.7072449,161.1017303,160.7722931,275.4698181,151.9222412,136.5685883,342.197876,0.803394318,0.196605701,0.009634628,0.000315626
2020-12-09,18:24:27,0.0,0.0,163.2912445,195.7180176,161.1021729,160.7719116,275.4708862,151.9225922,136.5683289,342.197876,0.803394318,0.196605701,0.009634628,0.000315626
2020-12-09,18:24:28,0.0,0.0,163.2912445,195.7315979,161.1018372,160.7714081,275.4723816,151.9217834,136.5690308,342.197876,0.803394318,0.196605701,0.009634628,0.000315626
2020-12-09,18:24:29,0.0,0.0,163.2912445,195.7419586,161.1026917,160.7707825,275.4740295,151.9204254,136.5701141,342.197876,0.803394318,0.196605701,0.009634628,0.000315626
2020-12-09,18:24:30,0.0,0.0,163.2912445,195.7536621,161.1032715,160.7711334,275.4731445,151.9198608,136.5705261,342.197876,0.803394318,0.196605701,0.009634628,0.000315626
2020-12-09,18:24:31,0.0,0.0,163.2912445,195.764801,161.1037598,160.77034,275.4752502,151.9197998,136.5706635,342.197876,0.803394318,0.196605701,0.009634628,0.000315626
2020-12-09,18:24:32,0.0,0.0,163.2912445,195.7762146,161.1039886,160.77005,275.4759521,151.9187469,136.5714569,342.197876,0.803394318,0.196605701,0.009634628,0.000315626
2020-12-09,18:24:33,0.0,0.0,163.2912445,195.7877502,161.1043243,160.7695007,275.4775391,151.9179382,136.5720825,342.197876,0.803394318,0.196605701,0.009634628,0.000315626
2020-12-09,18:24:34,0.0,0.0,163.2912445,195.8003387,161.105423,160.7692871,275.4781189,151.9176636,136.572403,342.197876,0.803394318,0.196605701,0.009634628,0.000315626
2020-12-09,18:24:35,0.0,0.0,163.2912445,195.812027,161.1053619,160.7693939,275.4777527,151.9172974,136.5726166,342.197876,0.803394318,0.196605701,0.009634628,0.000315626
2020-12-09,18:24:36,0.0,0.0,163.2912445,195.8235474,161.1058502,160.7683868,275.4805298,151.9164734,136.573349,342.197876,0.803394318,0.196605701,0.009634628,0.000315626
2020-12-09,18:24:37,0.0,0.0,163.2912445,195.8354797,161.1059265,160.7684937,275.4802246,151.915451,136.5741119,342.197876,0.803394318,0.196605701,0.009634628,0.000315626
2020-12-09,18:24:38,0.0,0.0,163.2912445,195.8464508,161.1065979,160.7678223,275.4819336,151.9152832,136.5743561,342.197876,0.803394318,0.196605701,0.009634628,0.000315626
2020-12-09,18:24:39,0.0,0.0,163.2912445,195.8584747,161.105835,160.7681122,275.4812927,151.9151001,136.5740814,342.197876,0.803394318,0.196605701,0.009634628,0.000315626
2020-12-09,18:24:40,0.0,0.0,163.2912445,195.8709106,161.1072235,160.7675476,275.4827576,151.9144592,136.5749817,342.197876,0.803394318,0.196605701,0.009634628,0.000315626
2020-12-09,18:24:41,0.0,0.0,163.2922668,195.8824463,161.1067657,160.767334,275.483429,151.9142761,136.5751038,342.197876,0.803394318,0.196605701,0.009634628,0.000315626
2020-12-09,18:24:42,0.0,0.0,163.2922668,195.8945313,161.1075592,160.7677612,275.4821777,151.9131927,136.5760193,342.197876,0.803394318,0.196605701,0.009634628,0.000315626
2020-12-09,18:24:43,0.0,0.0,163.2911987,195.9067993,161.1091309,160.767334,275.4833984,151.9126434,136.5764771,342.197876,0.803394318,0.196605701,0.009634628,0.000315626
2020-12-09,18:24:44,0.0,0.0,163.2911987,195.9174652,161.1078796,160.7666626,275.4852295,151.9128265,136.576355,342.197876,0.803394318,0.196605701,0.009634628,0.000315626
2020-12-09,18:24:45,0.0,0.0,163.2911987,195.9299622,161.1086273,160.7663879,275.4859619,151.9115295,136.5773621,342.197876,0.803394318,0.196605701,0.009634628,0.000315626
2020-12-09,18:24:46,0.0,0.0,163.2911987,195.9416199,161.1094513,160.7662659,275.4862671,151.9107971,136.5779724,342.197876,0.803394318,0.196605701,0.009634628,0.000315626
2020-12-09,18:24:47,0.0,0.0,163.2911987,195.9531555,161.1102295,160.7658844,275.4873352,151.9105225,136.5782623,342.197876,0.803394318,0.196605701,0.009634628,0.000315626
2020-12-09,18:24:48,0.0,0.0,163.2911987,195.9653168,161.1098633,160.765976,275.4870605,151.9098663,136.5787048,342.3338318,0.803394318,0.196605701,0.009634628,0.000315626
2020-12-09,18:24:49,0.0,0.0,163.2911987,195.9767761,161.1103516,160.7655945,275.4879456,151.9093323,136.5791931,342.3338318,0.803394318,0.196605701,0.009634628,0.000315626
2020-12-09,18:24:50,0.0,0.0,163.2911987,195.9898529,161.1111755,160.7650299,275.4895325,151.9089813,136.5794067,342.3338318,0.803394318,0.196605701,0.009634628,0.000315626
2020-12-09,18:24:51,0.0,0.0,163.2911987,196.0020142,161.1116486,160.7648163,275.4901428,151.9081268,136.5801086,342.3338318,0.803394318,0.196605701,0.009634628,0.000315626
2020-12-09,18:24:52,0.0,0.0,163.2911987,196.013916,161.1110992,160.7648621,275.4898987,151.9080505,136.5801697,342.3338318,0.803394318,0.196605701,0.009634628,0.000315626
2020-12-09,18:24:53,0.0,0.0,163.2911987,196.0258026,161.111969,160.7647552,275.4904175,151.9074097,136.580719,342.3338318,0.803394318,0.196605701,0.009634628,0.000315626
2020-12-09,18:24:54,0.0,0.0,163.2911987,196.0366211,161.1125793,160.7649841,275.4897156,151.9068756,136.5812225,342.3338318,0.803394318,0.196605701,0.009634628,0.000315626
2020-12-09,18:24:55,0.0,0.0,163.2911987,196.0489349,161.1123199,160.7647552,275.4905396,151.906311,136.5815887,342.3338318,0.803394318,0.196605701,0.009634628,0.000315626
2020-12-09,18:24:56,0.0,0.0,163.2911987,196.0614319,161.1131439,160.763855,275.4927673,151.9052124,136.5824738,342.3338318,0.803394318,0.196605701,0.009634628,0.000315626
2020-12-09,18:24:57,0.0,0.0,163.2911987,196.074707,161.1136169,160.7642517,275.4917297,151.905014,136.5826111,342.3338318,0.803394318,0.196605701,0.009634628,0.000315626
2020-12-09,18:24:58,0.0,0.0,163.2911987,196.0851288,161.1132355,160.7641449,275.4919739,151.9054871,136.5822754,342.3338318,0.803394318,0.196605701,0.009634628,0.000315626
2020-12-09,18:24:59,0.0,0.0,163.2911987,196.0982819,161.1129456,160.7635956,275.4935303,151.9042969,136.5832672,342.3338318,0.803394318,0.196605701,0.009634628,0.000315626
2020-12-09,18:25:00,0.0,0.0,163.2911987,196.109436,161.1144714,160.7637634,275.492981,151.9035645,136.5838928,342.3338318,0.803394318,0.196605701,0.009634628,0.000315626
2020-12-09,18:25:01,0.0,0.0,163.2911987,196.1227264,161.1153717,160.7635956,275.4934998,151.9031982,136.5841217,342.3338318,0.803394318,0.196605701,0.009634628,0.000315626
2020-12-09,18:25:02,0.0,0.0,163.2911987,196.1334686,161.1142273,160.7634277,275.4940491,151.9023743,136.5848541,342.3338318,0.803394318,0.196605701,0.009634628,0.000315626
2020-12-09,18:25:03,0.0,0.0,163.2911987,196.14711,161.1158142,160.763382,275.4942322,151.9020081,136.5851288,342.3338318,0.803394318,0.196605701,0.009634628,0.000315626
2020-12-09,18:25:04,0.0,0.0,163.2911987,196.1586304,161.1159363,160.7632141,275.4945679,151.9016571,136.5854492,342.3338318,0.803394318,0.196605701,0.009634628,0.000315626
2020-12-09,18:25:05,0.0,0.0,163.2911987,196.1698761,161.1165924,160.7634277,275.493866,151.9019318,136.5852356,342.3338318,0.803394318,0.196605701,0.009634628,0.000315626
2020-12-09,18:25:06,0.0,0.0,163.2911987,196.1821289,161.11586,160.7629852,275.4951782,151.9006348,136.5862885,342.3338318,0.803394318,0.196605701,0.009634628,0.000315626
2020-12-09,18:25:07,0.0,0.0,163.2911987,196.1951599,161.117218,160.7632141,275.4945679,151.9000854,136.586731,342.3338318,0.803394318,0.196605701,0.009634628,0.000315626
2020-12-09,18:25:08,0.0,0.0,163.2911987,196.2067566,161.1184845,160.7633209,275.4942932,151.899826,136.5869598,342.3338318,0.803394318,0.196605701,0.009634628,0.000315626
2020-12-09,18:25:09,0.0,0.0,163.2911987,196.2187805,161.1181641,160.7627563,275.4957886,151.8993378,136.5872955,342.3338318,0.803394318,0.196605701,0.009634628,0.000315626
2020-12-09,18:25:10,0.0,0.0,163.2911987,196.2314911,161.1187439,160.7632141,275.4945068,151.8988037,136.5877838,342.3338318,0.803394318,0.196605701,0.009634628,0.000315626
2020-12-09,18:25:11,0.0,0.0,163.2911987,196.2442627,161.1184692,160.7628784,275.4954224,151.8977966,136.5885315,342.3338318,0.803394318,0.196605701,0.009634628,0.000315626
2020-12-09,18:25:12,0.0,0.0,163.2911987,196.256012,161.1193848,160.7628174,275.495575,151.8980713,136.5883636,342.3338318,0.803394318,0.196605701,0.009634628,0.000315626
2020-12-09,18:25:13,0.0,0.0,163.2911987,196.2676392,161.1204834,160.7625885,275.4963379,151.8973389,136.5889435,342.3338318,0.803394318,0.196605701,0.009634628,0.000315626
2020-12-09,18:25:14,0.0,0.0,163.2911987,196.280777,161.1197662,160.7627563,275.495697,151.8968811,136.5893707,342.3338318,0.803394318,0.196605701,0.009634628,0.000315626
2020-12-09,18:25:15,0.0,0.0,163.2911987,196.2916412,161.1207886,160.7624969,275.4965515,151.8971405,136.5891418,342.3338318,0.803394318,0.196605701,0.009634628,0.000315626
2020-12-09,18:25:16,0.0,0.0,163.2911987,196.3045349,161.1205597,160.7625885,275.4962158,151.8966064,136.5895386,342.3338318,0.803394318,0.196605701,0.009634628,0.000315626
2020-12-09,18:25:17,0.0,0.0,163.2911987,196.3173981,161.1212463,160.7627563,275.4957581,151.8955078,136.5904541,342.3338318,0.803394318,0.196605701,0.009634628,0.000315626
2020-12-09,18:25:18,0.0,0.0,163.2911987,196.329895,161.1193237,160.7625885,275.4963074,151.8954163,136.5905762,342.3338318,0.803394318,0.196605701,0.009634628,0.000315626
2020-12-09,18:25:19,0.0,0.0,163.2901764,196.3419647,161.1221771,160.7628174,275.4955444,151.89505,136.5908508,342.3338318,0.803394318,0.196605701,0.009634628,0.000315626
2020-12-09,18:25:20,0.0,0.0,163.2901764,196.3538361,161.1225739,160.7623749,275.4967651,151.8954163,136.5905914,342.3338318,0.803394318,0.196605701,0.009634628,0.000315626
2020-12-09,18:25:21,0.0,0.0,163.2901764,196.3664398,161.1228485,160.7624359,275.4970398,151.8934937,136.5921631,342.3338318,0.803394318,0.196605701,0.009634628,0.000315626
2020-12-09,18:25:22,0.0,0.0,163.2901764,196.3792725,161.1229553,160.7623749,275.4967957,151.8932037,136.5923157,342.3338318,0.803394318,0.196605701,0.009634628,0.000315626
2020-12-09,18:25:23,0.0,0.0,163.2901764,196.390686,161.122757,160.7627106,275.4960327,151.8929443,136.5925446,342.3338318,0.803394318,0.196605701,0.009634628,0.000315626
2020-12-09,18:25:24,0.0,0.0,163.2901764,196.4031677,161.1235504,160.7624359,275.4966431,151.8923035,136.5930176,342.3338318,0.803394318,0.196605701,0.009634628,0.000315626
2020-12-09,18:25:25,0.0,0.0,163.2901764,196.4161377,161.1233521,160.7621918,275.497406,151.8928375,136.5926971,342.3338318,0.803394318,0.196605701,0.009634628,0.000315626
2020-12-09,18:25:26,0.0,0.0,163.2901764,196.4283142,161.1238251,160.7626495,275.4961853,151.8920135,136.5933075,342.3338318,0.803394318,0.196605701,0.009634628,0.000315626
2020-12-09,18:25:27,0.0,0.0,163.2901764,196.4406586,161.1250153,160.7623749,275.4968567,151.8918304,136.5934296,342.3338318,0.803394318,0.196605701,0.009634628,0.000315626
2020-12-09,18:25:28,0.0,0.0,163.2901764,196.4530945,161.1252594,160.7628784,275.4954529,151.8911285,136.5941162,342.3338318,0.803394318,0.196605701,0.009634628,0.000315626
2020-12-09,18:25:29,0.0,0.0,163.2901764,196.4656677,161.1248627,160.7618713,275.4982605,151.8905792,136.594574,342.3338318,0.803394318,0.196605701,0.009634628,0.000315626
2020-12-09,18:25:30,0.0,0.0,163.2901764,196.4779816,161.1261444,160.7629852,275.4952698,151.8904877,136.5946045,342.3338318,0.803394318,0.196605701,0.009634628,0.000315626
2020-12-09,18:25:31,0.0,0.0,163.2901764,196.4898071,161.1262665,160.7627563,275.4958191,151.8906555,136.5944214,342.3338318,0.803394318,0.196605701,0.009634628,0.000315626
2020-12-09,18:25:32,0.0,0.0,163.2901764,196.5025024,161.1265717,160.7628784,275.4955139,151.8890228,136.5957794,342.3338318,0.803394318,0.196605701,0.009634628,0.000315626
2020-12-09,18:25:33,0.0,0.0,163.2901764,196.515152,161.127182,160.7629242,275.4953003,151.8894653,136.5953979,342.3338318,0.803394318,0.196605701,0.009634628,0.000315626
2020-12-09,18:25:34,0.0,0.0,163.2901764,196.526825,161.1262817,160.7627106,275.4960632,151.888382,136.5963287,342.3338318,0.803394318,0.196605701,0.009634628,0.000315626
2020-12-09,18:25:35,0.0,0.0,163.2891693,196.5402222,161.1265411,160.7633209,275.4943237,151.8884583,136.5962372,342.3338318,0.803394318,0.196605701,0.009634628,0.000315626
2020-12-09,18:25:36,0.0,0.0,163.2901917,196.5523376,161.1279907,160.7628174,275.495636,151.8881989,136.5964355,342.3338318,0.803394318,0.196605701,0.009634628,0.000315626
2020-12-09,18:25:37,0.0,0.0,163.2901917,196.5655365,161.128952,160.7632141,275.4945984,151.8871918,136.5972748,342.3338318,0.803394318,0.196605701,0.009634628,0.000315626
2020-12-09,18:25:38,0.0,0.0,163.2901917,196.5774384,161.1285706,160.7635345,275.4936829,151.8869019,136.5974579,342.3338318,0.803394318,0.196605701,0.009634628,0.000315626
2020-12-09,18:25:39,0.0,0.0,163.2891693,196.5908203,161.1292267,160.763031,275.4950256,151.8871918,136.5972748,342.3338318,0.803394318,0.196605701,0.009634628,0.000315626
2020-12-09,18:25:40,0.0,0.0,163.2891693,196.6033783,161.1303558,160.7635956,275.4935608,151.8865204,136.5978546,342.3338318,0.803394318,0.196605701,0.009634628,0.000315626
2020-12-09,18:25:41,0.0,0.0,163.2891693,196.6144104,161.1300354,160.7637939,275.4927979,151.8860626,136.5982208,342.3338318,0.803394318,0.196605701,0.009634628,0.000315626
2020-12-09,18:25:42,0.0,0.0,163.2891693,196.6275635,161.1289368,160.7635956,275.4934692,151.8858795,136.5980988,342.3338318,0.803394318,0.196605701,0.009634628,0.000315626
2020-12-09,18:25:43,0.0,0.0,163.2891693,196.6410522,161.1311493,160.7639771,275.4924927,151.8861694,136.5983276,342.3338318,0.803394318,0.196605701,0.009634628,0.000315626
2020-12-09,18:25:44,0.0,0.0,163.2891693,196.6533966,161.1301117,160.7640381,275.4923401,151.8845215,136.599411,342.3338318,0.803394318,0.196605701,0.009634628,0.000315626
2020-12-09,18:25:45,0.0,0.0,163.2891693,196.6648712,161.1308136,160.7637634,275.4930725,151.8849792,136.5991211,342.3338318,0.803394318,0.196605701,0.009634628,0.000315626
2020-12-09,18:25:46,0.0,0.0,163.2891693,196.6765747,161.1315002,160.7643585,275.4913635,151.884613,136.5993958,342.3338318,0.803394318,0.196605701,0.009634628,0.000315626
2020-12-09,18:25:47,0.0,0.0,163.2891693,196.6900177,161.1320343,160.7637939,275.4928589,151.8843536,136.5996399,342.3338318,0.803394318,0.196605701,0.009634628,0.000315626
2020-12-09,18:25:48,0.0,0.0,163.2891693,196.7032166,161.1315002,160.7636414,275.4933167,151.8847961,136.5992279,342.2113647,0.803394318,0.196605701,0.009634628,0.000315626
2020-12-09,18:25:49,0.0,0.0,163.2891693,196.714798,161.1321564,160.7640991,275.4921875,151.8833313,136.6004486,342.2113647,0.803394318,0.196605701,0.009634628,0.000315626
2020-12-09,18:25:50,0.0,0.0,163.2891693,196.7272644,161.1325836,160.7648621,275.4900513,151.8826752,136.6009979,342.2113647,0.803394318,0.196605701,0.009634628,0.000315626
2020-12-09,18:25:51,0.0,0.0,163.2891693,196.7409973,161.1333313,160.7645264,275.4910278,151.8828735,136.6007996,342.2113647,0.803394318,0.196605701,0.009634628,0.000315626
2020-12-09,18:25:52,0.0,0.0,163.2891693,196.7531891,161.1351776,160.7644806,275.4911804,151.8830719,136.6009064,342.2113647,0.803394318,0.196605701,0.009634628,0.000315626
2020-12-09,18:25:53,0.0,0.0,163.2891693,196.7655487,161.1337891,160.7649231,275.4897766,151.8812256,136.6022034,342.0926514,0.803394318,0.196605701,0.009634628,0.000315626
2020-12-09,18:25:54,0.0,0.0,163.2891693,196.7792969,161.1333771,160.7648621,275.4898987,151.8826752,136.6010284,342.0926514,0.803394318,0.196605701,0.009634628,0.000315626
2020-12-09,18:25:55,0.0,0.0,163.2881622,196.7911377,161.1343384,160.7650909,275.4894104,151.8816071,136.6018829,342.0926514,0.803394318,0.196605701,0.009634628,0.000315626
2020-12-09,18:25:56,0.0,0.0,163.2881622,196.8037567,161.1342468,160.7648621,275.4898987,151.8813171,136.6021118,342.0926514,0.803394318,0.196605701,0.009634628,0.000315626
2020-12-09,18:25:57,0.0,0.0,163.2891846,196.8168335,161.134964,160.7653809,275.4886169,151.8808746,136.602417,342.0926514,0.803394318,0.196605701,0.009634628,0.000315626
2020-12-09,18:25:58,0.0,0.0,163.2881622,196.8287964,161.1359558,160.7659302,275.4872437,151.8799286,136.6032562,342.0926514,0.803394318,0.196605701,0.009634628,0.000315626
2020-12-09,18:25:59,0.0,0.0,163.2892303,196.8415985,161.1360168,160.7654266,275.4884949,151.8803101,136.6029053,342.0926514,0.803394318,0.196605701,0.009634628,0.000315626
2020-12-09,18:26:00,0.0,0.0,163.2881775,196.8544769,161.1364594,160.766037,275.4867859,151.8800507,136.6031647,342.0926514,0.803394318,0.196605701,0.009634628,0.000315626
2020-12-09,18:26:01,0.0,0.0,163.2881775,196.8668823,161.1360779,160.7663879,275.4859009,151.8792877,136.6037445,342.0926514,0.803394318,0.196605701,0.009634628,0.000315626
2020-12-09,18:26:02,0.0,0.0,163.2881775,196.8793945,161.1375732,160.765976,275.48703,151.8789215,136.6041107,342.0926514,0.803394318,0.196605701,0.009634628,0.000315626
2020-12-09,18:26:03,0.0,0.0,163.2881775,196.8921509,161.1377411,160.7667847,275.4848633,151.8779297,136.6048431,342.0926514,0.803394318,0.196605701,0.009634628,0.000315626
2020-12-09,18:26:04,0.0,0.0,163.2881775,196.9046936,161.1373138,160.7666626,275.485199,151.8787537,136.6042328,342.0926514,0.803394318,0.196605701,0.009634628,0.000315626
2020-12-09,18:26:05,0.0,0.0,163.2881775,196.917923,161.1376953,160.7670441,275.4842224,151.8790283,136.6040497,342.0926514,0.803394318,0.196605701,0.009634628,0.000315626
2020-12-09,18:26:06,0.0,0.0,163.2881775,196.9312592,161.1387024,160.7671204,275.4841003,151.8782959,136.6046143,342.0926514,0.803394318,0.196605701,0.009634628,0.000315626
2020-12-09,18:26:07,0.0,0.0,163.2881775,196.942688,161.1383362,160.7669983,275.4843445,151.877121,136.6055756,342.0926514,0.803394318,0.196605701,0.009634628,0.000315626
2020-12-09,18:26:08,0.0,0.0,163.2881775,196.9555969,161.1397858,160.7666168,275.4854126,151.8777466,136.6050873,341.9689636,0.803394318,0.196605701,0.009634628,0.000315626
2020-12-09,18:26:09,0.0,0.0,163.2871704,196.9682617,161.1384125,160.7674408,275.4831543,151.8773041,136.6054077,341.9689636,0.803394318,0.196605701,0.009634628,0.000315626
2020-12-09,18:26:10,0.0,0.0,163.2871704,196.9810944,161.1395569,160.7678223,275.4821167,151.877121,136.6055908,341.9689636,0.803394318,0.196605701,0.009634628,0.000315626
2020-12-09,18:26:11,0.0,0.0,163.2882233,196.992569,161.1401367,160.768219,275.480957,151.8766632,136.6059265,341.9689636,0.803394318,0.196605701,0.009634628,0.000315626
2020-12-09,18:26:12,0.0,0.0,163.2871704,197.0071106,161.1403046,160.7680054,275.4815063,151.8765564,136.6060638,341.9689636,0.803394318,0.196605701,0.009634628,0.000315626
2020-12-09,18:26:13,0.0,0.0,163.2871704,197.0192719,161.1408081,160.7677612,275.4821777,151.8762054,136.606308,341.9689636,0.803394318,0.196605701,0.009634628,0.000315626
2020-12-09,18:26:14,0.0,0.0,163.2871704,197.0320129,161.1409149,160.7685547,275.4801636,151.8756561,136.6067505,341.9689636,0.803394318,0.196605701,0.009634628,0.000315626
2020-12-09,18:26:15,0.0,0.0,163.2871704,197.0440369,161.1412354,160.7683258,275.4806213,151.8759308,136.6065521,341.9689636,0.803394318,0.196605701,0.009634628,0.000315626
2020-12-09,18:26:16,0.0,0.0,163.2871704,197.0573578,161.1418304,160.7689667,275.4790649,151.8753662,136.6069336,341.9689636,0.803394318,0.196605701,0.009634628,0.000315626
2020-12-09,18:26:17,0.0,0.0,163.2871704,197.0704498,161.1413879,160.769165,275.4783936,151.8749237,136.6073608,341.9689636,0.803394318,0.196605701,0.009634628,0.000315626
2020-12-09,18:26:18,0.0,0.0,163.2871704,197.0829468,161.1412354,160.7695007,275.477478,151.8746338,136.6075592,341.9689636,0.803394318,0.196605701,0.009634628,0.000315626
2020-12-09,18:26:19,0.0,0.0,163.2871704,197.0961304,161.1411133,160.7696686,275.4769592,151.8751831,136.607132,341.9689636,0.803394318,0.196605701,0.009634628,0.000315626
2020-12-09,18:26:20,0.0,0.0,163.2871704,197.1090851,161.1425629,160.7692871,275.4780273,151.874176,136.6079254,341.9689636,0.803394318,0.196605701,0.009634628,0.000315626
2020-12-09,18:26:21,0.0,0.0,163.2881927,197.1210785,161.1429443,160.7698517,275.476532,151.8742676,136.6078339,341.9689636,0.803394318,0.196605701,0.009634628,0.000315626
2020-12-09,18:26:22,0.0,0.0,163.2871704,197.1345215,161.1425934,160.77005,275.4760132,151.8739014,136.6081848,341.9689636,0.803394318,0.196605701,0.009634628,0.000315626
2020-12-09,18:26:23,0.0,0.0,163.2871704,197.1469727,161.1416779,160.7704468,275.4749146,151.8737946,136.6082458,341.9689636,0.803394318,0.196605701,0.009634628,0.000315626
2020-12-09,18:26:24,0.0,0.0,163.2871704,197.1600189,161.144516,160.7708282,275.4738159,151.874176,136.6080017,341.9689636,0.803394318,0.196605701,0.009634628,0.000315626
2020-12-09,18:26:25,0.0,0.0,163.2871704,197.1723022,161.1436768,160.771347,275.4725342,151.8730927,136.6087952,341.9689636,0.803394318,0.196605701,0.009634628,0.000315626
2020-12-09,18:26:26,0.0,0.0,163.2871704,197.1856995,161.1444092,160.7708893,275.4736938,151.8736267,136.6083832,341.9689636,0.803394318,0.196605701,0.009634628,0.000315626
2020-12-09,18:26:27,0.0,0.0,163.2871704,197.1983337,161.1438751,160.7717285,275.471405,151.8729858,136.6088715,341.9689636,0.803394318,0.196605701,0.009634628,0.000315626
2020-12-09,18:26:28,0.0,0.0,163.2861328,197.2107849,161.1445465,160.7711945,275.4728088,151.8731689,136.6087646,341.9689636,0.803394318,0.196605701,0.009634628,0.000315626
2020-12-09,18:26:29,0.0,0.0,163.2861328,197.2240753,161.144043,160.7716675,275.4715881,151.8723602,136.6094513,341.9689636,0.803394318,0.196605701,0.009634628,0.000315626
2020-12-09,18:26:30,0.0,0.0,163.2861328,197.2366791,161.1450348,160.7720184,275.4707031,151.8721466,136.6096039,341.9689636,0.803394318,0.196605701,0.009634628,0.000315626
2020-12-09,18:26:31,0.0,0.0,163.2861328,197.2494659,161.1448669,160.7719727,275.4710693,151.8712463,136.6103058,341.9689636,0.803394318,0.196605701,0.009634628,0.000315626
2020-12-09,18:26:32,0.0,0.0,163.2861328,197.2618103,161.1459808,160.7722321,275.4699402,151.8718872,136.6098175,341.9689636,0.803394318,0.196605701,0.009634628,0.000315626
2020-12-09,18:26:33,0.0,0.0,163.2861328,197.2752533,161.1463928,160.7726898,275.468811,151.8720551,136.6096649,341.7958679,0.803394318,0.196605701,0.009634628,0.000315626
2020-12-09,18:26:34,0.0,0.0,163.2861328,197.2887421,161.1461945,160.7731934,275.4674683,151.8713531,136.61026,341.7958679,0.803394318,0.196605701,0.009634628,0.000315626
2020-12-09,18:26:35,0.0,0.0,163.2861328,197.3014526,161.1468658,160.7729797,275.4681396,151.87117,136.6104279,341.7958679,0.803394318,0.196605701,0.009634628,0.000315626
2020-12-09,18:26:36,0.0,0.0,163.2861328,197.313797,161.1464844,160.7737579,275.4660645,151.870697,136.6107483,341.7958679,0.803394318,0.196605701,0.009634628,0.000315626
2020-12-09,18:26:37,0.0,0.0,163.2850952,197.3263702,161.1463013,160.7739563,275.4653931,151.8703461,136.6111145,341.7958679,0.803394318,0.196605701,0.009634628,0.000315626
2020-12-09,18:26:38,0.0,0.0,163.2850952,197.3402252,161.147171,160.7742462,275.4646606,151.8708801,136.6106262,341.7958679,0.803394318,0.196605701,0.009634628,0.000315626
2020-12-09,18:26:39,0.0,0.0,163.2861328,197.3523254,161.1477814,160.7740784,275.4650269,151.8705292,136.6109772,341.7958679,0.803394318,0.196605701,0.009634628,0.000315626
2020-12-09,18:26:40,0.0,0.0,163.2861328,197.3651886,161.1472015,160.7744751,275.4638977,151.8700714,136.6113281,341.7958679,0.803394318,0.196605701,0.009634628,0.000315626
2020-12-09,18:26:41,0.0,0.0,163.2861328,197.3778687,161.147934,160.7748413,275.4630432,151.8690643,136.6121674,341.7958679,0.803394318,0.196605701,0.009634628,0.000315626
2020-12-09,18:26:42,0.0,0.0,163.2861328,197.3901672,161.1483765,160.7749023,275.4627686,151.8695221,136.6117859,341.7958679,0.803394318,0.196605701,0.009634628,0.000315626
2020-12-09,18:26:43,0.0,0.0,163.2861328,197.4033813,161.1481018,160.7751923,275.4620056,151.8690643,136.6121216,341.7958679,0.803394318,0.196605701,0.009634628,0.000315626
2020-12-09,18:26:44,0.0,0.0,163.28508,197.4166107,161.1492157,160.7758942,275.4602661,151.869339,136.6119232,341.7958679,0.803394318,0.196605701,0.009634628,0.000315626
2020-12-09,18:26:45,0.0,0.0,163.28508,197.4304352,161.1486664,160.7755737,275.4608459,151.8694305,136.6120148,341.7958679,0.803394318,0.196605701,0.009634628,0.000315626
2020-12-09,18:26:46,0.0,0.0,163.28508,197.4430847,161.1497192,160.7760468,275.4597778,151.8690643,136.6121368,341.7958679,0.803394318,0.196605701,0.009634628,0.000315626
2020-12-09,18:26:47,0.0,0.0,163.28508,197.456543,161.1488342,160.7766418,275.4581909,151.8686981,136.6124573,341.7958679,0.803394318,0.196605701,0.009634628,0.000315626
2020-12-09,18:26:48,0.0,0.0,163.28508,197.4687042,161.1496735,160.776474,275.4585876,151.8684082,136.6127014,341.7958679,0.803394318,0.196605701,0.009634628,0.000315626
2020-12-09,18:26:49,0.0,0.0,163.28508,197.4819641,161.1501312,160.776886,275.45755,151.8680267,136.6130371,341.7958679,0.803394318,0.196605701,0.009634628,0.000315626
2020-12-09,18:26:50,0.0,0.0,163.28508,197.4949493,161.1495667,160.7764435,275.4564209,151.8676605,136.613266,341.7958679,0.803394318,0.196605701,0.009634628,0.000315626
2020-12-09,18:26:51,0.0,0.0,163.28508,197.5070496,161.1506042,160.7776642,275.4554443,151.8685913,136.6125641,341.7958679,0.803394318,0.196605701,0.009634628,0.000315626
2020-12-09,18:26:52,0.0,0.0,163.28508,197.521637,161.1498566,160.7779236,275.4545593,151.8680267,136.6130371,341.7958679,0.803394318,0.196605701,0.009634628,0.000315626
2020-12-09,18:26:53,0.0,0.0,163.28508,197.5339966,161.1506195,160.7780914,275.4542847,151.8670197,136.6137848,341.6404114,0.803394318,0.196605701,0.009634628,0.000315626
2020-12-09,18:26:54,0.0,0.0,163.28508,197.5465088,161.1509552,160.7784882,275.453125,151.8674927,136.6133881,341.6404114,0.803394318,0.196605701,0.009634628,0.000315626
2020-12-09,18:26:55,0.0,0.0,163.28508,197.5592957,161.1506348,160.778595,275.4528503,151.8669586,136.6138458,341.6404114,0.803394318,0.196605701,0.009634628,0.000315626
2020-12-09,18:26:56,0.0,0.0,163.28508,197.5722809,161.1520081,160.7788696,275.4519348,151.8673096,136.6136169,341.6404114,0.803394318,0.196605701,0.009634628,0.000315626
2020-12-09,18:26:57,0.0,0.0,163.28508,197.5848541,161.1521912,160.7786407,275.4525757,151.8663788,136.6142883,341.6404114,0.803394318,0.196605701,0.009634628,0.000315626
2020-12-09,18:26:58,0.0,0.0,163.2840424,197.5979614,161.1509705,160.7794495,275.450531,151.8665771,136.6141663,341.6404114,0.803394318,0.196605701,0.009634628,0.000315626
2020-12-09,18:26:59,0.0,0.0,163.2850494,197.6112976,161.15242,160.7801208,275.4487,151.8668518,136.6139526,341.6404114,0.803394318,0.196605701,0.009634628,0.000315626
2020-12-09,18:27:00,0.0,0.0,163.2850494,197.624115,161.1526794,160.780014,275.4491272,151.8666687,136.6141052,341.6404114,0.803394318,0.196605701,0.009634628,0.000315626
2020-12-09,18:27:01,0.0,0.0,163.2850494,197.6367493,161.1531219,160.7805634,275.4475403,151.8663177,136.6144409,341.6404114,0.803394318,0.196605701,0.009634628,0.000315626
2020-12-09,18:27:02,0.0,0.0,163.2840424,197.6498871,161.1528015,160.7809448,275.4464111,151.8669586,136.6138611,341.6404114,0.803394318,0.196605701,0.009634628,0.000315626
2020-12-09,18:27:03,0.0,0.0,163.2830353,197.6630859,161.1521912,160.7806702,275.4473267,151.8661194,136.6145935,341.6404114,0.803394318,0.196605701,0.009634628,0.000315626
2020-12-09,18:27:04,0.0,0.0,163.2830353,197.6754456,161.1533813,160.7818298,275.4441528,151.8656769,136.6149445,341.6404114,0.803394318,0.196605701,0.009634628,0.000315626
2020-12-09,18:27:05,0.0,0.0,163.2830353,197.6897888,161.1531219,160.781662,275.4444885,151.8660278,136.614624,341.6404114,0.803394318,0.196605701,0.009634628,0.000315626
2020-12-09,18:27:06,0.0,0.0,163.2840576,197.7030487,161.1542358,160.7822113,275.4429626,151.8663177,136.6143646,341.6404114,0.803394318,0.196605701,0.009634628,0.000315626
2020-12-09,18:27:07,0.0,0.0,163.2829742,197.714859,161.1539154,160.7821503,275.4432068,151.8659363,136.6147003,341.6404114,0.803394318,0.196605701,0.009634628,0.000315626
2020-12-09,18:27:08,0.0,0.0,163.2829742,197.7274017,161.1534271,160.782608,275.4418335,151.8652954,136.6152039,341.5232544,0.803394318,0.196605701,0.009634628,0.000315626
2020-12-09,18:27:09,0.0,0.0,163.2829742,197.7409515,161.1543579,160.7827148,275.4415894,151.8656769,136.6149902,341.5232544,0.803394318,0.196605701,0.009634628,0.000315626
2020-12-09,18:27:10,0.0,0.0,163.2829742,197.7538757,161.1551361,160.7832489,275.4403381,151.8652954,136.6151886,341.5232544,0.803394318,0.196605701,0.009634628,0.000315626
2020-12-09,18:27:11,0.0,0.0,163.2829742,197.7666016,161.1553802,160.7835083,275.4395447,151.8657684,136.6148529,341.5232544,0.803394318,0.196605701,0.009634628,0.000315626
2020-12-09,18:27:12,0.0,0.0,163.2829742,197.7795105,161.1535034,160.7841949,275.4376526,151.8649292,136.6155396,341.5232544,0.803394318,0.196605701,0.009634628,0.000315626
2020-12-09,18:27:13,0.0,0.0,163.2829742,197.7934418,161.1549072,160.7843475,275.4373169,151.8651123,136.6153564,341.5232544,0.803394318,0.196605701,0.009634628,0.000315626
2020-12-09,18:27:14,0.0,0.0,163.2829742,197.8071899,161.1558685,160.7841492,275.4378662,151.8649292,136.6155396,341.5232544,0.803394318,0.196605701,0.009634628,0.000315626
2020-12-09,18:27:15,0.0,0.0,163.2829742,197.8186493,161.1555786,160.7845764,275.4365845,151.8654022,136.6151733,341.5232544,0.803394318,0.196605701,0.009634628,0.000315626
2020-12-09,18:27:16,0.0,0.0,163.2829742,197.8334198,161.1553192,160.78508,275.4353027,151.8649292,136.6155853,341.5232544,0.803394318,0.196605701,0.009634628,0.000315626
2020-12-09,18:27:17,0.0,0.0,163.2829742,197.8451385,161.1559296,160.7853546,275.4345398,151.8644714,136.6159363,341.5232544,0.803394318,0.196605701,0.009634628,0.000315626
2020-12-09,18:27:18,0.0,0.0,163.2829742,197.8583679,161.1566315,160.7857971,275.4333801,151.8642883,136.6160889,341.3578186,0.803394318,0.196605701,0.009634628,0.000315626
2020-12-09,18:27:19,0.0,0.0,163.2819672,197.8715363,161.1563568,160.7864838,275.431427,151.864212,136.6159668,341.3578186,0.803394318,0.196605701,0.009634628,0.000315626
2020-12-09,18:27:20,0.0,0.0,163.2819672,197.8849487,161.1568909,160.7866974,275.4308472,151.8646393,136.6157379,341.3578186,0.803394318,0.196605701,0.009634628,0.000315626
2020-12-09,18:27:21,0.0,0.0,163.2819672,197.897171,161.1556854,160.7863007,275.4320068,151.8641052,136.6162109,341.3578186,0.803394318,0.196605701,0.009634628,0.000315626
2020-12-09,18:27:22,0.0,0.0,163.2819672,197.9105225,161.1567841,160.786972,275.4301758,151.864563,136.6158142,341.3578186,0.803394318,0.196605701,0.009634628,0.000315626
2020-12-09,18:27:23,0.0,0.0,163.2819672,197.924118,161.1556854,160.7873535,275.4290771,151.8642883,136.6160736,341.3578186,0.803394318,0.196605701,0.009634628,0.000315626
2020-12-09,18:27:24,0.0,0.0,163.2819672,197.9375916,161.1567078,160.7879181,275.4275208,151.864563,136.615799,341.3578186,0.803394318,0.196605701,0.009634628,0.000315626
2020-12-09,18:27:25,0.0,0.0,163.2809296,197.9499969,161.1568909,160.788147,275.4270325,151.8641052,136.6162109,341.3578186,0.803394318,0.196605701,0.009634628,0.000315626
2020-12-09,18:27:26,0.0,0.0,163.2809296,197.9628601,161.1565247,160.7879791,275.4273987,151.8632813,136.6168213,341.3578186,0.803394318,0.196605701,0.009634628,0.000315626
2020-12-09,18:27:27,0.0,0.0,163.2809296,197.9760742,161.1579742,160.7886353,275.4255371,151.8631134,136.6170654,341.3578186,0.803394318,0.196605701,0.009634628,0.000315626
2020-12-09,18:27:28,0.0,0.0,163.2809296,197.9888306,161.1587677,160.7888794,275.4250793,151.8638306,136.6164246,341.220459,0.803394318,0.196605701,0.009634628,0.000315626
2020-12-09,18:27:29,0.0,0.0,163.2819519,198.0032196,161.1568451,160.7889862,275.4245911,151.8629303,136.617157,341.220459,0.803394318,0.196605701,0.009634628,0.000315626
2020-12-09,18:27:30,0.0,0.0,163.2819519,198.014679,161.1591339,160.7895966,275.4229431,151.8643951,136.6159973,341.220459,0.803394318,0.196605701,0.009634628,0.000315626
2020-12-09,18:27:31,0.0,0.0,163.2819519,198.0281982,161.1580505,160.7897034,275.4226685,151.8637543,136.6165161,341.220459,0.803394318,0.196605701,0.009634628,0.000315626
2020-12-09,18:27:32,0.0,0.0,163.2809296,198.0414429,161.1588287,160.7904968,275.4205933,151.8632813,136.6169128,341.220459,0.803394318,0.196605701,0.009634628,0.000315626
2020-12-09,18:27:33,0.0,0.0,163.2809296,198.0555267,161.1595001,160.7908783,275.4195862,151.8630219,136.6170959,341.220459,0.803394318,0.196605701,0.009634628,0.000315626
2020-12-09,18:27:34,0.0,0.0,163.2799072,198.0670471,161.1585693,160.7910614,275.4189758,151.8632813,136.6168976,341.220459,0.803394318,0.196605701,0.009634628,0.000315626
2020-12-09,18:27:35,0.0,0.0,163.2799072,198.0812988,161.1582031,160.7912292,275.4186707,151.8635712,136.616684,341.220459,0.803394318,0.196605701,0.009634628,0.000315626
2020-12-09,18:27:36,0.0,0.0,163.2809753,198.094162,161.1596985,160.7918091,275.4170837,151.8638306,136.6164398,341.220459,0.803394318,0.196605701,0.009634628,0.000315626
2020-12-09,18:27:37,0.0,0.0,163.2809753,198.107132,161.160614,160.7921753,275.4161987,151.8632813,136.6169434,341.220459,0.803394318,0.196605701,0.009634628,0.000315626
2020-12-09,18:27:38,0.0,0.0,163.2799683,198.1202393,161.1598358,160.7922668,275.4156799,151.8635712,136.616684,341.220459,0.803394318,0.196605701,0.009634628,0.000315626
2020-12-09,18:27:39,0.0,0.0,163.2799683,198.1336823,161.1589508,160.7929535,275.4139709,151.8633728,136.6169434,341.220459,0.803394318,0.196605701,0.009634628,0.000315626
2020-12-09,18:27:40,0.0,0.0,163.2799683,198.1460114,161.1598206,160.7930603,275.4136353,151.8627319,136.6173859,341.220459,0.803394318,0.196605701,0.009634628,0.000315626
2020-12-09,18:27:41,0.0,0.0,163.2799683,198.1602478,161.1603699,160.7935181,275.4124451,151.8632813,136.6168671,341.220459,0.803394318,0.196605701,0.009634628,0.000315626
2020-12-09,18:27:42,0.0,0.0,163.2799683,198.1721802,161.1609802,160.7940063,275.4111633,151.8632813,136.6168213,341.220459,0.803394318,0.196605701,0.009634628,0.000315626
2020-12-09,18:27:43,0.0,0.0,163.2799683,198.185791,161.159729,160.7940674,275.4108582,151.8634644,136.6166992,341.220459,0.803394318,0.196605701,0.009634628,0.000315626
2020-12-09,18:27:44,0.0,0.0,163.2799683,198.1989288,161.160965,160.7945709,275.4095459,151.8628235,136.6172485,341.220459,0.803394318,0.196605701,0.009634628,0.000315626
2020-12-09,18:27:45,0.0,0.0,163.2799683,198.2112885,161.1616211,160.7947845,275.4089966,151.8629303,136.6173096,341.220459,0.803394318,0.196605701,0.009634628,0.000315626
2020-12-09,18:27:46,0.0,0.0,163.2799683,198.2255096,161.1608276,160.7950745,275.4082031,151.8627319,136.6172485,341.220459,0.803394318,0.196605701,0.009634628,0.000315626
2020-12-09,18:27:47,0.0,0.0,163.2799683,198.2391205,161.1603699,160.7956085,275.4066162,151.8630219,136.6170959,341.220459,0.803394318,0.196605701,0.009634628,0.000315626
2020-12-09,18:27:48,0.0,0.0,163.2799683,198.2515259,161.1609192,160.7960052,275.4056091,151.8627319,136.6173706,341.0801392,0.803394318,0.196605701,0.009634628,0.000315626
2020-12-09,18:27:49,0.0,0.0,163.2799683,198.2653198,161.16008,160.7966003,275.4040222,151.8624725,136.6175842,341.0801392,0.803394318,0.196605701,0.009634628,0.000315626
2020-12-09,18:27:50,0.0,0.0,163.2789459,198.277832,161.1610107,160.7962189,275.4050903,151.863205,136.6169891,341.0801392,0.803394318,0.196605701,0.009634628,0.000315626
2020-12-09,18:27:51,0.0,0.0,163.2789459,198.2923279,161.1615601,160.7966003,275.4039307,151.862381,136.6176605,341.0801392,0.803394318,0.196605701,0.009634628,0.000315626
2020-12-09,18:27:52,0.0,0.0,163.2789459,198.3045349,161.1612854,160.797348,275.4020081,151.8627319,136.6173859,341.0801392,0.803394318,0.196605701,0.009634628,0.000315626
2020-12-09,18:27:53,0.0,0.0,163.2789459,198.3173981,161.1617584,160.797699,275.401001,151.862381,136.6176453,341.0801392,0.803394318,0.196605701,0.009634628,0.000315626
2020-12-09,18:27:54,0.0,0.0,163.2789459,198.3300171,161.1612854,160.7978973,275.4004822,151.8628235,136.617218,341.0801392,0.803394318,0.196605701,0.009634628,0.000315626
2020-12-09,18:27:55,0.0,0.0,163.2789459,198.3435669,161.1626282,160.7984619,275.3988953,151.862381,136.6176147,341.0801392,0.803394318,0.196605701,0.009634628,0.000315626
2020-12-09,18:27:56,0.0,0.0,163.2789459,198.3568115,161.1627655,160.7989502,275.397583,151.8632813,136.6169281,341.0801392,0.803394318,0.196605701,0.009634628,0.000315626
2020-12-09,18:27:57,0.0,0.0,163.2789459,198.3708496,161.1609955,160.799118,275.3971558,151.8627319,136.6173859,341.0801392,0.803394318,0.196605701,0.009634628,0.000315626
2020-12-09,18:27:58,0.0,0.0,163.2789459,198.3830872,161.1623535,160.7993469,275.3965149,151.8624725,136.6175995,341.0801392,0.803394318,0.196605701,0.009634628,0.000315626
2020-12-09,18:27:59,0.0,0.0,163.2789459,198.3974609,161.1618347,160.7995758,275.3959045,151.8629303,136.6171875,341.0801392,0.803394318,0.196605701,0.009634628,0.000315626
2020-12-09,18:28:00,0.0,0.0,163.2789459,198.4098663,161.1630249,160.8001251,275.3944092,151.8632813,136.6169434,341.0801392,0.803394318,0.196605701,0.009634628,0.000315626
2020-12-09,18:28:01,0.0,0.0,163.2779083,198.4222717,161.1631317,160.8005676,275.3931885,151.8626556,136.6174011,341.0801392,0.803394318,0.196605701,0.009634628,0.000315626
2020-12-09,18:28:02,0.0,0.0,163.2779083,198.4359741,161.1625061,160.8013,275.3913269,151.862381,136.61763,341.0801392,0.803394318,0.196605701,0.009634628,0.000315626
2020-12-09,18:28:03,0.0,0.0,163.2779083,198.4499664,161.1632843,160.8009644,275.3921509,151.8625641,136.6174469,340.9501038,0.803394318,0.196605701,0.009634628,0.000315626
2020-12-09,18:28:04,0.0,0.0,163.2768555,198.4625397,161.1637421,160.8015289,275.390564,151.862381,136.6176758,340.9501038,0.803394318,0.196605701,0.009634628,0.000315626
2020-12-09,18:28:05,0.0,0.0,163.2768555,198.475769,161.1624756,160.8023224,275.3885498,151.8625641,136.6174927,340.9501038,0.803394318,0.196605701,0.009634628,0.000315626
2020-12-09,18:28:06,0.0,0.0,163.2778625,198.4882813,161.1627197,160.8022003,275.3887939,151.8624725,136.6175995,340.9501038,0.803394318,0.196605701,0.009634628,0.000315626
2020-12-09,18:28:07,0.0,0.0,163.2778625,198.5021057,161.1633453,160.8029785,275.3866577,151.8632813,136.6168976,340.9501038,0.803394318,0.196605701,0.009634628,0.000315626
2020-12-09,18:28:08,0.0,0.0,163.2778625,198.5156708,161.1630096,160.8032532,275.3859863,151.8626556,136.6174316,340.9501038,0.803394318,0.196605701,0.009634628,0.000315626
2020-12-09,18:28:09,0.0,0.0,163.2778625,198.5277863,161.1628723,160.8037567,275.3845825,151.8625641,136.6172638,340.9501038,0.803394318,0.196605701,0.009634628,0.000315626
2020-12-09,18:28:10,0.0,0.0,163.2767487,198.5415955,161.1636353,160.8041077,275.3836975,151.863205,136.6169586,340.9501038,0.803394318,0.196605701,0.009634628,0.000315626
2020-12-09,18:28:11,0.0,0.0,163.2767487,198.5556183,161.1644287,160.8045349,275.3825378,151.8622894,136.6177216,340.9501038,0.803394318,0.196605701,0.009634628,0.000315626
2020-12-09,18:28:12,0.0,0.0,163.2767487,198.5684814,161.1630096,160.8048248,275.3816833,151.8627319,136.6173248,340.9501038,0.803394318,0.196605701,0.009634628,0.000315626
2020-12-09,18:28:13,0.0,0.0,163.2767487,198.5818634,161.1633301,160.8048706,275.3818665,151.8633728,136.616806,340.9501038,0.803394318,0.196605701,0.009634628,0.000315626
2020-12-09,18:28:14,0.0,0.0,163.2767487,198.5943909,161.1637268,160.8054352,275.3799744,151.8628235,136.617218,340.9501038,0.803394318,0.196605701,0.009634628,0.000315626
2020-12-09,18:28:15,0.0,0.0,163.2767487,198.6075592,161.164093,160.8057556,275.3792114,151.8629303,136.6171417,340.9501038,0.803394318,0.196605701,0.009634628,0.000315626
2020-12-09,18:28:16,0.0,0.0,163.2757416,198.6213684,161.1635284,160.8060608,275.3783569,151.8631134,136.6170349,340.9501038,0.803394318,0.196605701,0.009634628,0.000315626
2020-12-09,18:28:17,0.0,0.0,163.2757416,198.6353149,161.1647339,160.8063965,275.377533,151.8627319,136.6173096,340.9501038,0.803394318,0.196605701,0.009634628,0.000315626
2020-12-09,18:28:18,0.0,0.0,163.2757416,198.647644,161.1639252,160.8070526,275.3756714,151.8630219,136.6171265,340.8352966,0.803394318,0.196605701,0.009634628,0.000315626
2020-12-09,18:28:19,0.0,0.0,163.2757416,198.6610107,161.1641846,160.8072815,275.3751221,151.8632813,136.6169128,340.8352966,0.803394318,0.196605701,0.009634628,0.000315626
2020-12-09,18:28:20,0.0,0.0,163.2757416,198.6745453,161.165451,160.8076782,275.374115,151.8636475,136.6165924,340.8352966,0.803394318,0.196605701,0.009634628,0.000315626
2020-12-09,18:28:21,0.0,0.0,163.2757416,198.6875153,161.1642151,160.8086243,275.37146,151.8629303,136.6171722,340.8352966,0.803394318,0.196605701,0.009634628,0.000315626
2020-12-09,18:28:22,0.0,0.0,163.2757416,198.7010803,161.1636353,160.8080597,275.3729858,151.8633728,136.6167755,340.8352966,0.803394318,0.196605701,0.009634628,0.000315626
2020-12-09,18:28:23,0.0,0.0,163.2747345,198.7148132,161.1631775,160.8085022,275.3717041,151.8632813,136.6168823,340.8352966,0.803394318,0.196605701,0.009634628,0.000315626
2020-12-09,18:28:24,0.0,0.0,163.2747345,198.7269897,161.1652374,160.8094635,275.3692322,151.8630219,136.6170807,340.8352966,0.803394318,0.196605701,0.009634628,0.000315626
2020-12-09,18:28:25,0.0,0.0,163.2747345,198.7400665,161.1647034,160.8097229,275.3684387,151.8637543,136.6165009,340.8352966,0.803394318,0.196605701,0.009634628,0.000315626
2020-12-09,18:28:26,0.0,0.0,163.2757416,198.754364,161.1648254,160.8098907,275.3679199,151.8638306,136.6164703,340.8352966,0.803394318,0.196605701,0.009634628,0.000315626
2020-12-09,18:28:27,0.0,0.0,163.2746582,198.7680511,161.1641846,160.8104095,275.3664856,151.8636475,136.6166229,340.8352966,0.803394318,0.196605701,0.009634628,0.000315626
2020-12-09,18:28:28,0.0,0.0,163.2746582,198.7801514,161.1645355,160.8106842,275.3658447,151.8634644,136.616745,340.8352966,0.803394318,0.196605701,0.009634628,0.000315626
2020-12-09,18:28:29,0.0,0.0,163.2746582,198.7934113,161.1649017,160.8114471,275.363678,151.8636475,136.6166229,340.8352966,0.803394318,0.196605701,0.009634628,0.000315626
2020-12-09,18:28:30,0.0,0.0,163.2746582,198.8068542,161.1641235,160.811615,275.3632813,151.8633728,136.6167603,340.8352966,0.803394318,0.196605701,0.009634628,0.000315626
2020-12-09,18:28:31,0.0,0.0,163.2746582,198.8209991,161.1649017,160.8120728,275.3621216,151.8639374,136.616394,340.8352966,0.803394318,0.196605701,0.009634628,0.000315626
2020-12-09,18:28:32,0.0,0.0,163.2746582,198.8335419,161.1642151,160.8125,275.3607483,151.8642883,136.6160583,340.8352966,0.803394318,0.196605701,0.009634628,0.000315626
2020-12-09,18:28:33,0.0,0.0,163.2746582,198.8467407,161.1648865,160.812851,275.3598938,151.8637543,136.6165161,340.8352966,0.803394318,0.196605701,0.009634628,0.000315626
2020-12-09,18:28:34,0.0,0.0,163.2736206,198.8601837,161.1652985,160.8131256,275.3592224,151.8639374,136.616333,340.8352966,0.803394318,0.196605701,0.009634628,0.000315626
2020-12-09,18:28:35,0.0,0.0,163.2736206,198.8735962,161.1647186,160.8135834,275.3579102,151.8638306,136.6164551,340.8352966,0.803394318,0.196605701,0.009634628,0.000315626
2020-12-09,18:28:36,0.0,0.0,163.2746277,198.8874054,161.1650391,160.8139038,275.3571472,151.8642883,136.6160431,340.8352966,0.803394318,0.196605701,0.009634628,0.000315626
2020-12-09,18:28:37,0.0,0.0,163.2746277,198.9008026,161.1665039,160.8144531,275.3555298,151.8644714,136.6159515,340.8352966,0.803394318,0.196605701,0.009634628,0.000315626
2020-12-09,18:28:38,0.0,0.0,163.2746277,198.9128113,161.1656494,160.8144073,275.3557129,151.864212,136.6161499,340.612854,0.803394318,0.196605701,0.009634628,0.000315626
2020-12-09,18:28:39,0.0,0.0,163.2746277,198.9268188,161.1646729,160.8152618,275.3534851,151.8639374,136.6162872,340.612854,0.803394318,0.196605701,0.009634628,0.000315626
2020-12-09,18:28:40,0.0,0.0,163.2735748,198.9394531,161.1655121,160.8153839,275.353241,151.864563,136.6157837,340.612854,0.803394318,0.196605701,0.009634628,0.000315626
2020-12-09,18:28:41,0.0,0.0,163.2725677,198.9538269,161.1658478,160.8158875,275.3516846,151.8649292,136.6155396,340.612854,0.803394318,0.196605701,0.009634628,0.000315626
2020-12-09,18:28:42,0.0,0.0,163.2725677,198.9672241,161.1655884,160.8162079,275.3508301,151.8652954,136.6152191,340.612854,0.803394318,0.196605701,0.009634628,0.000315626
2020-12-09,18:28:43,0.0,0.0,163.2735748,198.9806519,161.1653595,160.8166962,275.3495178,151.8648376,136.6156158,340.612854,0.803394318,0.196605701,0.009634628,0.000315626
2020-12-09,18:28:44,0.0,0.0,163.2725677,198.9941559,161.166275,160.8174286,275.3475037,151.8651123,136.6153412,340.612854,0.803394318,0.196605701,0.009634628,0.000315626
2020-12-09,18:28:45,0.0,0.0,163.2725677,199.0059052,161.1652069,160.8175964,275.3471985,151.8652954,136.6152039,340.612854,0.803394318,0.196605701,0.009634628,0.000315626
2020-12-09,18:28:46,0.0,0.0,163.2736206,199.0198364,161.1661987,160.8179779,275.3460388,151.8656769,136.614975,340.612854,0.803394318,0.196605701,0.009634628,0.000315626
2020-12-09,18:28:47,0.0,0.0,163.2736206,199.033783,161.1653748,160.8176422,275.3468933,151.8649292,136.6155396,340.612854,0.803394318,0.196605701,0.009634628,0.000315626
2020-12-09,18:28:48,0.0,0.0,163.2736206,199.047287,161.1664734,160.8184814,275.3446045,151.8652954,136.6152496,340.612854,0.803394318,0.196605701,0.009634628,0.000315626
2020-12-09,18:28:49,0.0,0.0,163.2726135,199.0605469,161.1649628,160.8188171,275.343689,151.8649292,136.6155548,340.612854,0.803394318,0.196605701,0.009634628,0.000315626
2020-12-09,18:28:50,0.0,0.0,163.2726135,199.0731964,161.165741,160.8192291,275.3426819,151.8657684,136.6148987,340.612854,0.803394318,0.196605701,0.009634628,0.000315626
2020-12-09,18:28:51,0.0,0.0,163.2726135,199.0865326,161.1661987,160.8202667,275.3398438,151.8656769,136.6147461,340.612854,0.803394318,0.196605701,0.009634628,0.000315626
2020-12-09,18:28:52,0.0,0.0,163.2726135,199.1013794,161.1655121,160.8204956,275.3392944,151.8654022,136.6151733,340.612854,0.803394318,0.196605701,0.009634628,0.000315626
2020-12-09,18:28:53,0.0,0.0,163.2726135,199.114212,161.167572,160.8206635,275.3387146,151.8663788,136.6142883,340.612854,0.803394318,0.196605701,0.009634628,0.000315626
2020-12-09,18:28:54,0.0,0.0,163.2726135,199.1266327,161.1661987,160.8214417,275.3366699,151.8664856,136.614212,340.612854,0.803394318,0.196605701,0.009634628,0.000315626
2020-12-09,18:28:55,0.0,0.0,163.2715759,199.1404419,161.1654205,160.8212585,275.3370667,151.8663177,136.6144257,340.612854,0.803394318,0.196605701,0.009634628,0.000315626
2020-12-09,18:28:56,0.0,0.0,163.2715759,199.1534424,161.1659088,160.822052,275.335022,151.8660278,136.6146698,340.612854,0.803394318,0.196605701,0.009634628,0.000315626
2020-12-09,18:28:57,0.0,0.0,163.2715759,199.1662903,161.1649017,160.822052,275.3349304,151.8657684,136.6149139,340.612854,0.803394318,0.196605701,0.009634628,0.000315626
2020-12-09,18:28:58,0.0,0.0,163.2715759,199.1802216,161.1659698,160.8223877,275.3341675,151.8661194,136.6145477,340.612854,0.803394318,0.196605701,0.009634628,0.000315626
2020-12-09,18:28:59,0.0,0.0,163.2715759,199.1936035,161.1650391,160.822876,275.3327026,151.8666687,136.6141052,340.612854,0.803394318,0.196605701,0.009634628,0.000315626
2020-12-09,18:29:00,0.0,0.0,163.2715759,199.2069092,161.1667023,160.8239136,275.3299561,151.8668518,136.6139679,340.612854,0.803394318,0.196605701,0.009634628,0.000315626
2020-12-09,18:29:01,0.0,0.0,163.2715759,199.2198181,161.164978,160.8236237,275.330658,151.8666687,136.6141205,340.612854,0.803394318,0.196605701,0.009634628,0.000315626
2020-12-09,18:29:02,0.0,0.0,163.2715759,199.2346497,161.1657104,160.824295,275.3289185,151.8672028,136.6136475,340.612854,0.803394318,0.196605701,0.009634628,0.000315626
2020-12-09,18:29:03,0.0,0.0,163.2705688,199.247345,161.1669617,160.8244629,275.3284302,151.8663177,136.6143646,340.612854,0.803394318,0.196605701,0.009634628,0.000315626
2020-12-09,18:29:04,0.0,0.0,163.2705688,199.2601166,161.166275,160.8250732,275.3267212,151.8672028,136.6136627,340.612854,0.803394318,0.196605701,0.009634628,0.000315626
2020-12-09,18:29:05,0.0,0.0,163.2705688,199.2745056,161.1658325,160.8256989,275.3252258,151.8673859,136.6135254,340.612854,0.803394318,0.196605701,0.009634628,0.000315626
2020-12-09,18:29:06,0.0,0.0,163.2705688,199.2867737,161.1660004,160.8260193,275.3242493,151.8675842,136.613327,340.612854,0.803394318,0.196605701,0.009634628,0.000315626
2020-12-09,18:29:07,0.0,0.0,163.2705688,199.3005066,161.1657867,160.8261261,275.3238525,151.8681488,136.612854,340.612854,0.803394318,0.196605701,0.009634628,0.000315626
2020-12-09,18:29:08,0.0,0.0,163.2705688,199.3147888,161.1663055,160.8264618,275.3229675,151.8678436,136.6131439,340.612854,0.803394318,0.196605701,0.009634628,0.000315626
2020-12-09,18:29:09,0.0,0.0,163.2705688,199.3275146,161.1665802,160.8266296,275.3225098,151.8681488,136.6129456,340.612854,0.803394318,0.196605701,0.009634628,0.000315626
2020-12-09,18:29:10,0.0,0.0,163.269516,199.3408356,161.1665039,160.8276672,275.3196106,151.8678436,136.6131134,340.612854,0.803394318,0.196605701,0.009634628,0.000315626
2020-12-09,18:29:11,0.0,0.0,163.269516,199.3551483,161.1659088,160.8279877,275.3189087,151.8675842,136.613327,340.612854,0.803394318,0.196605701,0.009634628,0.000315626
2020-12-09,18:29:12,0.0,0.0,163.269516,199.368515,161.1655884,160.8281403,275.3185425,151.8686981,136.6124573,340.612854,0.803394318,0.196605701,0.009634628,0.000315626
2020-12-09,18:29:13,0.0,0.0,163.269516,199.3811646,161.1666718,160.828476,275.3175964,151.8681488,136.6128998,340.4775085,0.803394318,0.196605701,0.009634628,0.000315626
2020-12-09,18:29:14,0.0,0.0,163.269516,199.3949432,161.1655579,160.8290558,275.31604,151.8684082,136.6127014,340.4775085,0.803394318,0.196605701,0.009634628,0.000315626
2020-12-09,18:29:15,0.0,0.0,163.2684326,199.4071198,161.1664276,160.8292084,275.3156128,151.8688049,136.612381,340.4775085,0.803394318,0.196605701,0.009634628,0.000315626
2020-12-09,18:29:16,0.0,0.0,163.2694397,199.4205933,161.1667023,160.8294983,275.3148499,151.8685913,136.6125488,340.4775085,0.803394318,0.196605701,0.009634628,0.000315626
2020-12-09,18:29:17,0.0,0.0,163.2694397,199.4346466,161.1662903,160.8301544,275.3131409,151.8688812,136.6123047,340.4775085,0.803394318,0.196605701,0.009634628,0.000315626
2020-12-09,18:29:18,0.0,0.0,163.2694397,199.4481812,161.1669006,160.8305969,275.3117676,151.8686981,136.6124573,340.4775085,0.803394318,0.196605701,0.009634628,0.000315626
2020-12-09,18:29:19,0.0,0.0,163.2694397,199.4614258,161.1660309,160.8312683,275.309967,151.8695221,136.6117401,340.4775085,0.803394318,0.196605701,0.009634628,0.000315626
2020-12-09,18:29:20,0.0,0.0,163.2684174,199.4736176,161.1669006,160.8314819,275.3094177,151.8697052,136.6118927,340.4775085,0.803394318,0.196605701,0.009634628,0.000315626
2020-12-09,18:29:21,0.0,0.0,163.2684174,199.4875641,161.1666107,160.8319855,275.3080139,151.8689728,136.6122131,340.4775085,0.803394318,0.196605701,0.009634628,0.000315626
2020-12-09,18:29:22,0.0,0.0,163.2684174,199.5014801,161.166153,160.8322754,275.3073425,151.8700714,136.6113281,340.4775085,0.803394318,0.196605701,0.009634628,0.000315626
2020-12-09,18:29:23,0.0,0.0,163.2694397,199.5144653,161.1654358,160.8327942,275.3058777,151.8699799,136.6114044,340.4775085,0.803394318,0.196605701,0.009634628,0.000315626
2020-12-09,18:29:24,0.0,0.0,163.2684021,199.5284271,161.1667023,160.8326874,275.3063049,151.8699799,136.6113586,340.4775085,0.803394318,0.196605701,0.009634628,0.000315626
2020-12-09,18:29:25,0.0,0.0,163.2684021,199.5417938,161.1678467,160.8337402,275.3033447,151.8704224,136.6110229,340.4775085,0.803394318,0.196605701,0.009634628,0.000315626
2020-12-09,18:29:26,0.0,0.0,163.2684021,199.5544281,161.1658478,160.833847,275.3030701,151.8706055,136.6108704,340.4775085,0.803394318,0.196605701,0.009634628,0.000315626
2020-12-09,18:29:27,0.0,0.0,163.2673492,199.5691071,161.1669922,160.8343353,275.3016357,151.870163,136.6112518,340.4775085,0.803394318,0.196605701,0.009634628,0.000315626
2020-12-09,18:29:28,0.0,0.0,163.2683563,199.5830994,161.1676178,160.8343964,275.3018494,151.8708801,136.6106567,340.3597717,0.803394318,0.196605701,0.009634628,0.000315626
2020-12-09,18:29:29,0.0,0.0,163.2683563,199.5953369,161.1660156,160.8348846,275.3002625,151.8712463,136.6103363,340.3597717,0.803394318,0.196605701,0.009634628,0.000315626
2020-12-09,18:29:30,0.0,0.0,163.2683563,199.6083069,161.1666107,160.8354492,275.2986755,151.8717957,136.6099701,340.3597717,0.803394318,0.196605701,0.009634628,0.000315626
2020-12-09,18:29:31,0.0,0.0,163.2673035,199.6227875,161.166275,160.8362427,275.2965393,151.87117,136.6104584,340.3597717,0.803394318,0.196605701,0.009634628,0.000315626
2020-12-09,18:29:32,0.0,0.0,163.2673035,199.6356659,161.1669617,160.8360901,275.2969666,151.8723602,136.6094055,340.3597717,0.803394318,0.196605701,0.009634628,0.000315626
2020-12-09,18:29:33,0.0,0.0,163.2673035,199.6487732,161.1662903,160.8368683,275.2948914,151.8718872,136.6097717,340.3597717,0.803394318,0.196605701,0.009634628,0.000315626
2020-12-09,18:29:34,0.0,0.0,163.2673035,199.6629333,161.1675262,160.8375244,275.2931519,151.8725281,136.6092682,340.3597717,0.803394318,0.196605701,0.009634628,0.000315626
2020-12-09,18:29:35,0.0,0.0,163.2673035,199.6759033,161.1664276,160.8371887,275.2939148,151.8718872,136.6097717,340.3597717,0.803394318,0.196605701,0.009634628,0.000315626
2020-12-09,18:29:36,0.0,0.0,163.2673035,199.6889954,161.1657715,160.8382568,275.2912598,151.8730927,136.6088562,340.3597717,0.803394318,0.196605701,0.009634628,0.000315626
2020-12-09,18:29:37,0.0,0.0,163.2673035,199.7035675,161.1670227,160.8384705,275.2905579,151.8722534,136.6095123,340.3597717,0.803394318,0.196605701,0.009634628,0.000315626
2020-12-09,18:29:38,0.0,0.0,163.2673035,199.7166443,161.1660614,160.838913,275.2893982,151.8729095,136.6090546,340.3597717,0.803394318,0.196605701,0.009634628,0.000315626
2020-12-09,18:29:39,0.0,0.0,163.2662964,199.7298889,161.165451,160.8392029,275.2885742,151.8736267,136.6084595,340.3597717,0.803394318,0.196605701,0.009634628,0.000315626
2020-12-09,18:29:40,0.0,0.0,163.2662964,199.7431641,161.1669769,160.8393707,275.2882385,151.8729858,136.6088867,340.3597717,0.803394318,0.196605701,0.009634628,0.000315626
2020-12-09,18:29:41,0.0,0.0,163.2662964,199.7576599,161.1659393,160.8404846,275.2850647,151.8733368,136.6085968,340.3597717,0.803394318,0.196605701,0.009634628,0.000315626
2020-12-09,18:29:42,0.0,0.0,163.2673035,199.7697906,161.1663818,160.8409271,275.2839661,151.8740845,136.608078,340.3597717,0.803394318,0.196605701,0.009634628,0.000315626
2020-12-09,18:29:43,0.0,0.0,163.2662048,199.7841187,161.166626,160.8405914,275.2848206,151.8736267,136.608429,340.3597717,0.803394318,0.196605701,0.009634628,0.000315626
2020-12-09,18:29:44,0.0,0.0,163.2662048,199.797226,161.1661987,160.8412018,275.2832642,151.8739777,136.6080933,340.3597717,0.803394318,0.196605701,0.009634628,0.000315626
2020-12-09,18:29:45,0.0,0.0,163.2662048,199.8109131,161.1656799,160.8417816,275.2817383,151.8744659,136.6077118,340.3597717,0.803394318,0.196605701,0.009634628,0.000315626
2020-12-09,18:29:46,0.0,0.0,163.2651978,199.8250885,161.1661072,160.8421631,275.2805786,151.8750916,136.6072235,340.3597717,0.803394318,0.196605701,0.009634628,0.000315626
2020-12-09,18:29:47,0.0,0.0,163.2651978,199.8381195,161.1664734,160.842041,275.2809143,151.8743591,136.6077728,340.3597717,0.803394318,0.196605701,0.009634628,0.000315626
2020-12-09,18:29:48,0.0,0.0,163.2651978,199.8512573,161.1656952,160.843277,275.2776184,151.8752747,136.6070862,340.3597717,0.803394318,0.196605701,0.009634628,0.000315626
2020-12-09,18:29:49,0.0,0.0,163.2651978,199.8651733,161.1663208,160.843399,275.2773132,151.8754578,136.6068573,340.3597717,0.803394318,0.196605701,0.009634628,0.000315626
2020-12-09,18:29:50,0.0,0.0,163.2651978,199.8787537,161.1660461,160.8444977,275.274292,151.8753662,136.6070404,340.3597717,0.803394318,0.196605701,0.009634628,0.000315626
2020-12-09,18:29:51,0.0,0.0,163.2651978,199.8910522,161.1662445,160.8437195,275.2764282,151.8754578,136.6068726,340.3597717,0.803394318,0.196605701,0.009634628,0.000315626
2020-12-09,18:29:52,0.0,0.0,163.2651978,199.9042664,161.1664886,160.8446655,275.2738342,151.8760223,136.6064911,340.3597717,0.803394318,0.196605701,0.009634628,0.000315626
2020-12-09,18:29:53,0.0,0.0,163.2651978,199.9183197,161.1670227,160.8453522,275.2720032,151.8764801,136.6061096,340.3597717,0.803394318,0.196605701,0.009634628,0.000315626
2020-12-09,18:29:54,0.0,0.0,163.2651978,199.9328613,161.166275,160.8456116,275.2713623,151.8765564,136.6060181,340.3597717,0.803394318,0.196605701,0.009634628,0.000315626
2020-12-09,18:29:55,0.0,0.0,163.2651978,199.9460297,161.1653748,160.8455048,275.2715149,151.8766632,136.6058655,340.3597717,0.803394318,0.196605701,0.009634628,0.000315626
2020-12-09,18:29:56,0.0,0.0,163.2641754,199.9591827,161.166214,160.8463593,275.2693787,151.8766632,136.6059265,340.3597717,0.803394318,0.196605701,0.009634628,0.000315626
2020-12-09,18:29:57,0.0,0.0,163.2641754,199.9726105,161.1658936,160.8466949,275.2684631,151.8769379,136.6056976,340.3597717,0.803394318,0.196605701,0.009634628,0.000315626
2020-12-09,18:29:58,0.0,0.0,163.2652435,199.9864349,161.1655273,160.8471527,275.2672119,151.8771973,136.6054382,340.3597717,0.803394318,0.196605701,0.009634628,0.000315626
2020-12-09,18:29:59,0.0,0.0,163.2642365,199.9996948,161.1657715,160.8475189,275.2662354,151.8775635,136.6051636,340.3597717,0.803394318,0.196605701,0.009634628,0.000315626
2020-12-09,18:30:00,0.0,0.0,163.2642365,200.013443,161.1660309,160.8479156,275.2649841,151.8778381,136.6050262,340.3597717,0.803394318,0.196605701,0.009634628,0.000315626
