date/yyyy-mm-dd,time/hh:mm:ss,PT102/MPa,PT101/MPa,TT009/K,TT010/K,TT008/K,TT101/K,RT101/ohm,TT102/K,RT102/ohm,Q008/W,x1,x2,impurity,err(x)
2021-01-12,16:40:00,2.022999954,7.033899689,69.22348785,96.89653778,64.75233459,64.98808289,1153.240601,67.60825348,275.4798584,68.56256866,0.995123596,0.00487637,0.014982928,0.000198497
2021-01-12,16:40:01,2.022500038,7.046900177,69.22451019,96.89477539,64.75117493,64.98776245,1153.249512,67.6077652,275.4815979,68.56256866,0.995123596,0.00487637,0.0,0.000198475
2021-01-12,16:40:02,2.022900009,7.042099762,69.22451019,96.89256287,64.7519989,64.9876709,1153.252075,67.60713196,275.4836731,68.56256866,0.995123596,0.00487637,0.0,0.000198475
2021-01-12,16:40:03,2.023200035,7.041400146,69.22451019,96.89035797,64.75178528,64.98755646,1153.255371,67.60673523,275.4849548,68.56256866,0.995123596,0.00487637,0.0,0.000198475
2021-01-12,16:40:04,2.022699928,7.040899658,69.22345734,96.88938141,64.75302124,64.98728943,1153.263062,67.60610199,275.4871826,68.56256866,0.995123596,0.00487637,0.0,0.000198475
2021-01-12,16:40:05,2.022900009,7.040100098,69.22345734,96.88700867,64.75171661,64.98701477,1153.270386,67.60556793,275.4891052,68.56256866,0.995123596,0.00487637,0.0,0.000198475
2021-01-12,16:40:06,2.022400093,7.039700317,69.22345734,96.88534546,64.75147247,64.98688507,1153.274414,67.60538483,275.4895325,68.56256866,0.995123596,0.00487637,0.0,0.000198475
2021-01-12,16:40:07,2.022699928,7.038800049,69.22245026,96.88269043,64.75305176,64.9866333,1153.28125,67.60556793,275.4902039,68.56256866,0.995123596,0.00487637,0.0,0.000198475
2021-01-12,16:40:08,2.022299957,7.03809967,69.22245026,96.8811264,64.75341034,64.98635864,1153.289185,67.60494232,275.4910889,68.56256866,0.995123596,0.00487637,0.0,0.000198475
2021-01-12,16:40:09,2.021999931,7.03769989,69.22142792,96.87941742,64.75156403,64.9861145,1153.295898,67.60462952,275.492218,68.31367493,0.995069122,0.00493085,0.0,0.000198738
2021-01-12,16:40:10,2.022200012,7.03710022,69.22142792,96.87794495,64.75123596,64.98581696,1153.303955,67.60427094,275.4934082,68.31367493,0.995069122,0.00493085,0.0,0.000198738
2021-01-12,16:40:11,2.02159996,7.036599731,69.22142792,96.87497711,64.75234985,64.98557281,1153.311401,67.60400391,275.4942932,68.31367493,0.995035629,0.00496447,0.0,0.000198738
2021-01-12,16:40:12,2.021999931,7.036000061,69.22142792,96.8728714,64.75073242,64.98540497,1153.315308,67.60377502,275.4949036,68.31367493,0.995035629,0.00496447,0.0,0.000198738
2021-01-12,16:40:13,2.02159996,7.034999847,69.22042084,96.87104797,64.75196838,64.9853363,1153.317627,67.60346222,275.4961853,68.31367493,0.994996567,0.00500333,0.0,0.000198458
2021-01-12,16:40:14,2.021699905,7.034300232,69.22042084,96.86825562,64.75382233,64.98482513,1153.332031,67.60297394,275.4977417,68.31367493,0.99499321,0.00500679,0.0,0.000198505
2021-01-12,16:40:15,2.021800041,7.033300018,69.22042084,96.86719513,64.75196075,64.98466492,1153.336304,67.60288239,275.4981384,68.31367493,0.99499321,0.00500679,0.0,0.000198505
2021-01-12,16:40:16,2.02159996,7.032499695,69.22042084,96.86529541,64.75146484,64.98445129,1153.342529,67.60189056,275.5013733,68.31367493,0.99499321,0.00500679,0.0,0.000198542
2021-01-12,16:40:17,2.022100067,7.031900024,69.22042084,96.86238098,64.75195313,64.98406982,1153.353149,67.60162354,275.5023193,68.31367493,0.99499321,0.00500679,0.0,0.000198542
2021-01-12,16:40:18,2.021800041,7.031300354,69.21933746,96.86031342,64.75106812,64.98379517,1153.360596,67.60113525,275.5038452,68.31367493,0.99499321,0.00500679,0.0,0.000198542
2021-01-12,16:40:19,2.022200012,7.030400085,69.21933746,96.85740662,64.75266266,64.98387146,1153.359131,67.60054779,275.5058289,68.48455811,0.99499321,0.00500679,0.0,0.000198542
2021-01-12,16:40:20,2.021800041,7.030899811,69.21933746,96.85609436,64.75099182,64.98325348,1153.375977,67.60041809,275.5063477,68.48455811,0.994983826,0.0050162,0.0,0.000198542
2021-01-12,16:40:21,2.022100067,7.02990036,69.21933746,96.85400391,64.75037384,64.98334503,1153.373413,67.5996933,275.5086975,68.48455811,0.994983826,0.0050162,0.0,0.000198542
2021-01-12,16:40:22,2.021899986,7.029100037,69.21827698,96.85217285,64.7514801,64.98266602,1153.392456,67.59960175,275.5091553,68.48455811,0.995003128,0.00499689,0.0,0.000198542
2021-01-12,16:40:23,2.021800041,7.028099823,69.21827698,96.84999084,64.75077057,64.9825592,1153.395264,67.59835052,275.5133667,68.48455811,0.995003128,0.00499689,0.0,0.000198542
2021-01-12,16:40:24,2.021699905,7.027200317,69.21827698,96.84841919,64.74994659,64.98217773,1153.406494,67.59754944,275.5159607,68.62007904,0.995003128,0.00499689,0.015246106,0.000198542
2021-01-12,16:40:25,2.021500015,7.026499939,69.21723175,96.84534454,64.75236511,64.98191833,1153.413086,67.59708405,275.5176392,68.62007904,0.995003128,0.00499689,0.015246106,0.000198542
2021-01-12,16:40:26,2.021800041,7.02559967,69.21723175,96.84377289,64.75119019,64.98210144,1153.407715,67.59614563,275.5207214,68.62007904,0.995003128,0.00499689,0.015246106,0.000198456
2021-01-12,16:40:27,2.021299934,7.024700165,69.21723175,96.84128571,64.75064087,64.9818573,1153.415283,67.59555817,275.5226135,68.62007904,0.995003128,0.00499689,0.015246106,0.000198456
2021-01-12,16:40:28,2.021699905,7.023999786,69.21723175,96.83843231,64.75149536,64.98160553,1153.421753,67.59542847,275.5232544,68.62007904,0.995003128,0.00499689,0.015246106,0.000198456
2021-01-12,16:40:29,2.02140007,7.023200226,69.21723175,96.83691406,64.7505188,64.98149872,1153.425171,67.59457397,275.5259399,68.62007904,0.995003128,0.00499689,0.015246106,0.000198456
2021-01-12,16:40:30,2.021199989,7.022499847,69.21622467,96.83470917,64.75174713,64.98097229,1153.439575,67.59449005,275.5263977,68.62007904,0.995003128,0.00499689,0.015246106,0.000198456
2021-01-12,16:40:31,2.021500015,7.021499634,69.21622467,96.83403778,64.75050354,64.98075104,1153.446045,67.59409332,275.52771,68.62007904,0.995003128,0.00499689,0.015246106,0.000198456
2021-01-12,16:40:32,2.021199989,7.020600128,69.21622467,96.83114624,64.75102234,64.98081207,1153.444214,67.59342194,275.5298767,68.62007904,0.995003128,0.00499689,0.015246106,0.000198456
2021-01-12,16:40:33,2.021299934,7.019799805,69.21622467,96.82845306,64.75169373,64.98040771,1153.455811,67.59319305,275.5307617,68.62007904,0.995003128,0.00499689,0.015246106,0.000198456
2021-01-12,16:40:34,2.020999908,7.019200134,69.21514893,96.82712555,64.74944305,64.98017883,1153.461792,67.59337616,275.5302429,68.51095581,0.995003128,0.00499689,0.015246106,0.000198456
2021-01-12,16:40:35,2.02140007,7.018800354,69.21514893,96.82507324,64.75088501,64.98006439,1153.46521,67.59269714,275.5323792,68.51095581,0.995003128,0.00499689,0.015246106,0.000198456
2021-01-12,16:40:36,2.020999908,7.019400024,69.21414185,96.82268524,64.75,64.9802475,1153.459595,67.5927887,275.5321655,68.51095581,0.995003128,0.00499689,0.0,0.000198456
2021-01-12,16:40:37,2.020700073,7.017700195,69.21414185,96.82085419,64.75134277,64.97943115,1153.483032,67.59211731,275.5343628,68.51095581,0.995003128,0.00499689,0.0,0.000198456
2021-01-12,16:40:38,2.020800018,7.016999817,69.21414185,96.8180542,64.75093842,64.97905731,1153.493652,67.5919342,275.5350037,68.51095581,0.995003128,0.00499689,0.0,0.000198456
2021-01-12,16:40:39,2.020400047,7.016000366,69.21414185,96.81536865,64.75075531,64.97918701,1153.489868,67.59148407,275.536438,68.61309052,0.995003128,0.00499689,0.0,0.000198456
2021-01-12,16:40:40,2.020700073,7.014900208,69.21414185,96.81321716,64.75019073,64.97931671,1153.486084,67.59111786,275.5376587,68.61309052,0.995003128,0.00499689,0.0,0.000198456
2021-01-12,16:40:41,2.020400047,7.013999939,69.21308136,96.81137848,64.75073242,64.97888947,1153.498291,67.59091187,275.5383911,68.61309052,0.995003128,0.00499689,0.0,0.000198456
2021-01-12,16:40:42,2.020700073,7.012599945,69.21308136,96.80922699,64.75111389,64.978508,1153.508789,67.59081268,275.5386658,68.61309052,0.995003128,0.00499689,0.0,0.000198456
2021-01-12,16:40:43,2.020199966,7.011799622,69.21308136,96.80773926,64.74998474,64.9787674,1153.500854,67.59086609,275.5385742,68.61309052,0.995003128,0.00499689,0.0,0.000198456
2021-01-12,16:40:44,2.020700073,7.011100006,69.21205139,96.8052597,64.75048065,64.97776031,1153.529663,67.59037018,275.5403442,68.73052979,0.995003128,0.00499689,0.0,0.000198456
2021-01-12,16:40:45,2.020299911,7.010500336,69.21205139,96.80233765,64.75054932,64.97800446,1153.523193,67.59023285,275.5406799,68.73052979,0.995003128,0.00499689,0.0,0.000198456
2021-01-12,16:40:46,2.020100021,7.011000061,69.21205139,96.80039215,64.75037384,64.97766113,1153.532349,67.59013367,275.5404053,68.73052979,0.995003128,0.00499689,0.015401677,0.000198456
2021-01-12,16:40:47,2.020199966,7.009100342,69.21100616,96.79831696,64.74975586,64.97718048,1153.546265,67.58973694,275.5424194,68.73052979,0.995003128,0.00499689,0.015401677,0.000198456
2021-01-12,16:40:48,2.019599915,7.008399963,69.21100616,96.79667664,64.74999237,64.97727203,1153.543823,67.58964539,275.5426941,68.73052979,0.995003128,0.00499689,0.0,0.000198456
2021-01-12,16:40:49,2.019000053,7.00739975,69.21100616,96.79407501,64.74987793,64.97734833,1153.541138,67.58946228,275.5432739,77.383255,0.995003128,0.00499689,0.015389081,0.000198582
2021-01-12,16:40:50,2.018300056,7.006199646,69.21100616,96.79132843,64.75104523,64.97686005,1153.555176,67.58901978,275.5447693,77.383255,0.995003128,0.00499689,0.015389081,0.000198582
2021-01-12,16:40:51,2.018199921,7.005400085,69.21100616,96.78947449,64.74965668,64.97608948,1153.576416,67.58866882,275.5459595,77.383255,0.994999237,0.00500083,0.015309025,0.000198582
2021-01-12,16:40:52,2.017900085,7.004100037,69.2099762,96.78704071,64.74934387,64.97623444,1153.572388,67.58811951,275.54776,77.383255,0.994999237,0.00500083,0.015309025,0.000198582
2021-01-12,16:40:53,2.018400002,7.002899933,69.2099762,96.78598785,64.75097656,64.97608948,1153.576782,67.58839417,275.546936,77.383255,0.995009537,0.00499045,0.0,0.000198548
2021-01-12,16:40:54,2.018300056,7.002300262,69.2099762,96.78283691,64.75080872,64.97595215,1153.580322,67.58789825,275.5485535,77.57933044,0.995015488,0.00498449,0.0,0.000198548
2021-01-12,16:40:55,2.018600082,7.001499939,69.2099762,96.78076935,64.75253296,64.9749527,1153.608276,67.58803558,275.5481567,77.57933044,0.995015488,0.00498449,0.0,0.000198548
2021-01-12,16:40:56,2.018300056,7.000800323,69.2099762,96.77899933,64.75169373,64.97550201,1153.592896,67.58726501,275.5507507,77.57933044,0.995015488,0.00498449,0.0,0.000198548
2021-01-12,16:40:57,2.018000031,6.99980011,69.2099762,96.77642059,64.75427246,64.97527313,1153.599243,67.58700562,275.5516052,77.57933044,0.995015488,0.00498449,0.0,0.000198548
2021-01-12,16:40:58,2.01779995,6.998400116,69.2099762,96.77481079,64.75642395,64.97481537,1153.612061,67.587677,275.549408,77.57933044,0.995015488,0.00498449,0.015200022,0.000198548
2021-01-12,16:40:59,2.018099976,6.997399902,69.20891571,96.77258301,64.75622559,64.97467041,1153.616333,67.58721924,275.5508423,76.95996857,0.995015488,0.00498449,0.015200022,0.000198548
2021-01-12,16:41:00,2.018300056,6.996499634,69.20891571,96.77015686,64.7587738,64.97452545,1153.620239,67.5865097,275.5533447,76.95996857,0.995015488,0.00498449,0.015200022,0.000198548
2021-01-12,16:41:01,2.018000031,6.995899963,69.20783997,96.76794434,64.76180267,64.97429657,1153.626465,67.58633423,275.5537415,76.95996857,0.995015488,0.00498449,0.015200022,0.000198548
2021-01-12,16:41:02,2.018199921,6.99489975,69.20783997,96.76624298,64.76163483,64.97473907,1153.614746,67.58538818,275.5570374,76.95996857,0.995015488,0.00498449,0.015200022,0.000198548
2021-01-12,16:41:03,2.017499924,6.993900299,69.20783997,96.76314545,64.76329041,64.97437286,1153.624634,67.58520508,275.5575562,76.95996857,0.995015488,0.00498449,0.015200022,0.000198548
2021-01-12,16:41:04,2.017300034,6.993000031,69.20783997,96.76102448,64.76417542,64.97401428,1153.634766,67.58453369,275.559906,76.09151459,0.995015488,0.00498449,0.0,0.000198548
2021-01-12,16:41:05,2.017000008,6.992299652,69.20783997,96.75934601,64.76639557,64.97389984,1153.637695,67.58440399,275.5603027,76.09151459,0.995015488,0.00498449,0.0,0.000198548
2021-01-12,16:41:06,2.016799927,6.991600037,69.20678711,96.75730133,64.76872253,64.97345734,1153.650269,67.58453369,275.5599365,76.09151459,0.995015488,0.00498449,0.0,0.000198548
2021-01-12,16:41:07,2.016600037,6.991300201,69.20678711,96.75495148,64.76895142,64.97325897,1153.655518,67.58418274,275.5610046,76.09151459,0.995015488,0.00498449,0.0,0.000198548
2021-01-12,16:41:08,2.016200066,6.990299988,69.20578003,96.75217438,64.7706604,64.97289276,1153.66626,67.58391571,275.5618286,76.09151459,0.995015488,0.00498449,0.0,0.000198594
2021-01-12,16:41:09,2.016399956,6.989499664,69.20578003,96.74938965,64.77102661,64.97285461,1153.66748,67.58374023,275.562439,75.09247589,0.995054703,0.00494527,0.0,0.000198561
2021-01-12,16:41:10,2.01590004,6.988500214,69.20578003,96.74888611,64.77301788,64.97278595,1153.665283,67.58369446,275.5626221,75.09247589,0.995054703,0.00494527,0.0,0.000198561
2021-01-12,16:41:11,2.01609993,6.987599945,69.20578003,96.74642181,64.77390289,64.97293854,1153.667114,67.58360291,275.5629578,75.09247589,0.995054703,0.00494527,0.0,0.000198646
2021-01-12,16:41:12,2.015600014,6.986599731,69.20578003,96.7443924,64.7754364,64.97310638,1153.6604,67.5834198,275.5635071,75.09247589,0.995054703,0.00494527,0.0,0.000198646
2021-01-12,16:41:13,2.015299988,6.985700226,69.20475006,96.74185181,64.77604675,64.97275543,1153.670044,67.58324432,275.56427,75.09247589,0.99505127,0.00494873,0.0,0.000198522
2021-01-12,16:41:14,2.014999962,6.984999847,69.20579529,96.73886108,64.77779388,64.97229004,1153.68335,67.58374023,275.5624084,74.35398865,0.99505127,0.00494873,0.0,0.000198522
2021-01-12,16:41:15,2.014699936,6.983799744,69.20475006,96.7375412,64.77896118,64.97237396,1153.680176,67.58356476,275.5632324,74.35398865,0.995048065,0.00495195,0.0,0.000198522
2021-01-12,16:41:16,2.014500046,6.982800293,69.20475006,96.73508453,64.77822876,64.9720459,1153.690308,67.58333588,275.5637512,74.35398865,0.995048065,0.00495195,0.0,0.000198522
2021-01-12,16:41:17,2.014699936,6.982499695,69.20475006,96.73247528,64.77940369,64.97237396,1153.680542,67.58360291,275.5630493,74.35398865,0.995048065,0.00495195,0.0,0.000198522
2021-01-12,16:41:18,2.013999939,6.981600189,69.20372009,96.73097229,64.78138733,64.97167969,1153.699951,67.58347321,275.5634155,74.35398865,0.995048065,0.00495195,0.0,0.000198522
2021-01-12,16:41:19,2.014299965,6.980500031,69.20372009,96.72897339,64.78091431,64.97144318,1153.707031,67.58324432,275.5641785,73.64879608,0.995048065,0.00495195,0.0,0.000198522
2021-01-12,16:41:20,2.013599968,6.980200195,69.20372009,96.72638702,64.78144836,64.97167969,1153.700195,67.58293152,275.5652161,73.64879608,0.995048065,0.00495195,0.0,0.000198522
2021-01-12,16:41:21,2.013100052,6.979000092,69.20265198,96.72493744,64.78349304,64.97140503,1153.708008,67.5831604,275.5645142,73.64879608,0.995048065,0.00495195,0.015188215,0.000198522
2021-01-12,16:41:22,2.012899971,6.977899933,69.20265198,96.72132874,64.78460693,64.97180939,1153.696655,67.58274841,275.5657959,73.64879608,0.995048065,0.00495195,0.015188215,0.000198522
2021-01-12,16:41:23,2.0125,6.976999664,69.20265198,96.71920013,64.78530884,64.97144318,1153.706055,67.58243561,275.5669861,73.64879608,0.995048065,0.00495195,0.015188215,0.000198522
2021-01-12,16:41:24,2.012800026,6.975800323,69.20265198,96.71762848,64.78619385,64.97190094,1153.693726,67.58226013,275.5675049,73.06816864,0.995048065,0.00495195,0.015188215,0.000198522
2021-01-12,16:41:25,2.012299919,6.974900055,69.20162964,96.71561432,64.7855835,64.97070313,1153.727539,67.5818634,275.5690002,73.06816864,0.995048065,0.00495195,0.015188215,0.000198522
2021-01-12,16:41:26,2.012599945,6.974199677,69.20162964,96.71394348,64.78773499,64.97101593,1153.71814,67.58140564,275.5703735,73.06816864,0.995048065,0.00495195,0.015188215,0.000198522
2021-01-12,16:41:27,2.012100029,6.973600006,69.20162964,96.71151733,64.78863525,64.97108459,1153.717041,67.58095551,275.5718689,73.06816864,0.995048065,0.00495195,0.015188215,0.000198522
2021-01-12,16:41:28,2.012400055,6.972499847,69.20162964,96.70922852,64.78791809,64.97081757,1153.724487,67.58087158,275.5722046,73.06816864,0.995048065,0.00495195,0.015188215,0.000198522
2021-01-12,16:41:29,2.011700058,6.971700287,69.20053101,96.70675659,64.78835297,64.97127533,1153.711792,67.58069611,275.5728149,72.7436676,0.995048065,0.00495195,0.015188215,0.000198522
2021-01-12,16:41:30,2.012000084,6.970999908,69.20053101,96.70440674,64.78941345,64.97084045,1153.723267,67.580513,275.5733643,72.7436676,0.995048065,0.00495195,0.015188215,0.000198522
2021-01-12,16:41:31,2.011499977,6.97009964,69.20053101,96.7022934,64.79010773,64.97105408,1153.717163,67.58073425,275.5726013,72.7436676,0.995048065,0.00495195,0.015188215,0.000198522
2021-01-12,16:41:32,2.011599922,6.969799805,69.20053101,96.70079803,64.79077148,64.97129822,1153.711304,67.57961273,275.576416,72.7436676,0.995048065,0.00495195,0.015188215,0.000198522
2021-01-12,16:41:33,2.011100006,6.968699646,69.20053101,96.6988678,64.78993988,64.97067261,1153.728394,67.57924652,275.5775757,72.7436676,0.995088196,0.00491178,0.015024166,0.000198588
2021-01-12,16:41:34,2.011300087,6.967700195,69.19950867,96.69644928,64.79142761,64.97116089,1153.714966,67.57898712,275.5784912,72.45882416,0.995088196,0.00491178,0.015024166,0.000198564
2021-01-12,16:41:35,2.010899925,6.968000031,69.19950867,96.69470215,64.79177856,64.97080231,1153.724976,67.57920837,275.5778809,72.45882416,0.995088196,0.00491178,0.015024166,0.000198564
2021-01-12,16:41:36,2.011000061,6.966799927,69.19950867,96.69202423,64.792099,64.97101593,1153.718628,67.57830811,275.580719,72.45882416,0.995088196,0.00491178,0.015024166,0.000198564
2021-01-12,16:41:37,2.010499954,6.965899658,69.19950867,96.69039917,64.79168701,64.97090912,1153.721802,67.57839966,275.5809631,72.45882416,0.995088196,0.00491178,0.015024166,0.000198564
2021-01-12,16:41:38,2.010300064,6.964900208,69.19950867,96.68795776,64.79289246,64.97084045,1153.723633,67.57800293,275.5817871,72.45882416,0.995088196,0.00491178,0.015017384,0.000198674
2021-01-12,16:41:39,2.009900093,6.963899994,69.19849396,96.6857605,64.79335022,64.97124481,1153.71228,67.57817841,275.5813599,72.01491547,0.995088196,0.00491178,0.015017384,0.000198674
2021-01-12,16:41:40,2.009700012,6.962799835,69.19849396,96.68380737,64.79271698,64.97103119,1153.717896,67.57830811,275.58078,72.01491547,0.995083466,0.00491648,0.015027074,0.000198615
2021-01-12,16:41:41,2.009499931,6.96230011,69.19849396,96.68179321,64.79354095,64.97129822,1153.710693,67.57781982,275.5824585,72.01491547,0.995083466,0.00491648,0.015027074,0.000198615
2021-01-12,16:41:42,2.009199905,6.961299896,69.19849396,96.68036652,64.7951355,64.97144318,1153.706177,67.57790375,275.5822144,72.01491547,0.995083466,0.00491648,0.0,0.000198615
2021-01-12,16:41:43,2.00909996,6.960199738,69.19747925,96.67769623,64.79573059,64.97132111,1153.710083,67.57800293,275.5818787,72.01491547,0.995083466,0.00491648,0.0,0.000198615
2021-01-12,16:41:44,2.008799934,6.959799957,69.19747925,96.67557526,64.79589844,64.97160339,1153.702637,67.57759094,275.583252,71.63594818,0.995083466,0.00491648,0.0,0.000198748
2021-01-12,16:41:45,2.008600044,6.959200287,69.19747925,96.67398834,64.79549408,64.97142792,1153.70752,67.57790375,275.5822144,71.63594818,0.995083466,0.00491648,0.0,0.000198748
2021-01-12,16:41:46,2.008799934,6.958399963,69.19747925,96.67235565,64.7956543,64.97158051,1153.702759,67.57759094,275.5832214,71.63594818,0.995083466,0.00491648,0.015142312,0.000198748
2021-01-12,16:41:47,2.008200073,6.957700348,69.19747925,96.67012787,64.7959671,64.97190094,1153.694336,67.57790375,275.5822449,71.63594818,0.995083466,0.00491648,0.015132259,0.000198748
2021-01-12,16:41:48,2.007999992,6.956800079,69.19646454,96.66717529,64.79755402,64.9719696,1153.691772,67.57808685,275.581543,71.63594818,0.995083466,0.00491648,0.015132259,0.000198748
2021-01-12,16:41:49,2.007699966,6.955899811,69.19544983,96.665802,64.79660797,64.97176361,1153.697266,67.57830811,275.5808105,71.39394379,0.995044785,0.00495523,0.015132259,0.000198748
2021-01-12,16:41:50,2.00739994,6.955000305,69.19544983,96.66436005,64.79707336,64.97239685,1153.679932,67.57777405,275.5826111,71.39394379,0.995044785,0.00495523,0.015132259,0.000198748
2021-01-12,16:41:51,2.00720005,6.954000092,69.19544983,96.66159821,64.79808044,64.97225952,1153.683472,67.57800293,275.5819702,71.39394379,0.995037766,0.0049622,0.015175256,0.000198748
2021-01-12,16:41:52,2.006999969,6.954100037,69.19544983,96.66075897,64.79824829,64.97289276,1153.66626,67.57777405,275.5825806,71.39394379,0.995037766,0.0049622,0.015175256,0.000198748
2021-01-12,16:41:53,2.007299995,6.952500153,69.19544983,96.65879059,64.79734802,64.97264862,1153.673218,67.57817841,275.5813293,71.39394379,0.995037766,0.0049622,0.015175256,0.000198748
2021-01-12,16:41:54,2.006800079,6.951899719,69.19544983,96.65622711,64.79701233,64.97291565,1153.665405,67.57826233,275.5809631,71.39394379,0.995037766,0.0049622,0.015175256,0.000198748
2021-01-12,16:41:55,2.006599998,6.950700378,69.19437408,96.65447998,64.79743958,64.97262573,1153.67395,67.57800293,275.5819702,71.39394379,0.995037766,0.0049622,0.01522806,0.000198748
2021-01-12,16:41:56,2.006800079,6.949500275,69.19437408,96.6523819,64.79795837,64.97311401,1153.659546,67.57804108,275.5817261,71.39394379,0.995037766,0.0049622,0.01522806,0.000198748
2021-01-12,16:41:57,2.006200027,6.948899841,69.19437408,96.65077209,64.79885101,64.97324371,1153.65625,67.57777405,275.5826111,71.39394379,0.995037766,0.0049622,0.01522806,0.000198748
2021-01-12,16:41:58,2.005900002,6.947799683,69.19437408,96.64852142,64.79761505,64.97342682,1153.651245,67.57800293,275.5818787,71.39394379,0.995037766,0.0049622,0.01522806,0.000198748
2021-01-12,16:41:59,2.005699921,6.946700287,69.19437408,96.64679718,64.79884338,64.97382355,1153.640259,67.57836151,275.5806274,71.39394379,0.995053406,0.00494658,0.0,0.000198748
2021-01-12,16:42:00,2.005800056,6.945700073,69.19437408,96.64532471,64.79935455,64.97366333,1153.644653,67.57769012,275.5830078,71.39394379,0.995053406,0.00494658,0.0,0.000198748
2021-01-12,16:42:01,2.005699921,6.944599915,69.193367,96.64411163,64.79890442,64.97420502,1153.62915,67.57813263,275.5814819,71.39394379,0.995053406,0.00494658,0.0,0.000198567
2021-01-12,16:42:02,2.00529995,6.943499756,69.193367,96.64063263,64.79955292,64.97429657,1153.62793,67.57826233,275.5809631,71.39394379,0.995053406,0.00494658,0.0,0.000198567
2021-01-12,16:42:03,2.004999924,6.942700195,69.193367,96.63955688,64.79868317,64.97470856,1153.615479,67.57800293,275.5818481,71.39394379,0.995053406,0.00494658,0.0,0.000198567
2021-01-12,16:42:04,2.004700089,6.941799927,69.192276,96.63822937,64.79963684,64.97477722,1153.613159,67.57836151,275.5806885,71.05482483,0.995053406,0.00494658,0.0,0.000198567
2021-01-12,16:42:05,2.004299927,6.940799713,69.192276,96.63573456,64.79997253,64.97488403,1153.609863,67.57817841,275.5812988,71.05482483,0.995053406,0.00494658,0.015068614,0.000198739
2021-01-12,16:42:06,2.004500008,6.939800262,69.192276,96.63468933,64.79910278,64.97514343,1153.603394,67.57844543,275.5803223,71.05482483,0.995053406,0.00494658,0.015068614,0.000198739
2021-01-12,16:42:07,2.004000092,6.938999939,69.192276,96.63335419,64.80029297,64.97545624,1153.594238,67.57813263,275.5814819,71.05482483,0.995053406,0.00494658,0.015068614,0.000198739
2021-01-12,16:42:08,2.004299927,6.938700104,69.192276,96.63130188,64.80053711,64.97586823,1153.582642,67.57880402,275.5791626,71.05482483,0.995053406,0.00494658,0.015068614,0.000198739
2021-01-12,16:42:09,2.003899956,6.937999725,69.192276,96.6286087,64.79959106,64.97547913,1153.593628,67.57830811,275.5808716,71.05482483,0.995053406,0.00494658,0.015068614,0.000198739
2021-01-12,16:42:10,2.004199982,6.937400055,69.19124603,96.62805939,64.80044556,64.97586823,1153.582764,67.57857513,275.5798645,71.05482483,0.995053406,0.00494658,0.015068614,0.000198739
2021-01-12,16:42:11,2.003499985,6.936000061,69.19124603,96.62531281,64.80073547,64.97620392,1153.573364,67.57849121,275.5802612,71.05482483,0.995053406,0.00494658,0.015068614,0.000198739
2021-01-12,16:42:12,2.003800011,6.934999847,69.19124603,96.62391663,64.80010986,64.97663116,1153.561279,67.57875824,275.5793457,71.05482483,0.995053406,0.00494658,0.015068614,0.000198739
2021-01-12,16:42:13,2.003000069,6.933999634,69.19124603,96.62233734,64.79968262,64.97676086,1153.557495,67.57893372,275.5787048,71.05482483,0.995053406,0.00494658,0.015068614,0.000198739
2021-01-12,16:42:14,2.002799988,6.933599854,69.19023132,96.62127686,64.80058289,64.9771347,1153.547485,67.57862854,275.5796814,70.89929962,0.995053406,0.00494658,0.015068614,0.000198739
2021-01-12,16:42:15,2.002400017,6.934100342,69.18920135,96.61943054,64.79987335,64.97703552,1153.550171,67.57955933,275.5766296,70.89929962,0.995053406,0.00494658,0.015068614,0.000198739
2021-01-12,16:42:16,2.002700043,6.932099915,69.18920135,96.61692047,64.80174255,64.97773743,1153.530396,67.5791626,275.5780029,70.89929962,0.995066376,0.00493359,0.015068614,0.000198606
2021-01-12,16:42:17,2.002000046,6.931500244,69.19023132,96.61485291,64.80084229,64.9781189,1153.519653,67.57929993,275.5775146,70.89929962,0.995066376,0.00493359,0.015068614,0.000198622
2021-01-12,16:42:18,2.001399994,6.930999756,69.19023132,96.61384583,64.8000946,64.97832489,1153.514404,67.57979584,275.5758667,70.89929962,0.995066376,0.00493359,0.015068614,0.000198603
2021-01-12,16:42:19,2.000699997,6.930699921,69.1891861,96.61191559,64.80237579,64.97805023,1153.521118,67.5794754,275.5769043,70.89929962,0.995066376,0.00493359,0.015091809,0.000198603
2021-01-12,16:42:20,2.000499916,6.929399872,69.1891861,96.61009216,64.80053711,64.97861481,1153.505371,67.58001709,275.5750732,70.89929962,0.995066376,0.00493359,0.015091809,0.000198603
2021-01-12,16:42:21,2.0,6.928500366,69.1891861,96.60810089,64.80146027,64.97874451,1153.502075,67.57979584,275.5757446,70.89929962,0.995066376,0.00493359,0.0,0.000198603
2021-01-12,16:42:22,2.000300026,6.928299713,69.1891861,96.60688782,64.80194092,64.97913361,1153.490967,67.57955933,275.5765381,70.89929962,0.995066376,0.00493359,0.0,0.000198603
2021-01-12,16:42:23,1.999900055,6.927300262,69.18811035,96.60546112,64.80085754,64.97927094,1153.487061,67.58069611,275.5727844,70.89929962,0.995066376,0.00493359,0.0,0.000198667
2021-01-12,16:42:24,1.999900055,6.926399994,69.18710327,96.60339355,64.80111694,64.97945404,1153.4823,67.58037567,275.5737915,70.89929962,0.995066376,0.00493359,0.0,0.000198667
2021-01-12,16:42:25,1.999300003,6.926000214,69.18817902,96.60271454,64.80164337,64.97975159,1153.474121,67.58069611,275.5727844,70.89929962,0.995066376,0.00493359,0.0,0.000198667
2021-01-12,16:42:26,1.999500084,6.925499725,69.18817902,96.60016632,64.80085754,64.98022461,1153.46106,67.58037567,275.5737915,70.89929962,0.995066376,0.00493359,0.0,0.000198667
2021-01-12,16:42:27,1.998900032,6.92460022,69.18817902,96.59928894,64.80129242,64.98058319,1153.450439,67.58069611,275.5729675,70.89929962,0.995066376,0.00493359,0.0,0.000198667
2021-01-12,16:42:28,1.999200058,6.924099731,69.18817902,96.59799957,64.8019104,64.98039246,1153.456421,67.5807724,275.5724487,70.89929962,0.995066376,0.00493359,0.0,0.000198667
2021-01-12,16:42:29,1.998800087,6.923600006,69.18713379,96.59588623,64.80116272,64.98075104,1153.446167,67.58104706,275.5715942,70.69284821,0.995066376,0.00493359,0.0,0.000198797
2021-01-12,16:42:30,1.998699951,6.922899628,69.18713379,96.59398651,64.80090332,64.98101807,1153.438354,67.58046722,275.5734863,70.69284821,0.995066376,0.00493359,0.0,0.000198797
2021-01-12,16:42:31,1.998399925,6.923200226,69.18713379,96.59276581,64.80052185,64.98160553,1153.421997,67.5807724,275.5724792,70.69284821,0.995066376,0.00493359,0.0,0.000198797
2021-01-12,16:42:32,1.998200035,6.921900177,69.18713379,96.59175873,64.80162048,64.9814682,1153.425537,67.58028412,275.5741272,70.69284821,0.995066376,0.00493359,0.0,0.000198797
2021-01-12,16:42:33,1.997900009,6.921299744,69.18609619,96.59025574,64.80200195,64.98178864,1153.416992,67.58010101,275.5747986,70.69284821,0.995066376,0.00493359,0.0,0.000198797
2021-01-12,16:42:34,1.997699928,6.921499634,69.18609619,96.58876801,64.80064392,64.98206329,1153.40979,67.57942963,275.5770569,70.69284821,0.995066376,0.00493359,0.0,0.000198797
2021-01-12,16:42:35,1.997299957,6.920700073,69.18609619,96.58792114,64.80027771,64.98248291,1153.397705,67.57979584,275.5758057,70.69284821,0.995073471,0.00492644,0.0,0.000198797
2021-01-12,16:42:36,1.996899986,6.91989975,69.18609619,96.5864563,64.80142212,64.98259735,1153.394287,67.58001709,275.5751648,70.69284821,0.995073471,0.00492644,0.0,0.000198569
2021-01-12,16:42:37,1.996999931,6.919000244,69.18609619,96.58423615,64.80096436,64.98245239,1153.398682,67.5791626,275.5779724,70.69284821,0.995073471,0.00492644,0.0,0.000198569
2021-01-12,16:42:38,1.99659996,6.918499756,69.18501282,96.58402252,64.80140686,64.98273468,1153.390137,67.57974243,275.5759583,70.69284821,0.995071335,0.0049287,0.0,0.000198655
2021-01-12,16:42:39,1.996999931,6.91780014,69.18501282,96.58203888,64.80053711,64.98303223,1153.38208,67.57952118,275.5767212,70.85115051,0.995071335,0.0049287,0.0,0.000198653
2021-01-12,16:42:40,1.996699905,6.91740036,69.18501282,96.57957458,64.80120087,64.98343658,1153.370605,67.57911682,275.5781555,70.85115051,0.995071335,0.0049287,0.0,0.000198653
2021-01-12,16:42:41,1.99640007,6.917099762,69.18501282,96.57875061,64.800354,64.98345947,1153.371704,67.5794754,275.5768127,70.85115051,0.995076065,0.00492394,0.0,0.000198653
2021-01-12,16:42:42,1.996199989,6.916400146,69.18501282,96.5779953,64.80010223,64.98332214,1153.36792,67.57961273,275.576416,70.85115051,0.995076065,0.00492394,0.0,0.000198653
2021-01-12,16:42:43,1.996500015,6.915699768,69.18501282,96.5762558,64.79957581,64.98387146,1153.358521,67.57979584,275.5757141,70.85115051,0.995086365,0.00491356,0.0,0.000198653
2021-01-12,16:42:44,1.995999908,6.915399933,69.18501282,96.5753479,64.80145264,64.98440552,1153.343384,67.57970428,275.5762329,70.85115051,0.995086365,0.00491356,0.0,0.000198653
2021-01-12,16:42:45,1.996299934,6.915000153,69.18400574,96.5736618,64.80019379,64.98456573,1153.339355,67.57992554,275.5753784,70.85115051,0.995086365,0.00491356,0.0,0.000198674
2021-01-12,16:42:46,1.995800018,6.914499664,69.18400574,96.57215118,64.80126953,64.98510742,1153.32373,67.58005524,275.5748596,70.85115051,0.995086365,0.00491356,0.0,0.000198674
2021-01-12,16:42:47,1.996100044,6.913999939,69.18400574,96.57080841,64.80020142,64.98529816,1153.318481,67.57965851,275.5763245,70.85115051,0.995062103,0.00493788,0.0,0.000198674
2021-01-12,16:42:48,1.995499992,6.913300323,69.18400574,96.56987762,64.80136108,64.98495483,1153.328003,67.57974243,275.5760193,70.85115051,0.995062103,0.00493788,0.0,0.000198674
2021-01-12,16:42:49,1.995599937,6.912799835,69.18400574,96.56879425,64.80065918,64.98561859,1153.310059,67.5794754,275.5768433,70.71149445,0.995056381,0.0049436,0.015115182,0.000198674
2021-01-12,16:42:50,1.995000076,6.912000275,69.18294525,96.56824493,64.79911804,64.98551941,1153.312378,67.57920837,275.5777283,70.71149445,0.995056381,0.0049436,0.015115182,0.000198674
2021-01-12,16:42:51,1.99489994,6.911299896,69.18294525,96.56626892,64.80171204,64.98566437,1153.30835,67.57929993,275.5774231,70.71149445,0.995056381,0.0049436,0.015115182,0.000198674
2021-01-12,16:42:52,1.994599915,6.911100006,69.18294525,96.56550598,64.80107117,64.98615265,1153.294556,67.57970428,275.5761414,70.71149445,0.995028763,0.00497114,0.015115182,0.000198674
2021-01-12,16:42:53,1.994799995,6.910500336,69.18192291,96.56403351,64.80080414,64.98625183,1153.291992,67.57942963,275.5770874,70.71149445,0.995028763,0.00497114,0.015115182,0.000198674
2021-01-12,16:42:54,1.994400024,6.909999847,69.18305206,96.56290436,64.80027771,64.98644257,1153.286133,67.57983398,275.575592,70.71149445,0.995028763,0.00497114,0.015115182,0.000198674
2021-01-12,16:42:55,1.994199944,6.909600067,69.18305206,96.56204224,64.80050659,64.98618317,1153.294312,67.57987976,275.5754395,70.71149445,0.995028763,0.00497114,0.015115182,0.000198674
2021-01-12,16:42:56,1.994599915,6.908699799,69.18193817,96.56033325,64.80085754,64.98644257,1153.285889,67.58010101,275.574707,70.71149445,0.995028763,0.00497114,0.015115182,0.000198674
2021-01-12,16:42:57,1.994000053,6.909100342,69.18090057,96.55962372,64.79974365,64.98713684,1153.267822,67.57987976,275.5755615,70.71149445,0.995028763,0.00497114,0.015115182,0.000198674
2021-01-12,16:42:58,1.993799973,6.908399963,69.18090057,96.55755615,64.80093384,64.98699188,1153.270874,67.58015442,275.5745239,70.71149445,0.995028763,0.00497114,0.015115182,0.000198674
2021-01-12,16:42:59,1.993600082,6.908000183,69.18090057,96.55780792,64.80116272,64.98706055,1153.269409,67.580513,275.5733948,70.71149445,0.995028763,0.00497114,0.015115182,0.000198674
2021-01-12,16:43:00,1.993899918,6.90759964,69.18090057,96.55691528,64.80078125,64.98751831,1153.256592,67.58126831,275.5707397,70.71149445,0.995025864,0.00497412,0.015115182,0.000198674
2021-01-12,16:43:01,1.993300056,6.90719986,69.18090057,96.55547333,64.80046844,64.9876709,1153.252197,67.58144379,275.5703125,70.71149445,0.995025864,0.00497412,0.015115182,0.000198674
2021-01-12,16:43:02,1.993499947,6.906800079,69.18090057,96.55371857,64.80085754,64.98799133,1153.243286,67.58095551,275.5718384,70.71149445,0.995025864,0.00497412,0.015115182,0.000198674
2021-01-12,16:43:03,1.992900085,6.906500244,69.17987061,96.55329132,64.80027771,64.98806763,1153.241211,67.5807724,275.5724487,70.71149445,0.995025864,0.00497412,0.015115182,0.000198674
2021-01-12,16:43:04,1.993099976,6.905999756,69.17987061,96.55225372,64.80058289,64.98821259,1153.237061,67.58082581,275.5723267,70.90105438,0.995045471,0.00495445,0.015115182,0.000198674
2021-01-12,16:43:05,1.99260006,6.90530014,69.18089294,96.55143738,64.79978943,64.98848724,1153.229492,67.58140564,275.570343,70.90105438,0.995045471,0.00495445,0.015185913,0.000198674
2021-01-12,16:43:06,1.99279995,6.90490036,69.18089294,96.5503006,64.80104065,64.98812866,1153.239746,67.58123016,275.5710144,70.90105438,0.995045471,0.00495445,0.0,0.000198637
2021-01-12,16:43:07,1.992200089,6.904499817,69.17987061,96.5489502,64.801651,64.98878479,1153.221191,67.58149719,275.5701599,70.90105438,0.995045471,0.00495445,0.0,0.000198637
2021-01-12,16:43:08,1.992399979,6.904000092,69.17987061,96.5482254,64.79909515,64.98907471,1153.213257,67.58118439,275.571106,70.90105438,0.995023575,0.00497639,0.0,0.000198637
2021-01-12,16:43:09,1.991799927,6.903500366,69.17987061,96.54699707,64.8010025,64.98900604,1153.214966,67.58158112,275.5697632,70.90105438,0.995023575,0.00497639,0.0,0.000198637
2021-01-12,16:43:10,1.992099953,6.902799988,69.17987061,96.54592896,64.80004883,64.98869324,1153.223511,67.58162689,275.5695801,70.90105438,0.995023575,0.00497639,0.0,0.000198637
2021-01-12,16:43:11,1.991799927,6.902200317,69.17987061,96.54628754,64.80137634,64.98930359,1153.206665,67.5818634,275.5687561,70.90105438,0.995023575,0.00497639,0.0,0.000198637
2021-01-12,16:43:12,1.991900063,6.905599976,69.17987061,96.54438782,64.79995728,64.98968506,1153.196289,67.5819397,275.568512,70.90105438,0.995029602,0.00497043,0.0,0.000198721
2021-01-12,16:43:13,1.991600037,6.926000214,69.17884064,96.54311371,64.80033875,64.98951721,1153.20105,67.5819931,275.568573,70.90105438,0.995029602,0.00497043,0.0,0.000198721
2021-01-12,16:43:14,1.991900063,6.94240036,69.17884064,96.54204559,64.80012512,64.9897995,1153.192749,67.58222198,275.5676575,70.90105438,0.995031433,0.00496864,0.0,0.000198721
2021-01-12,16:43:15,1.992300034,6.958799744,69.17884064,96.54264069,64.8014679,64.98954773,1153.199463,67.58158112,275.5697021,70.90105438,0.995040283,0.0049597,0.0,0.000198721
2021-01-12,16:43:16,1.992700005,6.972799683,69.17884064,96.54135895,64.80079651,64.99073029,1153.166748,67.58216858,275.5679016,70.90105438,0.995040283,0.0049597,0.0,0.000198721
2021-01-12,16:43:17,1.993499947,6.986499786,69.17884064,96.54069519,64.7996521,64.99028015,1153.179321,67.58226013,275.5675354,70.90105438,0.995044785,0.00495523,0.0,0.000198721
2021-01-12,16:43:18,1.994300079,6.997899628,69.17884064,96.53986359,64.80017853,64.99137878,1153.148438,67.5818634,275.5690002,70.90105438,0.995044785,0.00495523,0.0,0.000198721
2021-01-12,16:43:19,1.995199966,7.004799652,69.17884064,96.53874969,64.79966736,64.99230957,1153.122437,67.58266449,275.5662231,70.90105438,0.995044785,0.00495523,0.0,0.000198721
2021-01-12,16:43:20,1.995899963,7.010099792,69.17780304,96.53835297,64.80091858,64.99323273,1153.096924,67.58230591,275.5674133,70.90105438,0.995054169,0.00494575,0.0,0.000198721
2021-01-12,16:43:21,1.996899986,7.011199951,69.17780304,96.53769684,64.8031311,64.99389648,1153.078491,67.58293152,275.5653076,70.90105438,0.995054169,0.00494575,0.015130444,0.000198721
2021-01-12,16:43:22,1.997999954,7.01230011,69.17780304,96.53580475,64.80353546,64.99531555,1153.038696,67.5831604,275.5644226,70.90105438,0.995054169,0.00494575,0.015130444,0.000198721
2021-01-12,16:43:23,1.998900032,7.013300323,69.17780304,96.53596497,64.80288696,64.99556732,1153.031372,67.58374023,275.5624695,70.90105438,0.995054169,0.00494575,0.0,0.000198721
2021-01-12,16:43:24,1.999699974,7.015000153,69.17677307,96.53559875,64.80420685,64.99687958,1152.994629,67.58498383,275.5584412,70.24628448,0.995054169,0.00494575,0.015142978,0.000198721
2021-01-12,16:43:25,2.000699997,7.016200256,69.17677307,96.53447723,64.80340576,64.99762726,1152.974121,67.58579254,275.5556946,70.24628448,0.995054169,0.00494575,0.015142978,0.000198721
2021-01-12,16:43:26,2.001300049,7.01760025,69.17677307,96.53344727,64.80554962,64.99868774,1152.943848,67.58690643,275.5518188,70.24628448,0.995054169,0.00494575,0.015142978,0.000198721
2021-01-12,16:43:27,2.002099991,7.018499756,69.17677307,96.53269196,64.8056488,65.00005341,1152.905884,67.58807373,275.5480347,70.24628448,0.995054169,0.00494575,0.015142978,0.000198721
2021-01-12,16:43:28,2.002599907,7.019599915,69.17677307,96.53199768,64.80635834,65.00052643,1152.893188,67.58951569,275.5431519,70.24628448,0.995054169,0.00494575,0.015142978,0.000198721
2021-01-12,16:43:29,2.003199959,7.020300293,69.17677307,96.53182983,64.80709839,65.00165558,1152.861816,67.59072876,275.539093,69.76976013,0.995054169,0.00494575,0.015142978,0.000198721
2021-01-12,16:43:30,2.003499985,7.021399689,69.17677307,96.53156281,64.80775452,65.00247192,1152.838867,67.59215546,275.5342102,69.76976013,0.995045319,0.00495469,0.015157149,0.000198721
2021-01-12,16:43:31,2.004299927,7.022299957,69.17572021,96.52990723,64.80717468,65.00337219,1152.813232,67.59369659,275.5289307,69.76976013,0.995039597,0.00496041,0.015157149,0.00019876
2021-01-12,16:43:32,2.004700089,7.022899628,69.17572021,96.53032684,64.80857849,65.0039444,1152.797119,67.59467316,275.5257263,69.76976013,0.995039597,0.00496041,0.015157149,0.00019876
2021-01-12,16:43:33,2.005400085,7.023699951,69.17572021,96.52962494,64.80929565,65.00498199,1152.767944,67.59592438,275.5215759,69.76976013,0.995043335,0.00495672,0.015157149,0.00019876
2021-01-12,16:43:34,2.005699921,7.024700165,69.17572021,96.52902222,64.80947113,65.00583649,1152.744751,67.59762573,275.5157166,69.2124176,0.995043335,0.00495672,0.015157149,0.00019876
2021-01-12,16:43:35,2.006599998,7.025499725,69.17572021,96.52967072,64.80909729,65.00631714,1152.730713,67.59932709,275.5098877,69.2124176,0.995043335,0.00495672,0.015157149,0.00019876
2021-01-12,16:43:36,2.006800079,7.026100159,69.17572021,96.52770996,64.81058502,65.00724792,1152.704956,67.60023499,275.5070801,69.2124176,0.995043335,0.00495672,0.015157149,0.00019876
2021-01-12,16:43:37,2.007600021,7.027600098,69.17470551,96.52801514,64.80941772,65.0079422,1152.684937,67.60171509,275.5020142,69.2124176,0.995043335,0.00495672,0.015157149,0.00019876
2021-01-12,16:43:38,2.008099937,7.028199768,69.17470551,96.52739716,64.8108139,65.00881958,1152.6604,67.60324097,275.4967346,69.2124176,0.995043335,0.00495672,0.015157149,0.00019876
2021-01-12,16:43:39,2.00890007,7.028399658,69.17470551,96.52695465,64.81002808,65.00952911,1152.641357,67.60476685,275.4916992,68.87535095,0.995043335,0.00495672,0.015157149,0.00019876
2021-01-12,16:43:40,2.009399986,7.029599762,69.17470551,96.5260849,64.80979919,65.01026154,1152.620728,67.60601044,275.4874268,68.87535095,0.995043335,0.00495672,0.015157149,0.00019876
2021-01-12,16:43:41,2.010199928,7.030200195,69.17470551,96.52576447,64.8102951,65.01078796,1152.605591,67.60668182,275.4851379,68.87535095,0.995043335,0.00495672,0.015157149,0.00019876
2021-01-12,16:43:42,2.010400009,7.031199646,69.17470551,96.52616119,64.8099823,65.01166534,1152.581665,67.608078,275.4804688,68.87535095,0.995043335,0.00495672,0.015157149,0.00019876
2021-01-12,16:43:43,2.011199951,7.032099915,69.17470551,96.52554321,64.81065369,65.01197815,1152.572998,67.60887909,275.4777222,68.87535095,0.995043335,0.00495672,0.015215527,0.00019876
2021-01-12,16:43:44,2.011100006,7.03259964,69.17366028,96.52520752,64.81121063,65.01288605,1152.547119,67.60990906,275.4742737,68.87535095,0.995043335,0.00495672,0.015215527,0.00019876
2021-01-12,16:43:45,2.011800003,7.030400085,69.17366028,96.52547455,64.8107605,65.01296997,1152.545166,67.610672,275.4717407,68.87535095,0.995043335,0.00495672,0.01515721,0.00019876
2021-01-12,16:43:46,2.011700058,7.025099945,69.17366028,96.52436066,64.81008911,65.0134964,1152.530396,67.61206818,275.467041,68.87535095,0.995043335,0.00495672,0.01515721,0.000198686
2021-01-12,16:43:47,2.012299919,7.019799805,69.17366028,96.52397919,64.81123352,65.0138855,1152.519409,67.61256409,275.4653931,68.87535095,0.995043335,0.00495672,0.01515721,0.000198686
2021-01-12,16:43:48,2.012599945,7.014399719,69.17256927,96.52433777,64.81053925,65.01426697,1152.508545,67.61336517,275.462616,68.87535095,0.995043335,0.00495672,0.01515721,0.000198836
2021-01-12,16:43:49,2.012800026,7.009400177,69.17256927,96.52300262,64.8125,65.01467133,1152.496948,67.61448669,275.4587708,68.67221069,0.995043335,0.00495672,0.01515721,0.000198836
2021-01-12,16:43:50,2.013299942,7.00490036,69.17256927,96.52355957,64.81105042,65.01515198,1152.485474,67.61529541,275.4562378,68.67221069,0.995043335,0.00495672,0.01515721,0.000198692
2021-01-12,16:43:51,2.013400078,7.002300262,69.17256927,96.52325439,64.81152344,65.01544189,1152.475586,67.61614227,275.4532471,68.67221069,0.995043335,0.00495672,0.01515721,0.000198692
2021-01-12,16:43:52,2.013800049,6.99960022,69.17256927,96.52166748,64.8110199,65.01530457,1152.479736,67.61663818,275.4515686,68.67221069,0.995043335,0.00495672,0.0,0.000198692
2021-01-12,16:43:53,2.013599968,6.997399902,69.17256927,96.52213287,64.80979919,65.01557922,1152.472168,67.61734772,275.4492493,68.67221069,0.995043335,0.00495672,0.0,0.000198692
2021-01-12,16:43:54,2.013899994,6.997599792,69.17256927,96.52176666,64.81056213,65.01525879,1152.481201,67.61798859,275.447113,68.83728027,0.995043335,0.00495672,0.015080484,0.000198692
2021-01-12,16:43:55,2.013699913,6.999099731,69.17256927,96.52145386,64.81130981,65.01557922,1152.471802,67.61825562,275.4461975,68.83728027,0.995043335,0.00495672,0.015080484,0.000198692
2021-01-12,16:43:56,2.01420002,7.001100159,69.17256927,96.5217514,64.80994415,65.01567078,1152.46936,67.618927,275.4438171,68.83728027,0.995043335,0.00495672,0.015080484,0.000198692
2021-01-12,16:43:57,2.014500046,7.003199768,69.17155457,96.521492,64.80953979,65.01546478,1152.47522,67.61936951,275.4424438,68.83728027,0.995043335,0.00495672,0.015080484,0.000198692
2021-01-12,16:43:58,2.01439991,7.005000305,69.17155457,96.52075195,64.8105545,65.01577759,1152.466431,67.61956024,275.441803,68.83728027,0.995043335,0.00495672,0.01504627,0.000198692
2021-01-12,16:43:59,2.014900017,7.006700134,69.17155457,96.52049255,64.80989075,65.01560211,1152.471436,67.61977386,275.4411011,68.6604538,0.995043335,0.00495672,0.015041243,0.000198692
2021-01-12,16:44:00,2.015200043,7.008399963,69.17053986,96.51989746,64.80899811,65.01533508,1152.478882,67.62031555,275.4392395,68.6604538,0.995043335,0.00495672,0.015041243,0.000198692
2021-01-12,16:44:01,2.015099907,7.009799957,69.17160034,96.52068329,64.8085022,65.01573944,1152.467651,67.61982727,275.4408264,68.6604538,0.995043335,0.00495672,0.015055655,0.000198692
2021-01-12,16:44:02,2.015399933,7.011100006,69.17160034,96.52010345,64.8092041,65.01557922,1152.472046,67.61968231,275.4413452,68.6604538,0.995043335,0.00495672,0.015055655,0.000198692
2021-01-12,16:44:03,2.015600014,7.01289978,69.17054749,96.51939392,64.80857849,65.01553345,1152.473267,67.62014008,275.4398193,68.6604538,0.995043335,0.00495672,0.0,0.000198692
2021-01-12,16:44:04,2.015800095,7.013899994,69.17160034,96.52018738,64.80955505,65.01557922,1152.473999,67.62023163,275.4394531,68.82754517,0.995059433,0.00494062,0.0,0.000198737
2021-01-12,16:44:05,2.016300011,7.015000153,69.17054749,96.51908875,64.80934143,65.01564789,1152.470093,67.6205368,275.438385,68.82754517,0.995059433,0.00494062,0.0,0.000198737
2021-01-12,16:44:06,2.01590004,7.015799713,69.17054749,96.51986694,64.80809784,65.01576233,1152.466797,67.62117004,275.4364014,68.82754517,0.995059433,0.00494062,0.015139103,0.000198689
2021-01-12,16:44:07,2.016399956,7.016999817,69.17054749,96.52030945,64.80877686,65.01551056,1152.473877,67.62134552,275.4356995,68.82754517,0.995059433,0.00494062,0.015139103,0.000198689
2021-01-12,16:44:08,2.016799927,7.01780014,69.17054749,96.51957703,64.80821228,65.01567078,1152.46936,67.62158203,275.4349976,68.82754517,0.995059433,0.00494062,0.015139103,0.000198689
2021-01-12,16:44:09,2.017099953,7.018499756,69.17054749,96.51914978,64.80839539,65.01585388,1152.4646,67.62171936,275.4344482,65.46100616,0.995059433,0.00494062,0.015139103,0.000198689
2021-01-12,16:44:10,2.016900063,7.019100189,69.17054749,96.51973724,64.80710602,65.01602936,1152.459595,67.62207794,275.4333496,65.46100616,0.995059433,0.00494062,0.015139103,0.000198809
2021-01-12,16:44:11,2.017300034,7.019799805,69.16946411,96.51887512,64.80883026,65.01587677,1152.463745,67.62247467,275.4320068,65.46100616,0.995059433,0.00494062,0.015139103,0.000198809
2021-01-12,16:44:12,2.017700005,7.020500183,69.16946411,96.51953125,64.80792999,65.01605225,1152.458496,67.62264252,275.4313049,65.46100616,0.995059433,0.00494062,0.0,0.000198809
2021-01-12,16:44:13,2.017399979,7.020899963,69.16946411,96.51971436,64.80839539,65.01585388,1152.464722,67.62314606,275.429657,65.46100616,0.995059433,0.00494062,0.0,0.000198809
2021-01-12,16:44:14,2.01779995,7.021199799,69.16946411,96.51869965,64.80818939,65.01576233,1152.466675,67.62342072,275.4287109,65.25009918,0.995059433,0.00494062,0.0,0.000198809
2021-01-12,16:44:15,2.018199921,7.021399689,69.16946411,96.51882172,64.80867004,65.01621246,1152.454102,67.6237793,275.4276123,65.25009918,0.995053711,0.00494629,0.015127718,0.000198809
2021-01-12,16:44:16,2.017900085,7.021600342,69.16844177,96.51933289,64.80738831,65.01615906,1152.4552,67.62453461,275.4251099,65.25009918,0.995053711,0.00494629,0.015127718,0.000198809
2021-01-12,16:44:17,2.018799973,7.022100067,69.16945648,96.52037048,64.80714417,65.01626587,1152.453247,67.62448883,275.4248962,65.25009918,0.995053711,0.00494629,0.015127718,0.000198809
2021-01-12,16:44:18,2.018600082,7.022399902,69.16945648,96.51844025,64.80587769,65.01644135,1152.447876,67.62458801,275.4253845,65.25009918,0.995053711,0.00494629,0.015127718,0.000198809
2021-01-12,16:44:19,2.018899918,7.022799683,69.16735077,96.51805878,64.80529785,65.01654053,1152.444824,67.62490082,275.4237061,65.46487427,0.995053711,0.00494629,0.015127718,0.000198809
2021-01-12,16:44:20,2.019400024,7.022899628,69.16735077,96.52016449,64.804245,65.01648712,1152.446289,67.6252594,275.4225769,65.46487427,0.995053711,0.00494629,0.015127718,0.000198809
2021-01-12,16:44:21,2.019099998,7.023500061,69.16735077,96.51828766,64.80365753,65.0163269,1152.450806,67.62561798,275.4213257,65.46487427,0.995043793,0.00495624,0.015127718,0.000198809
2021-01-12,16:44:22,2.01970005,7.023600006,69.16735077,96.51960754,64.80391693,65.01659393,1152.443848,67.62593079,275.4202881,65.46487427,0.995054169,0.00494575,0.0,0.000198809
2021-01-12,16:44:23,2.019400024,7.023999786,69.16735077,96.52046967,64.80162048,65.01648712,1152.446655,67.62565613,275.4212646,65.46487427,0.995054169,0.00494575,0.0,0.000198809
2021-01-12,16:44:24,2.019799995,7.023899841,69.16735077,96.51920319,64.80090332,65.0164032,1152.448975,67.62619781,275.419342,66.0524826,0.995054169,0.00494575,0.0,0.000198809
2021-01-12,16:44:25,2.019499969,7.023799896,69.16735077,96.52005768,64.80181122,65.01659393,1152.44397,67.62628937,275.4189758,66.0524826,0.995054169,0.00494575,0.0,0.000198809
2021-01-12,16:44:26,2.019799995,7.023999786,69.16735077,96.51953125,64.80198669,65.01641846,1152.449463,67.62628937,275.4193115,66.0524826,0.995054169,0.00494575,0.0,0.000198809
2021-01-12,16:44:27,2.019599915,7.023500061,69.16735077,96.5210495,64.80052185,65.01668549,1152.44104,67.62659454,275.4181213,66.0524826,0.995054169,0.00494575,0.0,0.000198809
2021-01-12,16:44:28,2.020000076,7.023100281,69.16735077,96.52079773,64.79985046,65.01648712,1152.446899,67.62664032,275.4178162,66.0524826,0.995080795,0.00491917,0.015030888,0.000198809
2021-01-12,16:44:29,2.019599915,7.022699738,69.16735077,96.52124786,64.79914856,65.01676178,1152.439575,67.6266861,275.4176331,66.20227814,0.995081101,0.00491893,0.0,0.00019867
2021-01-12,16:44:30,2.020100021,7.022499847,69.16735077,96.52019501,64.80046844,65.0163269,1152.45166,67.62713623,275.4162292,66.20227814,0.995081101,0.00491893,0.015031432,0.00019867
2021-01-12,16:44:31,2.019799995,7.022699738,69.16735077,96.52191162,64.79974365,65.01651001,1152.445801,67.62708282,275.4163818,66.20227814,0.995081101,0.00491893,0.015031432,0.00019867
2021-01-12,16:44:32,2.020100021,7.022499847,69.16735077,96.52083588,64.79906464,65.01667023,1152.441895,67.62726593,275.415741,66.20227814,0.995081101,0.00491893,0.015031432,0.00019867
2021-01-12,16:44:33,2.01970005,7.022200012,69.16735077,96.52131653,64.79709625,65.01651001,1152.445801,67.62749481,275.414978,66.20227814,0.995081101,0.00491893,0.015054263,0.00019867
2021-01-12,16:44:34,2.019499969,7.022299957,69.16735077,96.52150726,64.79632568,65.01641846,1152.448364,67.62780762,275.4140625,66.50691986,0.995081101,0.00491893,0.015054263,0.00019867
2021-01-12,16:44:35,2.019799995,7.021800232,69.16628265,96.52246094,64.79584503,65.01668549,1152.441162,67.62718201,275.4159546,66.50691986,0.995081101,0.00491893,0.015054263,0.00019867
2021-01-12,16:44:36,2.019199944,7.021099854,69.16628265,96.52289581,64.79470062,65.01623535,1152.453979,67.62722778,275.415802,66.50691986,0.995081101,0.00491893,0.015054263,0.00019867
2021-01-12,16:44:37,2.019499969,7.020500183,69.16526031,96.52172852,64.7953186,65.0164032,1152.449097,67.62780762,275.4140625,66.50691986,0.995081101,0.00491893,0.015033673,0.00019867
2021-01-12,16:44:38,2.019300079,7.02009964,69.16526031,96.52124023,64.79450989,65.01609802,1152.457275,67.62690735,275.4169312,66.50691986,0.995081101,0.00491893,0.015033673,0.00019867
2021-01-12,16:44:39,2.019799995,7.019400024,69.16526031,96.52323914,64.79524231,65.01623535,1152.453613,67.62673187,275.4176025,66.73852539,0.995081101,0.00491893,0.0,0.00019867
2021-01-12,16:44:40,2.020100021,7.018800354,69.16526031,96.52334595,64.79464722,65.01585388,1152.464844,67.6265564,275.4182129,66.73852539,0.995081101,0.00491893,0.0,0.00019867
2021-01-12,16:44:41,2.020299911,7.018900299,69.16526031,96.52300262,64.79377747,65.01573944,1152.467163,67.62636566,275.4187927,66.73852539,0.995075378,0.00492465,0.0,0.00019867
2021-01-12,16:44:42,2.01989994,7.018199921,69.16526031,96.52365875,64.79444122,65.01599121,1152.460693,67.62619781,275.4194031,66.73852539,0.995075378,0.00492465,0.0,0.00019867
2021-01-12,16:44:43,2.020499992,7.017700195,69.16526031,96.52441406,64.79341125,65.01585388,1152.464844,67.62589264,275.4204102,66.73852539,0.995075378,0.00492465,0.0,0.00019867
2021-01-12,16:44:44,2.020000076,7.016999817,69.16526031,96.52493286,64.7914505,65.01573944,1152.467163,67.62601471,275.4198608,66.91938019,0.995075378,0.00492465,0.01508442,0.000198764
2021-01-12,16:44:45,2.020299911,7.016300201,69.16526031,96.52374268,64.79175568,65.01544189,1152.475586,67.62565613,275.4212952,66.91938019,0.995075378,0.00492465,0.01508442,0.00019865
2021-01-12,16:44:46,2.020499992,7.015499878,69.16526031,96.52471161,64.79240417,65.01512909,1152.484863,67.62463379,275.4245911,66.91938019,0.995075378,0.00492465,0.01508442,0.00019865
2021-01-12,16:44:47,2.020199966,7.014700317,69.16526031,96.52435303,64.79031372,65.01506042,1152.486816,67.6240921,275.4264526,66.91938019,0.995075378,0.00492465,0.01508442,0.00019865
2021-01-12,16:44:48,2.020499992,7.013899994,69.16526031,96.525177,64.79089355,65.01509857,1152.48584,67.62368774,275.4278259,66.91938019,0.995075378,0.00492465,0.01508442,0.00019865
2021-01-12,16:44:49,2.020299911,7.01309967,69.16526031,96.52487946,64.78969574,65.01487732,1152.491699,67.62306213,275.4300232,67.20458984,0.995052719,0.0049473,0.0,0.00019865
2021-01-12,16:44:50,2.020700073,7.0125,69.16526031,96.52653503,64.79029083,65.01464844,1152.498169,67.62251282,275.4317017,67.20458984,0.995052719,0.0049473,0.0,0.00019865
2021-01-12,16:44:51,2.020199966,7.011599731,69.16526031,96.52618408,64.78907776,65.01451874,1152.502319,67.62225342,275.4326782,67.20458984,0.995052719,0.0049473,0.0,0.00019865
2021-01-12,16:44:52,2.020599937,7.011000061,69.16526031,96.52671814,64.78981018,65.01438141,1152.505859,67.62215424,275.4330139,67.20458984,0.995052719,0.0049473,0.0,0.00019865
2021-01-12,16:44:53,2.020199966,7.010399628,69.16526031,96.52741241,64.79023743,65.01415253,1152.512207,67.62193298,275.4336853,67.20458984,0.995052719,0.0049473,0.0,0.00019865
2021-01-12,16:44:54,2.020499992,7.009500122,69.16424561,96.52687836,64.78812408,65.01424408,1152.509033,67.62140656,275.4356079,67.4349823,0.995052719,0.0049473,0.0,0.00019865
2021-01-12,16:44:55,2.020000076,7.008899689,69.16424561,96.52807617,64.7885437,65.01347351,1152.531006,67.62158203,275.434967,67.4349823,0.995052719,0.0049473,0.015098046,0.000198734
2021-01-12,16:44:56,2.020499992,7.008300018,69.16424561,96.52854156,64.78753662,65.01296997,1152.545166,67.62171936,275.4344482,67.4349823,0.995052719,0.0049473,0.015098046,0.000198734
2021-01-12,16:44:57,2.020199966,7.00759964,69.16319275,96.52874756,64.78720093,65.01313782,1152.540649,67.62117004,275.4364014,67.4349823,0.995052719,0.0049473,0.015098046,0.000198734
2021-01-12,16:44:58,2.020499992,7.006999969,69.16319275,96.52810669,64.78781891,65.01292419,1152.546265,67.62094116,275.4369507,67.4349823,0.995052719,0.0049473,0.015098046,0.000198734
2021-01-12,16:44:59,2.020000076,7.007099915,69.16419983,96.52851868,64.78738403,65.01250458,1152.557983,67.6212616,275.4359741,67.57857513,0.995052719,0.0049473,0.0,0.000198734
2021-01-12,16:45:00,2.020499992,7.006700134,69.16419983,96.52945709,64.78649902,65.01226807,1152.564087,67.62059021,275.4382629,67.57857513,0.995052719,0.0049473,0.0,0.000198734
2021-01-12,16:45:01,2.01989994,7.006700134,69.16318512,96.52975464,64.78674316,65.01197815,1152.57312,67.62071991,275.4378052,67.57857513,0.995014801,0.00498521,0.0,0.000198734
2021-01-12,16:45:02,2.020299911,7.007099915,69.16318512,96.52954865,64.7858963,65.0117569,1152.579346,67.62045288,275.4387207,67.57857513,0.995014801,0.00498521,0.0,0.000198858
2021-01-12,16:45:03,2.01989994,7.00719986,69.16318512,96.53071594,64.78507996,65.01170349,1152.5802,67.62045288,275.4387207,67.57857513,0.995014801,0.00498521,0.0,0.000198858
2021-01-12,16:45:04,2.020100021,7.007099915,69.16318512,96.52999115,64.78625488,65.01109314,1152.597412,67.62059021,275.4382629,67.97821808,0.995014801,0.00498521,0.0,0.000198858
2021-01-12,16:45:05,2.019599915,7.006999969,69.16318512,96.53044891,64.78421783,65.01093292,1152.601318,67.62014008,275.4397583,67.97821808,0.995014801,0.00498521,0.0,0.000198858
2021-01-12,16:45:06,2.01989994,7.006900024,69.16318512,96.53176117,64.78359985,65.01107025,1152.598267,67.61995697,275.4404907,67.97821808,0.995014801,0.00498521,0.0,0.00019864
2021-01-12,16:45:07,2.019499969,7.006800079,69.16216278,96.53256226,64.78429413,65.01023102,1152.621582,67.61973572,275.4411621,67.97821808,0.994987717,0.00501227,0.0,0.00019864
2021-01-12,16:45:08,2.020000076,7.006800079,69.16216278,96.53126526,64.78382874,65.01016235,1152.623657,67.61968231,275.4413757,67.97821808,0.994987717,0.00501227,0.0,0.00019864
2021-01-12,16:45:09,2.01970005,7.006600189,69.16216278,96.53204346,64.78477478,65.0099411,1152.629761,67.61946869,275.4421997,67.97821808,0.994987717,0.00501227,0.0,0.00019864
2021-01-12,16:45:10,2.01989994,7.006199646,69.16216278,96.53147888,64.78367615,65.00969696,1152.636719,67.61914825,275.4432068,67.97821808,0.994965897,0.00503408,0.0,0.00019864
2021-01-12,16:45:11,2.019499969,7.005799866,69.16216278,96.53294373,64.78399658,65.00984955,1152.63269,67.61951447,275.4419556,67.97821808,0.994969406,0.00503057,0.0,0.00019864
2021-01-12,16:45:12,2.01970005,7.005599976,69.16216278,96.53327179,64.7835083,65.00887299,1152.659302,67.61830139,275.4458923,67.97821808,0.994969406,0.00503057,0.0,0.00019864
2021-01-12,16:45:13,2.019199944,7.00510025,69.16216278,96.53368378,64.78404236,65.00909424,1152.65332,67.61843109,275.4454956,67.97821808,0.994969406,0.00503057,0.015333247,0.00019864
2021-01-12,16:45:14,2.019499969,7.004699707,69.16216278,96.53452301,64.7837677,65.00874329,1152.66333,67.61869812,275.4446106,68.13101196,0.994969406,0.00503057,0.015333247,0.00019864
2021-01-12,16:45:15,2.01970005,7.004100037,69.16216278,96.53364563,64.78256226,65.00834656,1152.674316,67.61830139,275.4460144,68.13101196,0.994969406,0.00503057,0.015333247,0.00019864
2021-01-12,16:45:16,2.019199944,7.003800201,69.16114044,96.53503418,64.78161621,65.00813293,1152.680176,67.61815643,275.4465027,68.13101196,0.994969406,0.00503057,0.015333247,0.00019864
2021-01-12,16:45:17,2.019400024,7.003199768,69.16114044,96.5358429,64.78295898,65.00805664,1152.682617,67.61794281,275.4471741,68.13101196,0.994969406,0.00503057,0.0,0.00019864
2021-01-12,16:45:18,2.019000053,7.002799988,69.16114044,96.53530884,64.7819519,65.00733185,1152.702393,67.61780548,275.4477234,68.13101196,0.994969406,0.00503057,0.015194269,0.00019864
2021-01-12,16:45:19,2.019400024,7.002100372,69.16114044,96.53599548,64.78240967,65.0071106,1152.708984,67.61740112,275.4490967,68.37558746,0.994969406,0.00503057,0.015194269,0.00019864
2021-01-12,16:45:20,2.018799973,7.001300049,69.16114044,96.53575134,64.78179932,65.00679779,1152.717651,67.61704254,275.4502869,68.37558746,0.994969406,0.00503057,0.015194269,0.00019864
2021-01-12,16:45:21,2.019199944,7.000499725,69.16114044,96.53644562,64.78108215,65.00691986,1152.713867,67.6174469,275.4488831,68.37558746,0.994969406,0.00503057,0.015194269,0.00019864
2021-01-12,16:45:22,2.018899918,6.999900055,69.16114044,96.53535461,64.78211975,65.0065918,1152.723145,67.61650085,275.4521179,68.37558746,0.995058212,0.00494182,0.0,0.00019864
2021-01-12,16:45:23,2.019199944,6.99940033,69.16114044,96.53766632,64.77983093,65.00645447,1152.727661,67.61595917,275.4538574,68.37558746,0.995058212,0.00494182,0.0,0.00019864
2021-01-12,16:45:24,2.018899918,6.999700165,69.16114044,96.537117,64.78048706,65.00614166,1152.735596,67.61587524,275.4542542,68.78949738,0.995058212,0.00494182,0.0,0.000198875
2021-01-12,16:45:25,2.019499969,6.999199677,69.16011047,96.53771973,64.78066254,65.00597382,1152.740601,67.61614227,275.4533386,68.78949738,0.995058212,0.00494182,0.0,0.000198875
2021-01-12,16:45:26,2.018899918,6.998999786,69.15908051,96.53903961,64.78099823,65.00545502,1152.755249,67.61533356,275.4559631,68.78949738,0.995058212,0.00494182,0.0,0.000198875
2021-01-12,16:45:27,2.018000031,6.998799896,69.16015625,96.53800964,64.78048706,65.00534821,1152.758423,67.61524963,275.4562988,68.78949738,0.995058212,0.00494182,0.0,0.000198875
2021-01-12,16:45:28,2.017099953,6.998100281,69.16015625,96.53910828,64.78100586,65.00489044,1152.77063,67.61476135,275.4580078,68.78949738,0.995058212,0.00494182,0.0,0.000198875
2021-01-12,16:45:29,2.016699982,6.997499847,69.16015625,96.53980255,64.78025055,65.00463867,1152.77832,67.61408234,275.4602356,68.62223053,0.995058212,0.00494182,0.0,0.000198875
2021-01-12,16:45:30,2.017000008,6.998300171,69.16015625,96.54009247,64.77983093,65.00449371,1152.781372,67.61372375,275.4614563,68.62223053,0.995058212,0.00494182,0.0,0.000198875
2021-01-12,16:45:31,2.016399956,7.000499725,69.15913391,96.54034424,64.78001404,65.00414276,1152.79187,67.61359406,275.4619141,68.62223053,0.995058212,0.00494182,0.01511367,0.000198814
2021-01-12,16:45:32,2.016699982,7.002999878,69.15913391,96.54111481,64.77864075,65.00387573,1152.799438,67.61309814,275.463501,68.62223053,0.995057373,0.00494253,0.01511367,0.000198814
2021-01-12,16:45:33,2.016399956,7.00510025,69.15913391,96.54099274,64.78059387,65.0034256,1152.812134,67.61238098,275.4659729,68.62223053,0.995057373,0.00494253,0.01511367,0.000198814
2021-01-12,16:45:34,2.016600037,7.006999969,69.15913391,96.54149628,64.77854156,65.00310516,1152.821167,67.61238098,275.4660339,68.78699493,0.995057373,0.00494253,0.01511367,0.000198814
2021-01-12,16:45:35,2.016399956,7.008499908,69.15913391,96.54173279,64.77958679,65.00371552,1152.803833,67.61197662,275.4674072,68.78699493,0.995057373,0.00494253,0.01511367,0.000198814
2021-01-12,16:45:36,2.016799927,7.009799957,69.15913391,96.54251862,64.78005981,65.00315094,1152.819458,67.61148071,275.4690857,68.78699493,0.995057373,0.00494253,0.01511367,0.000198887
2021-01-12,16:45:37,2.016300011,7.010500336,69.15913391,96.54214478,64.77915955,65.00293732,1152.825928,67.61157227,275.4686279,68.78699493,0.995057373,0.00494253,0.01511367,0.000198887
2021-01-12,16:45:38,2.016799927,7.010099792,69.15913391,96.54283142,64.78015137,65.00274658,1152.830811,67.61084747,275.4712219,68.78699493,0.995057373,0.00494253,0.01511367,0.000198887
2021-01-12,16:45:39,2.017099953,7.010299683,69.15810394,96.54377747,64.77922058,65.00267029,1152.83313,67.61009216,275.4736328,68.78699493,0.995057373,0.00494253,0.01511367,0.000198887
2021-01-12,16:45:40,2.016600037,7.010800171,69.15921783,96.5430603,64.77894592,65.00165558,1152.861938,67.60968781,275.4751892,68.78699493,0.995025406,0.0049746,0.01511367,0.000198887
2021-01-12,16:45:41,2.017000008,7.010399628,69.15921783,96.54441071,64.77914429,65.00299835,1152.824341,67.60865021,275.4786072,68.78699493,0.995025406,0.0049746,0.01511367,0.000198887
2021-01-12,16:45:42,2.016699982,7.009300232,69.15921783,96.54479218,64.7795639,65.0022049,1152.846191,67.60753632,275.4823303,68.78699493,0.995025406,0.0049746,0.01511367,0.000198887
2021-01-12,16:45:43,2.017000008,7.008000183,69.15820313,96.54423523,64.77976227,65.00231171,1152.843018,67.60704803,275.4839172,68.78699493,0.995025406,0.0049746,0.01511367,0.000198887
2021-01-12,16:45:44,2.016300011,7.006700134,69.15820313,96.54482269,64.77960968,65.00167847,1152.860718,67.60606384,275.4873352,68.78699493,0.995025406,0.0049746,0.01511367,0.000198811
2021-01-12,16:45:45,2.017000008,7.005799866,69.15820313,96.54535675,64.78022766,65.00183868,1152.856201,67.60520935,275.4902954,68.78699493,0.995025406,0.0049746,0.01511367,0.000198811
2021-01-12,16:45:46,2.016699982,7.004399872,69.15820313,96.54632568,64.77891541,65.00164032,1152.862183,67.60480499,275.4915771,68.78699493,0.995028381,0.00497162,0.01511367,0.000198811
2021-01-12,16:45:47,2.017099953,7.003399658,69.15718842,96.54691315,64.78020477,65.00123596,1152.873169,67.60440826,275.4928284,68.78699493,0.995028381,0.00497162,0.015209591,0.000198811
2021-01-12,16:45:48,2.016799927,7.002700043,69.15718842,96.54644012,64.78143311,65.00110626,1152.876343,67.60391998,275.4945068,68.78699493,0.995028381,0.00497162,0.015209591,0.000198811
2021-01-12,16:45:49,2.016600037,7.001799774,69.15718842,96.54772949,64.77805328,65.00093079,1152.881592,67.60324097,275.4967957,68.996315,0.995028381,0.00497162,0.0,0.000198811
2021-01-12,16:45:50,2.016799927,7.001200104,69.15718842,96.54839325,64.77972412,65.00052643,1152.8927,67.60266113,275.4987793,68.996315,0.995028381,0.00497162,0.0,0.000198811
2021-01-12,16:45:51,2.016300011,7.001499939,69.15718842,96.5478363,64.77891541,65.00068665,1152.888428,67.60220337,275.5003357,68.996315,0.995028381,0.00497162,0.0,0.000198811
2021-01-12,16:45:52,2.016600037,7.002700043,69.15718842,96.54860687,64.77931213,65.0009079,1152.881958,67.60229492,275.5000305,68.996315,0.995028381,0.00497162,0.0,0.000198811
2021-01-12,16:45:53,2.016399956,7.003299713,69.15618134,96.54902649,64.77919006,65.00016785,1152.903564,67.60103607,275.5042419,68.996315,0.995028381,0.00497162,0.0,0.000198811
2021-01-12,16:45:54,2.016600037,7.002999878,69.15618134,96.54918671,64.77842712,64.99995422,1152.909058,67.60077667,275.5052185,68.996315,0.995028381,0.00497162,0.0,0.000198811
2021-01-12,16:45:55,2.016300011,7.003399658,69.15720367,96.54993439,64.77940369,64.99971771,1152.916016,67.60041809,275.5063171,68.996315,0.995028381,0.00497162,0.015179495,0.00019873
2021-01-12,16:45:56,2.016699982,7.002100372,69.15720367,96.55071259,64.77825165,64.99964905,1152.917847,67.59978485,275.5085449,68.996315,0.995028381,0.00497162,0.015179495,0.00019873
2021-01-12,16:45:57,2.016300011,7.001699829,69.15610504,96.55157471,64.77901459,64.99925232,1152.928955,67.59902191,275.5110168,68.996315,0.995028381,0.00497162,0.015179495,0.00019873
2021-01-12,16:45:58,2.015999985,7.001399994,69.15610504,96.55075836,64.77996063,64.99913025,1152.932617,67.59893036,275.511322,68.996315,0.995028381,0.00497162,0.015179495,0.00019873
2021-01-12,16:45:59,2.016600037,7.000900269,69.15610504,96.55148315,64.7782135,64.99922943,1152.929565,67.59829712,275.5135193,68.8781662,0.995002594,0.00499737,0.0,0.00019873
2021-01-12,16:46:00,2.01609993,7.00059967,69.1572113,96.5509491,64.77922821,64.99905396,1152.934326,67.59762573,275.515686,68.8781662,0.995002594,0.00499737,0.0,0.00019873
2021-01-12,16:46:01,2.016500092,7.000499725,69.1572113,96.55147552,64.77967072,64.99852753,1152.94873,67.59767151,275.5158386,68.8781662,0.995002594,0.00499737,0.0,0.00019873
2021-01-12,16:46:02,2.01609993,7.000800323,69.15613556,96.55208588,64.77757263,64.99837494,1152.953491,67.59718323,275.5173035,68.8781662,0.995002594,0.00499737,0.0,0.00019873
2021-01-12,16:46:03,2.016799927,7.000700378,69.15613556,96.55302429,64.7779541,64.99850464,1152.948853,67.59659576,275.5192871,68.8781662,0.995002594,0.00499737,0.0,0.00019873
2021-01-12,16:46:04,2.016300011,7.001100159,69.15613556,96.552948,64.77882385,64.99824524,1152.957031,67.5958786,275.5216675,69.15187073,0.995002594,0.00499737,0.0,0.00019873
2021-01-12,16:46:05,2.016699982,7.001100159,69.15613556,96.55360413,64.77876282,64.99781036,1152.96875,67.59602356,275.5211792,69.15187073,0.995002594,0.00499737,0.0,0.00019873
2021-01-12,16:46:06,2.016200066,7.001300049,69.15613556,96.55329895,64.77801514,64.99729156,1152.983643,67.59515381,275.5240173,69.15187073,0.995002594,0.00499737,0.0,0.000198792
2021-01-12,16:46:07,2.016799927,7.00059967,69.15512085,96.55384064,64.77845764,64.99710846,1152.988892,67.59461975,275.5257874,69.15187073,0.995002594,0.00499737,0.0,0.000198792
2021-01-12,16:46:08,2.016200066,7.001399994,69.15512085,96.55415344,64.77911377,64.99744415,1152.979126,67.59449005,275.5263062,69.15187073,0.994940186,0.00505983,0.0,0.000198792
2021-01-12,16:46:09,2.016399956,7.000900269,69.15512085,96.55399323,64.77716827,64.99746704,1152.979614,67.59395599,275.5281677,70.88959503,0.994940186,0.00505983,0.0,0.000198792
2021-01-12,16:46:10,2.01590004,7.000499725,69.15512085,96.55528259,64.77816772,64.99697113,1152.99231,67.59346008,275.5297546,70.88959503,0.994940186,0.00505983,0.0,0.000198792
2021-01-12,16:46:11,2.016399956,7.00059967,69.15512085,96.55437469,64.77837372,64.99656677,1153.003662,67.59314728,275.5308228,70.88959503,0.994940186,0.00505983,0.0,0.000198792
2021-01-12,16:46:12,2.015800095,7.00039978,69.15512085,96.55519104,64.77784729,64.99649811,1153.005615,67.59292603,275.5316162,70.88959503,0.994940186,0.00505983,0.0,0.000198792
2021-01-12,16:46:13,2.015500069,6.99960022,69.15512085,96.55599976,64.77880859,64.99597168,1153.019775,67.59252167,275.532959,70.88959503,0.994940186,0.00505983,0.0,0.000198792
2021-01-12,16:46:14,2.015800095,6.999099731,69.15409088,96.55553436,64.77922058,64.99606323,1153.0177,67.59225464,275.533905,70.88959503,0.994940186,0.00505983,0.0,0.000198792
2021-01-12,16:46:15,2.015500069,6.998699951,69.15409088,96.55688477,64.7780304,64.99570465,1153.027588,67.5919342,275.5348511,70.88959503,0.994940186,0.00505983,0.0,0.000198792
2021-01-12,16:46:16,2.01590004,6.998200226,69.15510559,96.55604553,64.77869415,64.99565125,1153.029175,67.59178925,275.5354614,70.88959503,0.994940186,0.00505983,0.0,0.000198792
2021-01-12,16:46:17,2.015699959,6.997799683,69.15510559,96.55783844,64.77931213,64.99570465,1153.027466,67.59148407,275.5364075,70.88959503,0.994940186,0.00505983,0.0,0.000198792
2021-01-12,16:46:18,2.01609993,6.997200012,69.15407562,96.55834198,64.77961731,64.99523926,1153.041504,67.59104156,275.5379028,70.88959503,0.994940186,0.00505983,0.0,0.000198714
2021-01-12,16:46:19,2.015800095,6.996700287,69.15407562,96.55762482,64.77898407,64.99497986,1153.048218,67.59099579,275.5382385,70.75209045,0.994940186,0.00505983,0.0,0.000198714
2021-01-12,16:46:20,2.015600014,6.996099854,69.15407562,96.5582428,64.7795639,64.99481964,1153.052246,67.59055328,275.5396423,70.75209045,0.994940186,0.00505983,0.0,0.000198714
2021-01-12,16:46:21,2.015800095,6.995600128,69.15407562,96.5573349,64.7793045,64.99495697,1153.048828,67.59040833,275.5401611,70.75209045,0.994969711,0.00503027,0.0,0.000198714
2021-01-12,16:46:22,2.015500069,6.994999695,69.15407562,96.55766296,64.78033447,64.99475098,1153.054565,67.58959961,275.5428467,70.75209045,0.994969711,0.00503027,0.0,0.000198714
2021-01-12,16:46:23,2.015299988,6.994400024,69.15407562,96.55916595,64.78060913,64.99433899,1153.065674,67.58973694,275.5424194,70.75209045,0.994969711,0.00503027,0.0,0.000198714
2021-01-12,16:46:24,2.015600014,6.993800354,69.15407562,96.55932617,64.78175354,64.99402618,1153.075073,67.58934021,275.5437622,70.75209045,0.994969711,0.00503027,0.0,0.000198714
2021-01-12,16:46:25,2.015200043,6.993199921,69.15306854,96.558815,64.78070831,64.99419403,1153.070801,67.58861542,275.5462646,70.75209045,0.994969406,0.00503057,0.015381148,0.000198714
2021-01-12,16:46:26,2.015099907,6.99280014,69.15306854,96.55935669,64.78051758,64.99371338,1153.083984,67.5878067,275.5487671,70.75209045,0.994964371,0.00503552,0.0,0.000198764
2021-01-12,16:46:27,2.015399933,6.992500305,69.15306854,96.56015778,64.7819519,64.99362183,1153.086182,67.58753967,275.5497437,70.75209045,0.994964371,0.00503552,0.0,0.000198764
2021-01-12,16:46:28,2.014800072,6.994200134,69.15306854,96.56057739,64.78292847,64.99318695,1153.098022,67.5873642,275.5504761,70.75209045,0.994964371,0.00503552,0.0,0.000198764
2021-01-12,16:46:29,2.014500046,6.994999695,69.15306854,96.55981445,64.78114319,64.99298859,1153.10437,67.58713531,275.5512695,70.45846558,0.994964371,0.00503552,0.0,0.000198764
2021-01-12,16:46:30,2.014800072,6.995999908,69.15306854,96.56017303,64.78285217,64.99272156,1153.111084,67.58637238,275.5536804,70.45846558,0.994964371,0.00503552,0.0,0.000198764
2021-01-12,16:46:31,2.01439991,6.996600342,69.15306854,96.55950928,64.78248596,64.99312592,1153.100464,67.58646393,275.5533752,70.45846558,0.994964371,0.00503552,0.0,0.000198764
2021-01-12,16:46:32,2.014900017,6.996700287,69.15306854,96.56117249,64.78303528,64.99279785,1153.109375,67.58615112,275.5544434,70.45846558,0.994964371,0.00503552,0.0,0.000198764
2021-01-12,16:46:33,2.014599991,6.996900177,69.1520462,96.55973816,64.78363037,64.99249268,1153.117065,67.58556366,275.556427,70.45846558,0.994964371,0.00503552,0.0,0.000198764
2021-01-12,16:46:34,2.014900017,6.997100067,69.15101624,96.56082153,64.78401184,64.99242401,1153.119141,67.58502197,275.5582275,70.25127411,0.994964371,0.00503552,0.0,0.000198764
2021-01-12,16:46:35,2.014599991,6.997399902,69.15101624,96.56150055,64.78260803,64.99260712,1153.114014,67.58475494,275.5592651,70.25127411,0.994964371,0.00503552,0.0,0.000198764
2021-01-12,16:46:36,2.014999962,6.997499847,69.15208435,96.56036377,64.78436279,64.99216461,1153.126343,67.58507538,275.558197,70.25127411,0.994964371,0.00503552,0.0,0.000198764
2021-01-12,16:46:37,2.014599991,6.997699738,69.15208435,96.56005096,64.7837677,64.99198914,1153.131348,67.58432007,275.5606079,70.25127411,0.994964371,0.00503552,0.0,0.000198764
2021-01-12,16:46:38,2.015200043,6.998000336,69.15107727,96.56190491,64.78340149,64.99209595,1153.12793,67.58405304,275.5614929,70.25127411,0.994964371,0.00503552,0.0,0.000198764
2021-01-12,16:46:39,2.014999962,6.998300171,69.15107727,96.56163788,64.78395081,64.99180603,1153.136108,67.58374023,275.562439,70.35499573,0.994964371,0.00503552,0.0,0.000198764
2021-01-12,16:46:40,2.015200043,6.998200226,69.15209198,96.56204987,64.78347015,64.99197388,1153.131226,67.58347321,275.563385,70.35499573,0.994964371,0.00503552,0.0,0.000198764
2021-01-12,16:46:41,2.014800072,6.998000336,69.15107727,96.56180573,64.78383636,64.99153137,1153.143921,67.58280182,275.5656433,70.35499573,0.994964371,0.00503552,0.0,0.000198764
2021-01-12,16:46:42,2.015099907,6.997799683,69.1521225,96.56213379,64.78580475,64.9913559,1153.148926,67.58306122,275.5646973,70.35499573,0.994964371,0.00503552,0.0,0.000198705
2021-01-12,16:46:43,2.014800072,6.998000336,69.14997101,96.5616684,64.78530884,64.99140167,1153.147705,67.58243561,275.566803,70.35499573,0.994964371,0.00503552,0.0,0.000198705
2021-01-12,16:46:44,2.015200043,6.997799683,69.14997101,96.56199646,64.78463745,64.99129486,1153.151123,67.58162689,275.5696411,70.100914,0.994965668,0.00503432,0.0,0.000198705
2021-01-12,16:46:45,2.014900017,6.998600006,69.15100861,96.5618515,64.78483582,64.99103546,1153.158081,67.58126831,275.5708923,70.100914,0.994965668,0.00503432,0.0,0.000198705
2021-01-12,16:46:46,2.015600014,7.00039978,69.15100861,96.56260681,64.78552246,64.99077606,1153.165161,67.58104706,275.5715332,70.100914,0.994965668,0.00503432,0.015431894,0.000198705
2021-01-12,16:46:47,2.015800095,7.001999664,69.15100861,96.56162262,64.78530121,64.99082947,1153.163452,67.58082581,275.5723572,70.100914,0.994965668,0.00503432,0.015431894,0.000198705
2021-01-12,16:46:48,2.015500069,7.003900146,69.14995575,96.56283569,64.78594971,64.9905014,1153.172729,67.58055115,275.5733337,70.100914,0.994965668,0.00503432,0.015416514,0.000198705
2021-01-12,16:46:49,2.01590004,7.004799652,69.14995575,96.56192017,64.78517151,64.99016571,1153.182129,67.58095551,275.5717773,70.100914,0.994965668,0.00503432,0.015416514,0.000198705
2021-01-12,16:46:50,2.015500069,7.005599976,69.14995575,96.56166077,64.78646851,64.99064636,1153.169189,67.58033752,275.5740967,70.100914,0.994965668,0.00503432,0.0,0.000198705
2021-01-12,16:46:51,2.01590004,7.006500244,69.14995575,96.5614624,64.78677368,64.99081421,1153.164307,67.58055115,275.5733032,70.100914,0.994965668,0.00503432,0.0,0.000198705
2021-01-12,16:46:52,2.015500069,7.006800079,69.14995575,96.5627594,64.78648376,64.99077606,1153.16626,67.58023071,275.5743103,70.100914,0.99497963,0.00502038,0.0,0.000198705
2021-01-12,16:46:53,2.01590004,7.006199646,69.14995575,96.56245422,64.78683472,64.99059296,1153.170776,67.57992554,275.5753784,70.100914,0.99497963,0.00502038,0.0,0.000198705
2021-01-12,16:46:54,2.016200066,7.005899811,69.14995575,96.56266022,64.78722382,64.99067688,1153.168335,67.58005524,275.5750427,69.88551331,0.99497963,0.00502038,0.0,0.000198705
2021-01-12,16:46:55,2.015800095,7.006900024,69.14995575,96.56244659,64.7875824,64.9909668,1153.160034,67.57983398,275.5756226,69.88551331,0.99497963,0.00502038,0.0,0.000198705
2021-01-12,16:46:56,2.016200066,7.008100128,69.14995575,96.56318665,64.78646851,64.99103546,1153.157471,67.57965851,275.5762634,69.88551331,0.99497963,0.00502038,0.0,0.000198705
2021-01-12,16:46:57,2.016500092,7.009100342,69.14995575,96.56169891,64.78709412,64.99077606,1153.165283,67.57929993,275.5775146,69.88551331,0.99497963,0.00502038,0.0,0.000198705
2021-01-12,16:46:58,2.016200066,7.009600067,69.14890289,96.56272888,64.78773499,64.99066925,1153.168579,67.57974243,275.5759583,69.88551331,0.994973373,0.00502657,0.015401919,0.000198744
2021-01-12,16:46:59,2.016699982,7.009899902,69.14890289,96.56286621,64.78814697,64.99059296,1153.170288,67.58005524,275.5750122,69.69988251,0.994973373,0.00502657,0.015401919,0.000198744
2021-01-12,16:47:00,2.016399956,7.010299683,69.14992523,96.56332397,64.78748322,64.99066925,1153.168335,67.58010101,275.5746765,69.69988251,0.994973373,0.00502657,0.015401919,0.000198744
2021-01-12,16:47:01,2.016799927,7.010700226,69.14891052,96.56375122,64.78807068,64.99077606,1153.165405,67.58001709,275.5751648,69.69988251,0.994973373,0.00502657,0.0,0.000198823
2021-01-12,16:47:02,2.016600037,7.010800171,69.14891052,96.56291199,64.78813934,64.99101257,1153.158447,67.58055115,275.5733032,69.69988251,0.994973373,0.00502657,0.0,0.000198769
2021-01-12,16:47:03,2.016900063,7.010800171,69.14891052,96.56301117,64.78840637,64.99088287,1153.162231,67.58037567,275.573822,69.69988251,0.994973373,0.00502657,0.0,0.000198769
2021-01-12,16:47:04,2.016699982,7.010900116,69.14891052,96.56343842,64.78826141,64.99061584,1153.169434,67.58069611,275.572937,69.69988251,0.994973373,0.00502657,0.0,0.000198769
2021-01-12,16:47:05,2.017499924,7.011000061,69.14891052,96.5618515,64.78926086,64.99131775,1153.150513,67.58065033,275.5726318,69.69988251,0.994973373,0.00502657,0.0,0.000198769
2021-01-12,16:47:06,2.017099953,7.010900116,69.14891052,96.5630722,64.78775024,64.99099731,1153.159058,67.58041382,275.5736389,69.69988251,0.994973373,0.00502657,0.0,0.000198769
2021-01-12,16:47:07,2.01760006,7.011100006,69.14891052,96.56380463,64.78822327,64.99092865,1153.160645,67.580513,275.5733643,69.69988251,0.994973373,0.00502657,0.01544237,0.000198769
2021-01-12,16:47:08,2.017200089,7.010900116,69.14891052,96.56266022,64.78916931,64.99077606,1153.165161,67.58090973,275.5721436,69.69988251,0.994973373,0.00502657,0.01544237,0.000198769
2021-01-12,16:47:09,2.01760006,7.010700226,69.14790344,96.56254578,64.78833008,64.99092865,1153.161011,67.58136749,275.5704956,69.58409119,0.994959488,0.00504052,0.01544237,0.000198769
2021-01-12,16:47:10,2.017300034,7.010399628,69.14790344,96.56307983,64.78955078,64.99121857,1153.152344,67.58100891,275.5717468,69.58409119,0.994959488,0.00504052,0.01544237,0.000198769
2021-01-12,16:47:11,2.01779995,7.010099792,69.14790344,96.56239319,64.7890625,64.99103546,1153.158325,67.58132172,275.5705872,69.58409119,0.994959488,0.00504052,0.01544237,0.000198769
2021-01-12,16:47:12,2.017499924,7.009999847,69.14790344,96.56276703,64.78936768,64.99059296,1153.170532,67.58154297,275.5700073,69.58409119,0.994959488,0.00504052,0.01544237,0.000198769
2021-01-12,16:47:13,2.018099976,7.009600067,69.14790344,96.56283569,64.78981781,64.99134064,1153.149292,67.58136749,275.5705261,69.58409119,0.994959488,0.00504052,0.01544237,0.000198769
2021-01-12,16:47:14,2.01779995,7.009400177,69.14684296,96.5622406,64.78970337,64.9914856,1153.144897,67.58154297,275.5700073,69.42172241,0.994959488,0.00504052,0.01544237,0.000198769
2021-01-12,16:47:15,2.018300056,7.009100342,69.14684296,96.5628891,64.7904129,64.99059296,1153.170898,67.58132172,275.5707092,69.42172241,0.994959488,0.00504052,0.01544237,0.000198762
2021-01-12,16:47:16,2.01779995,7.008799744,69.14684296,96.5627594,64.79209137,64.99127197,1153.151367,67.58154297,275.5699768,69.42172241,0.994959488,0.00504052,0.01544237,0.000198762
2021-01-12,16:47:17,2.018099976,7.008399963,69.14684296,96.56195068,64.7893219,64.99075317,1153.166382,67.5818634,275.5690002,69.42172241,0.994959488,0.00504052,0.01544237,0.000198762
2021-01-12,16:47:18,2.01779995,7.007900238,69.14684296,96.56304932,64.78875732,64.99145508,1153.146484,67.5819397,275.5686035,69.42172241,0.994959488,0.00504052,0.01544237,0.000198762
2021-01-12,16:47:19,2.018199921,7.007299805,69.14684296,96.56223297,64.79014587,64.99094391,1153.160278,67.58190155,275.568512,69.42172241,0.994959488,0.00504052,0.0,0.000198762
2021-01-12,16:47:20,2.017900085,7.006700134,69.14684296,96.56285858,64.78982544,64.99142456,1153.147095,67.5818634,275.5690002,69.42172241,0.994959488,0.00504052,0.0,0.000198762
2021-01-12,16:47:21,2.018400002,7.006099701,69.14684296,96.56239319,64.79098511,64.99129486,1153.150757,67.58171844,275.5693665,69.42172241,0.994959488,0.00504052,0.0,0.000198762
2021-01-12,16:47:22,2.018099976,7.005500031,69.14684296,96.56301117,64.78891754,64.99108124,1153.156616,67.58154297,275.5698242,69.42172241,0.994959488,0.00504052,0.0,0.000198762
2021-01-12,16:47:23,2.018400002,7.00510025,69.14684296,96.5620575,64.79060364,64.99118042,1153.153687,67.5816803,275.5693054,69.42172241,0.995010529,0.0049895,0.0,0.000198742
2021-01-12,16:47:24,2.018000031,7.00490036,69.1457901,96.5616684,64.79104614,64.99094391,1153.160278,67.58207703,275.5682068,69.26639557,0.995010529,0.0049895,0.0,0.000198742
2021-01-12,16:47:25,2.018400002,7.004399872,69.1457901,96.56128693,64.7903595,64.99129486,1153.150879,67.58211517,275.5680237,69.26639557,0.995010529,0.0049895,0.0,0.000198742
2021-01-12,16:47:26,2.018199921,7.004000092,69.1457901,96.56181335,64.79063416,64.99082947,1153.163574,67.5818634,275.5687866,69.26639557,0.995010529,0.0049895,0.0,0.000198801
2021-01-12,16:47:27,2.018499947,7.003600311,69.1457901,96.5626297,64.78933716,64.99043274,1153.174927,67.58216858,275.5677185,69.26639557,0.995010529,0.0049895,0.0,0.000198801
2021-01-12,16:47:28,2.018000031,7.002999878,69.1457901,96.5628891,64.79103088,64.9909668,1153.160034,67.58203888,275.5682373,69.26639557,0.995010529,0.0049895,0.0,0.000198801
2021-01-12,16:47:29,2.01779995,7.002200317,69.1457901,96.56111908,64.78970337,64.99108124,1153.156372,67.58162689,275.5695496,69.26639557,0.995010529,0.0049895,0.0,0.000198801
2021-01-12,16:47:30,2.018099976,7.001399994,69.1457901,96.56049347,64.79096985,64.99088287,1153.161865,67.58203888,275.5683289,69.26639557,0.995010529,0.0049895,0.0,0.000198801
2021-01-12,16:47:31,2.017700005,7.000800323,69.1457901,96.56176758,64.79156494,64.99129486,1153.151001,67.5819397,275.568573,69.26639557,0.995010529,0.0049895,0.0,0.000198801
2021-01-12,16:47:32,2.018099976,7.0,69.1447525,96.5607605,64.79117584,64.99036407,1153.176636,67.58211517,275.5680847,69.26639557,0.994999619,0.00500035,0.0,0.000198801
2021-01-12,16:47:33,2.01779995,6.999299622,69.1447525,96.56105804,64.79043579,64.99075317,1153.166016,67.58181,275.5690308,69.26639557,0.994999619,0.00500035,0.0,0.000198801
2021-01-12,16:47:34,2.018300056,6.998699951,69.1447525,96.56163788,64.79115295,64.99112701,1153.155151,67.58216858,275.5679321,69.26639557,0.994988632,0.00501143,0.015327252,0.000198857
2021-01-12,16:47:35,2.017900085,6.998400116,69.1447525,96.56073761,64.79180145,64.9907074,1153.167603,67.5819397,275.568512,69.26639557,0.994981308,0.00501871,0.015344148,0.000198754
2021-01-12,16:47:36,2.017499924,6.997699738,69.1447525,96.56003571,64.79075623,64.99066925,1153.168457,67.58211517,275.5680237,69.26639557,0.994985275,0.00501471,0.015344148,0.000198754
2021-01-12,16:47:37,2.01779995,6.996800232,69.1447525,96.56061554,64.78939819,64.99055481,1153.171997,67.58230591,275.5673523,69.26639557,0.994985275,0.00501471,0.015344148,0.000198754
2021-01-12,16:47:38,2.017399979,6.995999908,69.1447525,96.56086731,64.78910828,64.99081421,1153.164429,67.58243561,275.5669861,69.26639557,0.994985275,0.00501471,0.015344148,0.000198754
2021-01-12,16:47:39,2.01760006,6.995200348,69.1447525,96.55915833,64.79052734,64.99066925,1153.168701,67.5818634,275.5688171,69.42708588,0.994985275,0.00501471,0.015344148,0.000198754
2021-01-12,16:47:40,2.017200089,6.994300079,69.1447525,96.55973053,64.79112244,64.99081421,1153.164429,67.58190155,275.5686951,69.42708588,0.994985275,0.00501471,0.015344148,0.000198754
2021-01-12,16:47:41,2.017000008,6.993299866,69.1447525,96.55914307,64.79132843,64.99034119,1153.17749,67.58216858,275.5678711,69.42708588,0.994985275,0.00501471,0.015314051,0.000198754
2021-01-12,16:47:42,2.017700005,6.99240036,69.1447525,96.55950165,64.79058838,64.99055481,1153.171631,67.58154297,275.5698853,69.42708588,0.994985275,0.00501471,0.015314051,0.000198754
2021-01-12,16:47:43,2.017300034,6.991699982,69.14373779,96.55963898,64.78885651,64.99025726,1153.179932,67.58144379,275.5702515,69.42708588,0.994985275,0.00501471,0.015314051,0.000198754
2021-01-12,16:47:44,2.01779995,6.991000366,69.14373779,96.55848694,64.79043579,64.99016571,1153.182373,67.5816803,275.569458,69.58808899,0.994985275,0.00501471,0.015314051,0.000198754
2021-01-12,16:47:45,2.021299934,6.990399933,69.14373779,96.55964661,64.78990173,64.98961639,1153.197632,67.58108521,275.5714111,69.58808899,0.994985275,0.00501471,0.015314051,0.000198754
2021-01-12,16:47:46,2.05529995,6.989900208,69.14373779,96.55869293,64.79014587,64.99002838,1153.186157,67.58154297,275.5700073,69.58808899,0.994985275,0.00501471,0.015314051,0.000198754
2021-01-12,16:47:47,2.098800087,6.989299774,69.14373779,96.5584259,64.78974152,64.99022675,1153.18042,67.5818634,275.5688782,69.58808899,0.994985275,0.00501471,0.015314051,0.000198754
2021-01-12,16:47:48,2.140399933,6.988899994,69.14373779,96.5573349,64.79042053,64.98984528,1153.190918,67.58230591,275.5674133,69.58808899,0.994985275,0.00501471,0.015314051,0.000198754
2021-01-12,16:47:49,2.179199982,6.988400269,69.1427002,96.55796814,64.79098511,64.98960114,1153.198486,67.58271027,275.56604,69.2826004,0.994985275,0.00501471,0.0,0.000198754
2021-01-12,16:47:50,2.214999962,6.987799835,69.1427002,96.55908966,64.7897644,64.98968506,1153.195679,67.58324432,275.5641785,69.2826004,0.994985275,0.00501471,0.0,0.000198754
2021-01-12,16:47:51,2.252799988,6.987200165,69.1427002,96.55931091,64.79130554,64.98924255,1153.208008,67.58364868,275.5627747,69.2826004,0.994985275,0.00501471,0.0,0.000198754
2021-01-12,16:47:52,2.290699959,6.986799622,69.1427002,96.56044006,64.79071045,64.98862457,1153.22583,67.58444214,275.5601501,69.2826004,0.994985275,0.00501471,0.0,0.000198754
2021-01-12,16:47:53,2.324500084,6.986399841,69.1427002,96.56305695,64.79188538,64.98944092,1153.202637,67.58391571,275.5618896,69.2826004,0.994985275,0.00501471,0.0,0.000198754
2021-01-12,16:47:54,2.358200073,6.986299896,69.1427002,96.56549072,64.79058838,64.98878479,1153.221436,67.58418274,275.5610962,69.12550354,0.994985275,0.00501471,0.0,0.000198754
2021-01-12,16:47:55,2.392000008,6.986000061,69.1427002,96.56845856,64.79032898,64.98905182,1153.213745,67.58432007,275.5604553,69.12550354,0.994985275,0.00501471,0.0,0.000198754
2021-01-12,16:47:56,2.424300003,6.985500336,69.1427002,96.57396698,64.79099274,64.98820496,1153.238037,67.58444214,275.5600891,69.12550354,0.994985275,0.00501471,0.0,0.000198754
2021-01-12,16:47:57,2.454400063,6.985199738,69.1427002,96.57830811,64.79119873,64.98869324,1153.223511,67.58422852,275.5608521,69.12550354,0.994985275,0.00501471,0.0,0.000198754
2021-01-12,16:47:58,2.484900093,6.984999847,69.1427002,96.58385468,64.7895813,64.98828125,1153.235352,67.58374023,275.5624695,69.12550354,0.994985275,0.00501471,0.0,0.000198754
2021-01-12,16:47:59,2.513500023,6.984500122,69.14164734,96.59056091,64.78978729,64.98794556,1153.244385,67.5828476,275.5655212,69.45882416,0.994983292,0.00501668,0.0,0.000198754
2021-01-12,16:48:00,2.544499969,6.984200287,69.14164734,96.59820557,64.78903198,64.9888382,1153.219849,67.58266449,275.5661621,69.45882416,0.994983292,0.00501668,0.0,0.000198754
2021-01-12,16:48:01,2.572500038,6.983799744,69.14164734,96.60581207,64.78875732,64.9875412,1153.256104,67.58095551,275.5718689,69.45882416,0.994983292,0.00501668,0.0,0.000198754
2021-01-12,16:48:02,2.599200058,6.983499908,69.14164734,96.61336517,64.78944397,64.98794556,1153.244263,67.57955933,275.5765381,69.45882416,0.994983292,0.00501668,0.0,0.000198754
2021-01-12,16:48:03,2.626000023,6.983000183,69.14164734,96.62221527,64.78892517,64.98841858,1153.231445,67.57826233,275.5811157,69.45882416,0.994983292,0.00501668,0.0,0.000198754
2021-01-12,16:48:04,2.652099991,6.982700348,69.14164734,96.63186646,64.78822327,64.98787689,1153.246826,67.57642365,275.5871887,69.45882416,0.994983292,0.00501668,0.0,0.000198754
2021-01-12,16:48:05,2.676600075,6.982299805,69.14164734,96.64160156,64.78843689,64.98773956,1153.250732,67.57476044,275.5926819,69.45882416,0.99497673,0.00502336,0.015350204,0.000198754
2021-01-12,16:48:06,2.701199913,6.981800079,69.14164734,96.65154266,64.78707886,64.98806763,1153.241577,67.57302094,275.5986328,69.45882416,0.99497673,0.00502336,0.015350204,0.000198754
2021-01-12,16:48:07,2.725699997,6.981500244,69.14164734,96.66251373,64.7868576,64.98769379,1153.251709,67.57064819,275.60672,69.45882416,0.994974823,0.00502514,0.015363647,0.000198904
2021-01-12,16:48:08,2.747400093,6.981400299,69.14060211,96.67243958,64.78787231,64.98731232,1153.262451,67.56876373,275.6131592,69.45882416,0.994974823,0.00502514,0.015363647,0.000198904
2021-01-12,16:48:09,2.766699982,6.980999756,69.14060211,96.68411255,64.78717041,64.9875412,1153.256226,67.56616211,275.6217651,69.73042297,0.994971771,0.00502812,0.015363647,0.000198792
2021-01-12,16:48:10,2.787199974,6.980500031,69.14060211,96.69689178,64.7862854,64.98757935,1153.254883,67.56391907,275.6293945,69.73042297,0.994971771,0.00502812,0.015363647,0.000198792
2021-01-12,16:48:11,2.806200027,6.98030014,69.14060211,96.70754242,64.78437805,64.98764801,1153.25293,67.56114197,275.6387939,69.73042297,0.994971771,0.00502812,0.015363647,0.000198792
2021-01-12,16:48:12,2.820999908,6.98010025,69.14060211,96.71987152,64.78507233,64.98710632,1153.268433,67.55818176,275.6487122,69.73042297,0.994971771,0.00502812,0.015363647,0.000198792
2021-01-12,16:48:13,2.837700081,6.979699707,69.14060211,96.73228455,64.78463745,64.98731232,1153.262817,67.55549622,275.6580505,69.73042297,0.994971771,0.00502812,0.015396892,0.000198827
2021-01-12,16:48:14,2.851799965,6.979399872,69.14060211,96.74613953,64.7855835,64.98703003,1153.271606,67.55245209,275.6682129,70.24984741,0.994971771,0.00502812,0.0,0.000198827
2021-01-12,16:48:15,2.865399933,6.979199982,69.14060211,96.75931549,64.78343201,64.9866333,1153.281616,67.54972076,275.6774597,70.24984741,0.994971771,0.00502812,0.0,0.000198827
2021-01-12,16:48:16,2.876099968,6.978800201,69.13957214,96.7719574,64.78333282,64.98696899,1153.272217,67.54631805,275.6888733,70.24984741,0.994971771,0.00502812,0.015411729,0.000198724
2021-01-12,16:48:17,2.887899971,6.978500366,69.13957214,96.78591919,64.78240967,64.98706055,1153.269531,67.54286194,275.7006531,70.24984741,0.994971771,0.00502812,0.0,0.000198724
2021-01-12,16:48:18,2.900200081,6.978099823,69.13957214,96.79961395,64.78255463,64.98677063,1153.277588,67.53977203,275.7110291,70.24984741,0.994956284,0.00504374,0.015418632,0.000198769
2021-01-12,16:48:19,2.918400002,6.977799988,69.13957214,96.81349182,64.78182983,64.98688507,1153.274048,67.53659821,275.7217712,70.71968842,0.994946594,0.0050534,0.015418632,0.000198769
2021-01-12,16:48:20,2.928300095,6.977200317,69.13856506,96.82662964,64.77973938,64.98701477,1153.270142,67.53296661,275.7340393,70.71968842,0.994946594,0.0050534,0.015418632,0.000198769
2021-01-12,16:48:21,2.937800026,6.976599884,69.13957977,96.8416748,64.7802124,64.98651123,1153.284424,67.5296936,275.7452087,70.71968842,0.994946594,0.0050534,0.015418632,0.000198769
2021-01-12,16:48:22,2.944300079,6.976000214,69.13957977,96.85607147,64.77880096,64.9861145,1153.29541,67.52619934,275.756897,70.71968842,0.994946594,0.0050534,0.015418632,0.000198769
2021-01-12,16:48:23,2.949300003,6.975700378,69.13855743,96.87102509,64.77921295,64.98656464,1153.283081,67.52239227,275.7698059,70.71968842,0.994946594,0.0050534,0.015418632,0.000198769
2021-01-12,16:48:24,2.955400085,6.97539978,69.13855743,96.88482666,64.77897644,64.9861145,1153.295776,67.51898956,275.7813416,71.32884979,0.994946594,0.0050534,0.015418632,0.000198769
2021-01-12,16:48:25,2.95890007,6.975800323,69.13855743,96.90083313,64.77720642,64.98626709,1153.291504,67.51535797,275.7935791,71.32884979,0.994946594,0.0050534,0.015418632,0.000198725
2021-01-12,16:48:26,2.963400078,6.975,69.13855743,96.91531372,64.77651215,64.98696899,1153.272217,67.51178741,275.8056641,71.32884979,0.994946594,0.0050534,0.015418632,0.000198725
2021-01-12,16:48:27,2.966699982,6.97460022,69.13855743,96.93019867,64.7759552,64.98664856,1153.280762,67.50784302,275.8190002,71.32884979,0.994946594,0.0050534,0.015418632,0.000198725
2021-01-12,16:48:28,2.970599937,6.974299622,69.13855743,96.94573975,64.77549744,64.98602295,1153.298706,67.5042572,275.8309937,71.32884979,0.994946594,0.0050534,0.015418632,0.000198725
2021-01-12,16:48:29,2.974200058,6.973600006,69.13855743,96.96081543,64.77626801,64.98557281,1153.310913,67.50071716,275.8429871,71.9378891,0.994969864,0.00503003,0.015378907,0.000198725
2021-01-12,16:48:30,2.978499985,6.972699738,69.13855743,96.97634125,64.77471924,64.98656464,1153.283325,67.49623871,275.8581848,71.9378891,0.994969864,0.00503003,0.015380664,0.000198725
2021-01-12,16:48:31,2.982999992,6.971800232,69.13855743,96.99195862,64.77514648,64.98597717,1153.299316,67.4931488,275.8686218,71.9378891,0.994969864,0.00503003,0.015380664,0.000198725
2021-01-12,16:48:32,2.984799957,6.971199799,69.13855743,97.00856781,64.77380371,64.98586273,1153.302856,67.48908234,275.8823853,71.9378891,0.994969864,0.00503003,0.015380664,0.000198725
2021-01-12,16:48:33,2.985700035,6.970600128,69.13855743,97.02371216,64.77255249,64.98564148,1153.309448,67.48514557,275.8956604,71.9378891,0.994969864,0.00503003,0.015380664,0.000198725
2021-01-12,16:48:34,2.989299965,6.96989975,69.13855743,97.03764343,64.77168274,64.98578644,1153.304321,67.4814682,275.90802,72.71139526,0.994976273,0.00502365,0.015380664,0.000198725
2021-01-12,16:48:35,2.994499969,6.969400024,69.13751221,97.05440521,64.77114868,64.98545837,1153.314209,67.47779083,275.9205933,72.71139526,0.994976273,0.00502365,0.015380664,0.000198725
2021-01-12,16:48:36,2.998600006,6.968900299,69.13751221,97.07132721,64.7713623,64.98538971,1153.316162,67.47412872,275.9330139,72.71139526,0.994976273,0.00502365,0.015380664,0.000198725
2021-01-12,16:48:37,3.005999947,6.968499756,69.13751221,97.08571625,64.77012634,64.98527527,1153.31958,67.47045135,275.9454651,72.71139526,0.994976273,0.00502365,0.015380664,0.000198725
2021-01-12,16:48:38,3.009300041,6.96780014,69.13751221,97.10180664,64.76989746,64.98482513,1153.331909,67.46738434,275.9558105,72.71139526,0.994985275,0.00501471,0.0,0.000198783
2021-01-12,16:48:39,3.012700081,6.966899872,69.13751221,97.11842346,64.76945496,64.98464203,1153.337158,67.46379089,275.967926,73.27405548,0.994972687,0.00502729,0.015363102,0.000198599
2021-01-12,16:48:40,3.01609993,6.96760025,69.13751221,97.13497925,64.76858521,64.98504639,1153.325439,67.45998383,275.980835,73.27405548,0.994972687,0.00502729,0.015363102,0.000198599
2021-01-12,16:48:41,3.019000053,6.970700073,69.13751221,97.15071869,64.76882172,64.98387146,1153.359009,67.45662689,275.9921875,73.27405548,0.994972687,0.00502729,0.015363102,0.000198599
2021-01-12,16:48:42,3.021899986,6.979100037,69.13751221,97.16664886,64.76799011,64.98442841,1153.343262,67.45291138,276.0048828,73.27405548,0.994972687,0.00502729,0.015363102,0.000198599
2021-01-12,16:48:43,3.025399971,6.986399841,69.13751221,97.18254089,64.76689148,64.98406982,1153.353516,67.44937897,276.0167847,73.27405548,0.994974823,0.00502514,0.015363102,0.000198599
2021-01-12,16:48:44,3.029800034,6.993599701,69.1364975,97.19839478,64.76777649,64.98345947,1153.369995,67.44580078,276.0288696,73.93402863,0.994974823,0.00502514,0.015363102,0.000198599
2021-01-12,16:48:45,3.031599998,6.99940033,69.13750458,97.21382141,64.76753235,64.98381805,1153.359863,67.44244385,276.0403748,73.93402863,0.994974823,0.00502514,0.015363102,0.000198599
2021-01-12,16:48:46,3.034900093,7.005000305,69.13643646,97.22974396,64.76786804,64.98402405,1153.354126,67.43917847,276.0513,73.93402863,0.994974823,0.00502514,0.015363102,0.000198599
2021-01-12,16:48:47,3.038299942,7.009799957,69.13643646,97.24712372,64.76593018,64.98374176,1153.362183,67.43550873,276.0637817,73.93402863,0.994974823,0.00502514,0.0,0.000198743
2021-01-12,16:48:48,3.040999985,7.014099884,69.13643646,97.26165009,64.76699829,64.98352814,1153.368286,67.43260193,276.0737,73.93402863,0.994960785,0.00503921,0.0,0.000198743
2021-01-12,16:48:49,3.043899918,7.017500305,69.13643646,97.27831268,64.76515961,64.98404694,1153.353638,67.42969513,276.0835571,74.13863373,0.994962921,0.00503706,0.015393319,0.000198743
2021-01-12,16:48:50,3.046999931,7.020200348,69.13643646,97.29401398,64.76599121,64.98387146,1153.358398,67.42678833,276.0933228,74.13863373,0.994962921,0.00503706,0.0,0.000198743
2021-01-12,16:48:51,3.049900055,7.021800232,69.13643646,97.30900574,64.7667923,64.98348999,1153.369629,67.42396545,276.1027527,74.13863373,0.994962921,0.00503706,0.0,0.000198743
2021-01-12,16:48:52,3.052899933,7.023899841,69.13643646,97.32627106,64.76457214,64.98477173,1153.333252,67.42120361,276.1121826,74.13863373,0.994962921,0.00503706,0.0,0.000198743
2021-01-12,16:48:53,3.055599976,7.024700165,69.13542938,97.34209442,64.76708984,64.98461914,1153.33728,67.41841888,276.1216431,74.13863373,0.994962921,0.00503706,0.0,0.000198743
2021-01-12,16:48:54,3.058499908,7.02460022,69.13542938,97.35829163,64.76478577,64.98495483,1153.328247,67.41578674,276.1305542,74.39067078,0.994970932,0.00502908,0.0,0.000198718
2021-01-12,16:48:55,3.061100006,7.02480011,69.13542938,97.37322235,64.76541138,64.98545837,1153.314575,67.41346741,276.1384583,74.39067078,0.994970932,0.00502908,0.0,0.000198718
2021-01-12,16:48:56,3.063400078,7.024900055,69.13542938,97.38920593,64.76615143,64.98506927,1153.324707,67.41086578,276.1472473,74.39067078,0.994965363,0.00503456,0.0,0.000198718
2021-01-12,16:48:57,3.065600014,7.02480011,69.13542938,97.40457916,64.76603699,64.98566437,1153.30896,67.40872192,276.1546326,74.39067078,0.994965363,0.00503456,0.0,0.000198718
2021-01-12,16:48:58,3.067700005,7.024500275,69.13542938,97.421875,64.76637268,64.98578644,1153.304565,67.40665436,276.161438,74.39067078,0.994965363,0.00503456,0.0,0.000198659
2021-01-12,16:48:59,3.070299911,7.024299622,69.13542938,97.43825531,64.7660675,64.98549652,1153.313477,67.40442657,276.1690674,74.51877594,0.994965363,0.00503456,0.0,0.000198659
2021-01-12,16:49:00,3.072400093,7.024099731,69.13440704,97.45182037,64.76525879,64.98566437,1153.308594,67.40237427,276.1760254,74.51877594,0.994950867,0.0050491,0.0,0.000198833
2021-01-12,16:49:01,3.074699974,7.023999786,69.13440704,97.46819305,64.7671051,64.98609161,1153.296631,67.40058136,276.1821289,74.51877594,0.994950867,0.0050491,0.0,0.000198833
2021-01-12,16:49:02,3.077199936,7.023699951,69.13542938,97.48444366,64.76547241,64.98626709,1153.291138,67.39838409,276.1895447,74.51877594,0.994950867,0.0050491,0.01544885,0.000198833
2021-01-12,16:49:03,3.079400063,7.023400116,69.13441467,97.49828339,64.7651825,64.98612976,1153.295654,67.39673615,276.1951294,74.51877594,0.994950867,0.0050491,0.01544885,0.000198833
2021-01-12,16:49:04,3.081500053,7.023200226,69.13441467,97.51386261,64.76637268,64.98583984,1153.303711,67.39513397,276.2007446,74.77223206,0.994943237,0.00505685,0.01544885,0.000198833
2021-01-12,16:49:05,3.083499908,7.023300171,69.13441467,97.53093719,64.76701355,64.98618317,1153.293945,67.39266968,276.2090149,74.77223206,0.994943237,0.00505685,0.01544885,0.000198833
2021-01-12,16:49:06,3.085400009,7.022899628,69.13441467,97.54515076,64.7663269,64.98622894,1153.292725,67.39151001,276.2130127,74.77223206,0.994943237,0.00505685,0.01544885,0.000198833
2021-01-12,16:49:07,3.087400055,7.022599792,69.13441467,97.56121826,64.76623535,64.98604584,1153.298096,67.38970947,276.2189941,74.77223206,0.994943237,0.00505685,0.01544885,0.000198833
2021-01-12,16:49:08,3.088999939,7.022200012,69.13441467,97.57680511,64.76591492,64.98620605,1153.293457,67.38751984,276.2264099,74.77223206,0.994907379,0.00509262,0.01544885,0.000198777
2021-01-12,16:49:09,3.09109993,7.021800232,69.13441467,97.59238434,64.76496887,64.98586273,1153.302979,67.38568878,276.2327881,75.00566101,0.994907379,0.00509262,0.01544885,0.000198777
2021-01-12,16:49:10,3.09260006,7.021299744,69.13441467,97.60653687,64.76611328,64.98606873,1153.297363,67.38452911,276.2365112,75.00566101,0.994907379,0.00509262,0.01544885,0.000198777
2021-01-12,16:49:11,3.094199944,7.020800018,69.13336945,97.62194824,64.76637268,64.9859314,1153.301147,67.382164,276.2446289,75.00566101,0.994907379,0.00509262,0.01544885,0.000198777
2021-01-12,16:49:12,3.095999908,7.020999908,69.13336945,97.63780212,64.76659393,64.98566437,1153.308228,67.38082123,276.2491455,75.00566101,0.994907379,0.00509262,0.01544885,0.000198777
2021-01-12,16:49:13,3.097900009,7.020200348,69.13336945,97.65241241,64.76568604,64.98578644,1153.305054,67.37915802,276.2548523,75.00566101,0.994901886,0.0050981,0.01544885,0.000198777
2021-01-12,16:49:14,3.099300003,7.019599915,69.13336945,97.6671524,64.76475525,64.98571777,1153.306885,67.377388,276.2608643,75.18351746,0.994901886,0.0050981,0.01544885,0.000198777
2021-01-12,16:49:15,3.101099968,7.019100189,69.13336945,97.68239594,64.76598358,64.98527527,1153.319458,67.37572479,276.26651,75.18351746,0.994882584,0.00511741,0.0,0.000198777
2021-01-12,16:49:16,3.102700043,7.018699646,69.13336945,97.69696045,64.76557922,64.9852066,1153.321655,67.37406158,276.2721863,75.18351746,0.994882584,0.00511741,0.0,0.000198777
2021-01-12,16:49:17,3.103800011,7.017900085,69.13336945,97.7116394,64.76572418,64.98482513,1153.331665,67.37236786,276.2779236,75.18351746,0.994882584,0.00511741,0.0,0.000198777
2021-01-12,16:49:18,3.10529995,7.017099762,69.13336945,97.72707367,64.76623535,64.9848938,1153.330566,67.37089539,276.2827759,75.18351746,0.994882584,0.00511741,0.0,0.000198777
2021-01-12,16:49:19,3.106900024,7.016400146,69.13236237,97.74136353,64.76530457,64.98461914,1153.337646,67.36937714,276.2880249,75.3878479,0.994882584,0.00511741,0.0,0.000198777
2021-01-12,16:49:20,3.108399963,7.016000366,69.13134766,97.75689697,64.76591492,64.98445129,1153.342651,67.36816406,276.2922058,75.3878479,0.994882584,0.00511741,0.0,0.000198777
2021-01-12,16:49:21,3.109799957,7.015299988,69.13134766,97.77178955,64.76468658,64.98409271,1153.352173,67.36620331,276.2987061,75.3878479,0.994882584,0.00511741,0.0,0.000198777
2021-01-12,16:49:22,3.111199951,7.014600372,69.13134766,97.78686523,64.76574707,64.98423767,1153.348511,67.36481476,276.3034363,75.3878479,0.994882584,0.00511741,0.0,0.000198777
2021-01-12,16:49:23,3.112299919,7.013999939,69.13134766,97.80163574,64.76512146,64.98355865,1153.367676,67.36347961,276.308075,75.3878479,0.994882584,0.00511741,0.0,0.000198777
2021-01-12,16:49:24,3.113400078,7.013600159,69.13237,97.81546783,64.76618958,64.98345947,1153.369751,67.36160278,276.3143921,75.58397675,0.994882584,0.00511741,0.0,0.000198777
2021-01-12,16:49:25,3.114299965,7.01289978,69.13136292,97.82963562,64.76487732,64.98305511,1153.381348,67.36043549,276.3183594,75.58397675,0.99486969,0.00513029,0.0,0.000198655
2021-01-12,16:49:26,3.115500069,7.012200165,69.13136292,97.84479523,64.76602936,64.98283386,1153.387573,67.35877228,276.3239136,75.58397675,0.99486969,0.00513029,0.0,0.000198881
2021-01-12,16:49:27,3.116600037,7.011499786,69.13136292,97.86026764,64.76516724,64.98223877,1153.404297,67.35774994,276.3274536,75.58397675,0.99486969,0.00513029,0.0,0.000198881
2021-01-12,16:49:28,3.11760006,7.010800171,69.13136292,97.87411499,64.76591492,64.98246765,1153.397949,67.35593414,276.3336792,75.58397675,0.99486969,0.00513029,0.0,0.000198622
2021-01-12,16:49:29,3.118300056,7.010299683,69.13136292,97.88710022,64.76660919,64.98212433,1153.407349,67.35449982,276.338562,75.74932861,0.99486969,0.00513029,0.0,0.000198622
2021-01-12,16:49:30,3.119000053,7.009899902,69.13136292,97.90149689,64.76478577,64.98171997,1153.418945,67.35284424,276.3442688,75.74932861,0.994877472,0.00512254,0.0,0.00019876
2021-01-12,16:49:31,3.11970005,7.008999634,69.13136292,97.91616058,64.76596832,64.98130798,1153.43042,67.35137177,276.3492737,75.74932861,0.994877472,0.00512254,0.0,0.00019876
2021-01-12,16:49:32,3.120800018,7.008200073,69.13237,97.92974854,64.7648468,64.98116302,1153.435059,67.35028839,276.3527527,75.74932861,0.994877472,0.00512254,0.0,0.00019876
2021-01-12,16:49:33,3.121699905,7.007499695,69.13027191,97.9438324,64.76528931,64.98052216,1153.452393,67.34864044,276.358429,75.74932861,0.994877472,0.00512254,0.0,0.00019876
2021-01-12,16:49:34,3.122500038,7.006800079,69.13027191,97.95856476,64.76586914,64.98029327,1153.458496,67.34779358,276.3613892,75.92588806,0.994885101,0.00511491,0.01562513,0.00019876
2021-01-12,16:49:35,3.122999954,7.006099701,69.13027191,97.97167969,64.76635742,64.97989655,1153.46936,67.34649658,276.3657227,75.92588806,0.994885101,0.00511491,0.0,0.00019876
2021-01-12,16:49:36,3.123900032,7.005200195,69.13027191,97.98573303,64.76420593,64.97945404,1153.4823,67.34519958,276.3701172,75.92588806,0.99488678,0.00511324,0.0,0.00019876
2021-01-12,16:49:37,3.124799919,7.004399872,69.13027191,97.99962616,64.76526642,64.97911072,1153.491455,67.34408569,276.3737793,75.92588806,0.994895935,0.00510406,0.015631065,0.000198649
2021-01-12,16:49:38,3.125200081,7.003600311,69.12923431,98.0138855,64.76476288,64.9787674,1153.501099,67.342659,276.3786316,75.92588806,0.994895935,0.00510406,0.015631065,0.000198649
2021-01-12,16:49:39,3.125900078,7.002799988,69.12923431,98.0254364,64.76599884,64.97853088,1153.508301,67.34207153,276.3806458,76.24167633,0.994895935,0.00510406,0.0,0.000198649
2021-01-12,16:49:40,3.126600075,7.001899719,69.13027954,98.03940582,64.76637268,64.97805023,1153.52124,67.34076691,276.3850098,76.24167633,0.994895935,0.00510406,0.0,0.000198649
2021-01-12,16:49:41,3.127099991,7.001100159,69.12927246,98.05318451,64.76528931,64.97753143,1153.536377,67.33961487,276.3890991,76.24167633,0.994895935,0.00510406,0.0,0.000198649
2021-01-12,16:49:42,3.127700043,7.000299835,69.12927246,98.06581116,64.765625,64.97731018,1153.542114,67.33840942,276.393158,76.24167633,0.994895935,0.00510406,0.0,0.000198649
2021-01-12,16:49:43,3.128000069,6.999500275,69.12927246,98.07961273,64.76501465,64.97674561,1153.558105,67.33720398,276.3972473,76.24167633,0.994898529,0.00510156,0.015589221,0.000198773
2021-01-12,16:49:44,3.128899956,6.998400116,69.12927246,98.0920639,64.765625,64.97650146,1153.565308,67.33576965,276.4020996,76.24167633,0.994898529,0.00510156,0.015589221,0.000198773
2021-01-12,16:49:45,3.129299927,6.997599792,69.12927246,98.10639954,64.76491547,64.97592926,1153.580933,67.3343811,276.4067078,76.24167633,0.994898529,0.00510156,0.015589221,0.000198773
2021-01-12,16:49:46,3.129999924,6.996800232,69.12927246,98.11890411,64.76561737,64.97545624,1153.594604,67.33309174,276.4110718,76.24167633,0.994898529,0.00510156,0.015582682,0.000198896
2021-01-12,16:49:47,3.13029995,6.995899963,69.12927246,98.13076019,64.76525116,64.97532654,1153.598267,67.33215332,276.4143372,76.24167633,0.994898529,0.00510156,0.015582682,0.000198896
2021-01-12,16:49:48,3.130800056,6.99489975,69.12927246,98.14428711,64.76472473,64.97491455,1153.609375,67.33099365,276.418396,76.24167633,0.994898529,0.00510156,0.015582682,0.000198778
2021-01-12,16:49:49,3.131200027,6.993800354,69.12824249,98.15595245,64.765625,64.9744339,1153.623047,67.32991791,276.4219666,76.50081635,0.994898529,0.00510156,0.015582682,0.000198778
2021-01-12,16:49:50,3.130900002,6.993099976,69.12824249,98.16915131,64.76669312,64.97401428,1153.634521,67.32889557,276.4254761,76.50081635,0.994904404,0.0050956,0.0,0.000198778
2021-01-12,16:49:51,3.132099915,6.992299652,69.12824249,98.18139648,64.76538086,64.97362518,1153.645874,67.32795715,276.4286194,76.50081635,0.994904404,0.0050956,0.015573717,0.000198778
2021-01-12,16:49:52,3.132500076,6.991600037,69.12824249,98.19366455,64.76623535,64.97330475,1153.654663,67.32679749,276.4325867,76.50081635,0.994902878,0.00509709,0.01556736,0.000198979
2021-01-12,16:49:53,3.132900047,6.991699982,69.12722778,98.20653534,64.76782227,64.97278595,1153.669312,67.32571411,276.4363098,76.50081635,0.994902878,0.00509709,0.01556736,0.000198979
2021-01-12,16:49:54,3.133200073,6.991899872,69.12825012,98.21842194,64.76565552,64.97239685,1153.680054,67.32478333,276.4394226,76.50081635,0.994902878,0.00509709,0.01556736,0.000198979
2021-01-12,16:49:55,3.133600044,6.992299652,69.12825012,98.22991943,64.76670837,64.97190094,1153.693604,67.32357788,276.4434814,76.50081635,0.994908905,0.00509113,0.015572447,0.000198979
2021-01-12,16:49:56,3.133799934,6.992500305,69.12723541,98.24249268,64.76620483,64.97147369,1153.705688,67.32228851,276.4479065,76.50081635,0.994908905,0.00509113,0.0,0.000198686
2021-01-12,16:49:57,3.134199905,6.99280014,69.12723541,98.25487518,64.76570129,64.97092438,1153.721191,67.32116699,276.4517822,76.50081635,0.994908905,0.00509113,0.0,0.000198686
2021-01-12,16:49:58,3.133699989,6.992900085,69.12723541,98.26675415,64.76608276,64.9706192,1153.730103,67.32057953,276.4537659,76.50081635,0.994920807,0.00507921,0.0,0.000198686
2021-01-12,16:49:59,3.134300041,6.992700195,69.12723541,98.27890778,64.76637268,64.97038269,1153.736328,67.31960297,276.4570007,76.68975067,0.994920807,0.00507921,0.0,0.000198686
2021-01-12,16:50:00,3.134900093,6.993199921,69.12723541,98.28959656,64.76599121,64.97000122,1153.746704,67.31834412,276.4612122,76.68975067,0.994920807,0.00507921,0.01555761,0.000198686
2021-01-12,16:50:01,3.135300064,6.993499756,69.12723541,98.30155182,64.76756287,64.96963501,1153.757446,67.31736755,276.4647217,76.68975067,0.994920807,0.00507921,0.0,0.000198772
2021-01-12,16:50:02,3.135700035,6.99280014,69.12723541,98.31271362,64.76585388,64.96943665,1153.762939,67.31665039,276.46698,76.68975067,0.994920807,0.00507921,0.0,0.000198772
2021-01-12,16:50:03,3.136100006,6.992500305,69.12622833,98.32590485,64.7672348,64.96899414,1153.775146,67.31562805,276.4705811,76.68975067,0.994920807,0.00507921,0.0,0.000198772
2021-01-12,16:50:04,3.136599922,6.992299652,69.12622833,98.33566284,64.7665863,64.96846008,1153.789795,67.31504822,276.4726257,76.68975067,0.994920807,0.00507921,0.0,0.000198772
2021-01-12,16:50:05,3.136800003,6.992099762,69.12622833,98.34698486,64.76637268,64.96819305,1153.797607,67.31429291,276.4751587,76.68975067,0.994920807,0.00507921,0.015582439,0.000198665
2021-01-12,16:50:06,3.137100029,6.991500092,69.12515259,98.35855865,64.76704407,64.96793365,1153.804688,67.31370544,276.4770813,76.68975067,0.994920807,0.00507921,0.015582439,0.000198665
2021-01-12,16:50:07,3.136899948,6.991100311,69.12619019,98.37098694,64.76631165,64.96751404,1153.817017,67.31320953,276.4787903,76.68975067,0.994920807,0.00507921,0.015582439,0.000198639
2021-01-12,16:50:08,3.137700081,6.990399933,69.12516785,98.37979126,64.76791382,64.96733093,1153.821655,67.31253815,276.480957,76.68975067,0.994920807,0.00507921,0.015582439,0.000198639
2021-01-12,16:50:09,3.138299942,6.989800262,69.12516785,98.39033508,64.76696777,64.96704102,1153.8302,67.31186676,276.4833069,76.68975067,0.994920807,0.00507921,0.015582439,0.000198639
2021-01-12,16:50:10,3.138599968,6.989199829,69.12516785,98.40179443,64.76716614,64.96669769,1153.839355,67.31084442,276.4867554,76.68975067,0.994920807,0.00507921,0.0,0.000198639
2021-01-12,16:50:11,3.138299942,6.988500214,69.12516785,98.41268158,64.76867676,64.9664917,1153.845581,67.30999756,276.4897766,76.68975067,0.994921799,0.00507819,0.015522002,0.000198639
2021-01-12,16:50:12,3.13920002,6.98789978,69.12516785,98.42280579,64.76751709,64.96612549,1153.855591,67.30977631,276.490448,76.68975067,0.994921799,0.00507819,0.015522002,0.000198639
2021-01-12,16:50:13,3.138999939,6.987599945,69.12516785,98.43384552,64.7691803,64.96604156,1153.858032,67.30861664,276.4943542,76.68975067,0.994921799,0.00507819,0.015522002,0.000198639
2021-01-12,16:50:14,3.139500046,6.98690033,69.12516785,98.443573,64.76701355,64.96568298,1153.867798,67.30847931,276.4948425,76.68975067,0.994921799,0.00507819,0.0,0.000198639
2021-01-12,16:50:15,3.139299965,6.986100006,69.12516785,98.45438385,64.76811218,64.965271,1153.879761,67.30776978,276.4971924,76.68975067,0.994947891,0.00505209,0.015443825,0.000198699
2021-01-12,16:50:16,3.139999962,6.985399628,69.12516785,98.46486664,64.76979065,64.96513367,1153.883423,67.30700684,276.4999084,76.68975067,0.994947891,0.00505209,0.015443825,0.000198699
2021-01-12,16:50:17,3.139699936,6.984700012,69.12414551,98.47397614,64.76933289,64.96495819,1153.888306,67.30633545,276.5021057,76.68975067,0.994947891,0.00505209,0.015443825,0.000198699
2021-01-12,16:50:18,3.140299988,6.984100342,69.12414551,98.48500061,64.77027893,64.9644165,1153.903198,67.30615997,276.5027771,76.68975067,0.994947891,0.00505209,0.015443825,0.000198699
2021-01-12,16:50:19,3.139999962,6.983200073,69.12414551,98.49391174,64.7688446,64.96408844,1153.912598,67.30517578,276.5060425,76.68975067,0.994947891,0.00505209,0.015462779,0.000198672
2021-01-12,16:50:20,3.140800095,6.982299805,69.12414551,98.50408173,64.76867676,64.9638443,1153.919434,67.30459595,276.5079956,76.68975067,0.994947891,0.00505209,0.015462779,0.000198672
2021-01-12,16:50:21,3.140399933,6.981400299,69.12414551,98.51329803,64.76919556,64.96353149,1153.927979,67.30414581,276.509491,76.68975067,0.994947891,0.00505209,0.0,0.000198672
2021-01-12,16:50:22,3.140999985,6.980799866,69.12307739,98.52284241,64.77056885,64.96337128,1153.932373,67.30356598,276.5116577,76.68975067,0.994947891,0.00505209,0.015508922,0.000198672
2021-01-12,16:50:23,3.141300011,6.97990036,69.12307739,98.53234863,64.76960754,64.96311188,1153.940308,67.30303192,276.5133972,76.68975067,0.994947891,0.00505209,0.015508922,0.000198672
2021-01-12,16:50:24,3.14109993,6.979000092,69.12307739,98.54206085,64.76928711,64.96321869,1153.93689,67.30268097,276.5145264,76.94597626,0.994947891,0.00505209,0.015508922,0.000198672
2021-01-12,16:50:25,3.141600037,6.978099823,69.12307739,98.55157471,64.77058411,64.9628067,1153.948364,67.30195618,276.5169678,76.94597626,0.994929199,0.0050708,0.015508922,0.000198672
2021-01-12,16:50:26,3.141300011,6.977400208,69.12307739,98.56005859,64.77094269,64.96222687,1153.964844,67.30151367,276.5184631,76.94597626,0.994929199,0.0050708,0.015508922,0.000198672
2021-01-12,16:50:27,3.141799927,6.976999664,69.12307739,98.5700531,64.77053833,64.96211243,1153.968262,67.30116272,276.5197754,76.94597626,0.994929199,0.0050708,0.015508922,0.000198672
2021-01-12,16:50:28,3.142000008,6.976100159,69.12307739,98.578125,64.77000427,64.96203613,1153.969849,67.30069733,276.5212402,76.94597626,0.994929199,0.0050708,0.015508922,0.000198672
2021-01-12,16:50:29,3.141600037,6.975099945,69.12307739,98.58774567,64.77040863,64.96143341,1153.987061,67.30049133,276.5220337,76.94597626,0.994929199,0.0050708,0.015508922,0.000198672
2021-01-12,16:50:30,3.141900063,6.974199677,69.12307739,98.59592438,64.7709198,64.96138763,1153.988525,67.30014038,276.5232239,76.94597626,0.994929199,0.0050708,0.015508922,0.000198672
2021-01-12,16:50:31,3.141500092,6.973400116,69.12307739,98.60451508,64.77009583,64.96126556,1153.991943,67.29936981,276.5258484,76.94597626,0.99494133,0.00505864,0.0,0.000198599
2021-01-12,16:50:32,3.141799927,6.972299957,69.12307739,98.61233521,64.7718811,64.9605484,1154.011719,67.29906464,276.5268555,76.94597626,0.994942169,0.00505781,0.0,0.000198599
2021-01-12,16:50:33,3.142099953,6.971499634,69.12206268,98.6205368,64.77120972,64.9606781,1154.008301,67.2983017,276.5294495,76.94597626,0.994942169,0.00505781,0.0,0.000198599
2021-01-12,16:50:34,3.141799927,6.970800018,69.12206268,98.62988281,64.77128601,64.96043396,1154.014893,67.29766846,276.5315857,76.94597626,0.994941101,0.00505888,0.0,0.000198599
2021-01-12,16:50:35,3.142300034,6.969999695,69.12206268,98.63784027,64.77165985,64.96025085,1154.019775,67.2973175,276.5328979,76.94597626,0.994941101,0.00505888,0.0,0.000198599
2021-01-12,16:50:36,3.142099953,6.969100189,69.12206268,98.64528656,64.77227783,64.95993805,1154.029053,67.29677582,276.534729,76.94597626,0.994941101,0.00505888,0.0,0.000198599
2021-01-12,16:50:37,3.142399979,6.968199921,69.1210556,98.65292358,64.77104187,64.95961761,1154.03833,67.29647064,276.5357666,76.94597626,0.994941101,0.00505888,0.0,0.000198599
2021-01-12,16:50:38,3.141900063,6.968399811,69.1210556,98.66104889,64.77197266,64.95928192,1154.047363,67.29624176,276.536438,76.94597626,0.994941101,0.00505888,0.015405552,0.000198599
2021-01-12,16:50:39,3.142300034,6.969100189,69.1210556,98.66975403,64.76989746,64.95891571,1154.057617,67.29553223,276.5388794,76.94597626,0.994941101,0.00505888,0.015405552,0.000198599
2021-01-12,16:50:40,3.141799927,6.969499969,69.1210556,98.67610931,64.77168274,64.95900726,1154.054932,67.29503632,276.5404053,76.94597626,0.994941101,0.00505888,0.015405552,0.000198599
2021-01-12,16:50:41,3.142099953,6.96969986,69.1210556,98.68422699,64.77185059,64.95855713,1154.067993,67.29476166,276.5414734,76.94597626,0.994941101,0.00505888,0.015405552,0.000198599
2021-01-12,16:50:42,3.14260006,6.96989975,69.12003326,98.69095612,64.7728653,64.95828247,1154.075562,67.29405212,276.5439453,76.94597626,0.994967499,0.00503253,0.015405552,0.000198599
2021-01-12,16:50:43,3.142300034,6.97009964,69.12003326,98.69866943,64.7724762,64.95839691,1154.07251,67.29319763,276.546814,76.94597626,0.994967499,0.00503253,0.015405552,0.000198599
2021-01-12,16:50:44,3.142700005,6.970200348,69.12003326,98.70508575,64.77223206,64.95812225,1154.079956,67.29302216,276.5473022,76.94597626,0.994967499,0.00503253,0.0,0.000198686
2021-01-12,16:50:45,3.143300056,6.970800018,69.12003326,98.71292114,64.77232361,64.95787811,1154.08667,67.29266357,276.5487061,76.94597626,0.994967499,0.00503253,0.0,0.000198686
2021-01-12,16:50:46,3.143600082,6.971099854,69.12003326,98.71899414,64.77223206,64.95773315,1154.09021,67.29217529,276.5502319,76.94597626,0.994967499,0.00503253,0.0,0.000198795
2021-01-12,16:50:47,3.143300056,6.971199799,69.12003326,98.72564697,64.77334595,64.95742035,1154.099121,67.29156494,276.5524292,76.94597626,0.994967499,0.00503253,0.0,0.000198795
2021-01-12,16:50:48,3.143700027,6.970999908,69.12003326,98.73320007,64.77276611,64.95758057,1154.094727,67.29115295,276.5538635,76.94597626,0.994967499,0.00503253,0.015379572,0.000198795
2021-01-12,16:50:49,3.143000031,6.970800018,69.12003326,98.73963928,64.77235413,64.95722198,1154.105347,67.29065704,276.5554504,77.12049866,0.994968414,0.00503158,0.015379572,0.000198634
2021-01-12,16:50:50,3.143300056,6.970700073,69.11902618,98.74624634,64.77330017,64.95708466,1154.108887,67.29030609,276.5567017,77.12049866,0.994968414,0.00503158,0.015393561,0.000198632
2021-01-12,16:50:51,3.143000031,6.97009964,69.11902618,98.751091,64.77362061,64.95708466,1154.109375,67.28990173,276.5581055,77.12049866,0.994968414,0.00503158,0.015393561,0.000198632
2021-01-12,16:50:52,3.143199921,6.969599915,69.11902618,98.75712585,64.77278137,64.95681,1154.116455,67.28941345,276.5596924,77.12049866,0.994968414,0.00503158,0.015393561,0.000198632
2021-01-12,16:50:53,3.143499947,6.968900299,69.11902618,98.76451874,64.7740097,64.95658875,1154.123169,67.28878784,276.5618286,77.12049866,0.994968414,0.00503158,0.015393561,0.000198632
2021-01-12,16:50:54,3.143099976,6.968299866,69.11902618,98.77032471,64.77442932,64.95678711,1154.116699,67.28842926,276.5630188,76.95154572,0.994976273,0.00502365,0.0,0.000198653
2021-01-12,16:50:55,3.143700027,6.967700195,69.11902618,98.77603912,64.77404785,64.95638275,1154.12854,67.28794098,276.5645752,76.95154572,0.994976273,0.00502365,0.0,0.000198653
2021-01-12,16:50:56,3.143400002,6.966999817,69.11902618,98.78085327,64.77423859,64.95642853,1154.127197,67.28757477,276.565918,76.95154572,0.994976273,0.00502365,0.0,0.000198653
2021-01-12,16:50:57,3.143799973,6.966200256,69.11797333,98.78659821,64.77402496,64.95631409,1154.130737,67.28704834,276.567749,76.95154572,0.994976273,0.00502365,0.0,0.000198653
2021-01-12,16:50:58,3.144000053,6.965499878,69.11797333,98.79235077,64.77467346,64.95609283,1154.136841,67.28660583,276.5692749,76.95154572,0.994976273,0.00502365,0.0,0.000198653
2021-01-12,16:50:59,3.143600082,6.965100098,69.11797333,98.79737091,64.77376556,64.95606995,1154.137451,67.28637695,276.5700989,76.95154572,0.994976273,0.00502365,0.0,0.000198653
2021-01-12,16:51:00,3.144099998,6.964700317,69.11695099,98.80256653,64.77451324,64.95593262,1154.141357,67.28606415,276.571167,76.95154572,0.994976273,0.00502365,0.0,0.000198653
2021-01-12,16:51:01,3.144300079,6.963899994,69.11695099,98.80797577,64.77554321,64.95615387,1154.135132,67.2859726,276.5708313,76.95154572,0.994976273,0.00502365,0.0,0.000198653
2021-01-12,16:51:02,3.143899918,6.963200378,69.11695099,98.81241608,64.77638245,64.95581818,1154.144287,67.28610992,276.5719299,76.95154572,0.994976273,0.00502365,0.0,0.000198653
2021-01-12,16:51:03,3.144300079,6.962599945,69.11695099,98.81750488,64.77401733,64.95561218,1154.149536,67.28530121,276.5735779,76.95154572,0.994976273,0.00502365,0.0,0.000198653
2021-01-12,16:51:04,3.143700027,6.962000275,69.11695099,98.82227325,64.77586365,64.95545959,1154.154053,67.28548431,276.5731201,76.95154572,0.994987335,0.00501275,0.015326284,0.000198646
2021-01-12,16:51:05,3.143300056,6.961000061,69.11695099,98.8265152,64.77415466,64.95552063,1154.152466,67.28469086,276.5757751,76.95154572,0.994987335,0.00501275,0.015326284,0.000198646
2021-01-12,16:51:06,3.144000053,6.959999847,69.11582947,98.83034515,64.77592468,64.95547485,1154.154663,67.28442383,276.5768127,76.95154572,0.994987335,0.00501275,0.015326284,0.000198646
2021-01-12,16:51:07,3.143600082,6.959200287,69.11582947,98.83462524,64.77508545,64.95529938,1154.159302,67.28379059,276.5787659,76.95154572,0.994987335,0.00501275,0.015326284,0.000198646
2021-01-12,16:51:08,3.144000053,6.958499908,69.11582947,98.83992004,64.77622986,64.95539093,1154.15625,67.2832489,276.580658,76.95154572,0.994987335,0.00501275,0.015326284,0.000198646
2021-01-12,16:51:09,3.143499947,6.957499695,69.1169281,98.84320831,64.77433014,64.95511627,1154.164307,67.2829895,276.5814819,76.95154572,0.994987335,0.00501275,0.01531399,0.000198646
2021-01-12,16:51:10,3.143899918,6.956700134,69.11589813,98.8480072,64.77563477,64.95495605,1154.168823,67.28249359,276.5832214,76.95154572,0.994987335,0.00501275,0.01531399,0.000198646
2021-01-12,16:51:11,3.143600082,6.955699921,69.11489105,98.85186768,64.77655029,64.95464325,1154.177612,67.28227997,276.5840149,76.95154572,0.994987335,0.00501275,0.01531399,0.000198646
2021-01-12,16:51:12,3.143899918,6.954699707,69.11489105,98.85569763,64.77597046,64.95452881,1154.180786,67.28178406,276.5856018,76.95154572,0.994987335,0.00501275,0.01531399,0.000198646
2021-01-12,16:51:13,3.143700027,6.953700256,69.11489105,98.85887909,64.7754364,64.95464325,1154.177612,67.2815094,276.5865479,76.95154572,0.994987335,0.00501275,0.01531399,0.000198646
2021-01-12,16:51:14,3.144000053,6.953099823,69.11489105,98.86229706,64.77638245,64.95444489,1154.182861,67.28160858,276.5862427,77.15772247,0.994987335,0.00501275,0.01531399,0.000198646
2021-01-12,16:51:15,3.143700027,6.952200317,69.11589813,98.86502075,64.77519226,64.95432281,1154.186401,67.28105927,276.5881348,77.15772247,0.994987335,0.00501275,0.01531399,0.000198655
2021-01-12,16:51:16,3.144099998,6.951100159,69.11589813,98.86818695,64.77604675,64.95450592,1154.181396,67.28084564,276.5889282,77.15772247,0.994987335,0.00501275,0.01531399,0.000198655
2021-01-12,16:51:17,3.143700027,6.950299835,69.11489105,98.87152863,64.77702332,64.95414734,1154.191162,67.28026581,276.5907898,77.15772247,0.994987335,0.00501275,0.01531399,0.000198655
2021-01-12,16:51:18,3.144000053,6.94940033,69.11489105,98.87608337,64.77605438,64.9539566,1154.196167,67.27999115,276.5917358,77.15772247,0.994987335,0.00501275,0.01531399,0.000198655
2021-01-12,16:51:19,3.143600082,6.948699951,69.11386871,98.87817383,64.776474,64.95375824,1154.202393,67.27945709,276.5935364,77.15772247,0.994987335,0.00501275,0.015324285,0.000198655
2021-01-12,16:51:20,3.143899918,6.947499847,69.11386871,98.87996674,64.77576447,64.9538269,1154.199829,67.27892303,276.5953674,77.15772247,0.994987335,0.00501275,0.015324285,0.000198655
2021-01-12,16:51:21,3.143300056,6.946299744,69.11386871,98.88291931,64.77680206,64.95378113,1154.201538,67.2786026,276.5963745,77.15772247,0.994987335,0.00501275,0.015324285,0.000198736
2021-01-12,16:51:22,3.143600082,6.945300293,69.11386871,98.88516235,64.77659607,64.95339966,1154.21228,67.2781601,276.598053,77.15772247,0.994987335,0.00501275,0.015324285,0.000198736
2021-01-12,16:51:23,3.143199921,6.944100189,69.11386871,98.88767242,64.77722931,64.95320892,1154.217651,67.27789307,276.5987549,77.15772247,0.994987335,0.00501275,0.0,0.000198518
2021-01-12,16:51:24,3.143400002,6.94280014,69.11386871,98.89003754,64.77742767,64.9535141,1154.208862,67.27731323,276.6008911,77.15772247,0.994987335,0.00501275,0.0,0.000198518
2021-01-12,16:51:25,3.143000031,6.941500092,69.11386871,98.89225006,64.77709961,64.95330048,1154.214844,67.2767334,276.6027832,77.15772247,0.994987335,0.00501275,0.0,0.000198518
2021-01-12,16:51:26,3.14279995,6.940299988,69.11386871,98.89452362,64.77629089,64.95291138,1154.22522,67.27687073,276.603363,77.15772247,0.994987335,0.00501275,0.0,0.000198518
2021-01-12,16:51:27,3.143199921,6.939099884,69.11282349,98.89582825,64.77850342,64.95303345,1154.222778,67.27584076,276.6058044,77.15772247,0.994987335,0.00501275,0.0,0.000198518
2021-01-12,16:51:28,3.142900085,6.93789978,69.11282349,98.89920044,64.77728271,64.95262909,1154.233765,67.27548981,276.6070862,77.15772247,0.994987335,0.00501275,0.0,0.000198518
2021-01-12,16:51:29,3.143300056,6.936799622,69.11181641,98.90018463,64.77862549,64.95238495,1154.240112,67.2753067,276.6076355,77.15772247,0.994987335,0.00501275,0.0,0.000198574
2021-01-12,16:51:30,3.142700005,6.935600281,69.11181641,98.90136719,64.77766418,64.95278931,1154.229248,67.27508545,276.6084595,77.15772247,0.994962463,0.00503754,0.015407429,0.000198692
2021-01-12,16:51:31,3.143099976,6.934500122,69.11181641,98.90248108,64.77648926,64.95224762,1154.243652,67.2749939,276.6086426,77.15772247,0.994962463,0.00503754,0.015403554,0.000198691
2021-01-12,16:51:32,3.14260006,6.933300018,69.11181641,98.9048233,64.77732086,64.95201874,1154.249756,67.27427673,276.6111755,77.15772247,0.994962463,0.00503754,0.015403554,0.000198691
2021-01-12,16:51:33,3.14279995,6.931999969,69.11181641,98.90530396,64.77653503,64.95206451,1154.251587,67.27396393,276.6122742,77.15772247,0.994962463,0.00503754,0.015403554,0.000198691
2021-01-12,16:51:34,3.142300034,6.930999756,69.11181641,98.90650177,64.77783203,64.9516983,1154.258667,67.27378845,276.6127319,77.15772247,0.994962463,0.00503754,0.015403554,0.000198691
2021-01-12,16:51:35,3.142499924,6.93010025,69.11181641,98.90751648,64.77552795,64.95201874,1154.250366,67.27339172,276.6142273,77.15772247,0.994962463,0.00503754,0.0,0.000198691
2021-01-12,16:51:36,3.141900063,6.929100037,69.11181641,98.90809631,64.77805328,64.95167542,1154.259766,67.27288818,276.6157837,77.15772247,0.994962463,0.00503754,0.0,0.000198691
2021-01-12,16:51:37,3.142099953,6.927999878,69.11181641,98.90927124,64.77575684,64.95154572,1154.263672,67.2722702,276.618103,77.15772247,0.994962463,0.00503754,0.0,0.000198691
2021-01-12,16:51:38,3.141500092,6.927600098,69.11181641,98.90973663,64.77687836,64.95142365,1154.266357,67.2719574,276.6191711,77.15772247,0.994962463,0.00503754,0.0,0.000198691
2021-01-12,16:51:39,3.141699982,6.926399994,69.11181641,98.91126251,64.7774353,64.95122528,1154.272461,67.27136993,276.6211548,77.35313416,0.994962463,0.00503754,0.0,0.000198691
2021-01-12,16:51:40,3.140800095,6.92519989,69.11181641,98.91051483,64.77700043,64.95133972,1154.269409,67.27084351,276.6229553,77.35313416,0.994962463,0.00503754,0.0,0.000198691
2021-01-12,16:51:41,3.140600014,6.924199677,69.11076355,98.9108963,64.7756424,64.95095825,1154.279541,67.27021027,276.625061,77.35313416,0.994962463,0.00503754,0.0,0.000198691
2021-01-12,16:51:42,3.140200043,6.922799683,69.11076355,98.91078186,64.77778625,64.95076752,1154.285278,67.27007294,276.6254272,77.35313416,0.994962463,0.00503754,0.0,0.000198691
2021-01-12,16:51:43,3.140500069,6.921499634,69.11076355,98.91137695,64.77705383,64.95082092,1154.286621,67.2693634,276.6280212,77.35313416,0.994962463,0.00503754,0.0,0.000198691
2021-01-12,16:51:44,3.139999962,6.919999695,69.11076355,98.91191101,64.77728271,64.95046997,1154.293213,67.26875305,276.6299744,77.47033691,0.994962463,0.00503754,0.0,0.000198691
2021-01-12,16:51:45,3.140299988,6.918699646,69.11076355,98.91149902,64.77833557,64.95023346,1154.299927,67.26802826,276.6325073,77.47033691,0.994962463,0.00503754,0.0,0.000198691
2021-01-12,16:51:46,3.139900017,6.917500305,69.10974121,98.91096497,64.77667236,64.95005798,1154.305542,67.26776123,276.6333923,77.47033691,0.994962463,0.00503754,0.0,0.000198691
2021-01-12,16:51:47,3.140500069,6.916500092,69.10974121,98.91067505,64.77784729,64.94992065,1154.309204,67.26712799,276.6355286,77.47033691,0.994962463,0.00503754,0.0,0.000198691
2021-01-12,16:51:48,3.140200043,6.915299988,69.10974121,98.91082764,64.77836609,64.95017242,1154.302002,67.26673126,276.6366882,77.47033691,0.994962463,0.00503754,0.0,0.000198691
2021-01-12,16:51:49,3.140500069,6.913999939,69.10974121,98.91043854,64.77719879,64.94967651,1154.315918,67.26605988,276.6390381,77.47033691,0.994962463,0.00503754,0.0,0.00019867
2021-01-12,16:51:50,3.139800072,6.912799835,69.10974121,98.90952301,64.77648926,64.94970703,1154.315063,67.26579285,276.6398315,77.47033691,0.994962463,0.00503754,0.0,0.00019867
2021-01-12,16:51:51,3.140200043,6.911799622,69.10974121,98.90785217,64.77816772,64.94963074,1154.316895,67.26513672,276.6422119,77.47033691,0.994962463,0.00503754,0.0,0.00019867
2021-01-12,16:51:52,3.139599991,6.910700226,69.10974121,98.90745544,64.77631378,64.94932556,1154.326172,67.26464081,276.6438293,77.47033691,0.994962463,0.00503754,0.0,0.00019867
2021-01-12,16:51:53,3.139800072,6.909500122,69.10974121,98.9068985,64.77703857,64.9491806,1154.329956,67.26402283,276.6460266,77.47033691,0.994962463,0.00503754,0.0,0.00019867
2021-01-12,16:51:54,3.139299965,6.908599854,69.10974121,98.90614319,64.77662659,64.94905853,1154.333374,67.26325226,276.6484985,77.67482758,0.994962463,0.00503754,0.0,0.00019867
2021-01-12,16:51:55,3.138999939,6.907700348,69.1086731,98.90451813,64.77711487,64.9485321,1154.347778,67.26213074,276.6523743,77.67482758,0.994962463,0.00503754,0.0,0.00019867
2021-01-12,16:51:56,3.138800049,6.906500244,69.1086731,98.90370941,64.77697754,64.94892883,1154.336914,67.26187897,276.6532593,77.67482758,0.994962463,0.00503754,0.0,0.00019867
2021-01-12,16:51:57,3.138699913,6.905699921,69.1086731,98.90244293,64.77670288,64.94858551,1154.346802,67.26107025,276.6558838,77.67482758,0.994962463,0.00503754,0.015509589,0.000198837
2021-01-12,16:51:58,3.138299942,6.904499817,69.1086731,98.90125275,64.77824402,64.9485321,1154.347656,67.26053619,276.6578369,77.67482758,0.994962463,0.00503754,0.015509589,0.000198837
2021-01-12,16:51:59,3.137899971,6.903399658,69.1086731,98.89842987,64.77758026,64.94841003,1154.351685,67.25964355,276.6607971,77.55206299,0.994962463,0.00503754,0.0,0.000198837
2021-01-12,16:52:00,3.138199997,6.902500153,69.10766602,98.89730072,64.77706909,64.94818115,1154.35791,67.25865936,276.6642456,77.55206299,0.994962463,0.00503754,0.015492876,0.000198837
2021-01-12,16:52:01,3.137700081,6.901499939,69.10766602,98.89599609,64.77770996,64.94831085,1154.353882,67.25875092,276.6638489,77.55206299,0.994962463,0.00503754,0.015492876,0.000198837
2021-01-12,16:52:02,3.137400055,6.900499725,69.10766602,98.89438629,64.77824402,64.94779205,1154.368896,67.25812531,276.6659241,77.55206299,0.994962463,0.00503754,0.015492876,0.000198837
2021-01-12,16:52:03,3.137800026,6.899500275,69.10766602,98.89294434,64.77928162,64.94796753,1154.36377,67.25749207,276.6681824,77.55206299,0.994920807,0.00507921,0.0,0.000198837
2021-01-12,16:52:04,3.137199974,6.898600006,69.10766602,98.89058685,64.77774048,64.94792175,1154.365234,67.25753784,276.6683044,77.55206299,0.994920807,0.00507921,0.0,0.000198837
2021-01-12,16:52:05,3.136700058,6.897599792,69.10662842,98.88857269,64.7767334,64.94768524,1154.371582,67.25713348,276.6693726,77.55206299,0.994920807,0.00507921,0.0,0.000198837
2021-01-12,16:52:06,3.136400032,6.896800232,69.10662842,98.88628387,64.77603149,64.94792175,1154.364868,67.25695801,276.6699219,77.55206299,0.994920807,0.00507921,0.0,0.000198837
2021-01-12,16:52:07,3.136000061,6.895500183,69.10662842,98.88461304,64.77758789,64.94747925,1154.377808,67.25646973,276.6716614,77.55206299,0.994920807,0.00507921,0.0,0.000198837
2021-01-12,16:52:08,3.135700035,6.894300079,69.10662842,98.88278961,64.77793884,64.94707489,1154.38916,67.2563324,276.6721191,77.55206299,0.994920807,0.00507921,0.0,0.000198837
2021-01-12,16:52:09,3.135899925,6.893000031,69.10662842,98.87940216,64.77714539,64.94743347,1154.37854,67.2565155,276.6715698,77.78707886,0.994920807,0.00507921,0.0,0.000198837
2021-01-12,16:52:10,3.13560009,6.892099762,69.10662842,98.87773895,64.77732849,64.94715881,1154.386597,67.25576019,276.6741638,77.78707886,0.994920807,0.00507921,0.0,0.000198837
2021-01-12,16:52:11,3.135300064,6.890799713,69.10662842,98.87457275,64.77812195,64.94709778,1154.388794,67.25548553,276.6750183,77.78707886,0.994920807,0.00507921,0.0,0.000198837
2021-01-12,16:52:12,3.135700035,6.889600372,69.10662842,98.87195587,64.77848816,64.94690704,1154.393921,67.25489807,276.6770325,77.78707886,0.994920807,0.00507921,0.0,0.000198837
2021-01-12,16:52:13,3.135199928,6.888400269,69.10559845,98.86959839,64.7775116,64.94670868,1154.39917,67.25415802,276.6795654,77.78707886,0.994920807,0.00507921,0.015541624,0.000198666
2021-01-12,16:52:14,3.135499954,6.887400055,69.10559845,98.86756897,64.77700806,64.94644165,1154.406738,67.25384521,276.6805725,77.96688843,0.994920807,0.00507921,0.0,0.000198615
2021-01-12,16:52:15,3.135000038,6.887799835,69.10559845,98.86473846,64.77674866,64.94634247,1154.409058,67.25405884,276.6798706,77.96688843,0.994920807,0.00507921,0.0,0.000198615
2021-01-12,16:52:16,3.134799957,6.886399841,69.10559845,98.86267853,64.77819061,64.94648743,1154.405273,67.25352478,276.6816406,77.96688843,0.994920807,0.00507921,0.0,0.000198615
2021-01-12,16:52:17,3.134600067,6.885299683,69.10559845,98.85904694,64.77780151,64.94634247,1154.408813,67.25289917,276.6838379,77.96688843,0.994920807,0.00507921,0.0,0.000198615
2021-01-12,16:52:18,3.134399986,6.884500122,69.10559845,98.85555267,64.77840424,64.94648743,1154.405884,67.25249481,276.6852722,77.96688843,0.994920807,0.00507921,0.0,0.000198504
2021-01-12,16:52:19,3.133799934,6.883499908,69.10559845,98.8527298,64.77684021,64.94606781,1154.416748,67.25179291,276.6876526,77.96688843,0.994901428,0.00509858,0.0,0.000198504
2021-01-12,16:52:20,3.133399963,6.882499695,69.10559845,98.8499527,64.777771,64.94582367,1154.423706,67.25089264,276.6906433,77.96688843,0.99490387,0.00509607,0.0,0.000198504
2021-01-12,16:52:21,3.132799911,6.881199646,69.10459137,98.84585571,64.77702332,64.94616699,1154.414795,67.25035858,276.6925049,77.96688843,0.99490387,0.00509607,0.0,0.000198646
2021-01-12,16:52:22,3.133099937,6.879799652,69.10459137,98.84331512,64.77819061,64.94602966,1154.417603,67.24990845,276.6939392,77.96688843,0.99490387,0.00509607,0.0,0.000198646
2021-01-12,16:52:23,3.132799911,6.878700256,69.10459137,98.83969116,64.77789307,64.94570923,1154.427002,67.24906158,276.6968384,77.96688843,0.994895477,0.00510454,0.0,0.000198646
2021-01-12,16:52:24,3.133099937,6.877400208,69.10459137,98.83631134,64.77815247,64.9458847,1154.421631,67.24825287,276.6996155,77.96688843,0.994895477,0.00510454,0.0,0.000198646
2021-01-12,16:52:25,3.132600021,6.876399994,69.10356903,98.83319092,64.77767944,64.9454422,1154.435059,67.24811554,276.7001038,77.96688843,0.994895477,0.00510454,0.0,0.000198646
2021-01-12,16:52:26,3.132999992,6.875299835,69.10356903,98.8296051,64.77830505,64.94532013,1154.437866,67.24789429,276.7008972,77.96688843,0.994895477,0.00510454,0.0,0.000198646
2021-01-12,16:52:27,3.13239994,6.87460022,69.10356903,98.82627106,64.7775116,64.9454422,1154.434814,67.24691772,276.7041931,77.96688843,0.994895477,0.00510454,0.0,0.000198646
2021-01-12,16:52:28,3.132699966,6.873600006,69.10356903,98.82263947,64.77900696,64.94525909,1154.440063,67.24647522,276.70578,77.96688843,0.994895477,0.00510454,0.0,0.000198646
2021-01-12,16:52:29,3.132099915,6.872499847,69.10356903,98.81991577,64.77958679,64.94496155,1154.447998,67.24602509,276.7073059,77.96688843,0.994895477,0.00510454,0.0,0.000198646
2021-01-12,16:52:30,3.132299995,6.871299744,69.10256195,98.8157959,64.7776947,64.94514465,1154.443359,67.24549103,276.7090454,77.96688843,0.994858322,0.00514167,0.0,0.000198646
2021-01-12,16:52:31,3.131800079,6.870200348,69.10256195,98.8123703,64.776474,64.94485474,1154.451172,67.24517822,276.710022,77.96688843,0.994858322,0.00514167,0.0,0.000198646
2021-01-12,16:52:32,3.13220005,6.869200134,69.10256195,98.80879211,64.77589417,64.94508362,1154.444946,67.2454071,276.7106323,77.96688843,0.994858322,0.00514167,0.0,0.000198646
2021-01-12,16:52:33,3.131599998,6.868099976,69.10256195,98.80509949,64.77812195,64.94476318,1154.453979,67.24414825,276.713623,77.96688843,0.994858322,0.00514167,0.0,0.000198609
2021-01-12,16:52:34,3.131299973,6.866999817,69.10256195,98.80010223,64.7791214,64.94460297,1154.45813,67.24317932,276.71698,77.96688843,0.994858322,0.00514167,0.0,0.000198609
2021-01-12,16:52:35,3.131500053,6.865899658,69.10256195,98.79679108,64.77619934,64.9447403,1154.454468,67.24272156,276.7185364,77.96688843,0.994858322,0.00514167,0.0,0.000198609
2021-01-12,16:52:36,3.130900002,6.864600372,69.10256195,98.79250336,64.77791595,64.94433594,1154.465942,67.2419281,276.721283,77.96688843,0.994858322,0.00514167,0.0,0.000198609
2021-01-12,16:52:37,3.131200027,6.863400269,69.10256195,98.78968811,64.77836609,64.94419098,1154.469727,67.24134827,276.7232971,77.96688843,0.994858322,0.00514167,0.0,0.000198609
2021-01-12,16:52:38,3.130699921,6.862200165,69.10256195,98.78599548,64.7776413,64.94446564,1154.461914,67.24102783,276.7242737,77.96688843,0.994858322,0.00514167,0.0,0.000198609
2021-01-12,16:52:39,3.131100082,6.861199951,69.10256195,98.78079224,64.77809143,64.94431305,1154.465942,67.24072266,276.7253723,78.29449463,0.994858322,0.00514167,0.0,0.000198609
2021-01-12,16:52:40,3.130699921,6.859999847,69.10256195,98.7769928,64.77724457,64.94412231,1154.471191,67.24017334,276.7270813,78.29449463,0.994858322,0.00514167,0.0,0.000198609
2021-01-12,16:52:41,3.130900002,6.858899689,69.10148621,98.77233124,64.77798462,64.94394684,1154.476196,67.23992157,276.7280273,78.29449463,0.994871674,0.00512826,0.0,0.000198391
2021-01-12,16:52:42,3.130400085,6.858300018,69.10148621,98.76810455,64.77848816,64.94408417,1154.4729,67.23973846,276.7286682,78.29449463,0.994871674,0.00512826,0.0,0.000198391
2021-01-12,16:52:43,3.130200005,6.857499695,69.10148621,98.76364899,64.77806091,64.94387817,1154.478394,67.23956299,276.7292786,78.29449463,0.994871674,0.00512826,0.0,0.000198391
2021-01-12,16:52:44,3.130400085,6.856400299,69.10148621,98.75988007,64.77780151,64.94419098,1154.469482,67.23897552,276.7312927,78.29449463,0.994883575,0.00511646,0.01564451,0.000198518
2021-01-12,16:52:45,3.129700089,6.855400085,69.10046387,98.75563812,64.77690125,64.9438324,1154.479614,67.23889923,276.7315979,78.29449463,0.994883575,0.00511646,0.01564451,0.000198518
2021-01-12,16:52:46,3.129299927,6.854299927,69.10046387,98.75178528,64.77841187,64.94372559,1154.482788,67.23880005,276.731842,78.29449463,0.994883575,0.00511646,0.0,0.000198518
2021-01-12,16:52:47,3.129599953,6.853299713,69.10046387,98.74681854,64.77801514,64.94378662,1154.480591,67.23897552,276.7312622,78.29449463,0.994883575,0.00511646,0.0,0.000198518
2021-01-12,16:52:48,3.128899956,6.852200317,69.10046387,98.74230194,64.77738953,64.9434433,1154.490601,67.23782349,276.7351379,78.29449463,0.994883575,0.00511646,0.015629066,0.000198411
2021-01-12,16:52:49,3.12840004,6.850800323,69.10147858,98.73833466,64.77924347,64.94354248,1154.487549,67.23751068,276.7362061,78.29449463,0.994883575,0.00511646,0.015629066,0.000198411
2021-01-12,16:52:50,3.128800011,6.849700165,69.10044098,98.73455048,64.7773056,64.94337463,1154.491943,67.23799896,276.7345886,78.29449463,0.994883575,0.00511646,0.015629066,0.000198741
2021-01-12,16:52:51,3.12840004,6.848699951,69.10044098,98.73006439,64.77928162,64.94333649,1154.49353,67.2372818,276.73703,78.29449463,0.994883575,0.00511646,0.015629066,0.000198741
2021-01-12,16:52:52,3.128199959,6.847699738,69.09941101,98.72584534,64.77991486,64.94354248,1154.487793,67.23719788,276.7373047,78.29449463,0.994883575,0.00511646,0.015629066,0.000198741
2021-01-12,16:52:53,3.127700043,6.846600342,69.09941101,98.72098541,64.777771,64.94333649,1154.493774,67.23687744,276.7384949,78.29449463,0.994883575,0.00511646,0.015629066,0.000198741
2021-01-12,16:52:54,3.128000069,6.845300293,69.09941101,98.71582794,64.77850342,64.94308472,1154.500366,67.23710632,276.7377319,78.46151733,0.994883575,0.00511646,0.0,0.000198741
2021-01-12,16:52:55,3.127599907,6.844200134,69.09941101,98.71193695,64.77755737,64.94339752,1154.491577,67.23683929,276.7385559,78.46151733,0.994861298,0.00513869,0.0,0.000198428
2021-01-12,16:52:56,3.127199936,6.843499756,69.09941101,98.70802307,64.77891541,64.94320679,1154.497192,67.23687744,276.7384338,78.46151733,0.994861298,0.00513869,0.0,0.000198428
2021-01-12,16:52:57,3.127300072,6.842500305,69.09941101,98.70271301,64.77961731,64.94297791,1154.50354,67.2371521,276.7376099,78.46151733,0.994861298,0.00513869,0.01576641,0.000198516
2021-01-12,16:52:58,3.127000046,6.841500092,69.09941101,98.69836426,64.77832794,64.94315338,1154.498657,67.23697662,276.7380981,78.46151733,0.994861298,0.00513869,0.01576641,0.000198516
2021-01-12,16:52:59,3.126600075,6.840399933,69.09941101,98.69450378,64.77883911,64.94287872,1154.506714,67.23719788,276.7373657,78.46151733,0.994861298,0.00513869,0.01576641,0.000198516
2021-01-12,16:53:00,3.126399994,6.839399719,69.09941101,98.68958282,64.77779388,64.94303894,1154.502319,67.23737335,276.7367249,78.46151733,0.994861298,0.00513869,0.01576641,0.000198516
2021-01-12,16:53:01,3.125799942,6.838500214,69.09835815,98.68395233,64.78005981,64.9427948,1154.508545,67.23692322,276.7381897,78.46151733,0.994861298,0.00513869,0.015820546,0.000198516
2021-01-12,16:53:02,3.126000023,6.837200165,69.09835815,98.6804657,64.77761078,64.94257355,1154.515259,67.23679352,276.7387695,78.46151733,0.994861298,0.00513869,0.0,0.000198516
2021-01-12,16:53:03,3.125600052,6.836100006,69.09835815,98.67494202,64.77954102,64.94284058,1154.50769,67.23687744,276.7384338,78.46151733,0.994861298,0.00513869,0.0,0.000198563
2021-01-12,16:53:04,3.125399971,6.834799957,69.09835815,98.67051697,64.77879333,64.94269562,1154.511475,67.23661804,276.7391968,78.46151733,0.994861298,0.00513869,0.0,0.000198563
2021-01-12,16:53:05,3.125099945,6.833599854,69.09835815,98.66566467,64.77929688,64.94287872,1154.506104,67.23635101,276.7402039,78.46151733,0.994861298,0.00513869,0.0,0.000198563
2021-01-12,16:53:06,3.124799919,6.832499695,69.09835815,98.661026,64.77766418,64.94252014,1154.516479,67.23648071,276.7397461,78.46151733,0.994861298,0.00513869,0.0,0.000198447
2021-01-12,16:53:07,3.125,6.831500244,69.09835815,98.65590668,64.77909851,64.94238281,1154.520264,67.23652649,276.7396851,78.46151733,0.994861298,0.00513869,0.0,0.000198447
2021-01-12,16:53:08,3.124500084,6.830699921,69.09835815,98.65163422,64.77853394,64.94247437,1154.517456,67.23616791,276.7408752,78.46151733,0.994861298,0.00513869,0.0,0.000198447
2021-01-12,16:53:09,3.124300003,6.829699707,69.09734344,98.64654541,64.77758026,64.94271851,1154.524048,67.23608398,276.7411499,78.74447632,0.994814377,0.0051856,0.0,0.000198447
2021-01-12,16:53:10,3.123999977,6.828700256,69.09734344,98.64261627,64.77881622,64.94249725,1154.505493,67.23616791,276.7407532,78.74447632,0.994814377,0.0051856,0.0,0.000198447
2021-01-12,16:53:11,3.123699951,6.827600098,69.09734344,98.63698578,64.77780151,64.94232941,1154.52124,67.23599243,276.7415161,78.74447632,0.99480278,0.00519722,0.01587311,0.000198447
2021-01-12,16:53:12,3.123900032,6.826499939,69.09734344,98.63265228,64.77949524,64.94199371,1154.531494,67.23603058,276.7413635,78.74447632,0.994799271,0.00520074,0.015882859,0.000198629
2021-01-12,16:53:13,3.12310009,6.825299835,69.09734344,98.62837219,64.77850342,64.94245911,1154.519043,67.23580933,276.7420044,78.74447632,0.994799271,0.00520074,0.0,0.000198629
2021-01-12,16:53:14,3.122800064,6.82440033,69.09734344,98.62359619,64.77919006,64.94225311,1154.524048,67.23599243,276.7414551,78.74447632,0.994799271,0.00520074,0.0,0.000198629
2021-01-12,16:53:15,3.122500038,6.823500061,69.09734344,98.61839294,64.77841187,64.94218445,1154.526001,67.23567963,276.7425842,78.74447632,0.994799271,0.00520074,0.0,0.000198629
2021-01-12,16:53:16,3.122800064,6.822499847,69.09629822,98.61412811,64.77928162,64.94229889,1154.523193,67.23563385,276.7422791,78.74447632,0.994799271,0.00520074,0.0,0.000198629
2021-01-12,16:53:17,3.122100067,6.821199799,69.09629822,98.60868073,64.78036499,64.94225311,1154.52417,67.23518372,276.7441406,78.74447632,0.994799271,0.00520074,0.0,0.000198629
2021-01-12,16:53:18,3.121800041,6.820300293,69.09629822,98.60404205,64.77932739,64.94218445,1154.525757,67.23496246,276.7449341,78.74447632,0.994799271,0.00520074,0.0,0.000198629
2021-01-12,16:53:19,3.12159996,6.819100189,69.09629822,98.59870148,64.77987671,64.94199371,1154.531494,67.23460388,276.7461548,78.74447632,0.994810333,0.00518977,0.0,0.000198629
2021-01-12,16:53:20,3.121800041,6.818099976,69.09629822,98.59442902,64.77877808,64.94191742,1154.533447,67.23447418,276.7466125,78.74447632,0.994810333,0.00518977,0.0,0.000198629
2021-01-12,16:53:21,3.121299934,6.817099762,69.09629822,98.59037781,64.77949524,64.94229889,1154.522705,67.23416138,276.7476501,78.74447632,0.994821167,0.0051788,0.01582418,0.000198586
2021-01-12,16:53:22,3.120999908,6.816200256,69.09629822,98.58518982,64.77752686,64.94191742,1154.533813,67.23451233,276.746582,78.74447632,0.994821167,0.0051788,0.01582418,0.000198586
2021-01-12,16:53:23,3.120700073,6.815599823,69.09528351,98.58023071,64.77838135,64.94218445,1154.526001,67.23388672,276.7486572,78.74447632,0.994821167,0.0051788,0.01582418,0.000198586
2021-01-12,16:53:24,3.120199966,6.814399719,69.09528351,98.57546234,64.77934265,64.94181824,1154.536621,67.2338028,276.7488403,78.92961884,0.994821167,0.0051788,0.01582418,0.000198586
2021-01-12,16:53:25,3.120499992,6.813500214,69.09528351,98.57067108,64.78022766,64.94232941,1154.521606,67.23336029,276.7502747,78.92961884,0.994821167,0.0051788,0.01582418,0.000198586
2021-01-12,16:53:26,3.119599915,6.81269989,69.09528351,98.5667038,64.77920532,64.94213104,1154.527588,67.23371124,276.749176,78.92961884,0.994821167,0.0051788,0.01582418,0.000198586
2021-01-12,16:53:27,3.118899918,6.811799622,69.09528351,98.56195831,64.77880096,64.94194031,1154.533081,67.23317719,276.7510071,78.92961884,0.994821167,0.0051788,0.01582418,0.000198586
2021-01-12,16:53:28,3.118499947,6.810500336,69.0942688,98.55749512,64.77848816,64.94187164,1154.534424,67.23290253,276.7518921,78.92961884,0.994821167,0.0051788,0.01582418,0.000198586
2021-01-12,16:53:29,3.118000031,6.809200287,69.0942688,98.55245209,64.77946472,64.94161987,1154.541748,67.23264313,276.7529297,78.92961884,0.994821167,0.0051788,0.015787846,0.000198586
2021-01-12,16:53:30,3.117700005,6.807900238,69.0942688,98.54711151,64.77891541,64.94187164,1154.53479,67.2325058,276.7532654,78.92961884,0.994821167,0.0051788,0.015787846,0.000198586
2021-01-12,16:53:31,3.117900085,6.806700134,69.0942688,98.54337311,64.77964783,64.94174957,1154.537964,67.23236847,276.7537537,78.92961884,0.994821167,0.0051788,0.015787846,0.000198517
2021-01-12,16:53:32,3.117399979,6.805599976,69.0942688,98.53833008,64.77926636,64.94130707,1154.550415,67.23193359,276.7552795,78.92961884,0.994821167,0.0051788,0.015787846,0.000198517
2021-01-12,16:53:33,3.117099953,6.804499817,69.0942688,98.53353119,64.77944946,64.94150543,1154.545166,67.23148346,276.7567749,78.92961884,0.994864197,0.00513577,0.0,0.000198606
2021-01-12,16:53:34,3.117399979,6.803600311,69.0953064,98.52996063,64.77954102,64.94156647,1154.542969,67.23117828,276.7579041,78.92961884,0.994862289,0.00513768,0.015693257,0.000198505
2021-01-12,16:53:35,3.116799927,6.802600098,69.09424591,98.52384949,64.7789917,64.94158936,1154.5448,67.23090363,276.7588806,78.92961884,0.994862289,0.00513768,0.015693257,0.000198505
2021-01-12,16:53:36,3.117200089,6.801499939,69.09424591,98.51898956,64.7786026,64.94172668,1154.538574,67.2310791,276.7582092,78.92961884,0.994862289,0.00513768,0.015693257,0.000198505
2021-01-12,16:53:37,3.116399956,6.80039978,69.09424591,98.51405334,64.77988434,64.94148254,1154.545532,67.23041534,276.7604675,78.92961884,0.994862289,0.00513768,0.015693257,0.000198505
2021-01-12,16:53:38,3.11609993,6.79940033,69.09320831,98.50944519,64.78053284,64.94130707,1154.550537,67.23072052,276.7593384,78.92961884,0.994870529,0.00512957,0.0,0.000198672
2021-01-12,16:53:39,3.115699959,6.798200226,69.09320831,98.50537109,64.77851868,64.94138336,1154.547729,67.23010254,276.7615662,79.07000732,0.99486969,0.0051288,0.015676906,0.000198556
2021-01-12,16:53:40,3.115999985,6.797000122,69.09320831,98.50048828,64.7793808,64.94109344,1154.556763,67.22975159,276.7627563,79.07000732,0.994867706,0.00513231,0.015683992,0.000198556
2021-01-12,16:53:41,3.115200043,6.795800018,69.09320831,98.496521,64.77877808,64.94100189,1154.55896,67.22951508,276.7635193,79.07000732,0.994867706,0.00513231,0.015668974,0.000198701
2021-01-12,16:53:42,3.114900017,6.794999695,69.09320831,98.49085236,64.77975464,64.94112396,1154.555054,67.22844696,276.7671814,79.07000732,0.994867706,0.00513231,0.015668974,0.000198473
2021-01-12,16:53:43,3.115099907,6.794000244,69.09320831,98.48686218,64.77830505,64.94120789,1154.557495,67.22805023,276.7684937,79.07000732,0.994867706,0.00513231,0.0,0.000198473
2021-01-12,16:53:44,3.11439991,6.792900085,69.09320831,98.48247528,64.77998352,64.94136047,1154.549194,67.2276001,276.7700806,79.3191452,0.994867706,0.00513231,0.0,0.000198473
2021-01-12,16:53:45,3.114699936,6.791899872,69.09320831,98.47814178,64.7802124,64.94109344,1154.556885,67.22702026,276.7719727,79.3191452,0.994867706,0.00513231,0.015718086,0.000198473
2021-01-12,16:53:46,3.113800049,6.790899658,69.09216309,98.47330475,64.77894592,64.94100189,1154.559082,67.22652435,276.7736816,79.3191452,0.994867706,0.00513231,0.015712574,0.000198473
2021-01-12,16:53:47,3.113400078,6.790100098,69.09216309,98.46849823,64.77830505,64.94075775,1154.566162,67.22657013,276.7738953,79.3191452,0.994867706,0.00513231,0.015712574,0.000198473
2021-01-12,16:53:48,3.112999916,6.788899994,69.09216309,98.46391296,64.77954102,64.94142914,1154.547241,67.22594452,276.7756348,79.3191452,0.994867706,0.00513231,0.015712574,0.000198473
2021-01-12,16:53:49,3.113199997,6.787799835,69.09216309,98.45982361,64.77932739,64.94102478,1154.558105,67.22541809,276.7775879,79.19819641,0.994867706,0.00513231,0.015712574,0.00019866
2021-01-12,16:53:50,3.112599945,6.786699677,69.09216309,98.45526123,64.77963257,64.94035339,1154.577393,67.22554016,276.7770386,79.19819641,0.994867706,0.00513231,0.015712574,0.00019866
2021-01-12,16:53:51,3.112299919,6.785600281,69.09216309,98.45109558,64.77849579,64.94064331,1154.56958,67.22514343,276.7783203,79.19819641,0.994867706,0.00513231,0.0,0.000198483
2021-01-12,16:53:52,3.112599945,6.784400177,69.09216309,98.44596863,64.78016663,64.94035339,1154.577393,67.2244339,276.7807922,79.19819641,0.994867706,0.00513231,0.0,0.000198483
2021-01-12,16:53:53,3.111899948,6.783200073,69.09111786,98.44168091,64.77929688,64.94145203,1154.546021,67.22399139,276.7823486,79.19819641,0.994867706,0.00513231,0.0,0.000198483
2021-01-12,16:53:54,3.112100029,6.78219986,69.09111786,98.43766785,64.77944183,64.94075775,1154.565918,67.22367096,276.7833557,79.19819641,0.994867706,0.00513231,0.0,0.000198483
2021-01-12,16:53:55,3.111599922,6.781099701,69.09111786,98.43309021,64.78019714,64.94120789,1154.553223,67.22358704,276.783783,79.19819641,0.994867706,0.00513231,0.0,0.000198483
2021-01-12,16:53:56,3.111199951,6.780000305,69.09111786,98.42887115,64.78087616,64.9408493,1154.56311,67.22264862,276.7869263,79.19819641,0.994867706,0.00513231,0.0,0.000198483
2021-01-12,16:53:57,3.111000061,6.778900146,69.09011078,98.42420197,64.77825928,64.94039154,1154.576172,67.22283173,276.7863159,79.19819641,0.994867706,0.00513231,0.0,0.000198723
2021-01-12,16:53:58,3.111199951,6.777899933,69.09011078,98.41861725,64.78087616,64.94049072,1154.573608,67.22219849,276.7884216,79.19819641,0.994867706,0.00513231,0.0,0.000198723
2021-01-12,16:53:59,3.110499954,6.776899719,69.09011078,98.41545868,64.7791748,64.94064331,1154.569702,67.22171021,276.7900696,79.19819641,0.994867706,0.00513231,0.0,0.000198723
2021-01-12,16:54:00,3.110099983,6.775700378,69.09011078,98.41144562,64.77851868,64.94032288,1154.578491,67.22180176,276.7897949,79.19819641,0.994867706,0.00513231,0.0,0.000198723
2021-01-12,16:54:01,3.109700012,6.774500275,69.09011078,98.40642548,64.77915955,64.94058228,1154.571045,67.22148895,276.790863,79.19819641,0.994867706,0.00513231,0.0,0.000198723
2021-01-12,16:54:02,3.109900093,6.773699951,69.09011078,98.40196228,64.77890778,64.94081879,1154.563721,67.22090912,276.7928772,79.19819641,0.994867706,0.00513231,0.0,0.000198723
2021-01-12,16:54:03,3.109300041,6.773100281,69.09011078,98.39797974,64.77926636,64.939888,1154.5896,67.22025299,276.7950439,79.19819641,0.994867706,0.00513231,0.0,0.000198723
2021-01-12,16:54:04,3.109499931,6.772000122,69.09011078,98.39381409,64.77957153,64.94052887,1154.572266,67.21983337,276.7963867,79.45207214,0.994867706,0.00513231,0.0,0.000198723
2021-01-12,16:54:05,3.108799934,6.770899963,69.08908081,98.38902283,64.77923584,64.94058228,1154.573853,67.2195282,276.7975464,79.45207214,0.994867706,0.00513231,0.0,0.000198417
2021-01-12,16:54:06,3.108300018,6.76989975,69.08908081,98.38455963,64.77888489,64.94005585,1154.585938,67.21894836,276.799408,79.45207214,0.994867706,0.00513231,0.0,0.000198417
2021-01-12,16:54:07,3.107699966,6.768800354,69.08908081,98.38080597,64.77857208,64.94025421,1154.580078,67.21903992,276.7991943,79.45207214,0.994867706,0.00513231,0.0,0.000198534
2021-01-12,16:54:08,3.108099937,6.767700195,69.08908081,98.37665558,64.77935791,64.94029999,1154.578979,67.21872711,276.8002625,79.45207214,0.994867706,0.00513231,0.0,0.000198466
2021-01-12,16:54:09,3.10739994,6.766500092,69.08908081,98.37231445,64.77972412,64.93999481,1154.587891,67.21819305,276.8020935,79.45207214,0.994867706,0.00513231,0.0,0.000198466
2021-01-12,16:54:10,3.106999969,6.765499878,69.08908081,98.36825562,64.77845001,64.9397583,1154.594116,67.2179184,276.803009,79.45207214,0.994867706,0.00513231,0.0,0.000198466
2021-01-12,16:54:11,3.10720005,6.764299774,69.08908081,98.36470032,64.78001404,64.94005585,1154.585083,67.21783447,276.8032532,79.45207214,0.994867706,0.00513231,0.0,0.000198466
2021-01-12,16:54:12,3.106500053,6.763200378,69.08908081,98.35958862,64.77924347,64.93994141,1154.588501,67.21734619,276.8050232,79.45207214,0.994867706,0.00513231,0.0,0.000198466
2021-01-12,16:54:13,3.106200027,6.762200165,69.08908081,98.35658264,64.77864838,64.94001007,1154.59021,67.21703339,276.8060608,79.45207214,0.994867706,0.00513231,0.0,0.000198466
2021-01-12,16:54:14,3.106500053,6.761299896,69.08908081,98.35152435,64.77963257,64.93966675,1154.596191,67.21717072,276.805603,79.57506561,0.994867706,0.00513231,0.0,0.000198466
2021-01-12,16:54:15,3.105599976,6.760199738,69.08802032,98.34761047,64.77856445,64.94019318,1154.581543,67.21681213,276.8068848,79.57506561,0.994867706,0.00513231,0.0,0.000198466
2021-01-12,16:54:16,3.104800034,6.759100342,69.08802032,98.34281921,64.77919769,64.94035339,1154.577271,67.21689606,276.806488,79.57506561,0.994867706,0.00513231,0.0,0.000198489
2021-01-12,16:54:17,3.10529995,6.758100128,69.08802032,98.33969879,64.77868652,64.93955231,1154.599976,67.21645355,276.808075,79.57506561,0.994867706,0.00513231,0.0,0.000198558
2021-01-12,16:54:18,3.104500008,6.757700348,69.08802032,98.33563995,64.77932739,64.9392395,1154.608765,67.21668243,276.807251,79.57506561,0.994867706,0.00513231,0.0,0.000198558
2021-01-12,16:54:19,3.104100037,6.756900024,69.08802032,98.3314743,64.77944946,64.94005585,1154.58606,67.21537781,276.8117371,79.57506561,0.994867706,0.00513231,0.0,0.000198558
2021-01-12,16:54:20,3.10340004,6.755899811,69.08691406,98.32788849,64.77918243,64.93960571,1154.598389,67.21529388,276.8120117,79.57506561,0.994867706,0.00513231,0.0,0.000198558
2021-01-12,16:54:21,3.102799988,6.75490036,69.08792877,98.32345581,64.7795105,64.94010162,1154.584106,67.21489716,276.813385,79.57506561,0.994867706,0.00513231,0.0,0.0001986
2021-01-12,16:54:22,3.102400017,6.753900146,69.08792877,98.32085419,64.77895355,64.93955231,1154.599609,67.21444702,276.8149414,79.57506561,0.994867706,0.00513231,0.0,0.0001986
2021-01-12,16:54:23,3.102499962,6.752999878,69.08792877,98.31668854,64.7789917,64.93921661,1154.609253,67.21408844,276.8160706,79.57506561,0.994867706,0.00513231,0.0,0.0001986
2021-01-12,16:54:24,3.10189991,6.751699829,69.08792877,98.31286621,64.77960968,64.939888,1154.590088,67.21364594,276.8175659,79.82372284,0.994867706,0.00513231,0.0,0.0001986
2021-01-12,16:54:25,3.101399994,6.75039978,69.08792877,98.30818939,64.77915192,64.93936157,1154.605225,67.21377563,276.8171387,79.82372284,0.994867706,0.00513231,0.0,0.0001986
2021-01-12,16:54:26,3.10170002,6.74940033,69.08792877,98.30414581,64.77974701,64.93914795,1154.611084,67.21279144,276.8205261,79.82372284,0.994867706,0.00513231,0.0,0.0001986
2021-01-12,16:54:27,3.101399994,6.748300171,69.0868988,98.30038452,64.77919006,64.93960571,1154.598022,67.21269989,276.8208923,79.82372284,0.994867706,0.00513231,0.0,0.0001986
2021-01-12,16:54:28,3.101799965,6.747299957,69.08585358,98.29679871,64.77981567,64.93950653,1154.600952,67.21247864,276.8202209,79.82372284,0.994867706,0.00513231,0.016025774,0.0001986
2021-01-12,16:54:29,3.101199913,6.746199799,69.08585358,98.29304504,64.78009033,64.93937683,1154.604492,67.21181488,276.8238525,79.688591,0.994867706,0.00513231,0.016025774,0.0001986
2021-01-12,16:54:30,3.100799942,6.74509964,69.08585358,98.2883606,64.7792511,64.93978882,1154.593262,67.2117157,276.8241882,79.688591,0.994867706,0.00513231,0.016025774,0.0001986
2021-01-12,16:54:31,3.100300026,6.744000244,69.08585358,98.28356171,64.77997589,64.93937683,1154.604614,67.21135712,276.8254089,79.688591,0.994757919,0.0052421,0.0,0.000198493
2021-01-12,16:54:32,3.1,6.742900085,69.08585358,98.27928162,64.77949524,64.9395752,1154.598999,67.21110535,276.8263245,79.688591,0.994757919,0.0052421,0.016005669,0.000198493
2021-01-12,16:54:33,3.099699974,6.741699982,69.08585358,98.27703094,64.77973938,64.93974304,1154.594849,67.21051025,276.8283081,79.688591,0.994757919,0.0052421,0.016037824,0.000198416
2021-01-12,16:54:34,3.099500084,6.741100311,69.08585358,98.27300262,64.77859497,64.93921661,1154.609131,67.21011353,276.8296509,79.9175415,0.994757919,0.0052421,0.016037824,0.000198416
2021-01-12,16:54:35,3.099200058,6.740000153,69.08585358,98.26842499,64.77951813,64.93930817,1154.606201,67.20917511,276.8327637,79.9175415,0.994757919,0.0052421,0.016037824,0.000198416
2021-01-12,16:54:36,3.098999977,6.739199829,69.08585358,98.26556396,64.77942657,64.93889618,1154.617798,67.20891571,276.8338623,79.9175415,0.994757919,0.0052421,0.016037824,0.000198416
2021-01-12,16:54:37,3.098600006,6.738200378,69.08483887,98.26052094,64.77906799,64.93901062,1154.614868,67.20860291,276.8347168,79.9175415,0.994757919,0.0052421,0.016037824,0.000198416
2021-01-12,16:54:38,3.098399925,6.73710022,69.08483887,98.2569046,64.78011322,64.93897247,1154.617065,67.20743561,276.8387146,79.9175415,0.994757919,0.0052421,0.016037824,0.000198416
2021-01-12,16:54:39,3.098699951,6.736100006,69.08483887,98.25360107,64.77874756,64.93912506,1154.612183,67.20690155,276.8405151,79.9175415,0.994757919,0.0052421,0.016037824,0.000198416
2021-01-12,16:54:40,3.097699928,6.735099792,69.08483887,98.25042725,64.77815247,64.93897247,1154.616577,67.2069397,276.8404236,79.9175415,0.994757919,0.0052421,0.016037824,0.000198416
2021-01-12,16:54:41,3.097100067,6.733799744,69.08483887,98.24649048,64.77941895,64.93887329,1154.614258,67.20618439,276.8431091,79.9175415,0.994734573,0.00526535,0.016037824,0.000198416
2021-01-12,16:54:42,3.096800041,6.733000183,69.08483887,98.24210358,64.77862549,64.93862915,1154.625854,67.20561218,276.8449707,79.9175415,0.994734573,0.00526535,0.016037824,0.000198416
2021-01-12,16:54:43,3.097100067,6.731999969,69.08483887,98.23925018,64.77990723,64.93891907,1154.617188,67.205513,276.8452759,79.9175415,0.994734573,0.00526535,0.016037824,0.000198416
2021-01-12,16:54:44,3.096199989,6.730899811,69.08483887,98.23539734,64.77728271,64.93862915,1154.625854,67.20484924,276.8474731,80.32488251,0.994734573,0.00526535,0.016037824,0.000198416
2021-01-12,16:54:45,3.095899963,6.729799652,69.08381653,98.23327637,64.77882385,64.93887329,1154.618408,67.20417786,276.849823,80.32488251,0.994734573,0.00526535,0.016037824,0.000198416
2021-01-12,16:54:46,3.096299934,6.728900146,69.08381653,98.22885895,64.77800751,64.93851471,1154.629272,67.20386505,276.8509521,80.32488251,0.994734573,0.00526535,0.016037824,0.000198416
2021-01-12,16:54:47,3.095499992,6.728099823,69.08483124,98.22554779,64.77896881,64.93891907,1154.617554,67.20368958,276.8515625,80.32488251,0.994734573,0.00526535,0.0,0.000198416
2021-01-12,16:54:48,3.09489994,6.727200317,69.08374023,98.22306061,64.7771759,64.93831635,1154.634155,67.20314789,276.853302,80.32488251,0.994734573,0.00526535,0.0,0.000198416
2021-01-12,16:54:49,3.094599915,6.726100159,69.08374023,98.21789551,64.77845001,64.93874359,1154.622559,67.20298004,276.8540344,80.46468353,0.994734573,0.00526535,0.0,0.000198416
2021-01-12,16:54:50,3.095000076,6.725099945,69.08374023,98.21592712,64.77689362,64.93860626,1154.626099,67.20262909,276.8551331,80.46468353,0.994734573,0.00526535,0.0,0.000198416
2021-01-12,16:54:51,3.094599915,6.723999786,69.08374023,98.21186066,64.77767944,64.93856049,1154.628052,67.20231628,276.8563232,80.46468353,0.994734573,0.00526535,0.0,0.000198416
2021-01-12,16:54:52,3.093899918,6.723000336,69.08374023,98.20882416,64.77840424,64.93837738,1154.632568,67.20182037,276.8578796,80.46468353,0.994734573,0.00526535,0.0,0.000198416
2021-01-12,16:54:53,3.093499947,6.721700287,69.08374023,98.20523071,64.77825165,64.93843079,1154.631226,67.20128632,276.8596802,80.46468353,0.994734573,0.00526535,0.0,0.000198416
2021-01-12,16:54:54,3.094000053,6.720700073,69.08374023,98.20300293,64.77907562,64.93826294,1154.63562,67.20066071,276.8618469,80.46468353,0.994734573,0.00526535,0.0,0.000198416
2021-01-12,16:54:55,3.093199921,6.719599915,69.08374023,98.19844818,64.77972412,64.93835449,1154.633301,67.20034027,276.8628235,80.46468353,0.994734573,0.00526535,0.0,0.000198416
2021-01-12,16:54:56,3.093600082,6.718599701,69.08374023,98.19649506,64.77790833,64.93772888,1154.650879,67.19976807,276.8648071,80.46468353,0.994734573,0.00526535,0.0,0.000198416
2021-01-12,16:54:57,3.092399979,6.71740036,69.0827179,98.19142914,64.77764893,64.93793488,1154.645142,67.19954681,276.8656921,80.46468353,0.994734573,0.00526535,0.0,0.000198416
2021-01-12,16:54:58,3.09279995,6.716600037,69.0827179,98.18933868,64.77828217,64.93829346,1154.63501,67.19937134,276.866333,80.46468353,0.994734573,0.00526535,0.0,0.000198416
2021-01-12,16:54:59,3.091900063,6.715399933,69.08170319,98.1867981,64.77845764,64.93840027,1154.63208,67.19874573,276.8683472,80.46468353,0.994722138,0.00527787,0.016118426,0.000198416
2021-01-12,16:55:00,3.092200089,6.714399719,69.08170319,98.18309021,64.77869415,64.9381485,1154.638916,67.19865417,276.8686829,80.46468353,0.994722138,0.00527787,0.016118426,0.000198416
2021-01-12,16:55:01,3.091500092,6.713200378,69.08273315,98.18038177,64.77807617,64.93804932,1154.641968,67.19839478,276.8695374,80.46468353,0.994722138,0.00527787,0.0,0.000198416
2021-01-12,16:55:02,3.091200066,6.71210022,69.08273315,98.17773438,64.7795105,64.93775177,1154.650146,67.19852448,276.8700256,80.46468353,0.994717865,0.00528204,0.0,0.000198582
2021-01-12,16:55:03,3.090999985,6.711000061,69.08273315,98.17391968,64.77833557,64.93795013,1154.644897,67.19779968,276.871582,80.46468353,0.994717865,0.00528204,0.0,0.000198582
2021-01-12,16:55:04,3.090699959,6.710600281,69.08273315,98.17188263,64.7789917,64.93751526,1154.656616,67.19683075,276.8748169,80.46468353,0.994717865,0.00528204,0.0,0.000198582
2021-01-12,16:55:05,3.090500069,6.709400177,69.08273315,98.16910553,64.778862,64.93821716,1154.637451,67.19668579,276.8754578,80.46468353,0.994717865,0.00528204,0.0,0.000198582
2021-01-12,16:55:06,3.090200043,6.708300018,69.08273315,98.16575623,64.77783203,64.93751526,1154.65625,67.1968689,276.8746643,80.46468353,0.994717865,0.00528204,0.016157545,0.000198582
2021-01-12,16:55:07,3.089900017,6.707499695,69.08161926,98.16311646,64.77848816,64.93777466,1154.649658,67.19628906,276.8766479,80.46468353,0.994717865,0.00528204,0.016157545,0.000198582
2021-01-12,16:55:08,3.089599991,6.706600189,69.08161926,98.16016388,64.77929688,64.93772888,1154.651001,67.19638062,276.8768311,80.46468353,0.994717865,0.00528204,0.0,0.000198422
2021-01-12,16:55:09,3.08920002,6.705599976,69.08161926,98.15775299,64.77825165,64.93767548,1154.6521,67.19580078,276.878418,80.46468353,0.994717865,0.00528204,0.0,0.000198441
2021-01-12,16:55:10,3.088800049,6.704499817,69.08161926,98.15450287,64.7779541,64.93747711,1154.658325,67.19527435,276.880249,80.46468353,0.994717865,0.00528204,0.016153365,0.000198441
2021-01-12,16:55:11,3.088299942,6.703099823,69.08161926,98.15248108,64.77900696,64.93720245,1154.665527,67.19522095,276.8804016,80.46468353,0.994717865,0.00528204,0.016153365,0.000198441
2021-01-12,16:55:12,3.088100052,6.702300262,69.08058929,98.14984894,64.77944946,64.93747711,1154.658447,67.19504547,276.881073,80.46468353,0.994717865,0.00528204,0.016153365,0.000198441
2021-01-12,16:55:13,3.088400078,6.701100159,69.08058929,98.14792633,64.77770233,64.9373703,1154.661377,67.19450378,276.882843,80.46468353,0.994717865,0.00528204,0.016153365,0.000198441
2021-01-12,16:55:14,3.087800026,6.700099945,69.08058929,98.14476776,64.77879333,64.93743134,1154.65918,67.19441986,276.8832397,80.70822144,0.994717865,0.00528204,0.0,0.000198441
2021-01-12,16:55:15,3.087400055,6.69960022,69.08058929,98.14308167,64.77852631,64.93702698,1154.670776,67.19365692,276.8856812,80.70822144,0.994717865,0.00528204,0.0,0.000198441
2021-01-12,16:55:16,3.086899948,6.698799896,69.08058929,98.14128876,64.7791748,64.93743134,1154.659424,67.19353485,276.8862,80.70822144,0.994717865,0.00528204,0.0,0.000198441
2021-01-12,16:55:17,3.086700058,6.697699738,69.08058929,98.13829041,64.77864075,64.93766022,1154.653198,67.19353485,276.8860168,80.70822144,0.994717865,0.00528204,0.0,0.000198441
2021-01-12,16:55:18,3.086100006,6.696600342,69.08058929,98.13670349,64.77741241,64.93675995,1154.677734,67.19326019,276.8869934,80.70822144,0.994717865,0.00528204,0.0,0.000198559
2021-01-12,16:55:19,3.08560009,6.695899963,69.08058929,98.13443756,64.77838135,64.93690491,1154.673584,67.193573,276.8861084,80.9947052,0.994717865,0.00528204,0.0,0.000198559
2021-01-12,16:55:20,3.085099983,6.694799805,69.08058929,98.13248444,64.77905273,64.93704224,1154.670288,67.19294739,276.8881836,80.9947052,0.994717865,0.00528204,0.0,0.000198559
2021-01-12,16:55:21,3.084900093,6.693499756,69.07952118,98.12908173,64.77799988,64.93724823,1154.664185,67.19303131,276.8877563,80.9947052,0.994717865,0.00528204,0.0,0.000198559
2021-01-12,16:55:22,3.085300064,6.692299652,69.07952118,98.12804413,64.77979279,64.93690491,1154.674072,67.19236755,276.8900146,80.9947052,0.994717865,0.00528204,0.0,0.000198559
2021-01-12,16:55:23,3.084900093,6.691000366,69.07952118,98.12606049,64.77935791,64.9369812,1154.671875,67.19254303,276.8895874,80.9947052,0.994717865,0.00528204,0.0,0.000198559
2021-01-12,16:55:24,3.084399986,6.690000153,69.07952118,98.12332153,64.77816772,64.93685913,1154.675049,67.19192505,276.8916931,80.79556274,0.994717865,0.00528204,0.0,0.000198559
2021-01-12,16:55:25,3.084700012,6.688800049,69.07843018,98.12155151,64.77745056,64.93675995,1154.678467,67.19138336,276.8934326,80.79556274,0.994717865,0.00528204,0.0,0.000198559
2021-01-12,16:55:26,3.084199905,6.68769989,69.07843018,98.11997223,64.77996826,64.9364624,1154.686035,67.19120789,276.8940125,80.79556274,0.994652481,0.00534749,0.0,0.000198326
2021-01-12,16:55:27,3.083699989,6.686799622,69.07843018,98.11663055,64.77832031,64.9364624,1154.686768,67.19102478,276.8946838,80.79556274,0.994652481,0.00534749,0.0,0.000198326
2021-01-12,16:55:28,3.083499908,6.673500061,69.07843018,98.11566162,64.77915955,64.93608093,1154.697021,67.19080353,276.8954468,80.79556274,0.994652481,0.00534749,0.0,0.000198326
2021-01-12,16:55:29,3.083099937,6.65530014,69.07843018,98.11357117,64.77879333,64.9364624,1154.687012,67.19075775,276.8955994,80.79556274,0.994652481,0.00534749,0.0,0.000198326
2021-01-12,16:55:30,3.08239994,6.633699799,69.07843018,98.11188507,64.77853394,64.93630219,1154.691284,67.19026947,276.8973389,80.79556274,0.994652481,0.00534749,0.0,0.000198326
2021-01-12,16:55:31,3.081200027,6.615499878,69.07843018,98.10995483,64.77881622,64.9362793,1154.69104,67.19023132,276.8974915,80.79556274,0.994652481,0.00534749,0.0,0.000198326
2021-01-12,16:55:32,3.079899979,6.598899841,69.07843018,98.10842133,64.7783432,64.93578339,1154.7052,67.18981934,276.8987122,80.79556274,0.994652481,0.00534749,0.0,0.000198326
2021-01-12,16:55:33,3.07840004,6.580200195,69.07843018,98.10640717,64.77967834,64.93519592,1154.721924,67.18896484,276.9016724,80.79556274,0.994652481,0.00534749,0.0,0.000198326
2021-01-12,16:55:34,3.077000046,6.56230011,69.07843018,98.10467529,64.77770996,64.93497467,1154.728516,67.18875122,276.9024048,80.79556274,0.994652481,0.00534749,0.0,0.000198326
2021-01-12,16:55:35,3.075,6.545700073,69.07843018,98.1037674,64.77786255,64.93422699,1154.749634,67.18830872,276.9039001,80.79556274,0.994652481,0.00534749,0.0,0.000198326
2021-01-12,16:55:36,3.073200035,6.530400085,69.07741547,98.10148621,64.77684021,64.93328094,1154.776123,67.18782043,276.9055481,80.79556274,0.994652481,0.00534749,0.0,0.000198326
2021-01-12,16:55:37,3.071199989,6.513899994,69.07741547,98.1000061,64.77748108,64.93224335,1154.805176,67.18769073,276.9062195,80.79556274,0.994652481,0.00534749,0.0,0.000198326
2021-01-12,16:55:38,3.069099998,6.498699951,69.07741547,98.09802246,64.7749939,64.93123627,1154.832764,67.18688202,276.9087524,80.79556274,0.994652481,0.00534749,0.0,0.000198326
2021-01-12,16:55:39,3.066600037,6.486599731,69.0763855,98.0959549,64.77435303,64.92997742,1154.868652,67.18621063,276.9110107,81.76332855,0.994652481,0.00534749,0.0,0.000198326
2021-01-12,16:55:40,3.064299965,6.472599792,69.07744598,98.09488678,64.77410889,64.92884064,1154.900391,67.18541718,276.9136658,81.76332855,0.994652481,0.00534749,0.016365194,0.000198326
2021-01-12,16:55:41,3.062199974,6.458100128,69.07641602,98.0940094,64.77233887,64.92736816,1154.941406,67.18457031,276.916626,81.76332855,0.994652481,0.00534749,0.016365194,0.000198326
2021-01-12,16:55:42,3.059799957,6.443000031,69.07641602,98.09263611,64.77071381,64.92597961,1154.980103,67.18402863,276.9184875,81.76332855,0.994642487,0.0053575,0.0,0.000198326
2021-01-12,16:55:43,3.05739994,6.433000183,69.07641602,98.08978271,64.76945496,64.92463684,1155.018188,67.18326569,276.9210205,81.76332855,0.994642487,0.0053575,0.0,0.000198326
2021-01-12,16:55:44,3.054999924,6.418000031,69.07641602,98.08916473,64.76815796,64.9227829,1155.070313,67.18187714,276.9257813,82.8276825,0.994642487,0.0053575,0.0,0.000198326
2021-01-12,16:55:45,3.050300026,6.409799957,69.07641602,98.08808899,64.76683044,64.92151642,1155.106201,67.18028259,276.9312439,82.8276825,0.994642487,0.0053575,0.0,0.000198326
2021-01-12,16:55:46,3.040500069,6.398799896,69.07641602,98.08707428,64.76580048,64.9196701,1155.158081,67.17912292,276.9352722,82.8276825,0.994642487,0.0053575,0.0,0.000198326
2021-01-12,16:55:47,3.028499985,6.389099884,69.07641602,98.08565521,64.76650238,64.91795349,1155.206543,67.17760468,276.9404907,82.8276825,0.994642487,0.0053575,0.0,0.000198326
2021-01-12,16:55:48,3.016300011,6.377099991,69.07641602,98.0843811,64.76451111,64.91635895,1155.250122,67.1756897,276.9468689,82.8276825,0.994642487,0.0053575,0.0,0.000198326
2021-01-12,16:55:49,3.003199959,6.365999985,69.07641602,98.08227539,64.76335144,64.91426849,1155.309204,67.1741333,276.9522095,83.82217407,0.994642487,0.0053575,0.01638978,0.000198326
2021-01-12,16:55:50,2.991900063,6.353699875,69.07641602,98.08136749,64.76185608,64.9122467,1155.365723,67.1721344,276.9590149,83.82217407,0.994642487,0.0053575,0.01638978,0.000198326
2021-01-12,16:55:51,2.979800034,6.342499924,69.07641602,98.08028412,64.75943756,64.91033173,1155.4198,67.17021179,276.9656067,83.82217407,0.994642487,0.0053575,0.01638978,0.000198326
2021-01-12,16:55:52,2.970899963,6.330500031,69.07538605,98.08069611,64.7587738,64.90854645,1155.468872,67.16757965,276.9746399,83.82217407,0.994642487,0.0053575,0.01638978,0.000198326
2021-01-12,16:55:53,2.964500046,6.316600037,69.07538605,98.07798004,64.75723267,64.90710449,1155.509766,67.16464233,276.9846802,83.82217407,0.994642487,0.0053575,0.01638978,0.000198326
2021-01-12,16:55:54,2.958600044,6.302899933,69.07640839,98.07583618,64.75482178,64.90525055,1155.562012,67.16093445,276.9972839,85.26626587,0.994642487,0.0053575,0.01638978,0.000198326
2021-01-12,16:55:55,2.954700089,6.289500046,69.07640839,98.07354736,64.7525177,64.90325928,1155.61792,67.15478516,277.01828,85.26626587,0.994642487,0.0053575,0.016374823,0.000198294
2021-01-12,16:55:56,2.951300049,6.274900055,69.07538605,98.07100677,64.75032806,64.90103149,1155.68042,67.14547729,277.0501099,85.26626587,0.994642487,0.0053575,0.016374823,0.000198294
2021-01-12,16:55:57,2.948399925,6.261999893,69.07538605,98.06895447,64.74814606,64.89926147,1155.730225,67.13384247,277.0895691,85.26626587,0.994631729,0.00536835,0.0,0.000198294
2021-01-12,16:55:58,2.945899963,6.249900055,69.07538605,98.06615448,64.74511719,64.89701843,1155.792603,67.12097168,277.1335754,85.26626587,0.994631729,0.00536835,0.0,0.000198294
2021-01-12,16:55:59,2.944199944,6.236100006,69.07538605,98.06330109,64.74377441,64.89516449,1155.845215,67.10697937,277.1814575,87.64828491,0.994631729,0.00536835,0.0,0.000198294
2021-01-12,16:56:00,2.942000008,6.224100113,69.07437134,98.05954742,64.740448,64.89276886,1155.912598,67.09344482,277.2277527,87.64828491,0.994631729,0.00536835,0.0,0.000198294
2021-01-12,16:56:01,2.938199997,6.211600113,69.07437134,98.05717468,64.73803711,64.8907547,1155.968628,67.08057404,277.271759,87.64828491,0.994623795,0.00537622,0.0,0.000198298
2021-01-12,16:56:02,2.934000015,6.197600174,69.07437134,98.05479431,64.7365036,64.88896942,1156.019043,67.06770325,277.3157959,87.64828491,0.994623795,0.00537622,0.0,0.000198298
2021-01-12,16:56:03,2.930200005,6.184899902,69.07437134,98.05149078,64.73431396,64.88691711,1156.076782,67.05635834,277.3544617,87.64828491,0.994623795,0.00537622,0.016411096,0.0001983
2021-01-12,16:56:04,2.927400017,6.171300125,69.07437134,98.04862976,64.73154449,64.88431549,1156.150391,67.04593658,277.3901978,89.88186646,0.994623795,0.00537622,0.016411096,0.0001983
2021-01-12,16:56:05,2.925499916,6.15719986,69.07437134,98.04521179,64.73109436,64.88197327,1156.211792,67.03575134,277.4249573,89.88186646,0.994618835,0.00538122,0.016411096,0.0001983
2021-01-12,16:56:06,2.923200035,6.144200134,69.07437134,98.04393005,64.72920227,64.87976837,1156.277954,67.02658844,277.4564819,89.88186646,0.994618835,0.00538122,0.016411096,0.0001983
2021-01-12,16:56:07,2.920999908,6.132300186,69.07437134,98.04219055,64.72790527,64.87731934,1156.346558,67.01795197,277.4859619,89.88186646,0.994618835,0.00538122,0.0,0.0001983
2021-01-12,16:56:08,2.918400002,6.117599869,69.07437134,98.04020691,64.72659302,64.87490082,1156.414795,67.00927734,277.5155945,89.88186646,0.994618835,0.00538122,0.016467897,0.0001983
2021-01-12,16:56:09,2.916200066,6.106800079,69.07328796,98.03695679,64.72551727,64.87316132,1156.463257,67.00167847,277.5417786,91.55050659,0.994618835,0.00538122,0.016467897,0.0001983
2021-01-12,16:56:10,2.913800049,6.095899963,69.07328796,98.0351181,64.7244873,64.87059021,1156.5354,66.99452209,277.5663452,91.55050659,0.994618835,0.00538122,0.016467897,0.0001983
2021-01-12,16:56:11,2.911599922,6.084700012,69.07328796,98.03334808,64.72360229,64.86850739,1156.593872,66.98762512,277.5898743,91.55050659,0.994618835,0.00538122,0.016472803,0.0001983
2021-01-12,16:56:12,2.909900093,6.070600128,69.07328796,98.03136444,64.72316742,64.86587524,1156.668091,66.98157501,277.6107178,91.55050659,0.994618835,0.00538122,0.016472803,0.0001983
2021-01-12,16:56:13,2.907999992,6.056700134,69.07328796,98.02947998,64.722229,64.86462402,1156.703857,66.97463989,277.6342468,91.55050659,0.994618835,0.00538122,0.016472803,0.0001983
2021-01-12,16:56:14,2.906299973,6.045500183,69.07227325,98.02736664,64.72097778,64.86207581,1156.775146,66.96890259,277.6539917,92.77993774,0.994618835,0.00538122,0.016472803,0.0001983
2021-01-12,16:56:15,2.904400063,6.033200073,69.07227325,98.02720642,64.7202301,64.85877228,1156.868408,66.96299744,277.6742859,92.77993774,0.994618835,0.00538122,0.0,0.0001983
2021-01-12,16:56:16,2.902899933,6.018600082,69.07227325,98.02609253,64.72000122,64.85675812,1156.924561,66.95761108,277.692627,92.77993774,0.994618835,0.00538122,0.0,0.0001983
2021-01-12,16:56:17,2.900900078,6.005799866,69.07227325,98.02380371,64.72060394,64.85462189,1156.984863,66.9528656,277.7091064,92.77993774,0.994618835,0.00538122,0.0,0.0001983
2021-01-12,16:56:18,2.898500061,5.995100021,69.07227325,98.02255249,64.71975708,64.85210419,1157.056152,66.94818878,277.7250671,92.77993774,0.994618835,0.00538122,0.0,0.0001983
2021-01-12,16:56:19,2.896299934,5.981900024,69.07227325,98.02173615,64.71915436,64.84999084,1157.114868,66.94423676,277.7386169,93.66403961,0.994618835,0.00538122,0.0,0.0001983
2021-01-12,16:56:20,2.893499947,5.968399811,69.07227325,98.02139282,64.71856689,64.84760284,1157.182983,66.9404068,277.7517395,93.66403961,0.994618835,0.00538122,0.0,0.0001983
2021-01-12,16:56:21,2.890699959,5.956999969,69.07227325,98.01964569,64.71761322,64.84554291,1157.240479,66.93738556,277.7621765,93.66403961,0.994618835,0.00538122,0.0,0.0001983
2021-01-12,16:56:22,2.887700081,5.945500183,69.07227325,98.01916504,64.71795654,64.84287262,1157.315186,66.93436432,277.7723999,93.66403961,0.994618835,0.00538122,0.0,0.0001983
2021-01-12,16:56:23,2.884499931,5.932699966,69.07227325,98.01860809,64.71755219,64.84098053,1157.369019,66.93130493,277.7830811,93.66403961,0.994591827,0.00540816,0.0,0.000198383
2021-01-12,16:56:24,2.881599998,5.920100021,69.07124329,98.01772308,64.7168808,64.83892822,1157.42688,66.9289093,277.7912598,94.56321716,0.994599533,0.00540053,0.016501566,0.000198182
2021-01-12,16:56:25,2.878000069,5.906600189,69.07124329,98.0160141,64.71707153,64.8367691,1157.487427,66.92686462,277.7983398,94.56321716,0.994599533,0.00540053,0.016501566,0.000198182
2021-01-12,16:56:26,2.874500084,5.896099854,69.07124329,98.01644135,64.71656799,64.83448029,1157.552246,66.9251709,277.8041687,94.56321716,0.994599533,0.00540053,0.016501566,0.000198182
2021-01-12,16:56:27,2.870599937,5.881399918,69.07023621,98.01544189,64.7169342,64.83232117,1157.612915,66.92339325,277.8102722,94.56321716,0.994599533,0.00540053,0.016501566,0.000198182
2021-01-12,16:56:28,2.866799927,5.870199966,69.07023621,98.01528168,64.71601868,64.83028412,1157.669922,66.92189026,277.8153381,94.56321716,0.994599533,0.00540053,0.016501566,0.000198182
2021-01-12,16:56:29,2.862999916,5.859899902,69.07023621,98.01559448,64.7158432,64.82874298,1157.712769,66.9212265,277.817688,95.34736633,0.994599533,0.00540053,0.0,0.000198182
2021-01-12,16:56:30,2.859399986,5.847499847,69.07023621,98.01586914,64.71565247,64.82633972,1157.780884,66.92072296,277.8193054,95.34736633,0.994599533,0.00540053,0.0,0.000198182
2021-01-12,16:56:31,2.85510006,5.836399841,69.07023621,98.01465607,64.71536255,64.82371521,1157.854614,66.92028046,277.8208923,95.34736633,0.994599533,0.00540053,0.0,0.000198182
2021-01-12,16:56:32,2.851300049,5.823799896,69.07023621,98.01495361,64.7157135,64.82182312,1157.907837,66.92050934,277.8201904,95.34736633,0.994599533,0.00540053,0.0,0.000198182
2021-01-12,16:56:33,2.847299957,5.811600113,69.07023621,98.01421356,64.71424866,64.8203125,1157.950562,66.92086792,277.8190308,95.34736633,0.994599533,0.00540053,0.0,0.000198182
2021-01-12,16:56:34,2.842900085,5.8,69.07023621,98.01381683,64.71458435,64.81716156,1158.039551,66.92147827,277.8167725,96.13920593,0.994599533,0.00540053,0.0,0.000198182
2021-01-12,16:56:35,2.838800049,5.793099976,69.07023621,98.01358032,64.71315002,64.81529236,1158.091797,66.92211151,277.8145752,96.13920593,0.994599533,0.00540053,0.0,0.000198182
2021-01-12,16:56:36,2.833799934,5.779800034,69.07023621,98.01483917,64.7129364,64.81311798,1158.153931,66.92290497,277.8118896,96.13920593,0.994599533,0.00540053,0.0,0.000198182
2021-01-12,16:56:37,2.829199982,5.767699814,69.07023621,98.01531219,64.71337128,64.81080627,1158.218628,66.92420197,277.8074646,96.13920593,0.993789063,0.00621092,0.0,0.000198292
2021-01-12,16:56:38,2.824799919,5.755599976,69.07023621,98.01470184,64.71250916,64.80940247,1158.258301,66.9254837,277.8030701,96.13920593,0.993789063,0.00621092,0.0,0.000198511
2021-01-12,16:56:39,2.820199966,5.745800018,69.06921387,98.01531219,64.71202087,64.8069458,1158.327148,66.92690277,277.7980957,97.04836273,0.993789063,0.00621092,0.0,0.000198511
2021-01-12,16:56:40,2.815099907,5.73390007,69.06921387,98.01618958,64.71087646,64.80452728,1158.395386,66.92832947,277.7932739,97.04836273,0.993789063,0.00621092,0.0,0.000198511
2021-01-12,16:56:41,2.810400009,5.722100067,69.06921387,98.01634979,64.71038055,64.80282593,1158.443726,66.92996979,277.7875366,97.04836273,0.993789063,0.00621092,0.0,0.000198511
2021-01-12,16:56:42,2.806200027,5.709999847,69.06921387,98.01685333,64.71153259,64.80052948,1158.508057,66.93174744,277.7815247,97.04836273,0.992617798,0.00738221,0.022341349,0.000198409
2021-01-12,16:56:43,2.802400017,5.700600052,69.06813812,98.01698303,64.70983887,64.79850769,1158.565674,66.9344635,277.7721863,97.04836273,0.992617798,0.00738221,0.022341349,0.000198409
2021-01-12,16:56:44,2.798600006,5.687799835,69.06813812,98.01876068,64.70890808,64.79683685,1158.612305,66.93627167,277.7660217,98.13699341,0.992617798,0.00738221,0.022341349,0.000198409
2021-01-12,16:56:45,2.79489994,5.711100006,69.06813812,98.01924133,64.70939636,64.79485321,1158.668213,66.93875885,277.7575684,98.13699341,0.992617798,0.00738221,0.022341349,0.000198409
2021-01-12,16:56:46,2.792000008,5.675899887,69.06813812,98.02037048,64.7074585,64.7933197,1158.71167,66.94104004,277.7496948,98.13699341,0.992617798,0.00738221,0.022341349,0.000198409
2021-01-12,16:56:47,2.788599968,5.662200165,69.06813812,98.0188446,64.70703125,64.79124451,1158.769165,66.94432831,277.7383728,98.13699341,0.992617798,0.00738221,0.022341349,0.000198373
2021-01-12,16:56:48,2.785700035,5.650099945,69.06813812,98.02146149,64.70791626,64.78929901,1158.823853,66.94713593,277.7287292,98.13699341,0.992617798,0.00738221,0.022341349,0.000198373
2021-01-12,16:56:49,2.782099915,5.639599991,69.06813812,98.02189636,64.70641327,64.78733826,1158.879883,66.95032501,277.7177429,99.0586853,0.992617798,0.00738221,0.022341349,0.000198402
2021-01-12,16:56:50,2.779100037,5.626200104,69.06813812,98.02082062,64.70554352,64.78607941,1158.915405,66.95307922,277.7083435,99.0586853,0.992617798,0.00738221,0.022341349,0.000198402
2021-01-12,16:56:51,2.775799942,5.613199997,69.06813812,98.02282715,64.70622253,64.78417206,1158.969482,66.95578766,277.6990356,99.0586853,0.992617798,0.00738221,0.0,0.000198402
2021-01-12,16:56:52,2.772100067,5.59980011,69.0670929,98.02290344,64.70452118,64.78174591,1159.03772,66.95787811,277.691803,99.0586853,0.992617798,0.00738221,0.022834764,0.000198402
2021-01-12,16:56:53,2.769199944,5.589699936,69.0670929,98.02388763,64.70407104,64.78044891,1159.074585,66.96009064,277.6842041,99.0586853,0.992617798,0.00738221,0.0,0.000198402
2021-01-12,16:56:54,2.765500069,5.605699921,69.0670929,98.02494812,64.70341492,64.77865601,1159.124634,66.96205139,277.6774597,100.2796097,0.992617798,0.00738221,0.0,0.000198402
2021-01-12,16:56:55,2.762000084,5.569400024,69.0670929,98.02518463,64.703125,64.77681732,1159.17627,66.96325684,277.6733093,100.2796097,0.992617798,0.00738221,0.0,0.000198402
2021-01-12,16:56:56,2.758099937,5.557500076,69.0670929,98.02572632,64.70223236,64.77485657,1159.231689,66.96392822,277.6711121,100.2796097,0.992617798,0.00738221,0.0,0.000198402
2021-01-12,16:56:57,2.753800011,5.547000122,69.0670929,98.02713013,64.70349884,64.77359772,1159.267456,66.96414948,277.6703491,100.2796097,0.992617798,0.00738221,0.0,0.000198402
2021-01-12,16:56:58,2.749500084,5.533399963,69.0670929,98.02876282,64.70291138,64.77213287,1159.308472,66.96401215,277.6708374,100.2796097,0.992617798,0.00738221,0.0,0.000198402
2021-01-12,16:56:59,2.744000053,5.522999954,69.0670929,98.02959442,64.70318604,64.77026367,1159.361694,66.96392822,277.6711121,101.0350494,0.992617798,0.00738221,0.0,0.000198402
2021-01-12,16:57:00,2.737999916,5.511700058,69.0670929,98.0300827,64.70199585,64.76872253,1159.405029,66.96374512,277.6716003,101.0350494,0.992617798,0.00738221,0.0,0.000198402
2021-01-12,16:57:01,2.733499908,5.501399994,69.06604004,98.03147888,64.70100403,64.76686859,1159.457642,66.96325684,277.6733704,101.0350494,0.992617798,0.00738221,0.0,0.000198402
2021-01-12,16:57:02,2.727700043,5.491199875,69.06604004,98.03305054,64.7006073,64.76546478,1159.496948,66.96272278,277.6752319,101.0350494,0.992617798,0.00738221,0.0,0.000198402
2021-01-12,16:57:03,2.722699928,5.480099869,69.06499481,98.0353241,64.70088196,64.76413727,1159.53479,66.96147919,277.6793823,101.0350494,0.992617798,0.00738221,0.0,0.000198402
2021-01-12,16:57:04,2.717499924,5.469400024,69.06499481,98.03739166,64.6991272,64.76224518,1159.588501,66.96072388,277.6820984,102.0600815,0.993643799,0.00635623,0.019321084,0.000198402
2021-01-12,16:57:05,2.712199974,5.459000015,69.06499481,98.03830719,64.70101929,64.76095581,1159.624878,66.96004486,277.6844177,102.0600815,0.993643799,0.00635623,0.019321084,0.000198402
2021-01-12,16:57:06,2.70720005,5.44659996,69.06499481,98.0402832,64.69947815,64.7593689,1159.668945,66.95920563,277.6873169,102.0600815,0.993643799,0.00635623,0.019321084,0.000198402
2021-01-12,16:57:07,2.702799988,5.50890007,69.06499481,98.04103088,64.69820404,64.75777435,1159.714233,66.95877075,277.6887817,102.0600815,0.993643799,0.00635623,0.019321084,0.000198402
2021-01-12,16:57:08,2.7,5.481999969,69.06499481,98.04386902,64.69902039,64.75665283,1159.746094,66.95850372,277.6896973,102.0600815,0.993643799,0.00635623,0.019321084,0.000198402
2021-01-12,16:57:09,2.696500015,5.462099838,69.06499481,98.04569244,64.69841003,64.75506592,1159.790039,66.95783234,277.6921082,103.0455322,0.993643799,0.00635623,0.019321084,0.000198402
2021-01-12,16:57:10,2.693799973,5.445199966,69.06391907,98.04763031,64.69874573,64.7542572,1159.812622,66.95761108,277.692749,103.0455322,0.993643799,0.00635623,0.019321084,0.000198402
2021-01-12,16:57:11,2.690800095,5.431100082,69.06391907,98.04950714,64.6973114,64.75318146,1159.844116,66.9572525,277.6939087,103.0455322,0.993643799,0.00635623,0.019321084,0.000198402
2021-01-12,16:57:12,2.687800026,5.417399979,69.06391907,98.05157471,64.69696808,64.75161743,1159.887695,66.95747375,277.6932068,103.0455322,0.993643799,0.00635623,0.019321084,0.000198402
2021-01-12,16:57:13,2.684799957,5.404700089,69.06391907,98.05330658,64.69650269,64.75076294,1159.911865,66.95783234,277.691864,103.0455322,0.993643799,0.00635623,0.019321084,0.000198402
2021-01-12,16:57:14,2.681699944,5.390800095,69.06289673,98.05566406,64.69586182,64.74943542,1159.948364,66.95800781,277.6914063,104.1497421,0.993643799,0.00635623,0.019321084,0.000198402
2021-01-12,16:57:15,2.678199959,5.379899979,69.06289673,98.0581131,64.69554138,64.74887085,1159.965576,66.95819092,277.6906738,104.1497421,0.993643799,0.00635623,0.019321084,0.000198402
2021-01-12,16:57:16,2.674799919,5.366400146,69.06289673,98.06056976,64.69465637,64.74769592,1159.998413,66.95774841,277.6923523,104.1497421,0.993643799,0.00635623,0.019321084,0.000198402
2021-01-12,16:57:17,2.670700073,5.355699921,69.06289673,98.06362152,64.69517517,64.74655914,1160.030396,66.95711517,277.694458,104.1497421,0.993643799,0.00635623,0.019321084,0.000198402
2021-01-12,16:57:18,2.666900063,5.342499924,69.06181335,98.06615448,64.69451904,64.74578094,1160.052246,66.95614624,277.6977234,104.1497421,0.993643799,0.00635623,0.019321084,0.000198402
2021-01-12,16:57:19,2.662700081,5.33219986,69.06181335,98.06865692,64.6955719,64.74471283,1160.083008,66.95491028,277.7019958,105.1395264,0.993643799,0.00635623,0.019321084,0.000198402
2021-01-12,16:57:20,2.658399963,5.322399902,69.06181335,98.07095337,64.69493103,64.74377441,1160.109619,66.95357513,277.706543,105.1395264,0.993643799,0.00635623,0.019321084,0.000198402
2021-01-12,16:57:21,2.654000092,5.313399887,69.06181335,98.07461548,64.69433594,64.7429657,1160.13208,66.95152283,277.7135925,105.1395264,0.993643799,0.00635623,0.019321084,0.000198402
2021-01-12,16:57:22,2.649600029,5.304199982,69.06181335,98.07746887,64.69483948,64.74204254,1160.158569,66.95023346,277.7181091,105.1395264,0.993643799,0.00635623,0.019321084,0.000198402
2021-01-12,16:57:23,2.644099998,5.294900131,69.06181335,98.08017731,64.6939621,64.74073792,1160.195557,66.94738007,277.7277832,105.1395264,0.993643799,0.00635623,0.019321084,0.000198402
2021-01-12,16:57:24,2.638100052,5.282799911,69.06181335,98.08253479,64.69328308,64.73983002,1160.220581,66.94498444,277.736084,105.9130707,0.993643799,0.00635623,0.019321084,0.000198224
2021-01-12,16:57:25,2.631900024,5.271900177,69.06079865,98.08694458,64.69403839,64.73880005,1160.250366,66.94293976,277.742981,105.9130707,0.993643799,0.00635623,0.019321084,0.000198224
2021-01-12,16:57:26,2.62689991,5.262400055,69.06079865,98.08963013,64.69451141,64.73783112,1160.277832,66.94081116,277.7503967,105.9130707,0.993643799,0.00635623,0.019321084,0.000198224
2021-01-12,16:57:27,2.621199989,5.247600174,69.05976868,98.09387207,64.69507599,64.73617554,1160.324341,66.93850708,277.7583618,105.9130707,0.993643799,0.00635623,0.0,0.000198033
2021-01-12,16:57:28,2.615999985,5.238600159,69.05976868,98.09668732,64.6941452,64.73513794,1160.353638,66.93636322,277.765686,105.9130707,0.993643799,0.00635623,0.0,0.000198033
2021-01-12,16:57:29,2.61060009,5.23030014,69.05976868,98.10048676,64.69285583,64.73384857,1160.389893,66.93499756,277.7702942,106.6324768,0.993643799,0.00635623,0.0,0.000198033
2021-01-12,16:57:30,2.605900002,5.219400024,69.05976868,98.10334015,64.69317627,64.73277283,1160.42041,66.93356323,277.7752686,106.6324768,0.993643799,0.00635623,0.0,0.000198033
2021-01-12,16:57:31,2.601199913,5.207099915,69.05976868,98.10718536,64.69250488,64.73139191,1160.459473,66.93237305,277.7793274,106.6324768,0.994806671,0.00519323,0.0,0.000198033
2021-01-12,16:57:32,2.596999931,5.200600052,69.0586853,98.11141205,64.69145203,64.73053741,1160.483765,66.93161774,277.782074,106.6324768,0.994766617,0.0052334,0.015985686,0.000198251
2021-01-12,16:57:33,2.593199921,5.188499832,69.0586853,98.11428833,64.69205475,64.7290802,1160.525146,66.9309082,277.7844238,106.6324768,0.994766617,0.0052334,0.0,0.000198328
2021-01-12,16:57:34,2.589100075,5.174900055,69.0586853,98.11886597,64.69226074,64.72811127,1160.552368,66.93032837,277.7863159,107.6402817,0.994766617,0.0052334,0.0,0.000198328
2021-01-12,16:57:35,2.585300064,5.164699936,69.0586853,98.12315369,64.69087219,64.72671509,1160.591797,66.93054962,277.7855835,107.6402817,0.994766617,0.0052334,0.0,0.000198328
2021-01-12,16:57:36,2.581699944,5.152099991,69.0586853,98.1272583,64.69024658,64.72544861,1160.627686,66.93045807,277.7860107,107.6402817,0.994766617,0.0052334,0.0,0.000198328
2021-01-12,16:57:37,2.57859993,5.162900162,69.05766296,98.1312027,64.69126129,64.72473907,1160.648193,66.93117523,277.7835388,107.6402817,0.994572678,0.0054273,0.0,0.000198328
2021-01-12,16:57:38,2.575699997,5.133599854,69.05766296,98.13511658,64.69002533,64.72384644,1160.67334,66.93130493,277.7829895,107.6402817,0.994572678,0.0054273,0.0,0.000198379
2021-01-12,16:57:39,2.572299957,5.121500015,69.05766296,98.13918304,64.69085693,64.72212219,1160.721924,66.93121338,277.7833557,108.6640015,0.994572678,0.0054273,0.0,0.00019823
2021-01-12,16:57:40,2.568700027,5.109400177,69.05662537,98.14395905,64.69064331,64.72102356,1160.752808,66.93202209,277.7807312,108.6640015,0.994572678,0.0054273,0.0,0.00019823
2021-01-12,16:57:41,2.565099907,5.099000168,69.05662537,98.14833069,64.68869019,64.72042084,1160.769653,66.93228149,277.7797852,108.6640015,0.994572678,0.0054273,0.0,0.00019823
2021-01-12,16:57:42,2.561499977,5.090599823,69.05662537,98.15268707,64.68815613,64.71895599,1160.810913,66.93081665,277.7848206,108.6640015,0.994572678,0.0054273,0.0,0.00019823
2021-01-12,16:57:43,2.558099937,5.082099915,69.05662537,98.15707397,64.69030762,64.7181015,1160.835327,66.93028259,277.7865906,108.6640015,0.994572678,0.0054273,0.0,0.00019823
2021-01-12,16:57:44,2.554500008,5.069900131,69.05662537,98.16204071,64.68955994,64.71735382,1160.856567,66.92934418,277.7898254,109.3941422,0.994572678,0.0054273,0.0,0.00019823
2021-01-12,16:57:45,2.550300026,5.057099915,69.05662537,98.166008,64.68991089,64.71670532,1160.874756,66.92761993,277.7956238,109.3941422,0.994445419,0.00555455,0.016946112,0.00019823
2021-01-12,16:57:46,2.546299934,5.047800064,69.05558777,98.17192841,64.69041443,64.7154007,1160.911499,66.92565918,277.8023682,109.3941422,0.994445419,0.00555455,0.016946112,0.00019823
2021-01-12,16:57:47,2.542099953,5.038399887,69.05558777,98.17697144,64.68946838,64.71458435,1160.934326,66.92378998,277.8089294,109.3941422,0.994445419,0.00555455,0.0,0.00019823
2021-01-12,16:57:48,2.537299919,5.026800156,69.05558777,98.18198395,64.68914795,64.71412659,1160.947876,66.9213562,277.8171997,109.3941422,0.994447327,0.00555276,0.016933759,0.00019823
2021-01-12,16:57:49,2.531800079,5.020999908,69.05458069,98.18657684,64.68851471,64.71281433,1160.984863,66.91899109,277.8253479,110.3576508,0.994447327,0.00555276,0.016933759,0.000198302
2021-01-12,16:57:50,2.52689991,5.010599899,69.05458069,98.19134521,64.68942261,64.71266937,1160.989136,66.91659546,277.8335571,110.3576508,0.994447327,0.00555276,0.016933759,0.000198302
2021-01-12,16:57:51,2.520999908,5.004399872,69.05564117,98.19750214,64.6887207,64.71211243,1161.004272,66.914505,277.8406982,110.3576508,0.994421234,0.00557887,0.016933759,0.000198302
2021-01-12,16:57:52,2.513599968,4.991699982,69.05348969,98.20326996,64.68765259,64.71115112,1161.032227,66.9126358,277.8472595,110.3576508,0.994421234,0.00557887,0.016933759,0.000198302
2021-01-12,16:57:53,2.50909996,4.980899811,69.05348969,98.20821381,64.68943787,64.71089172,1161.038452,66.91016388,277.8556824,110.3576508,0.994421234,0.00557887,0.0,0.000198302
2021-01-12,16:57:54,2.504100037,4.971900177,69.05348969,98.2133255,64.68858337,64.7098999,1161.066895,66.90833282,277.861969,111.0278091,0.994421234,0.00557887,0.0,0.000198302
2021-01-12,16:57:55,2.499099922,4.962099838,69.05348969,98.21995544,64.68896484,64.70941162,1161.080566,66.90686798,277.8670044,111.0278091,0.994421234,0.00557887,0.017215712,0.000198422
2021-01-12,16:57:56,2.494599915,4.97140007,69.05348969,98.22563171,64.68710327,64.70875549,1161.099731,66.90554047,277.871521,111.0278091,0.994421234,0.00557887,0.017267125,0.000198422
2021-01-12,16:57:57,2.489699936,4.942499924,69.05348969,98.2304306,64.6891098,64.70808411,1161.118774,66.90415192,277.8763123,111.0278091,0.994421234,0.00557887,0.017267125,0.000198422
2021-01-12,16:57:58,2.486400032,4.933499908,69.05241394,98.23609924,64.68781281,64.70745087,1161.136475,66.90309906,277.8798828,111.0278091,0.994421234,0.00557887,0.017267125,0.000198422
2021-01-12,16:57:59,2.482600021,4.920999908,69.05140686,98.2416153,64.6875,64.70703888,1161.147949,66.90220642,277.8829956,112.0737305,0.994421234,0.00557887,0.017267125,0.000198422
2021-01-12,16:58:00,2.479400063,4.911899948,69.0524292,98.24804688,64.68848419,64.7066803,1161.158203,66.90140533,277.8857422,112.0737305,0.994421234,0.00557887,0.017267125,0.000198422
2021-01-12,16:58:01,2.476300049,4.901699829,69.0524292,98.25478363,64.68624878,64.70613861,1161.173218,66.90105438,277.8869934,112.0737305,0.994421234,0.00557887,0.017267125,0.000198422
2021-01-12,16:58:02,2.473399925,4.892499924,69.05141449,98.25975037,64.68655396,64.70584106,1161.182129,66.90081787,277.8877563,112.0737305,0.994421234,0.00557887,0.017267125,0.000198422
2021-01-12,16:58:03,2.470299911,4.880699921,69.05141449,98.26564026,64.68690491,64.7057724,1161.18396,66.9006958,277.8873596,112.0737305,0.994421234,0.00557887,0.017267125,0.000198422
2021-01-12,16:58:04,2.467000008,4.873600006,69.05141449,98.27224731,64.68622589,64.70498657,1161.206299,66.9006424,277.8882751,113.0473938,0.994421234,0.00557887,0.017267125,0.000198422
2021-01-12,16:58:05,2.463699913,4.863600159,69.05037689,98.27840424,64.68694305,64.70474243,1161.213501,66.90081787,277.8877869,113.0473938,0.994421234,0.00557887,0.017267125,0.000198422
2021-01-12,16:58:06,2.460199928,4.853699875,69.05141449,98.28542328,64.68551636,64.70435333,1161.223633,66.9005127,277.8887634,113.0473938,0.994421234,0.00557887,0.0,0.000198422
2021-01-12,16:58:07,2.456100082,4.844499969,69.05028534,98.29121399,64.68575287,64.70391846,1161.23584,66.89988708,277.8909302,113.0473938,0.994421234,0.00557887,0.017937002,0.000198422
2021-01-12,16:58:08,2.452499962,4.83370018,69.05028534,98.29832458,64.68562317,64.70361328,1161.244751,66.89936829,277.8927307,113.0473938,0.994421234,0.00557887,0.017937002,0.000198422
2021-01-12,16:58:09,2.448600006,4.823600006,69.04821777,98.30370331,64.68606567,64.70333862,1161.252808,66.89811707,277.8969727,113.91745,0.994421234,0.00557887,0.017937002,0.000198422
2021-01-12,16:58:10,2.444599915,4.814199829,69.04821777,98.31025696,64.68621063,64.70259094,1161.27356,66.89691162,277.901123,113.91745,0.994421234,0.00557887,0.0,0.000198217
2021-01-12,16:58:11,2.440800095,4.805699921,69.04821777,98.31782532,64.68649292,64.70228577,1161.282593,66.89451599,277.9091492,113.91745,0.994194489,0.00580549,0.017669039,0.000198217
2021-01-12,16:58:12,2.436599922,4.796099854,69.04821777,98.3243103,64.68590546,64.70217133,1161.286011,66.89261627,277.915802,113.91745,0.994194489,0.00580549,0.017621865,0.000198217
2021-01-12,16:58:13,2.43220005,4.825600052,69.04821777,98.33158112,64.6865387,64.70147705,1161.305664,66.89025116,277.9238892,113.91745,0.994194489,0.00580549,0.017621865,0.000198217
2021-01-12,16:58:14,2.427599907,4.797700119,69.04821777,98.33847809,64.68467712,64.70127106,1161.311401,66.88800049,277.9315796,114.5743637,0.994194489,0.00580549,0.017621865,0.000198217
2021-01-12,16:58:15,2.422200012,4.781800079,69.04721069,98.34570313,64.68586731,64.70071411,1161.327393,66.88572693,277.9394226,114.5743637,0.00571996,0.184111595,0.0,0.000198159
2021-01-12,16:58:16,2.416799927,4.772999954,69.04721069,98.35246277,64.68608093,64.70030975,1161.339233,66.88355255,277.946991,114.5743637,0.00571996,0.184111595,0.0,0.000198159
2021-01-12,16:58:17,2.411400032,4.76230011,69.0461731,98.36003876,64.68647003,64.69972229,1161.355713,66.88168335,277.9533997,114.5743637,0.00571996,0.184111595,0.0,0.000198159
2021-01-12,16:58:18,2.406800079,4.747100067,69.0461731,98.36758423,64.68484497,64.69933319,1161.366333,66.87942505,277.9611511,114.5743637,0.00571996,0.184111595,0.0,0.000198159
2021-01-12,16:58:19,2.40189991,4.7375,69.0461731,98.37610626,64.68662262,64.69895172,1161.377197,66.8777771,277.9667969,115.5673065,0.00571996,0.184111595,0.0,0.000198159
2021-01-12,16:58:20,2.397100067,4.727999878,69.0461731,98.38304901,64.68591309,64.69915771,1161.371338,66.87697601,277.9695435,115.5673065,0.994211426,0.00578856,0.0,0.000198159
2021-01-12,16:58:21,2.392399979,4.720800018,69.0461731,98.38864899,64.6867218,64.69825745,1161.396484,66.87599945,277.9728394,115.5673065,0.994211426,0.00578856,0.0,0.000198159
2021-01-12,16:58:22,2.388199997,4.70890007,69.04511261,98.39730835,64.68534851,64.69789886,1161.407349,66.87542725,277.9748535,115.5673065,0.994211426,0.00578856,0.0,0.000198159
2021-01-12,16:58:23,2.383799934,4.69980011,69.04511261,98.40566254,64.68545532,64.69740295,1161.421021,66.87524414,277.9755249,115.5673065,0.994211426,0.00578856,0.0,0.000198159
2021-01-12,16:58:24,2.379999924,4.692699814,69.04511261,98.41324615,64.68531799,64.69728088,1161.424561,66.87516022,277.9757385,116.2370224,0.994211426,0.00578856,0.0,0.000198203
2021-01-12,16:58:25,2.376799965,4.682500076,69.04511261,98.42080688,64.68436432,64.69650269,1161.446289,66.87524414,277.9755249,116.2370224,0.994211426,0.00578856,0.0,0.000198203
2021-01-12,16:58:26,2.373500061,4.672100067,69.04399109,98.42993927,64.68463135,64.69631195,1161.451172,66.87538147,277.9750061,116.2370224,0.993951798,0.0060482,0.0,0.000198226
2021-01-12,16:58:27,2.370800018,4.694300079,69.04399109,98.43696594,64.68591309,64.69586182,1161.464722,66.87635803,277.9717407,116.2370224,0.993951798,0.0060482,0.0,0.000198226
2021-01-12,16:58:28,2.36760006,4.667699814,69.0429306,98.44475555,64.68528748,64.69606018,1161.458862,66.87697601,277.9695129,116.2370224,0.993951798,0.0060482,0.0,0.000198226
2021-01-12,16:58:29,2.364800072,4.654199982,69.0429306,98.45336914,64.6843338,64.69512177,1161.485596,66.87791443,277.9663086,117.0806885,0.993854828,0.00614523,0.018663682,0.000198226
2021-01-12,16:58:30,2.361499977,4.644499969,69.0429306,98.46312714,64.68521118,64.69532013,1161.479858,66.87973022,277.9602051,117.0806885,0.993854828,0.00614523,0.0,0.000198226
2021-01-12,16:58:31,2.358099937,4.63390007,69.0429306,98.47038269,64.68437958,64.69464874,1161.499023,66.88021851,277.9584656,117.0806885,0.993824234,0.00617587,0.01878752,0.000198226
2021-01-12,16:58:32,2.354400063,4.624100113,69.04191589,98.47836304,64.68597412,64.69437408,1161.506836,66.88093567,277.9560242,117.0806885,0.993824234,0.00617587,0.01878752,0.000198226
2021-01-12,16:58:33,2.351000023,4.614599991,69.04191589,98.48806763,64.68400574,64.69395447,1161.518555,66.88155365,277.9538269,117.0806885,0.993824234,0.00617587,0.01878752,0.000198072
2021-01-12,16:58:34,2.347400093,4.604899979,69.04090881,98.49668884,64.68562317,64.69367981,1161.526489,66.88182068,277.9528809,118.0012207,0.993824234,0.00617587,0.01878752,0.000198072
2021-01-12,16:58:35,2.343499947,4.592699814,69.04090881,98.50463104,64.68429565,64.69286346,1161.549316,66.88173676,277.9532166,118.0012207,0.993824234,0.00617587,0.01878752,0.000198072
2021-01-12,16:58:36,2.340099907,4.598600006,69.04090881,98.51541901,64.68470001,64.69250488,1161.559448,66.88168335,277.9533691,118.0012207,0.993824234,0.00617587,0.01878752,0.000198072
2021-01-12,16:58:37,2.336199951,4.579800034,69.03985596,98.52347565,64.68516541,64.69206238,1161.572266,66.88062286,277.9569702,118.0012207,0.993824234,0.00617587,0.01878752,0.000198072
2021-01-12,16:58:38,2.332600021,4.570500183,69.03985596,98.53231812,64.68572998,64.6918335,1161.579102,66.8799057,277.9594727,118.0012207,0.993824234,0.00617587,0.01878752,0.000198072
2021-01-12,16:58:39,2.329000092,4.562900162,69.03985596,98.54161835,64.68507385,64.69167328,1161.583618,66.87865448,277.9637451,118.5352249,0.993824234,0.00617587,0.01878752,0.000198244
2021-01-12,16:58:40,2.324900055,4.549300003,69.03884888,98.5508194,64.68511963,64.69124603,1161.594849,66.87755585,277.9675903,118.5352249,0.993824234,0.00617587,0.018473655,0.000198291
2021-01-12,16:58:41,2.320599937,4.543099976,69.03884888,98.5605545,64.68507385,64.69099426,1161.602173,66.87569427,277.973877,118.5352249,0.993824234,0.00617587,0.018473655,0.000198291
2021-01-12,16:58:42,2.315999985,4.534600067,69.03884888,98.56900024,64.68565369,64.69025421,1161.623535,66.87448883,277.9779968,118.5352249,0.993947525,0.00605249,0.0,0.000198166
2021-01-12,16:58:43,2.311700058,4.526800156,69.03884888,98.57816315,64.68562317,64.68998718,1161.630859,66.87342834,277.9816895,118.5352249,0.993947525,0.00605249,0.018422363,0.000198167
2021-01-12,16:58:44,2.307999992,4.628099823,69.03884888,98.58905029,64.68643188,64.68966675,1161.639771,66.87239838,277.9851685,119.2394791,0.993947525,0.00605249,0.018422363,0.000198167
2021-01-12,16:58:45,2.305699921,4.80909996,69.03781891,98.59941101,64.6854248,64.68926239,1161.651489,66.87133789,277.9888916,119.2394791,0.993947525,0.00605249,0.018422363,0.000198167
2021-01-12,16:58:46,2.30529995,5.007799911,69.03781891,98.60897064,64.68652344,64.68955231,1161.643311,66.87076569,277.9908447,119.2394791,0.993947525,0.00605249,0.018422363,0.000198167
2021-01-12,16:58:47,2.306900024,5.154800034,69.03781891,98.61824799,64.68618774,64.69068146,1161.611084,66.86978149,277.9942627,119.2394791,0.993865433,0.00613456,0.018422363,0.000198167
2021-01-12,16:58:48,2.31060009,5.28730011,69.03677368,98.62967682,64.68599701,64.69379425,1161.522705,66.86965942,277.9947205,119.2394791,0.993865433,0.00613456,0.018422363,0.000198167
2021-01-12,16:58:49,2.315500069,5.400099945,69.03677368,98.63834381,64.68811035,64.69787598,1161.407837,66.87005615,277.9932251,119.8896713,0.993865433,0.00613456,0.018422363,0.000198167
2021-01-12,16:58:50,2.32329998,5.523799896,69.03677368,98.64943695,64.69049072,64.70327759,1161.254883,66.86969757,277.9946594,119.8896713,0.993865433,0.00613456,0.018422363,0.000198167
2021-01-12,16:58:51,2.330900002,5.633399963,69.03572083,98.66003418,64.69321442,64.7094574,1161.079834,66.86960602,277.9943848,119.8896713,0.993865433,0.00613456,0.018422363,0.000198167
2021-01-12,16:58:52,2.340500069,5.74090004,69.03470612,98.66950989,64.69909668,64.71595764,1160.895752,66.87005615,277.9932251,119.8896713,0.993865433,0.00613456,0.018422363,0.000198167
2021-01-12,16:58:53,2.352899933,5.84469986,69.03470612,98.68029785,64.70574951,64.72506714,1160.638428,66.87155151,277.9881287,119.8896713,0.993865433,0.00613456,0.018422363,0.000198167
2021-01-12,16:58:54,2.36609993,5.937799835,69.03470612,98.69140625,64.71200562,64.73405457,1160.384033,66.87254333,277.9848633,117.1511536,0.993865433,0.00613456,0.018422363,0.000198167
2021-01-12,16:58:55,2.381200027,6.028099823,69.03470612,98.70264435,64.72137451,64.74397278,1160.10376,66.8740921,277.9795837,117.1511536,0.993865433,0.00613456,0.018422363,0.000198167
2021-01-12,16:58:56,2.39659996,6.116999817,69.03363037,98.7144165,64.72951508,64.75448608,1159.806641,66.87631989,277.9717712,117.1511536,0.993865433,0.00613456,0.018422363,0.000198167
2021-01-12,16:58:57,2.410199928,6.199700165,69.03363037,98.72576904,64.73867798,64.76488495,1159.513672,66.87906647,277.9623718,117.1511536,0.993865433,0.00613456,0.018422363,0.000198167
2021-01-12,16:58:58,2.426600075,6.284199905,69.0326004,98.73767853,64.7481842,64.77716827,1159.167114,66.88231659,277.9512939,117.1511536,0.993865433,0.00613456,0.018422363,0.000198167
2021-01-12,16:58:59,2.443300056,6.363199997,69.0326004,98.75006866,64.75704193,64.78923798,1158.826294,66.88679504,277.935791,110.3318558,0.993865433,0.00613456,0.0,0.000198102
2021-01-12,16:59:00,2.457999992,6.442500305,69.0326004,98.76159668,64.76616669,64.80163574,1158.476685,66.89136505,277.9200745,110.3318558,0.993865433,0.00613456,0.0,0.000198102
2021-01-12,16:59:01,2.474500084,6.514800262,69.0326004,98.77516937,64.77560425,64.81498718,1158.10083,66.89700317,277.9008789,110.3318558,0.993865433,0.00613456,0.0,0.000198102
2021-01-12,16:59:02,2.491300011,6.586000061,69.03155518,98.78742981,64.78608704,64.82736206,1157.751343,66.90322876,277.8793945,110.3318558,0.993865433,0.00613456,0.0,0.000198102
2021-01-12,16:59:03,2.50739994,6.653199768,69.03048706,98.80055237,64.79505157,64.84135437,1157.357666,66.90975952,277.8569336,110.3318558,0.993865433,0.00613456,0.0,0.000198238
2021-01-12,16:59:04,2.525900078,6.713500214,69.03048706,98.8139801,64.80515289,64.85649872,1156.932251,66.91757202,277.8302307,102.4195938,0.993865433,0.00613456,0.0,0.000198238
2021-01-12,16:59:05,2.542200089,6.777300262,69.02946472,98.82801056,64.81491852,64.87085724,1156.52832,66.9272995,277.7967529,102.4195938,0.993865433,0.00613456,0.0,0.000198221
2021-01-12,16:59:06,2.559199905,6.82990036,69.02946472,98.84204865,64.82415771,64.88569641,1156.11084,66.93787384,277.760437,102.4195938,0.993865433,0.00613456,0.0,0.000198221
2021-01-12,16:59:07,2.577000046,6.881099701,69.02946472,98.85756683,64.83374786,64.90085602,1155.685425,66.94953156,277.7204895,102.4195938,0.993865433,0.00613456,0.0,0.000198221
2021-01-12,16:59:08,2.592700005,6.919300079,69.02946472,98.87168121,64.84082031,64.91493988,1155.290283,66.9622345,277.6769714,102.4195938,0.993865433,0.00613456,0.0,0.000198049
2021-01-12,16:59:09,2.610499954,6.960199738,69.02842712,98.88571167,64.84996796,64.92938232,1154.885132,66.97642517,277.6282959,94.61423492,0.993865433,0.00613456,0.0,0.000198049
2021-01-12,16:59:10,2.626799965,6.982900238,69.02842712,98.90213013,64.85925293,64.9445343,1154.459839,66.99162292,277.5762329,94.61423492,0.993865433,0.00613456,0.0,0.000198049
2021-01-12,16:59:11,2.643300056,7.001300049,69.02842712,98.91673279,64.86653137,64.95802307,1154.082886,67.00728607,277.522522,94.61423492,0.993865433,0.00613456,0.0,0.000198049
2021-01-12,16:59:12,2.65890007,7.013999939,69.02842712,98.93278503,64.87527466,64.97233582,1153.682007,67.02418518,277.4646606,94.61423492,0.993731537,0.00626844,0.0,0.000198049
2021-01-12,16:59:13,2.675300026,7.026899719,69.02740479,98.94872284,64.88238525,64.98595428,1153.299805,67.04175568,277.40448,94.61423492,0.993731537,0.00626844,0.019198093,0.000198048
2021-01-12,16:59:14,2.690999985,7.02460022,69.02740479,98.96413422,64.88981628,64.99950409,1152.921509,67.06040955,277.3407288,87.08171844,0.993731537,0.00626844,0.019198093,0.000198048
2021-01-12,16:59:15,2.704299927,6.989499664,69.02635193,98.98094177,64.89390564,65.01190948,1152.574463,67.07813263,277.2801819,87.08171844,0.993731537,0.00626844,0.019502815,0.000198048
2021-01-12,16:59:16,2.718300056,6.948100281,69.02635193,98.99769592,64.89955902,65.02411652,1152.233643,67.09709167,277.215271,87.08171844,0.993731537,0.00626844,0.019502815,0.000198048
2021-01-12,16:59:17,2.730500031,6.916000366,69.02534485,99.01482391,64.90576172,65.03624725,1151.894653,67.11691284,277.1474609,87.08171844,0.993731537,0.00626844,0.0197339,0.000198268
2021-01-12,16:59:18,2.742499924,6.931099701,69.02534485,99.03049469,64.91096497,65.04636383,1151.612061,67.13517761,277.0852966,87.08171844,0.993731537,0.00626844,0.0197339,0.000198268
2021-01-12,16:59:19,2.753000069,6.955500031,69.02534485,99.04793549,64.91410828,65.05674744,1151.321899,67.1545105,277.0191345,81.58586121,0.993731537,0.00626844,0.0,0.000198144
2021-01-12,16:59:20,2.765099907,6.972399902,69.02433777,99.06530762,64.91740417,65.06671143,1151.044189,67.1740036,276.9527283,81.58586121,0.993731537,0.00626844,0.0,0.000198144
2021-01-12,16:59:21,2.777599907,6.989700317,69.02433777,99.08283234,64.92100525,65.07615662,1150.78125,67.19281769,276.8885803,81.58586121,0.993731537,0.00626844,0.0197167,0.000198144
2021-01-12,16:59:22,2.787800026,6.994300079,69.0233078,99.09957886,64.92149353,65.08513641,1150.53064,67.21064758,276.8277893,81.58586121,0.993731537,0.00626844,0.0197167,0.000198144
2021-01-12,16:59:23,2.798699951,7.004000092,69.0233078,99.11627197,64.92492676,65.09383392,1150.288086,67.22939301,276.7640076,81.58586121,0.993731537,0.00626844,0.0,0.000198058
2021-01-12,16:59:24,2.809499931,7.002899933,69.0233078,99.1344986,64.92599487,65.10206604,1150.058716,67.24727631,276.7029419,78.3246994,0.993590164,0.00640976,0.0,0.000198058
2021-01-12,16:59:25,2.82329998,7.008100128,69.02224731,99.15159607,64.92632294,65.11006927,1149.835693,67.26451111,276.6443176,78.3246994,0.993590164,0.00640976,0.019308126,0.000198058
2021-01-12,16:59:26,2.833600044,7.010600281,69.02224731,99.1683197,64.92614746,65.11766052,1149.624878,67.28084564,276.5887451,78.3246994,0.993678131,0.00632196,0.019308126,0.000198058
2021-01-12,16:59:27,2.844400024,7.016200256,69.02224731,99.18576813,64.92713928,65.12482452,1149.425293,67.29673767,276.5348816,78.3246994,0.993678131,0.00632196,0.019308126,0.000198058
2021-01-12,16:59:28,2.856599998,7.018399811,69.02224731,99.20362091,64.92797852,65.1315918,1149.237427,67.31227112,276.4819336,78.3246994,0.993743362,0.00625658,0.019308126,0.000198058
2021-01-12,16:59:29,2.866300011,7.019599915,69.02124023,99.22054291,64.92897034,65.13752747,1149.071777,67.32684326,276.4324646,76.8687439,0.993743362,0.00625658,0.019308126,0.000198058
2021-01-12,16:59:30,2.877099991,7.017299652,69.02124023,99.23919678,64.92927551,65.14376068,1148.898682,67.34107971,276.3840332,76.8687439,0.993743362,0.00625658,0.019308126,0.000198058
2021-01-12,16:59:31,2.887400055,7.020700073,69.0201416,99.25682831,64.92945862,65.14903259,1148.752075,67.35503387,276.336731,76.8687439,0.993743362,0.00625658,0.019308126,0.000198058
2021-01-12,16:59:32,2.896800041,7.018299866,69.0201416,99.27246094,64.93069458,65.15425873,1148.606812,67.36737061,276.2947083,76.8687439,0.993743362,0.00625658,0.0,0.000198058
2021-01-12,16:59:33,2.906100082,7.019400024,69.0201416,99.29113007,64.92932129,65.15916443,1148.470703,67.37987518,276.2523804,76.8687439,0.993743362,0.00625658,0.0,0.000198058
2021-01-12,16:59:34,2.915299988,7.022299957,69.0201416,99.30879974,64.93003845,65.16342926,1148.352417,67.39055634,276.216095,75.66729736,0.993743362,0.00625658,0.0,0.000198058
2021-01-12,16:59:35,2.92329998,7.020200348,69.01807404,99.32608795,64.93022156,65.16772461,1148.23291,67.40103149,276.1807251,75.66729736,0.993743362,0.00625658,0.0,0.000198058
2021-01-12,16:59:36,2.929899979,7.025099945,69.01807404,99.34417725,64.9289856,65.17127991,1148.139404,67.41014862,276.1497192,75.66729736,0.993743362,0.00625658,0.0,0.000198058
2021-01-12,16:59:37,2.936599922,7.02480011,69.01807404,99.36067963,64.92984772,65.17500305,1148.030273,67.41815948,276.1224976,75.66729736,0.993743362,0.00625658,0.0,0.000198058
2021-01-12,16:59:38,2.941500092,7.028500366,69.01807404,99.37877655,64.92999268,65.17781067,1147.952271,67.42620087,276.0952148,75.66729736,0.993743362,0.00625658,0.0,0.000198058
2021-01-12,16:59:39,2.947200012,7.031999969,69.01807404,99.3963089,64.93013763,65.1805191,1147.876709,67.43354034,276.0705566,74.55287933,0.993743362,0.00625658,0.0,0.000198058
2021-01-12,16:59:40,2.950900078,7.034600067,69.01702881,99.41312408,64.93000031,65.18296814,1147.808838,67.43967438,276.0497131,74.55287933,0.993743362,0.00625658,0.0,0.000198058
2021-01-12,16:59:41,2.954999924,7.03239975,69.01702881,99.43070221,64.92842102,65.18539429,1147.741333,67.44557953,276.0296936,74.55287933,0.993743362,0.00625658,0.0,0.000198058
2021-01-12,16:59:42,2.95909996,7.035600281,69.01702881,99.44698334,64.92816162,65.18724823,1147.69043,67.45129395,276.0118103,74.55287933,0.993698273,0.00630164,0.01910623,0.000198058
2021-01-12,16:59:43,2.964500046,7.0375,69.0160141,99.46594238,64.92779541,65.18916321,1147.636841,67.45690155,275.991333,74.55287933,0.993698273,0.00630164,0.01910623,0.000198058
2021-01-12,16:59:44,2.968199921,7.039199829,69.0160141,99.48194122,64.92723083,65.19057465,1147.597534,67.4616394,275.9753113,73.89469147,0.993698273,0.00630164,0.01910623,0.000198058
2021-01-12,16:59:45,2.972900009,7.03809967,69.0149765,99.49900055,64.92683411,65.19229889,1147.549805,67.46723938,275.9563904,73.89469147,0.993698273,0.00630164,0.01910623,0.000198058
2021-01-12,16:59:46,2.979500008,7.039600372,69.0149765,99.51687622,64.92609406,65.19342804,1147.519165,67.47211456,275.9398193,73.89469147,0.994189606,0.00581038,0.01910623,0.000198058
2021-01-12,16:59:47,2.984199905,7.04509964,69.0149765,99.53179932,64.92581177,65.19454193,1147.487793,67.47699738,275.9233704,73.89469147,0.994236374,0.00576359,0.0,0.000198102
2021-01-12,16:59:48,2.987800026,7.041500092,69.0139389,99.54871368,64.92356873,65.19522858,1147.469116,67.48150635,275.9078979,73.89469147,0.994236374,0.00576359,0.0,0.000198102
2021-01-12,16:59:49,2.99090004,7.042500305,69.01293182,99.56587219,64.92259216,65.19580841,1147.452637,67.48545837,275.8946838,73.71149445,0.994236374,0.00576359,0.016856489,0.000198036
2021-01-12,16:59:50,2.997599983,7.043800354,69.01293182,99.58154297,64.92199707,65.19642639,1147.436035,67.48858643,275.8840332,73.71149445,0.994236374,0.00576359,0.0,0.000198125
2021-01-12,16:59:51,3.005200005,7.042199707,69.01394653,99.59748077,64.92242432,65.19656372,1147.431641,67.490242,275.878418,73.71149445,0.994236374,0.00576359,0.0,0.000198125
2021-01-12,16:59:52,3.011700058,7.044200134,69.01292419,99.61416626,64.91997528,65.19715881,1147.415527,67.49127197,275.8748474,73.71149445,0.994236374,0.00576359,0.0,0.000198125
2021-01-12,16:59:53,3.016900063,7.041000366,69.01292419,99.63083649,64.91989136,65.19694519,1147.421265,67.49086761,275.8762817,73.71149445,0.994236374,0.00576359,0.0,0.000198125
2021-01-12,16:59:54,3.020999908,7.04280014,69.01292419,99.64646912,64.91823578,65.19708252,1147.41748,67.48947906,275.881012,73.33534241,0.994236374,0.00576359,0.0,0.000198125
2021-01-12,16:59:55,3.023999977,7.041999817,69.01292419,99.66157532,64.91532135,65.19685364,1147.423706,67.48769379,275.8869629,73.33534241,0.994920273,0.00507974,0.015526484,0.000198071
2021-01-12,16:59:56,3.027300072,7.043900299,69.0118866,99.67894745,64.91624451,65.19651794,1147.432861,67.4855957,275.8941956,73.33534241,0.994920273,0.00507974,0.015369763,0.000198017
2021-01-12,16:59:57,3.031699944,7.042700195,69.010849,99.69308472,64.91578674,65.19580841,1147.452881,67.48254395,275.9045105,73.33534241,0.994920273,0.00507974,0.015369763,0.000198017
2021-01-12,16:59:58,3.03390007,7.045899963,69.010849,99.70803833,64.91362762,65.19545746,1147.462646,67.47958374,275.9144897,73.33534241,0.995057221,0.00494277,0.0,0.000198017
2021-01-12,16:59:59,3.035099983,7.04489975,69.010849,99.72422028,64.91220093,65.19562531,1147.45752,67.47587585,275.9271545,73.50953674,0.995057221,0.00494277,0.0,0.000198017
2021-01-12,17:00:00,3.038100052,7.046499634,69.010849,99.73980713,64.91114807,65.19451904,1147.488281,67.47232819,275.9390259,73.50953674,0.995057221,0.00494277,0.0,0.000198017
2021-01-12,17:00:01,3.043199921,7.045300293,69.010849,99.75447845,64.91038513,65.19380951,1147.508057,67.46916199,275.9497986,73.50953674,0.995057221,0.00494277,0.0,0.000198017
2021-01-12,17:00:02,3.046299934,7.047399902,69.00973511,99.76942444,64.90960693,65.1927948,1147.536011,67.46598053,275.9606628,73.50953674,0.995116272,0.00488376,0.014943384,0.000198017
2021-01-12,17:00:03,3.049699974,7.045600128,69.00973511,99.78457642,64.90795898,65.19143677,1147.574097,67.46339417,275.9693604,73.50953674,0.995113831,0.00488627,0.0,0.000198017
2021-01-12,17:00:04,3.053300095,7.044799805,69.00869751,99.80005646,64.90851593,65.1902771,1147.605469,67.46047974,275.9792175,73.50953674,0.995100937,0.00489914,0.0,0.000198017
2021-01-12,17:00:05,3.057299995,7.047100067,69.00970459,99.81458282,64.90756989,65.18937683,1147.631714,67.45815277,275.9870911,73.50953674,0.995100937,0.00489914,0.0,0.000198017
2021-01-12,17:00:06,3.06079998,7.046399689,69.00970459,99.82925415,64.90652466,65.18819427,1147.663574,67.45586395,275.9948425,73.50953674,0.995100937,0.00489914,0.0,0.000198062
2021-01-12,17:00:07,3.065099907,7.048100281,69.00970459,99.8442688,64.9042511,65.18682861,1147.701782,67.45336914,276.0033264,73.50953674,0.995100937,0.00489914,0.0,0.000198062
2021-01-12,17:00:08,3.068899918,7.04509964,69.00970459,99.85843658,64.90228271,65.18539429,1147.741577,67.45018768,276.0140381,73.50953674,0.995100937,0.00489914,0.0,0.000198044
2021-01-12,17:00:09,3.072900009,7.047000122,69.00868225,99.87268066,64.9026947,65.18398285,1147.780762,67.44687653,276.0253601,73.50953674,0.995100937,0.00489914,0.0,0.000198044
2021-01-12,17:00:10,3.07670002,7.044400024,69.00868225,99.88677216,64.90168762,65.18267059,1147.816895,67.44303131,276.0384521,73.50953674,0.994871521,0.0051285,0.015672607,0.000198044
2021-01-12,17:00:11,3.079700089,7.045600128,69.00868225,99.90006256,64.90026855,65.18103027,1147.862549,67.4396286,276.0498047,73.50953674,0.994871521,0.0051285,0.015672607,0.000198224
2021-01-12,17:00:12,3.082699966,7.046299744,69.00868225,99.91390991,64.89955902,65.1795578,1147.903442,67.43640137,276.0608215,73.50953674,0.994871521,0.0051285,0.015672607,0.000198224
2021-01-12,17:00:13,3.086100006,7.045300293,69.00868225,99.92862701,64.89879608,65.17824554,1147.940552,67.43267822,276.0733032,73.50953674,0.994871521,0.0051285,0.015672607,0.000198224
2021-01-12,17:00:14,3.08920002,7.043699646,69.00762177,99.94257355,64.89761353,65.17665863,1147.984253,67.42969513,276.0835266,73.40264893,0.994871521,0.0051285,0.015672607,0.000198224
2021-01-12,17:00:15,3.092099953,7.045400238,69.00762177,99.95656586,64.89690399,65.1750946,1148.027954,67.426651,276.093811,73.40264893,0.994871521,0.0051285,0.015898967,0.000198101
2021-01-12,17:00:16,3.095100021,7.043299866,69.00762177,99.96859741,64.89528656,65.1736145,1148.068359,67.42366791,276.1037903,73.40264893,0.994871521,0.0051285,0.015898967,0.000198101
2021-01-12,17:00:17,3.098500061,7.044000244,69.00660706,99.98178101,64.89560699,65.17195892,1148.115112,67.4208374,276.1135254,73.40264893,0.994791412,0.00520861,0.015898967,0.000198157
2021-01-12,17:00:18,3.101399994,7.043000031,69.00660706,99.99565887,64.89460754,65.170578,1148.153564,67.41834259,276.1219177,73.40264893,0.994791412,0.00520861,0.015920466,0.000198105
2021-01-12,17:00:19,3.10359993,7.043800354,69.00660706,100.0090103,64.89376831,65.16883087,1148.201904,67.41573334,276.1307373,73.40264893,0.994791412,0.00520861,0.015920466,0.000198105
2021-01-12,17:00:20,3.105500031,7.043099976,69.00660706,100.022049,64.89263916,65.16731262,1148.243652,67.41403961,276.1365051,73.40264893,0.994791412,0.00520861,0.015920466,0.000198105
2021-01-12,17:00:21,3.107299995,7.044000244,69.00660706,100.0354919,64.89112854,65.16529083,1148.300293,67.4118042,276.144043,73.40264893,0.994791412,0.00520861,0.015920466,0.000198105
2021-01-12,17:00:22,3.107999992,7.04469986,69.00550842,100.04953,64.89032745,65.16370392,1148.344482,67.4101944,276.1494446,73.40264893,0.994791412,0.00520861,0.015920466,0.000198105
2021-01-12,17:00:23,3.10909996,7.043299866,69.00550842,100.0615082,64.88993073,65.16192627,1148.394531,67.40836334,276.1557007,73.40264893,0.994791412,0.00520861,0.015920466,0.000198105
2021-01-12,17:00:24,3.110199928,7.046800232,69.00550842,100.0745316,64.88919067,65.159935,1148.449585,67.40651703,276.1619568,73.40264893,0.994791412,0.00520861,0.015920466,0.000198105
2021-01-12,17:00:25,3.112100029,7.04280014,69.00550842,100.0863953,64.88892365,65.15796661,1148.504028,67.40465546,276.1682739,73.40264893,0.994618301,0.0053817,0.0,0.000198176
2021-01-12,17:00:26,3.11439991,7.044799805,69.0065155,100.0982132,64.88615417,65.15587616,1148.560181,67.40290833,276.1742249,73.40264893,0.994618301,0.0053817,0.0,0.000198176
2021-01-12,17:00:27,3.117099953,7.040599823,69.0065155,100.1107941,64.88587952,65.15439606,1148.603149,67.40135193,276.1795654,73.40264893,0.994618301,0.0053817,0.0,0.000198176
2021-01-12,17:00:28,3.120299911,7.043499756,69.0065155,100.1227264,64.88577271,65.15235138,1148.658813,67.39959717,276.1853638,73.40264893,0.994618301,0.0053817,0.0,0.000198176
2021-01-12,17:00:29,3.122900009,7.040699768,69.00545502,100.1351471,64.88500977,65.15058899,1148.70813,67.39802551,276.1908264,73.40264893,0.994618301,0.0053817,0.0,0.000198176
2021-01-12,17:00:30,3.124699974,7.040399933,69.00545502,100.1465302,64.8841095,65.14873505,1148.760498,67.39607239,276.1974792,73.40264893,0.994618301,0.0053817,0.0,0.000198176
2021-01-12,17:00:31,3.12689991,7.041300201,69.00545502,100.1585007,64.88279724,65.14707947,1148.806396,67.39441681,276.2030334,73.40264893,0.994618301,0.0053817,0.0,0.000198176
2021-01-12,17:00:32,3.128700066,7.040899658,69.00545502,100.1700439,64.88192749,65.14518738,1148.858887,67.39266968,276.2090454,73.40264893,0.994005814,0.0059942,0.0,0.000198176
2021-01-12,17:00:33,3.130599976,7.039900208,69.00545502,100.1816711,64.88150024,65.14303589,1148.918213,67.39038086,276.2167053,73.40264893,0.994005814,0.0059942,0.0,0.000198176
2021-01-12,17:00:34,3.13239994,7.041999817,69.00545502,100.1928482,64.87953186,65.14138031,1148.964722,67.3879776,276.2249756,73.40264893,0.994005814,0.0059942,0.0,0.000198176
2021-01-12,17:00:35,3.134499931,7.040799713,69.00545502,100.2048035,64.87854004,65.13936615,1149.021118,67.38595581,276.231842,73.40264893,0.994005814,0.0059942,0.0,0.000198176
2021-01-12,17:00:36,3.136300087,7.039600372,69.00545502,100.2154236,64.87945557,65.13748932,1149.073486,67.38314056,276.241333,73.40264893,0.994005814,0.0059942,0.0,0.000198176
2021-01-12,17:00:37,3.1375,7.040000153,69.00545502,100.2260513,64.87689209,65.13537598,1149.13208,67.38014984,276.2508545,73.40264893,0.994005814,0.0059942,0.0,0.000198176
2021-01-12,17:00:38,3.13939991,7.041100311,69.00545502,100.2365036,64.87606812,65.13355255,1149.182495,67.37742615,276.2606812,73.40264893,0.994005814,0.0059942,0.0,0.000198176
2021-01-12,17:00:39,3.140999985,7.038300323,69.00545502,100.2484894,64.87542725,65.13134003,1149.244141,67.37545013,276.2674561,73.7410965,0.994005814,0.0059942,0.0,0.000198176
2021-01-12,17:00:40,3.143400002,7.039700317,69.00545502,100.2590027,64.87405396,65.12960815,1149.292358,67.3733139,276.2746277,73.7410965,0.993722076,0.00627791,0.0,0.000198176
2021-01-12,17:00:41,3.145400047,7.037200165,69.00545502,100.2700119,64.87438965,65.12763977,1149.346802,67.3712616,276.2815857,73.7410965,0.993722076,0.00627791,0.0,0.000198176
2021-01-12,17:00:42,3.147500038,7.036599731,69.00545502,100.2802963,64.87281036,65.12565613,1149.4021,67.36959839,276.287323,73.7410965,0.993722076,0.00627791,0.0,0.000198176
2021-01-12,17:00:43,3.149300003,7.037799835,69.00545502,100.2907944,64.87201691,65.12413788,1149.444702,67.36804199,276.292511,73.7410965,0.993722076,0.00627791,0.0,0.000198176
2021-01-12,17:00:44,3.151099968,7.039399719,69.00545502,100.3003922,64.87026978,65.12205505,1149.501953,67.36610413,276.2990723,73.7410965,0.993722076,0.00627791,0.0,0.000198176
2021-01-12,17:00:45,3.152599907,7.03789978,69.00545502,100.3088684,64.86972046,65.11991119,1149.562256,67.36525726,276.302002,73.7410965,0.993722076,0.00627791,0.0,0.000198176
2021-01-12,17:00:46,3.153700066,7.037400055,69.00545502,100.3200531,64.87075806,65.1182251,1149.609009,67.36365509,276.3074036,73.7410965,0.993746872,0.00625312,0.0,0.000198023
2021-01-12,17:00:47,3.155400085,7.035900116,69.00444031,100.3305283,64.86824036,65.1157074,1149.679199,67.36195374,276.3132629,73.7410965,0.993746872,0.00625312,0.0,0.000198023
2021-01-12,17:00:48,3.156500053,7.035399628,69.00444031,100.3388748,64.86956787,65.11396027,1149.727417,67.3609314,276.3166504,73.7410965,0.993746872,0.00625312,0.0,0.000198023
2021-01-12,17:00:49,3.157299995,7.034799957,69.00444031,100.3477554,64.86746216,65.1121521,1149.777466,67.35927582,276.3223877,73.7410965,0.993746872,0.00625312,0.0,0.000198023
2021-01-12,17:00:50,3.159300041,7.035500336,69.00553131,100.3585968,64.86643982,65.11019897,1149.832153,67.35721588,276.3292542,73.7410965,0.993746872,0.00625312,0.0,0.000198023
2021-01-12,17:00:51,3.159900093,7.033999634,69.00553131,100.3665771,64.86512756,65.10825348,1149.886108,67.35552979,276.3351135,73.7410965,0.993746872,0.00625312,0.01902369,0.000198023
2021-01-12,17:00:52,3.160899925,7.033499908,69.00450134,100.3757019,64.86531067,65.10635376,1149.939453,67.35436249,276.3389587,73.7410965,0.993746872,0.00625312,0.019014547,0.000198023
2021-01-12,17:00:53,3.161499977,7.034899902,69.00450134,100.3845291,64.86421967,65.10466766,1149.986328,67.35315704,276.3431091,73.7410965,0.993746872,0.00625312,0.019014547,0.000198023
2021-01-12,17:00:54,3.162400055,7.033100128,69.00450134,100.3931351,64.86328888,65.1026535,1150.042236,67.35198975,276.3470459,73.97599792,0.993796082,0.00620394,0.0,0.000198023
2021-01-12,17:00:55,3.163800049,7.035299683,69.00450134,100.4013062,64.86225128,65.10042572,1150.104614,67.35113525,276.3498535,73.97599792,0.993796082,0.00620394,0.0,0.000198023
2021-01-12,17:00:56,3.164999962,7.031500244,69.00450134,100.4088974,64.86077881,65.09832001,1150.163086,67.3507843,276.3511353,73.97599792,0.993796082,0.00620394,0.0,0.000198023
2021-01-12,17:00:57,3.165699959,7.033000183,69.00450134,100.4179153,64.86168671,65.09642029,1150.215698,67.34962463,276.35495,73.97599792,0.993796082,0.00620394,0.018619657,0.000198022
2021-01-12,17:00:58,3.166699982,7.030400085,69.00450134,100.4257965,64.8611908,65.09455872,1150.2677,67.34858704,276.3585815,73.97599792,0.993796082,0.00620394,0.0,0.000198022
2021-01-12,17:00:59,3.168199921,7.03010025,69.0055542,100.4341125,64.85915375,65.0925827,1150.322754,67.34793091,276.3608093,73.97599792,0.993796082,0.00620394,0.018406619,0.000198022
2021-01-12,17:01:00,3.169000053,7.031300354,69.00452423,100.4409637,64.85853577,65.09087372,1150.371094,67.3471756,276.3634644,73.97599792,0.993796082,0.00620394,0.018406619,0.000198022
2021-01-12,17:01:01,3.170599937,7.029100037,69.00553894,100.4493942,64.85786438,65.08896637,1150.423584,67.34605408,276.3670959,73.97599792,0.993796082,0.00620394,0.018234094,0.000198022
2021-01-12,17:01:02,3.172200012,7.029799652,69.00553894,100.4564896,64.85840607,65.08728027,1150.470337,67.34542847,276.3693542,73.97599792,0.993796082,0.00620394,0.018234094,0.000198022
2021-01-12,17:01:03,3.173699951,7.028399658,69.00553894,100.464119,64.8576355,65.08502197,1150.534302,67.34443665,276.3725891,73.97599792,0.993796082,0.00620394,0.018234094,0.000198022
2021-01-12,17:01:04,3.175,7.029299927,69.00553894,100.4701462,64.85700989,65.08321381,1150.584473,67.34314728,276.3771362,73.97599792,0.993796082,0.00620394,0.018234094,0.000198022
2021-01-12,17:01:05,3.176799965,7.027899933,69.00553894,100.4769058,64.8555603,65.0814209,1150.634399,67.34215546,276.3803711,73.97599792,0.993796082,0.00620394,0.018234094,0.000198119
2021-01-12,17:01:06,3.178100014,7.029000092,69.00553894,100.4845657,64.85401917,65.07935333,1150.691406,67.34095001,276.384491,73.97599792,0.993796082,0.00620394,0.018234094,0.000198119
2021-01-12,17:01:07,3.179400063,7.026799774,69.00553894,100.4899216,64.85427856,65.07790375,1150.732422,67.33984375,276.3882446,73.97599792,0.993796082,0.00620394,0.018234094,0.000198086
2021-01-12,17:01:08,3.180800056,7.028500366,69.00553894,100.4970398,64.8537674,65.0763855,1150.774536,67.33898926,276.3910522,73.97599792,0.993796082,0.00620394,0.018234094,0.000198086
2021-01-12,17:01:09,3.181699944,7.027300262,69.00654602,100.5032196,64.85221863,65.07393646,1150.84314,67.33791351,276.3947754,74.23709869,0.993796082,0.00620394,0.018234094,0.000198086
2021-01-12,17:01:10,3.182500076,7.028199768,69.00553131,100.5083694,64.85184479,65.07260132,1150.879028,67.33692932,276.3979797,74.23709869,0.993796082,0.00620394,0.018234094,0.000198086
2021-01-12,17:01:11,3.183200073,7.027400208,69.00553131,100.5143585,64.85163879,65.07063293,1150.934692,67.33589935,276.4016418,74.23709869,0.994077835,0.00592225,0.0,0.000198086
2021-01-12,17:01:12,3.183499908,7.026499939,69.00553131,100.5206146,64.85072327,65.0689621,1150.981445,67.33487701,276.4052124,74.23709869,0.994077835,0.00592225,0.0,0.000198086
2021-01-12,17:01:13,3.184499931,7.026200104,69.00553131,100.5259628,64.85020447,65.06693268,1151.037354,67.33415985,276.4075317,74.23709869,0.994077835,0.00592225,0.0,0.000198086
2021-01-12,17:01:14,3.184199905,7.025700378,69.00653839,100.5309753,64.84980774,65.06580353,1151.069336,67.33384705,276.4085999,74.23709869,0.994077835,0.00592225,0.0,0.000198086
2021-01-12,17:01:15,3.184700012,7.026799774,69.00553131,100.5360794,64.84881592,65.06407928,1151.116943,67.33318329,276.4108582,74.23709869,0.994077835,0.00592225,0.0,0.000198086
2021-01-12,17:01:16,3.184799957,7.026000214,69.00553131,100.5414963,64.84793091,65.0621109,1151.172729,67.33278656,276.4122314,74.23709869,0.994077835,0.00592225,0.0,0.000198086
2021-01-12,17:01:17,3.185300064,7.02440033,69.00553131,100.5467224,64.84828186,65.06053925,1151.212769,67.33247375,276.4133911,74.23709869,0.994059372,0.00594055,0.018078947,0.000198086
2021-01-12,17:01:18,3.185499954,7.025700378,69.0065918,100.5513458,64.84791565,65.05898285,1151.259644,67.3323288,276.4136658,74.23709869,0.994059372,0.00594055,0.0,0.000198086
2021-01-12,17:01:19,3.185099983,7.02440033,69.0065918,100.5554733,64.84776306,65.05712891,1151.311646,67.33296204,276.4115601,74.23709869,0.994059372,0.00594055,0.0,0.000198086
2021-01-12,17:01:20,3.185300064,7.024900055,69.0065918,100.5598984,64.84622192,65.05568695,1151.351929,67.33362579,276.4094238,74.23709869,0.994059372,0.00594055,0.0,0.000198086
2021-01-12,17:01:21,3.184199905,7.026799774,69.0065918,100.5642471,64.84599304,65.05393219,1151.400879,67.3343811,276.4067688,74.23709869,0.994059372,0.00594055,0.0,0.000198086
2021-01-12,17:01:22,3.183499908,7.026399994,69.0065918,100.568512,64.84487152,65.05242157,1151.442627,67.33541107,276.4033508,74.23709869,0.994059372,0.00594055,0.0,0.000198086
2021-01-12,17:01:23,3.182799911,7.026100159,69.0065918,100.5717468,64.84448242,65.05089569,1151.485718,67.33647919,276.3995667,74.23709869,0.994159927,0.00584018,0.0,0.000198078
2021-01-12,17:01:24,3.181500053,7.02559967,69.00760651,100.5748215,64.84489441,65.04898071,1151.539063,67.33791351,276.3946838,74.37030792,0.994159927,0.00584018,0.0,0.000198078
2021-01-12,17:01:25,3.180599976,7.028500366,69.00760651,100.5790863,64.84339142,65.04754639,1151.578979,67.33966064,276.3887939,74.37030792,0.994159927,0.00584018,0.0,0.000198078
2021-01-12,17:01:26,3.18010006,7.03010025,69.00657654,100.5820847,64.84291077,65.0459137,1151.624878,67.34122467,276.3834839,74.37030792,0.994159927,0.00584018,0.0,0.000198078
2021-01-12,17:01:27,3.179999924,7.028399658,69.00657654,100.5848083,64.84153748,65.04449463,1151.664307,67.34318542,276.3768311,74.37030792,0.994159927,0.00584018,0.0,0.000198078
2021-01-12,17:01:28,3.179299927,7.027400208,69.00758362,100.5885315,64.84072876,65.04281616,1151.711304,67.3449707,276.370697,74.37030792,0.994159927,0.00584018,0.0,0.000198078
2021-01-12,17:01:29,3.17859993,7.026200104,69.00758362,100.591835,64.84117126,65.04127502,1151.754517,67.34766388,276.3617554,74.70328522,0.994159927,0.00584018,0.0,0.000198078
2021-01-12,17:01:30,3.179199982,7.026899719,69.00758362,100.593811,64.83934021,65.0397644,1151.796753,67.34970856,276.3547974,74.70328522,0.994159927,0.00584018,0.0,0.000198078
2021-01-12,17:01:31,3.179899979,7.026000214,69.00758362,100.5964355,64.8401947,65.038414,1151.834229,67.35180664,276.3475952,74.70328522,0.994159927,0.00584018,0.0,0.00019801
2021-01-12,17:01:32,3.18010006,7.027200317,69.00758362,100.5984116,64.83796692,65.03661346,1151.884644,67.35446167,276.3387146,74.70328522,0.994159927,0.00584018,0.0,0.000198036
2021-01-12,17:01:33,3.180400085,7.026799774,69.00758362,100.6006393,64.83670044,65.03527069,1151.921997,67.35593414,276.3337097,74.70328522,0.994159927,0.00584018,0.0,0.000198036
2021-01-12,17:01:34,3.180200005,7.026300049,69.00758362,100.6026382,64.83644104,65.03395844,1151.95874,67.35806274,276.3265076,75.02513123,0.994159927,0.00584018,0.0,0.000198036
2021-01-12,17:01:35,3.18029995,7.025299835,69.00758362,100.6044388,64.83615112,65.03209686,1152.01001,67.3598938,276.3201904,75.02513123,0.994159927,0.00584018,0.017163996,0.000198036
2021-01-12,17:01:36,3.180500031,7.023500061,69.00758362,100.6047058,64.83447266,65.03081512,1152.046265,67.36061096,276.3176575,75.02513123,0.994159927,0.00584018,0.017163996,0.000198036
2021-01-12,17:01:37,3.181399918,7.022200012,69.00862122,100.6056747,64.83473206,65.02953339,1152.081909,67.36138153,276.3152161,75.02513123,0.994159927,0.00584018,0.017163996,0.000198036
2021-01-12,17:01:38,3.182299995,7.024700165,69.00862122,100.6073456,64.8334198,65.0274353,1152.140381,67.36155701,276.3146057,75.02513123,0.994159927,0.00584018,0.017163996,0.000198036
2021-01-12,17:01:39,3.183699989,7.021299744,69.00862122,100.6079712,64.83315277,65.02635193,1152.170288,67.36101532,276.3163452,75.22930908,0.994159927,0.00584018,0.0,0.000198036
2021-01-12,17:01:40,3.185000038,7.020400238,69.00759125,100.6081924,64.83233643,65.02440643,1152.224976,67.35998535,276.3199158,75.22930908,0.994159927,0.00584018,0.0,0.000198036
2021-01-12,17:01:41,3.186599922,7.021700287,69.00759125,100.6084595,64.83184052,65.02310944,1152.261475,67.35873413,276.3242188,75.22930908,0.994159927,0.00584018,0.017025139,0.00019798
2021-01-12,17:01:42,3.187899971,7.019200134,69.00860596,100.6093369,64.83061218,65.02171326,1152.300903,67.35757446,276.328125,75.22930908,0.994159927,0.00584018,0.017025139,0.00019798
2021-01-12,17:01:43,3.188699913,7.021800232,69.00860596,100.6101456,64.82881927,65.0202179,1152.342407,67.35622406,276.3326111,75.22930908,0.994159927,0.00584018,0.017025139,0.000197942
2021-01-12,17:01:44,3.189800072,7.019200134,69.00860596,100.6106415,64.82995605,65.0189209,1152.378174,67.35410309,276.3398438,75.64052582,0.994416733,0.00558328,0.017025139,0.000197947
2021-01-12,17:01:45,3.190399933,7.01780014,69.00860596,100.609848,64.82907867,65.01720428,1152.426636,67.35204315,276.3468018,75.64052582,0.994416733,0.00558328,0.017025139,0.000197947
2021-01-12,17:01:46,3.190800095,7.018499756,69.00860596,100.6101303,64.82789612,65.01602936,1152.459229,67.34970856,276.3547058,75.64052582,0.994416733,0.00558328,0.017025139,0.000197947
2021-01-12,17:01:47,3.191500092,7.01760025,69.00860596,100.6096802,64.82861328,65.0148468,1152.492188,67.3473053,276.3628845,75.64052582,0.994416733,0.00558328,0.017025139,0.000197947
2021-01-12,17:01:48,3.191699982,7.018299866,69.00961304,100.6092529,64.82876587,65.01306915,1152.542114,67.34457397,276.3721924,75.64052582,0.994416733,0.00558328,0.0,0.000197947
2021-01-12,17:01:49,3.192000008,7.016600037,69.00961304,100.6086502,64.82757568,65.0120697,1152.570068,67.34202576,276.3807983,75.44624329,0.994416733,0.00558328,0.0,0.000197947
2021-01-12,17:01:50,3.191600037,7.016999817,69.00961304,100.6077499,64.82656097,65.01050568,1152.613892,67.33961487,276.3889465,75.44624329,0.994416733,0.00558328,0.0,0.00019795
2021-01-12,17:01:51,3.192000008,7.017500305,69.00961304,100.6078415,64.82685852,65.0092926,1152.648071,67.33738708,276.396637,75.44624329,0.994524536,0.00547552,0.0,0.000198051
2021-01-12,17:01:52,3.191799927,7.016699982,69.00961304,100.6058502,64.82670593,65.00762939,1152.694458,67.3352356,276.4038391,75.44624329,0.994524536,0.00547552,0.0,0.000198051
2021-01-12,17:01:53,3.191500092,7.020200348,69.00961304,100.6049805,64.82588959,65.00650024,1152.725708,67.33318329,276.4108887,75.44624329,0.994524536,0.00547552,0.0,0.000198051
2021-01-12,17:01:54,3.190999985,7.018299866,69.00961304,100.6041031,64.8250885,65.00537109,1152.757813,67.33184814,276.4154053,75.71868134,0.994524536,0.00547552,0.0,0.000198051
2021-01-12,17:01:55,3.190500069,7.019999695,69.00961304,100.6023788,64.82609558,65.0036087,1152.806763,67.3307724,276.4190369,75.71868134,0.994524536,0.00547552,0.0,0.000198126
2021-01-12,17:01:56,3.190299988,7.018499756,69.00961304,100.6003799,64.82556915,65.0025177,1152.837524,67.3302002,276.421051,75.71868134,0.994524536,0.00547552,0.0,0.000198126
2021-01-12,17:01:57,3.190800095,7.020300293,69.00961304,100.5995026,64.82540894,65.00128937,1152.871338,67.32929993,276.4240112,75.71868134,0.994524536,0.00547552,0.0,0.000198126
2021-01-12,17:01:58,3.190999985,7.023400116,69.00961304,100.5979004,64.82440948,64.99986267,1152.910889,67.32911682,276.4246521,75.71868134,0.994524536,0.00547552,0.0,0.000198126
2021-01-12,17:01:59,3.190500069,7.02440033,69.00961304,100.5955582,64.82392883,64.9985733,1152.94751,67.32849121,276.4267883,75.71868134,0.994524536,0.00547552,0.0,0.000198126
2021-01-12,17:02:00,3.190200043,7.022499847,69.00961304,100.5927811,64.82313538,64.99678802,1152.997681,67.32899475,276.4250793,75.71868134,0.994524536,0.00547552,0.0,0.000198126
2021-01-12,17:02:01,3.188999939,7.024099731,69.01062775,100.5907669,64.82362366,64.99545288,1153.034912,67.32942963,276.4236145,75.71868134,0.9949823,0.00501769,0.0,0.000198126
2021-01-12,17:02:02,3.187199974,7.023300171,69.01062775,100.5877686,64.82302094,64.99393463,1153.077026,67.33006287,276.4215393,75.71868134,0.9949823,0.00501769,0.0,0.000198126
2021-01-12,17:02:03,3.186300087,7.022299957,69.01062775,100.5854797,64.82352448,64.99287415,1153.106934,67.33087158,276.4188232,75.71868134,0.9949823,0.00501769,0.0,0.000198126
2021-01-12,17:02:04,3.184499931,7.023899841,69.01062775,100.581871,64.82115173,64.99103546,1153.157227,67.33190155,276.4152832,75.71868134,0.9949823,0.00501769,0.0,0.000198126
2021-01-12,17:02:05,3.182299995,7.022899628,69.01062775,100.5791931,64.82161713,64.99000549,1153.186768,67.33296204,276.4116821,75.71868134,0.9949823,0.00501769,0.0,0.000198126
2021-01-12,17:02:06,3.181299973,7.021099854,69.01273346,100.5751724,64.82192993,64.98869324,1153.223389,67.33429718,276.407074,75.71868134,0.9949823,0.00501769,0.0,0.000198126
2021-01-12,17:02:07,3.180699921,7.019100189,69.01171112,100.5716553,64.81997681,64.98733521,1153.261475,67.33545685,276.4030762,75.71868134,0.9949823,0.00501769,0.0,0.000198126
2021-01-12,17:02:08,3.181100082,7.018299866,69.01171112,100.5679626,64.81974792,64.98622894,1153.292969,67.3370285,276.3977661,75.71868134,0.9949823,0.00501769,0.0,0.000198126
2021-01-12,17:02:09,3.181299973,7.017099762,69.01171112,100.5655289,64.81959534,64.98500824,1153.327148,67.33840942,276.3930359,75.93487549,0.995133133,0.00486695,0.0,0.000198126
2021-01-12,17:02:10,3.182500076,7.017700195,69.01171112,100.5609818,64.81941223,64.98368835,1153.364136,67.33969879,276.3886719,75.93487549,0.995133133,0.00486695,0.0,0.000198126
2021-01-12,17:02:11,3.184000015,7.021199799,69.01171112,100.5569534,64.8183136,64.98181915,1153.41626,67.34166718,276.3819885,75.93487549,0.995133133,0.00486695,0.0,0.000198126
2021-01-12,17:02:12,3.185300064,7.020300293,69.01171112,100.5537567,64.81860352,64.98085785,1153.443237,67.34345245,276.3759155,75.93487549,0.995133133,0.00486695,0.0,0.000198126
2021-01-12,17:02:13,3.186199951,7.019799805,69.01171112,100.5483551,64.81713104,64.97968292,1153.475708,67.34461212,276.3721008,75.93487549,0.995133133,0.00486695,0.015267605,0.000198005
2021-01-12,17:02:14,3.187199974,7.018900299,69.01171112,100.5441132,64.81678772,64.97848511,1153.509888,67.34578705,276.368103,76.22036743,0.994965897,0.00503408,0.015267605,0.000197994
2021-01-12,17:02:15,3.188199997,7.017900085,69.01171112,100.5392532,64.81749725,64.97737122,1153.540527,67.34618378,276.3667297,76.22036743,0.994965897,0.00503408,0.015267605,0.000197994
2021-01-12,17:02:16,3.189100075,7.01760025,69.01171112,100.5352478,64.81581116,64.97592926,1153.580688,67.34667206,276.3651428,76.22036743,0.994902115,0.00509786,0.015603814,0.000197962
2021-01-12,17:02:17,3.190099907,7.017099762,69.01272583,100.53022,64.81600952,64.97518921,1153.601563,67.34596252,276.3674622,76.22036743,0.994851837,0.00514817,0.015767742,0.000197962
2021-01-12,17:02:18,3.190600014,7.016500092,69.01272583,100.5253372,64.8140564,64.97376251,1153.641846,67.34506989,276.3705139,76.22036743,0.994851837,0.00514817,0.015767742,0.000197962
2021-01-12,17:02:19,3.190999985,7.015899658,69.01272583,100.5197449,64.81503296,64.97246552,1153.678101,67.34372711,276.375,76.47589111,0.994851837,0.00514817,0.015767742,0.000197962
2021-01-12,17:02:20,3.191300011,7.018800354,69.01272583,100.514267,64.81471252,64.97129822,1153.710571,67.34215546,276.3803406,76.47589111,0.994851837,0.00514817,0.015767742,0.000197962
2021-01-12,17:02:21,3.191600037,7.017299652,69.01272583,100.509201,64.81399536,64.97011566,1153.743896,67.3400116,276.3875732,76.47589111,0.994851837,0.00514817,0.015767742,0.000197962
2021-01-12,17:02:22,3.191399956,7.016999817,69.01272583,100.5042953,64.81280518,64.96916199,1153.77063,67.33756256,276.395874,76.47589111,0.994851837,0.00514817,0.015767742,0.000197962
2021-01-12,17:02:23,3.191600037,7.018299866,69.01169586,100.4979477,64.8143158,64.96744537,1153.818604,67.33554077,276.4027405,76.47589111,0.994616776,0.00538325,0.0,0.000197844
2021-01-12,17:02:24,3.191200066,7.017199707,69.0127182,100.4925156,64.81321716,64.96658325,1153.842896,67.33354187,276.4096375,76.35223389,0.994616776,0.00538325,0.016471471,0.000197844
2021-01-12,17:02:25,3.19090004,7.016200256,69.0127182,100.4866714,64.81271362,64.96524048,1153.880249,67.33176422,276.415741,76.35223389,0.994616776,0.00538325,0.016471471,0.000197844
2021-01-12,17:02:26,3.191600037,7.015599823,69.01372528,100.4810486,64.81208801,64.96406555,1153.913452,67.33006287,276.4216003,76.35223389,0.994616776,0.00538325,0.01656279,0.000197989
2021-01-12,17:02:27,3.191500092,7.017299652,69.01372528,100.4762268,64.81235504,64.96296692,1153.944336,67.32872009,276.4259338,76.35223389,0.994616776,0.00538325,0.01656279,0.000197989
2021-01-12,17:02:28,3.191399956,7.016100311,69.0127182,100.4699631,64.81332397,64.96154785,1153.984131,67.32737732,276.4306335,76.35223389,0.994616776,0.00538325,0.016515616,0.000198013
2021-01-12,17:02:29,3.190999985,7.015399933,69.0127182,100.4642334,64.81130981,64.96046448,1154.014648,67.32581329,276.4359436,76.35223389,0.994616776,0.00538325,0.016515616,0.000198013
2021-01-12,17:02:30,3.190399933,7.017299652,69.0127182,100.4576416,64.81111908,64.95930481,1154.046875,67.32492065,276.4389343,76.35223389,0.994629135,0.00537085,0.0,0.000198013
2021-01-12,17:02:31,3.189999962,7.018299866,69.01372528,100.4511337,64.81199646,64.95802307,1154.08252,67.32450867,276.4403381,76.35223389,0.994629135,0.00537085,0.0,0.000198013
2021-01-12,17:02:32,3.189599991,7.016600037,69.01372528,100.4436569,64.81164551,64.95708466,1154.108398,67.32424164,276.4411926,76.35223389,0.994629135,0.00537085,0.0,0.000197908
2021-01-12,17:02:33,3.189299965,7.016200256,69.01372528,100.4382248,64.81008148,64.95570374,1154.147583,67.32411194,276.4417725,76.35223389,0.994629135,0.00537085,0.0,0.000197908
2021-01-12,17:02:34,3.188299942,7.016600037,69.01372528,100.4308777,64.81158447,64.95452881,1154.180786,67.32384491,276.442627,76.60085297,0.994629135,0.00537085,0.0,0.000197908
2021-01-12,17:02:35,3.1875,7.015899658,69.01372528,100.4238052,64.80977631,64.95328522,1154.215454,67.32432556,276.4408875,76.60085297,0.994629135,0.00537085,0.0,0.000197908
2021-01-12,17:02:36,3.186800003,7.015299988,69.01372528,100.4158401,64.81007385,64.95238495,1154.239746,67.32474518,276.4396057,76.60085297,0.994899597,0.00510036,0.015588312,0.000197908
2021-01-12,17:02:37,3.185899925,7.015599823,69.01372528,100.4084015,64.80888367,64.95106506,1154.276978,67.32541656,276.4371948,76.60085297,0.994899597,0.00510036,0.015551978,0.000197908
2021-01-12,17:02:38,3.18560009,7.014600372,69.01372528,100.4014664,64.80911255,64.94992065,1154.30896,67.32602692,276.4351501,76.60085297,0.994899597,0.00510036,0.015551978,0.000197908
2021-01-12,17:02:39,3.185099983,7.014099884,69.01372528,100.393486,64.80857849,64.94890594,1154.337524,67.32720184,276.4310913,76.75552368,0.994899597,0.00510036,0.015551978,0.000197908
2021-01-12,17:02:40,3.185199928,7.018599701,69.01372528,100.3865433,64.80953217,64.94799805,1154.362549,67.32808685,276.4280701,76.75552368,0.994899597,0.00510036,0.015551978,0.000197908
2021-01-12,17:02:41,3.185000038,7.018000031,69.01372528,100.3783646,64.80737305,64.94677734,1154.397095,67.32929993,276.4239807,76.75552368,0.994899597,0.00510036,0.015551978,0.000197908
2021-01-12,17:02:42,3.184700012,7.018699646,69.01372528,100.369812,64.80691528,64.94606781,1154.416626,67.33050537,276.4199219,76.75552368,0.995173187,0.00482678,0.015551978,0.000197908
2021-01-12,17:02:43,3.185000038,7.017700195,69.01480865,100.3615189,64.80757141,64.94499207,1154.447632,67.33197021,276.4149475,76.75552368,0.995173187,0.00482678,0.015551978,0.000197908
2021-01-12,17:02:44,3.185300064,7.017099762,69.01480865,100.3524323,64.80715179,64.94394684,1154.477051,67.33354187,276.409668,87.17532349,0.995173187,0.00482678,0.015551978,0.000197908
2021-01-12,17:02:45,3.184600067,7.016200256,69.01480865,100.3440247,64.80667114,64.94258881,1154.515137,67.3352356,276.4038086,87.17532349,0.995173187,0.00482678,0.015551978,0.000197908
2021-01-12,17:02:46,3.18560009,7.015200043,69.01480865,100.3338089,64.80615234,64.94150543,1154.545166,67.33720398,276.3972778,87.17532349,0.995234222,0.00476574,0.014586463,0.000197908
2021-01-12,17:02:47,3.184600067,7.014299774,69.01480865,100.3252029,64.80669403,64.94049072,1154.573853,67.33890533,276.3913879,87.17532349,0.995234222,0.00476574,0.014586463,0.000197908
2021-01-12,17:02:48,3.183699989,7.013999939,69.01480865,100.3164139,64.80596924,64.93933105,1154.605713,67.34059906,276.3855896,87.17532349,0.995234222,0.00476574,0.014586463,0.000197908
2021-01-12,17:02:49,3.182500076,7.014700317,69.01480865,100.3066406,64.80789948,64.9381485,1154.638794,67.34230042,276.3798218,87.62327576,0.995234222,0.00476574,0.014586463,0.000197908
2021-01-12,17:02:50,3.181200027,7.013700104,69.01583862,100.2972488,64.8082428,64.93706512,1154.6698,67.34421539,276.3733215,87.62327576,0.995234222,0.00476574,0.014586463,0.000197908
2021-01-12,17:02:51,3.18010006,7.01309967,69.01583862,100.2872467,64.81003571,64.9356308,1154.709839,67.34560394,276.3686829,87.62327576,0.995234222,0.00476574,0.014586463,0.000197908
2021-01-12,17:02:52,3.179500008,7.012599945,69.01583862,100.2786179,64.81077576,64.93484497,1154.732544,67.34703064,276.3638611,87.62327576,0.995234222,0.00476574,0.0,0.000198004
2021-01-12,17:02:53,3.177899933,7.013899994,69.01481628,100.2679214,64.81394958,64.93325806,1154.776367,67.34841156,276.3591919,87.62327576,0.995234222,0.00476574,0.0,0.000198004
2021-01-12,17:02:54,3.17670002,7.012799835,69.01481628,100.2595673,64.81484985,64.93198395,1154.812134,67.34903717,276.3570557,86.65493011,0.995234222,0.00476574,0.0,0.000198004
2021-01-12,17:02:55,3.176099968,7.01289978,69.01481628,100.2500534,64.81565857,64.93094635,1154.841309,67.34980011,276.3544922,86.65493011,0.995234222,0.00476574,0.0,0.000198004
2021-01-12,17:02:56,3.174399948,7.013400269,69.01481628,100.2406769,64.81858826,64.92961121,1154.878296,67.35006714,276.3536072,86.65493011,0.995234222,0.00476574,0.0,0.000198004
2021-01-12,17:02:57,3.172699928,7.0125,69.01586914,100.2306824,64.82144165,64.92850494,1154.910156,67.34952545,276.3554382,86.65493011,0.995234222,0.00476574,0.0,0.000198004
2021-01-12,17:02:58,3.17140007,7.012000275,69.01586914,100.2223358,64.8210144,64.92723846,1154.945068,67.34922028,276.3564453,86.65493011,0.995234222,0.00476574,0.0,0.000197966
2021-01-12,17:02:59,3.170299911,7.011100006,69.01586914,100.2116699,64.82327271,64.92576599,1154.986572,67.34868622,276.3583679,85.60704803,0.995234222,0.00476574,0.0,0.000197966
2021-01-12,17:03:00,3.168899918,7.01289978,69.01586914,100.2025833,64.82443237,64.92477417,1155.014526,67.34788513,276.3610229,85.60704803,0.995234222,0.00476574,0.0,0.000197966
2021-01-12,17:03:01,3.168199921,7.013899994,69.01586914,100.1933365,64.82627869,64.92316437,1155.05957,67.34707642,276.3636475,85.60704803,0.995234222,0.00476574,0.0,0.000197966
2021-01-12,17:03:02,3.166900063,7.012999725,69.01586914,100.1838379,64.82881927,64.92190552,1155.094849,67.34586334,276.3677368,85.60704803,0.995234222,0.00476574,0.0,0.000197966
2021-01-12,17:03:03,3.165500069,7.014399719,69.01586914,100.1753616,64.82924652,64.92069244,1155.128906,67.34479523,276.3713379,85.60704803,0.995234222,0.00476574,0.0,0.000197966
2021-01-12,17:03:04,3.164100075,7.015000153,69.01688385,100.1651993,64.83110046,64.91933441,1155.166992,67.34403992,276.3739014,84.41951752,0.995234222,0.00476574,0.0,0.000197966
2021-01-12,17:03:05,3.162899971,7.014800262,69.01688385,100.1548691,64.83085632,64.91817474,1155.199585,67.34327698,276.3765259,84.41951752,0.995234222,0.00476574,0.0,0.000197966
2021-01-12,17:03:06,3.161599922,7.014299774,69.01688385,100.1451797,64.83329773,64.91677094,1155.238892,67.34314728,276.3770752,84.41951752,0.995234222,0.00476574,0.0,0.000197966
2021-01-12,17:03:07,3.160499954,7.013300323,69.01587677,100.1368408,64.83385468,64.91572571,1155.268066,67.34296417,276.377655,84.41951752,0.995234222,0.00476574,0.0,0.000197966
2021-01-12,17:03:08,3.159300041,7.0125,69.01587677,100.1254349,64.83517456,64.91457367,1155.300537,67.34296417,276.377594,84.41951752,0.995011292,0.00498867,0.015253919,0.000197966
2021-01-12,17:03:09,3.157999992,7.013400269,69.01690674,100.115387,64.83656311,64.91333771,1155.335205,67.34282684,276.3780518,83.55154419,0.995025864,0.00497412,0.015122752,0.000197972
2021-01-12,17:03:10,3.15739994,7.011399841,69.01690674,100.106636,64.83622742,64.91236115,1155.362061,67.34314728,276.3769531,83.55154419,0.995093689,0.00490629,0.015077335,0.000197972
2021-01-12,17:03:11,3.156500053,7.015200043,69.01690674,100.0959625,64.83805847,64.91119385,1155.395386,67.34345245,276.3758545,83.55154419,0.995093689,0.00490629,0.015077335,0.000197972
2021-01-12,17:03:12,3.156999969,7.014299774,69.01690674,100.0875244,64.83918762,64.91005707,1155.42688,67.34457397,276.3721924,83.55154419,0.995093689,0.00490629,0.0,0.000197972
2021-01-12,17:03:13,3.155599976,7.01289978,69.01690674,100.0761871,64.84025574,64.90898132,1155.457275,67.34511566,276.3703918,83.55154419,0.995093689,0.00490629,0.0,0.000197972
2021-01-12,17:03:14,3.155699921,7.01190033,69.01690674,100.0672379,64.84087372,64.90802002,1155.483887,67.34578705,276.3681335,82.8956604,0.995093689,0.00490629,0.0,0.000197943
2021-01-12,17:03:15,3.155200005,7.012200165,69.01690674,100.0575714,64.84237671,64.90671539,1155.520752,67.3471756,276.3634949,82.8956604,0.995093689,0.00490629,0.014416541,0.000197943
2021-01-12,17:03:16,3.154599953,7.013500214,69.01690674,100.0472031,64.84309387,64.9056778,1155.550171,67.34788513,276.3610229,82.8956604,0.995093689,0.00490629,0.014416541,0.000197943
2021-01-12,17:03:17,3.154299927,7.011699677,69.01690674,100.0363388,64.84286499,64.90502167,1155.568237,67.34895325,276.3573914,82.8956604,0.995093689,0.00490629,0.014416541,0.000197943
2021-01-12,17:03:18,3.154500008,7.011199951,69.01690674,100.0264435,64.84349823,64.90389252,1155.600464,67.35010529,276.3534241,82.8956604,0.995093689,0.00490629,0.014416541,0.000197943
2021-01-12,17:03:19,3.15359993,7.009999847,69.01690674,100.015686,64.84518433,64.90283203,1155.629883,67.35074615,276.3513489,82.36001587,0.995093689,0.00490629,0.014416541,0.000197943
2021-01-12,17:03:20,3.153100014,7.010500336,69.01792908,100.0051575,64.84567261,64.90214539,1155.64917,67.35159302,276.3484802,82.36001587,0.995093689,0.00490629,0.014416541,0.000197943
2021-01-12,17:03:21,3.152400017,7.009500122,69.016922,99.99562836,64.84509277,64.90119934,1155.675171,67.35180664,276.3475647,82.36001587,0.995093689,0.00490629,0.014416541,0.000197943
2021-01-12,17:03:22,3.151799965,7.010600281,69.016922,99.98530579,64.8475647,64.90035248,1155.698853,67.35168457,276.348175,82.36001587,0.995093689,0.00490629,0.014416541,0.000197943
2021-01-12,17:03:23,3.151000023,7.009500122,69.016922,99.97454834,64.84627533,64.89957428,1155.721313,67.35212708,276.3465271,82.36001587,0.995093689,0.00490629,0.014416541,0.000197868
2021-01-12,17:03:24,3.150200081,7.008999634,69.016922,99.96420288,64.84873962,64.89868927,1155.746216,67.35168457,276.3481445,81.86306,0.995093689,0.00490629,0.014416541,0.000197868
2021-01-12,17:03:25,3.149500084,7.009700012,69.01795197,99.95327759,64.84646606,64.89788055,1155.769409,67.3506546,276.3516235,81.86306,0.995093689,0.00490629,0.014416541,0.000197868
2021-01-12,17:03:26,3.148699951,7.011399841,69.01795197,99.94346619,64.84972382,64.89701843,1155.793213,67.35015869,276.3532715,81.86306,0.995093689,0.00490629,0.014416541,0.000197868
2021-01-12,17:03:27,3.147800064,7.010800171,69.01795197,99.93178558,64.85058594,64.89629364,1155.813477,67.34939575,276.3558655,81.86306,0.995093689,0.00490629,0.014416541,0.000197868
2021-01-12,17:03:28,3.146999931,7.011499786,69.01795197,99.92101288,64.84950256,64.89539337,1155.839355,67.34815216,276.360199,81.86306,0.995093689,0.00490629,0.014416541,0.000197868
2021-01-12,17:03:29,3.146100044,7.009899902,69.01693726,99.91046143,64.8503952,64.8948288,1155.854492,67.34699249,276.3639221,81.38253784,0.995093689,0.00490629,0.0,0.000197868
2021-01-12,17:03:30,3.14489994,7.010700226,69.01693726,99.89972687,64.85076141,64.89404297,1155.876587,67.34658813,276.3653564,81.38253784,0.995093689,0.00490629,0.0,0.000198099
2021-01-12,17:03:31,3.144099998,7.011100006,69.01693726,99.88830566,64.85195923,64.89333344,1155.896729,67.34493256,276.3708801,81.38253784,0.995093689,0.00490629,0.0,0.000198099
2021-01-12,17:03:32,3.143300056,7.010199738,69.01693726,99.87758636,64.8527832,64.89265442,1155.915649,67.34466553,276.3717957,81.38253784,0.995093689,0.00490629,0.0,0.000198099
2021-01-12,17:03:33,3.142399979,7.009600067,69.01693726,99.86710358,64.85258484,64.8921814,1155.929077,67.3443985,276.3726807,81.38253784,0.995093689,0.00490629,0.0,0.000198099
2021-01-12,17:03:34,3.141300011,7.010600281,69.01693726,99.85714722,64.85353088,64.89152527,1155.94751,67.34341431,276.3760986,80.83596802,0.995093689,0.00490629,0.0,0.000198099
2021-01-12,17:03:35,3.140200043,7.008899689,69.01794434,99.84494781,64.85326385,64.89067078,1155.971313,67.34363556,276.3753357,80.83596802,0.995093689,0.00490629,0.0,0.000198099
2021-01-12,17:03:36,3.139100075,7.009600067,69.01794434,99.83376312,64.8536377,64.89022064,1155.984253,67.3432312,276.3766785,80.83596802,0.995093689,0.00490629,0.0,0.000198099
2021-01-12,17:03:37,3.138199997,7.008899689,69.01794434,99.82259369,64.85346222,64.88942719,1156.006348,67.34381104,276.3746948,80.83596802,0.995093689,0.00490629,0.0,0.000198099
2021-01-12,17:03:38,3.137899971,7.010700226,69.01693726,99.81198883,64.85437012,64.88911438,1156.015625,67.34417725,276.3735352,80.83596802,0.995093689,0.00490629,0.0,0.000198099
2021-01-12,17:03:39,3.137199974,7.010099792,69.01693726,99.80148315,64.85327148,64.88822937,1156.039673,67.3445282,276.372345,80.6526947,0.995093689,0.00490629,0.0,0.000198099
2021-01-12,17:03:40,3.135899925,7.013800049,69.01693726,99.79059601,64.85517883,64.88755798,1156.059326,67.34493256,276.3709717,80.6526947,0.995093689,0.00490629,0.0,0.000198099
2021-01-12,17:03:41,3.135400009,7.01309967,69.01794434,99.77805328,64.85540009,64.88689423,1156.077393,67.34568787,276.3684082,80.6526947,0.995093689,0.00490629,0.0,0.000198099
2021-01-12,17:03:42,3.134900093,7.012400055,69.01794434,99.76624298,64.8547287,64.88635254,1156.09314,67.34663391,276.3652344,80.6526947,0.995093689,0.00490629,0.014380268,0.000197901
2021-01-12,17:03:43,3.13390007,7.012200165,69.01794434,99.75602722,64.8555603,64.88578796,1156.109131,67.3473053,276.3630066,80.6526947,0.995093689,0.00490629,0.014380268,0.000197901
2021-01-12,17:03:44,3.133399963,7.011399841,69.01794434,99.74402618,64.85617828,64.88486481,1156.134766,67.34823608,276.3598022,80.30607605,0.995093689,0.00490629,0.014380268,0.000197901
2021-01-12,17:03:45,3.132799911,7.010500336,69.01794434,99.73297119,64.85664368,64.88405609,1156.157349,67.34967041,276.3549194,80.30607605,0.995093689,0.00490629,0.0,0.000197901
2021-01-12,17:03:46,3.13239994,7.010199738,69.01794434,99.72229004,64.85536194,64.88357544,1156.171143,67.35051727,276.3520203,80.30607605,0.995093689,0.00490629,0.0,0.000197901
2021-01-12,17:03:47,3.132099915,7.009600067,69.01794434,99.71194458,64.85620117,64.88282776,1156.19165,67.35168457,276.348175,80.30607605,0.995093689,0.00490629,0.0,0.000197901
2021-01-12,17:03:48,3.131900024,7.010800171,69.01794434,99.69931793,64.85664368,64.88206482,1156.213745,67.35257721,276.3450928,80.30607605,0.995093689,0.00490629,0.0,0.000197901
2021-01-12,17:03:49,3.13220005,7.009300232,69.01794434,99.68699646,64.85488129,64.88134003,1156.234253,67.35364532,276.3414307,80.18265533,0.995093689,0.00490629,0.0,0.000197866
2021-01-12,17:03:50,3.131800079,7.008200073,69.01794434,99.67700195,64.85539246,64.88066864,1156.252563,67.35526276,276.3358459,80.18265533,0.995455475,0.00454455,0.0,0.000197866
2021-01-12,17:03:51,3.132500076,7.009400177,69.01794434,99.66523743,64.85508728,64.87960815,1156.282593,67.35639954,276.3320313,80.18265533,0.995455475,0.00454455,0.0,0.000197866
2021-01-12,17:03:52,3.132099915,7.00759964,69.01794434,99.65370178,64.85600281,64.87872314,1156.307495,67.35761261,276.3279419,80.18265533,0.995455475,0.00454455,0.013868201,0.000197915
2021-01-12,17:03:53,3.132999992,7.008000183,69.01794434,99.64310455,64.85653687,64.87806702,1156.325928,67.35900879,276.3233032,80.18265533,0.995471573,0.0045284,0.013874316,0.000197808
2021-01-12,17:03:54,3.133499908,7.00719986,69.01794434,99.63171387,64.85620117,64.87693787,1156.357544,67.36034393,276.3186035,80.18265533,0.995472794,0.00452721,0.013870987,0.000197808
2021-01-12,17:03:55,3.133200073,7.006600189,69.01794434,99.62101746,64.85687256,64.87610626,1156.380981,67.36132813,276.3153076,80.18265533,0.995472794,0.00452721,0.013870987,0.000197808
2021-01-12,17:03:56,3.133699989,7.009200287,69.01794434,99.60909271,64.85574341,64.87526703,1156.404541,67.36289215,276.3101501,80.18265533,0.995472794,0.00452721,0.013870987,0.000197808
2021-01-12,17:03:57,3.134000015,7.008200073,69.01794434,99.59675598,64.85723114,64.8742218,1156.432373,67.36356354,276.3076782,80.18265533,0.995472794,0.00452721,0.013870987,0.000197808
2021-01-12,17:03:58,3.133799934,7.00739975,69.01896667,99.58717346,64.85742188,64.87342834,1156.455933,67.36387634,276.3066406,80.18265533,0.995472794,0.00452721,0.013870987,0.000197808
2021-01-12,17:03:59,3.134000015,7.007700348,69.01896667,99.57483673,64.85726929,64.87237549,1156.486206,67.36441803,276.3049927,79.87171936,0.995472794,0.00452721,0.013870987,0.000197808
2021-01-12,17:04:00,3.133699989,7.007099915,69.01794434,99.56378937,64.85830688,64.87133789,1156.514526,67.36467743,276.3039856,79.87171936,0.995472794,0.00452721,0.013870987,0.000197808
2021-01-12,17:04:01,3.133799934,7.006700134,69.01794434,99.55303192,64.85720825,64.87023926,1156.545166,67.36356354,276.3076782,79.87171936,0.995472794,0.00452721,0.013870987,0.000197808
2021-01-12,17:04:02,3.134000015,7.007900238,69.01794434,99.54167938,64.85826111,64.86938477,1156.569214,67.36329651,276.3086243,79.87171936,0.995472794,0.00452721,0.013870987,0.000197928
2021-01-12,17:04:03,3.133499908,7.007299805,69.01794434,99.52915192,64.85784912,64.86836243,1156.598022,67.36186218,276.3134766,79.87171936,0.995472794,0.00452721,0.013870987,0.000197928
2021-01-12,17:04:04,3.132999992,7.008899689,69.01896667,99.51902771,64.85726166,64.86722565,1156.630249,67.36106873,276.3162231,79.87171936,0.995348434,0.00465166,0.013870987,0.000197928
2021-01-12,17:04:05,3.132799911,7.00739975,69.01896667,99.50669098,64.85850525,64.86629486,1156.65625,67.35998535,276.3199463,79.87171936,0.995348434,0.00465166,0.013870987,0.000197928
2021-01-12,17:04:06,3.132099915,7.008300018,69.01896667,99.4967804,64.85973358,64.86507416,1156.690186,67.35784912,276.327179,79.87171936,0.995348434,0.00465166,0.013870987,0.000197928
2021-01-12,17:04:07,3.13239994,7.009200287,69.01896667,99.48514557,64.85842896,64.86411285,1156.717896,67.35619354,276.3327332,79.87171936,0.995348434,0.00465166,0.013870987,0.000197928
2021-01-12,17:04:08,3.131599998,7.008799744,69.01896667,99.47437286,64.85946655,64.8631134,1156.745972,67.3551712,276.3363342,79.87171936,0.995348434,0.00465166,0.013870987,0.000197808
2021-01-12,17:04:09,3.130900002,7.008399963,69.01795959,99.46272278,64.85904694,64.86169434,1156.786011,67.35338593,276.3423157,79.40836334,0.995378494,0.0046215,0.013870987,0.000197808
2021-01-12,17:04:10,3.13010006,7.010099792,69.01795959,99.45109558,64.85958862,64.86089325,1156.807739,67.35190582,276.3473206,79.40836334,0.995378494,0.0046215,0.013870987,0.000197808
2021-01-12,17:04:11,3.129800034,7.011199951,69.01795959,99.44018555,64.86032867,64.85961151,1156.84436,67.35070038,276.351532,79.40836334,0.995378494,0.0046215,0.0,0.000198074
2021-01-12,17:04:12,3.129100037,7.010600281,69.01898956,99.43045044,64.85910797,64.85894012,1156.86377,67.34952545,276.3554077,79.40836334,0.995453491,0.00454652,0.0,0.000197966
2021-01-12,17:04:13,3.128800011,7.010199738,69.01898956,99.41893005,64.8586731,64.85771179,1156.897827,67.34864044,276.3583984,79.40836334,0.995453491,0.00454652,0.0,0.000197966
2021-01-12,17:04:14,3.128100014,7.012400055,69.01898956,99.40773773,64.85975647,64.85668945,1156.926514,67.34738922,276.3626709,79.40836334,0.995453491,0.00454652,0.0,0.000197939
2021-01-12,17:04:15,3.127499962,7.012000275,69.01898956,99.39654541,64.85990906,64.85572052,1156.953857,67.34699249,276.3639526,79.40836334,0.995453491,0.00454652,0.0,0.000197939
2021-01-12,17:04:16,3.126600075,7.01190033,69.01898956,99.38543701,64.85926056,64.85470581,1156.982422,67.34609985,276.3670654,79.40836334,0.995453491,0.00454652,0.0,0.000197939
2021-01-12,17:04:17,3.126099968,7.013200378,69.01898956,99.37358093,64.85982513,64.85362244,1157.013062,67.34635925,276.3661804,79.40836334,0.995453491,0.00454652,0.0,0.000197939
2021-01-12,17:04:18,3.126399994,7.017299652,69.01898956,99.36245728,64.85998535,64.8525238,1157.044067,67.34555817,276.3687744,79.40836334,0.995453491,0.00454652,0.0,0.000197939
2021-01-12,17:04:19,3.125499916,7.015799713,69.01898956,99.35230255,64.86039734,64.85148621,1157.072998,67.34578705,276.3681335,79.16905212,0.995453491,0.00454652,0.0,0.000197939
2021-01-12,17:04:20,3.125,7.016500092,69.01898956,99.34113312,64.86100769,64.85028839,1157.106567,67.34529114,276.3697205,79.16905212,0.995453491,0.00454652,0.0,0.000197939
2021-01-12,17:04:21,3.124500084,7.016699982,69.01898956,99.32931519,64.85890198,64.8490448,1157.141724,67.34551239,276.3688354,79.16905212,0.995453491,0.00454652,0.0,0.000197939
2021-01-12,17:04:22,3.124200058,7.018000031,69.01898956,99.3190918,64.8600769,64.84830475,1157.162964,67.3458252,276.3677979,79.16905212,0.995624924,0.00437504,0.0,0.00019782
2021-01-12,17:04:23,3.123800087,7.018499756,69.01898956,99.30793762,64.86032867,64.84739685,1157.188477,67.34555817,276.3688049,79.16905212,0.995624924,0.00437504,0.0,0.000197881
2021-01-12,17:04:24,3.123399925,7.019499969,69.01898956,99.29689789,64.859375,64.84633636,1157.218018,67.34609985,276.3668823,79.16905212,0.995630417,0.00436961,0.0,0.000197881
2021-01-12,17:04:25,3.12310009,7.022499847,69.01898956,99.28639221,64.85984802,64.84533691,1157.246094,67.34653473,276.3655396,79.16905212,0.995630417,0.00436961,0.0,0.000197881
2021-01-12,17:04:26,3.122699928,7.023799896,69.01898956,99.27465057,64.8586731,64.84427643,1157.275879,67.34667206,276.3650818,79.16905212,0.995652313,0.00434768,0.0,0.000197806
2021-01-12,17:04:27,3.122400093,7.024900055,69.01898956,99.26481628,64.85955811,64.84305573,1157.310425,67.34712982,276.3636169,79.16905212,0.995652313,0.00434768,0.0,0.000197806
2021-01-12,17:04:28,3.121999931,7.025499725,69.01898956,99.25447845,64.85929871,64.84217834,1157.335327,67.34788513,276.3609619,79.16905212,0.995652313,0.00434768,0.0,0.000197806
2021-01-12,17:04:29,3.12159996,7.026399994,69.01898956,99.24390411,64.85894775,64.84099579,1157.368164,67.34851074,276.3588562,79.16905212,0.995652313,0.00434768,0.0,0.000197806
2021-01-12,17:04:30,3.121899986,7.027200317,69.01898956,99.2328949,64.85814667,64.8398819,1157.399902,67.34886169,276.3576355,79.16905212,0.995652313,0.00434768,0.0,0.000197806
2021-01-12,17:04:31,3.121100044,7.027999878,69.02006531,99.22179413,64.85736084,64.83895111,1157.425781,67.34993744,276.3540344,79.16905212,0.995652313,0.00434768,0.0,0.000197806
2021-01-12,17:04:32,3.120999908,7.026999664,69.02006531,99.21133423,64.85910034,64.83785248,1157.457275,67.3506546,276.3516235,79.16905212,0.995652313,0.00434768,0.0,0.000197806
2021-01-12,17:04:33,3.120599937,7.028099823,69.02006531,99.20076752,64.85864258,64.83674622,1157.488159,67.35150146,276.3487549,79.16905212,0.995652313,0.00434768,0.0,0.000197806
2021-01-12,17:04:34,3.120700073,7.028800201,69.02006531,99.19043732,64.85926056,64.83560944,1157.520264,67.35221863,276.346344,79.16905212,0.995652313,0.00434768,0.0,0.000197806
2021-01-12,17:04:35,3.120199966,7.029499817,69.02006531,99.18016052,64.85771942,64.83450317,1157.550903,67.35257721,276.3451233,79.16905212,0.995553284,0.00444674,0.0,0.000197806
2021-01-12,17:04:36,3.119799995,7.031600189,69.02006531,99.16964722,64.8581543,64.83344269,1157.581421,67.35334015,276.3425293,79.16905212,0.995553284,0.00444674,0.0,0.000197806
2021-01-12,17:04:37,3.120199966,7.03219986,69.02006531,99.16017914,64.8587265,64.83247375,1157.608643,67.35423279,276.3394165,79.16905212,0.995553284,0.00444674,0.013813215,0.00019785
2021-01-12,17:04:38,3.119799995,7.03259964,69.02006531,99.14885712,64.85838318,64.83125305,1157.641846,67.35520935,276.3361206,79.16905212,0.995553284,0.00444674,0.013813215,0.00019785
2021-01-12,17:04:39,3.119499969,7.033899689,69.02006531,99.13928223,64.85771179,64.83003235,1157.676636,67.35597992,276.3335266,79.16905212,0.995464935,0.00453507,0.013813215,0.00019785
2021-01-12,17:04:40,3.119799995,7.034100342,69.02006531,99.12863922,64.85746002,64.82897949,1157.704956,67.35671234,276.3309631,79.16905212,0.995464935,0.00453507,0.013813215,0.00019785
2021-01-12,17:04:41,3.119400024,7.034200287,69.01896667,99.11832428,64.85688019,64.82788086,1157.737183,67.35703278,276.3298035,79.16905212,0.995464935,0.00453507,0.013813215,0.00019785
2021-01-12,17:04:42,3.119799995,7.034700012,69.02001953,99.10800934,64.85752869,64.82667542,1157.771118,67.35778809,276.3273621,79.16905212,0.995464935,0.00453507,0.013813215,0.00019785
2021-01-12,17:04:43,3.119300079,7.035299683,69.02001953,99.09659576,64.85687256,64.82559204,1157.801758,67.35837555,276.3253784,79.16905212,0.995464935,0.00453507,0.0,0.000197854
2021-01-12,17:04:44,3.11970005,7.036399841,69.02001953,99.08797455,64.85741425,64.82444763,1157.834473,67.35891724,276.3235474,79.30179596,0.995464935,0.00453507,0.014094985,0.000197854
2021-01-12,17:04:45,3.119499969,7.037999725,69.02001953,99.07749939,64.85626221,64.82335663,1157.86499,67.35909271,276.3229065,79.30179596,0.995464935,0.00453507,0.014094985,0.000197854
2021-01-12,17:04:46,3.11970005,7.03809967,69.02001953,99.06770325,64.85766602,64.82207489,1157.901367,67.36083221,276.3170166,79.30179596,0.995464935,0.00453507,0.014094985,0.000197854
2021-01-12,17:04:47,3.119099998,7.037999725,69.02001953,99.05775452,64.85631561,64.82139587,1157.9198,67.36132813,276.3153687,79.30179596,0.995415192,0.00458478,0.0,0.000197854
2021-01-12,17:04:48,3.118899918,7.038200378,69.02001953,99.04790497,64.85700989,64.82025909,1157.951904,67.36101532,276.3164673,79.30179596,0.995415192,0.00458478,0.014031159,0.000197854
2021-01-12,17:04:49,3.119099998,7.038500214,69.02001953,99.03788757,64.85773468,64.81911469,1157.984009,67.36222076,276.3123169,79.30179596,0.995415192,0.00458478,0.0,0.000197854
2021-01-12,17:04:50,3.118799973,7.038800049,69.02001953,99.027771,64.85743713,64.81803131,1158.015137,67.36195374,276.3132935,79.30179596,0.995415192,0.00458478,0.0,0.000197854
2021-01-12,17:04:51,3.119199944,7.039199829,69.02001953,99.01779175,64.85690308,64.81687927,1158.047729,67.362854,276.3101807,79.30179596,0.995415192,0.00458478,0.0,0.000197854
2021-01-12,17:04:52,3.118799973,7.041400146,69.02111816,99.00852966,64.85742188,64.81613159,1158.068237,67.36338806,276.3084412,79.30179596,0.995415192,0.00458478,0.0,0.000197854
2021-01-12,17:04:53,3.119000053,7.041699982,69.02111816,98.99837494,64.85783386,64.81476593,1158.106812,67.36380005,276.3070068,79.30179596,0.995415192,0.00458478,0.0,0.000197854
2021-01-12,17:04:54,3.118600082,7.042299652,69.02007294,98.98786926,64.85652161,64.81362915,1158.138794,67.36437225,276.3050537,79.30179596,0.995415192,0.00458478,0.0,0.000197854
2021-01-12,17:04:55,3.119099998,7.04240036,69.02007294,98.97963715,64.85682678,64.81254578,1158.169312,67.36463928,276.3041687,79.30179596,0.995570908,0.0044291,0.0,0.000197854
2021-01-12,17:04:56,3.118600082,7.042700195,69.02007294,98.96848297,64.85650635,64.81169128,1158.193604,67.36423492,276.305481,79.30179596,0.995570908,0.0044291,0.0,0.000197854
2021-01-12,17:04:57,3.119000053,7.043000031,69.02007294,98.95909119,64.85682678,64.81047058,1158.228271,67.36517334,276.3023071,79.30179596,0.995614471,0.00438547,0.0,0.000197854
2021-01-12,17:04:58,3.118600082,7.043299866,69.02111053,98.95000458,64.85728455,64.80925751,1158.262573,67.36499023,276.3029785,79.30179596,0.995614471,0.00438547,0.0,0.000197854
2021-01-12,17:04:59,3.119099998,7.045700073,69.02111053,98.94018555,64.85690308,64.8082428,1158.290771,67.36507416,276.3025513,79.14289093,0.995614471,0.00438547,0.0,0.000197854
2021-01-12,17:05:00,3.118499947,7.045400238,69.02111053,98.93104553,64.8572998,64.80671692,1158.333496,67.36538696,276.3014832,79.14289093,0.995614471,0.00438547,0.0,0.000197854
2021-01-12,17:05:01,3.118799973,7.047000122,69.02111053,98.92066956,64.8561554,64.80587006,1158.357422,67.36557007,276.3008728,79.14289093,0.995614471,0.00438547,0.0,0.000197854
2021-01-12,17:05:02,3.118499947,7.047399902,69.02111053,98.91217041,64.8555603,64.80432892,1158.401489,67.3657074,276.3013306,79.14289093,0.995614471,0.00438547,0.0,0.000197854
2021-01-12,17:05:03,3.118700027,7.047599792,69.02007294,98.90271759,64.85700989,64.80287933,1158.441406,67.36507416,276.3025208,79.14289093,0.995614471,0.00438547,0.0,0.000197854
2021-01-12,17:05:04,3.118499947,7.047599792,69.02007294,98.8931427,64.8562851,64.80181885,1158.471558,67.36566925,276.3006592,79.14289093,0.995614471,0.00438547,0.0,0.000197854
2021-01-12,17:05:05,3.118700027,7.047399902,69.02112579,98.88333893,64.85562134,64.80001831,1158.522461,67.36553192,276.3010864,79.14289093,0.995614471,0.00438547,0.0,0.000197854
2021-01-12,17:05:06,3.118300056,7.047200012,69.02112579,98.87473297,64.85578156,64.79898834,1158.551392,67.36534882,276.3016968,79.14289093,0.995614471,0.00438547,0.0,0.000197854
2021-01-12,17:05:07,3.118600082,7.046900177,69.02112579,98.86533356,64.85623169,64.79753876,1158.592651,67.36507416,276.3026123,79.14289093,0.995614471,0.00438547,0.013022345,0.000197854
2021-01-12,17:05:08,3.118099976,7.047899628,69.02112579,98.8563385,64.85681152,64.79616547,1158.631104,67.36467743,276.303833,79.14289093,0.995614471,0.00438547,0.013022345,0.000197854
2021-01-12,17:05:09,3.118400002,7.047399902,69.02112579,98.84749603,64.85639191,64.79465485,1158.674316,67.36543274,276.3014221,79.14289093,0.995614471,0.00438547,0.013022345,0.000197854
2021-01-12,17:05:10,3.118000031,7.047000122,69.02112579,98.83799744,64.85609436,64.79281616,1158.725708,67.36481476,276.3034973,79.14289093,0.995614471,0.00438547,0.013022345,0.000197854
2021-01-12,17:05:11,3.118400002,7.046600342,69.02011871,98.8290329,64.85598755,64.79151154,1158.761719,67.36437225,276.3051147,79.14289093,0.995614471,0.00438547,0.013022345,0.000197854
2021-01-12,17:05:12,3.118600082,7.046199799,69.02112579,98.81990051,64.85629272,64.78921509,1158.826904,67.36380005,276.3070068,79.14289093,0.995614471,0.00438547,0.013022345,0.000197854
2021-01-12,17:05:13,3.118099976,7.045899963,69.02112579,98.81167603,64.85585022,64.78767395,1158.869751,67.36370087,276.307251,79.14289093,0.995614471,0.00438547,0.0,0.000197833
2021-01-12,17:05:14,3.118600082,7.045600128,69.02112579,98.8024826,64.85554504,64.7858963,1158.919922,67.36344147,276.3082886,96.49793243,0.995614471,0.00438547,0.0,0.000197833
2021-01-12,17:05:15,3.118199921,7.045400238,69.02219391,98.79298401,64.85493469,64.78395844,1158.974731,67.36289215,276.3101501,96.49793243,0.995614471,0.00438547,0.0,0.000197833
2021-01-12,17:05:16,3.11760006,7.045300293,69.02114868,98.78317261,64.85483551,64.78221893,1159.024414,67.36249542,276.3113403,96.49793243,0.995614471,0.00438547,0.0,0.000197833
2021-01-12,17:05:17,3.117399979,7.044999695,69.02114868,98.77536774,64.85578918,64.78023529,1159.080078,67.36227417,276.3121948,96.49793243,0.995614471,0.00438547,0.0,0.000197899
2021-01-12,17:05:18,3.117200089,7.045600128,69.02114868,98.766922,64.85661316,64.77869415,1159.123047,67.36174011,276.3140564,96.49793243,0.995614471,0.00438547,0.0,0.000197899
2021-01-12,17:05:19,3.117099953,7.046099854,69.02114868,98.75832367,64.85818481,64.77684784,1159.175537,67.3615036,276.3146973,97.02407074,0.995614471,0.00438547,0.0,0.000197899
2021-01-12,17:05:20,3.117200089,7.045999908,69.02114868,98.74927521,64.859375,64.7750473,1159.226318,67.36096954,276.3165283,97.02407074,0.995614471,0.00438547,0.0,0.000197899
2021-01-12,17:05:21,3.116799927,7.045899963,69.02114868,98.74095917,64.86215973,64.77304077,1159.283203,67.36043549,276.3183594,97.02407074,0.995614471,0.00438547,0.0,0.000197842
2021-01-12,17:05:22,3.117099953,7.046299744,69.02114868,98.73220062,64.86578369,64.77144623,1159.328491,67.35980225,276.3204651,97.02407074,0.995614471,0.00438547,0.0,0.000197842
2021-01-12,17:05:23,3.117499924,7.046499634,69.02114868,98.72264862,64.86819458,64.76953125,1159.382324,67.35913086,276.3226929,97.02407074,0.995614471,0.00438547,0.0,0.000197842
2021-01-12,17:05:24,3.117200089,7.047299957,69.02114868,98.71399689,64.87114716,64.76786041,1159.429321,67.35891724,276.3235474,104.2108231,0.995614471,0.00438547,0.0,0.000197842
2021-01-12,17:05:25,3.117700005,7.048899841,69.02114868,98.70559692,64.87374115,64.76593781,1159.483521,67.35797882,276.3267212,104.2108231,0.995614471,0.00438547,0.012694188,0.00019773
2021-01-12,17:05:26,3.117499924,7.048300171,69.02114868,98.6969223,64.87812805,64.76422882,1159.532227,67.35735321,276.3287659,104.2108231,0.995614471,0.00438547,0.012694188,0.00019773
2021-01-12,17:05:27,3.117700005,7.047899628,69.02114868,98.68754578,64.88082886,64.76246643,1159.581909,67.35671234,276.3308411,104.2108231,0.995614471,0.00438547,0.0,0.00019773
2021-01-12,17:05:28,3.117399979,7.047899628,69.02114868,98.6782608,64.88490295,64.76069641,1159.631348,67.35597992,276.3334961,104.2108231,0.995614471,0.00438547,0.0,0.00019773
2021-01-12,17:05:29,3.117200089,7.048100281,69.02114868,98.66925049,64.8890686,64.75873566,1159.68689,67.3551712,276.3363342,102.2687378,0.995614471,0.00438547,0.0,0.00019773
2021-01-12,17:05:30,3.117099953,7.048500061,69.02114868,98.6605072,64.89390564,64.75712585,1159.732666,67.35427856,276.3393555,102.2687378,0.995614471,0.00438547,0.0,0.00019773
2021-01-12,17:05:31,3.117399979,7.048799896,69.02114868,98.65283966,64.89733887,64.75508881,1159.789795,67.3535614,276.3417053,102.2687378,0.995614471,0.00438547,0.0,0.00019773
2021-01-12,17:05:32,3.116900063,7.049099731,69.02217865,98.64366913,64.90228271,64.75335693,1159.838379,67.35284424,276.3441772,102.2687378,0.995614471,0.00438547,0.0,0.00019773
2021-01-12,17:05:33,3.117300034,7.049500275,69.02217865,98.63564301,64.90575409,64.75172424,1159.884399,67.35221863,276.3463745,102.2687378,0.995614471,0.00438547,0.0,0.00019773
2021-01-12,17:05:34,3.117000008,7.050099945,69.02217865,98.62770081,64.90933228,64.74992371,1159.935303,67.35087585,276.350769,99.51473999,0.995614471,0.00438547,0.0,0.00019773
2021-01-12,17:05:35,3.117300034,7.05039978,69.02217865,98.61846924,64.91357422,64.74819946,1159.984375,67.34985352,276.3543701,99.51473999,0.99589241,0.00410759,0.0,0.000197987
2021-01-12,17:05:36,3.116799927,7.051000214,69.02217865,98.61103058,64.91778564,64.74634552,1160.036743,67.34899902,276.3572693,99.51473999,0.99589241,0.00410759,0.012581009,0.000197987
2021-01-12,17:05:37,3.117099953,7.052100372,69.02217865,98.60267639,64.92222595,64.74442291,1160.090942,67.34832764,276.3594666,99.51473999,0.99589241,0.00410759,0.012581009,0.000197987
2021-01-12,17:05:38,3.116699982,7.052500153,69.02217865,98.59470367,64.9256897,64.74235535,1160.149292,67.34721375,276.3632813,99.51473999,0.995925903,0.00407409,0.012507492,0.000197987
2021-01-12,17:05:39,3.117300034,7.052999878,69.02217865,98.5871582,64.93017578,64.74044037,1160.203491,67.34645844,276.3657837,96.80738068,0.995925903,0.00407409,0.012507492,0.000197987
2021-01-12,17:05:40,3.116799927,7.053700256,69.02217865,98.57816315,64.93300629,64.73886108,1160.248291,67.34511566,276.3703308,96.80738068,0.995925903,0.00407409,0.012507492,0.000197987
2021-01-12,17:05:41,3.117099953,7.05510025,69.02217865,98.57080841,64.93586731,64.73679352,1160.307251,67.34400177,276.3742371,96.80738068,0.995925903,0.00407409,0.012507492,0.000197987
2021-01-12,17:05:42,3.116799927,7.055699921,69.02217865,98.563797,64.9397583,64.73545837,1160.344727,67.34305573,276.3773499,96.80738068,0.995925903,0.00407409,0.012507492,0.000197987
2021-01-12,17:05:43,3.117000008,7.058000183,69.02327728,98.5550766,64.94345093,64.73342896,1160.401489,67.34197998,276.3808899,96.80738068,0.995925903,0.00407409,0.012507492,0.000197987
2021-01-12,17:05:44,3.116699982,7.059999847,69.02327728,98.54795837,64.94694519,64.7314682,1160.457397,67.34099579,276.3843384,94.27236938,0.995925903,0.00407409,0.012507492,0.000197987
2021-01-12,17:05:45,3.117099953,7.060900116,69.02327728,98.53986359,64.9486084,64.72980499,1160.504883,67.3397522,276.3885803,94.27236938,0.995925903,0.00407409,0.012507492,0.000197987
2021-01-12,17:05:46,3.117300034,7.0625,69.02225494,98.53320313,64.95187378,64.72769928,1160.563843,67.33863068,276.392395,94.27236938,0.995925903,0.00407409,0.012507492,0.000197987
2021-01-12,17:05:47,3.117499924,7.066999817,69.02225494,98.52619934,64.9544754,64.72581482,1160.617188,67.33724213,276.3970032,94.27236938,0.995925903,0.00407409,0.012507492,0.000197987
2021-01-12,17:05:48,3.117700005,7.069499969,69.02225494,98.51879883,64.95769501,64.72375488,1160.675537,67.33608246,276.4009399,94.27236938,0.995925903,0.00407409,0.012507492,0.000197987
2021-01-12,17:05:49,3.118000031,7.072399902,69.02225494,98.51051331,64.95884705,64.72190094,1160.727051,67.33487701,276.4049988,92.30738068,0.995925903,0.00407409,0.012507492,0.000197987
2021-01-12,17:05:50,3.117900085,7.076399994,69.02328491,98.50392151,64.96212769,64.71979523,1160.787476,67.33322906,276.4106445,92.30738068,0.995925903,0.00407409,0.012507492,0.000197987
2021-01-12,17:05:51,3.118099976,7.079599762,69.02328491,98.49740601,64.96554565,64.71751404,1160.851807,67.3325119,276.413269,92.30738068,0.995925903,0.00407409,0.012507492,0.000197987
2021-01-12,17:05:52,3.118899918,7.083799744,69.02328491,98.48913574,64.96710205,64.71513367,1160.919312,67.33109283,276.4179382,92.30738068,0.995925903,0.00407409,0.012507492,0.000197987
2021-01-12,17:05:53,3.119199944,7.08730011,69.02328491,98.48165894,64.96934509,64.71296692,1160.980835,67.33014679,276.4212036,92.30738068,0.995925903,0.00407409,0.012507492,0.000197987
2021-01-12,17:05:54,3.119400024,7.090200043,69.02328491,98.47548676,64.97050476,64.71035004,1161.054321,67.32867432,276.4260864,90.61520386,0.995925903,0.00407409,0.012507492,0.000197987
2021-01-12,17:05:55,3.120100021,7.09280014,69.02328491,98.46765137,64.97341919,64.70758057,1161.132935,67.32746887,276.4302979,90.61520386,0.995925903,0.00407409,0.012507492,0.000197987
2021-01-12,17:05:56,3.120599937,7.095400238,69.02328491,98.46129608,64.97528839,64.70482635,1161.210327,67.32633972,276.4341125,90.61520386,0.995925903,0.00407409,0.012507492,0.000197987
2021-01-12,17:05:57,3.121299934,7.097499847,69.02328491,98.45392609,64.97627258,64.70201111,1161.290039,67.32486725,276.4390869,90.61520386,0.995925903,0.00407409,0.012507492,0.000197987
2021-01-12,17:05:58,3.121800041,7.09940033,69.02328491,98.447258,64.97939301,64.69884491,1161.379761,67.32322693,276.4447021,90.61520386,0.995925903,0.00407409,0.012507492,0.000197987
2021-01-12,17:05:59,3.122500038,7.101799774,69.02328491,98.44021606,64.98027039,64.69580841,1161.466553,67.3216629,276.4500732,89.05791473,0.995925903,0.00407409,0.012507492,0.000197987
2021-01-12,17:06:00,3.122999954,7.103800201,69.02328491,98.43423462,64.98234558,64.69293213,1161.547363,67.32022858,276.4549561,89.05791473,0.995985336,0.00401473,0.0,0.000197762
2021-01-12,17:06:01,3.123399925,7.105400085,69.02328491,98.42736053,64.98498535,64.6892395,1161.651855,67.31880188,276.4598083,89.05791473,0.995990906,0.00400912,0.012327337,0.000197762
2021-01-12,17:06:02,3.124200058,7.10719986,69.02328491,98.42024231,64.98721313,64.68609619,1161.741333,67.31710052,276.4656372,89.05791473,0.995990906,0.00400912,0.012327337,0.000197762
2021-01-12,17:06:03,3.124900055,7.108699799,69.02429199,98.41347504,64.98847198,64.6824646,1161.843872,67.3155365,276.4708557,89.05791473,0.995990906,0.00400912,0.0,0.000197762
2021-01-12,17:06:04,3.125200081,7.109899902,69.02429199,98.40777588,64.99029541,64.67892456,1161.943848,67.31325531,276.4786072,87.58287811,0.995990906,0.00400912,0.012295666,0.000197861
2021-01-12,17:06:05,3.126000023,7.110900116,69.02429199,98.40040588,64.99301147,64.67543793,1162.042969,67.31159973,276.4841309,87.58287811,0.995990906,0.00400912,0.012295666,0.000197861
2021-01-12,17:06:06,3.12670002,7.111799622,69.02429199,98.39414215,64.99385071,64.67144775,1162.155273,67.3094635,276.4914856,87.58287811,0.996002274,0.00399768,0.0,0.000197785
2021-01-12,17:06:07,3.127400017,7.11289978,69.02429199,98.38776398,64.99501038,64.66764832,1162.26355,67.30754852,276.4980774,87.58287811,0.996002274,0.00399768,0.0,0.000197785
2021-01-12,17:06:08,3.128100014,7.113600159,69.02429199,98.38220215,64.99623871,64.66372681,1162.374634,67.30500031,276.5068054,87.58287811,0.996002274,0.00399768,0.0,0.000197851
2021-01-12,17:06:09,3.128499985,7.114199829,69.02429199,98.37576294,64.99830627,64.66012573,1162.477173,67.30290222,276.513855,86.40196991,0.996002274,0.00399768,0.0,0.000197851
2021-01-12,17:06:10,3.128899956,7.114800262,69.02429199,98.3688736,64.99979401,64.65562439,1162.604614,67.30026245,276.5227661,86.40196991,0.996002274,0.00399768,0.0,0.000197851
2021-01-12,17:06:11,3.129599953,7.115399933,69.02429199,98.36331177,65.0005722,64.65222931,1162.700928,67.29766846,276.5316772,86.40196991,0.996002274,0.00399768,0.012240559,0.000197808
2021-01-12,17:06:12,3.13029995,7.115899658,69.02429199,98.35687256,65.00091553,64.64810944,1162.817749,67.29481506,276.5412903,86.40196991,0.996002274,0.00399768,0.0,0.000197974
2021-01-12,17:06:13,3.130999947,7.116500092,69.02429199,98.35115814,65.00311279,64.64419556,1162.929199,67.29298401,276.5475769,86.40196991,0.996002274,0.00399768,0.012225238,0.000197878
2021-01-12,17:06:14,3.131200027,7.116999817,69.02429199,98.34511566,65.00509644,64.64011383,1163.044189,67.28990173,276.5580444,85.24262238,0.996002274,0.00399768,0.012225238,0.000197878
2021-01-12,17:06:15,3.131800079,7.11740036,69.02429199,98.3393631,65.00566101,64.63616943,1163.156006,67.28713989,276.5674438,85.24262238,0.996002274,0.00399768,0.012225238,0.000197878
2021-01-12,17:06:16,3.132699966,7.117900085,69.02429199,98.33269501,65.00700378,64.63262177,1163.256958,67.28424072,276.577301,85.24262238,0.996002274,0.00399768,0.012225238,0.000197878
2021-01-12,17:06:17,3.133099937,7.118499756,69.02429199,98.32752991,65.00807953,64.62875366,1163.365967,67.28186798,276.5853577,85.24262238,0.996041412,0.00395858,0.012225238,0.000197878
2021-01-12,17:06:18,3.133600044,7.119100189,69.02429199,98.32192993,65.00866699,64.62531281,1163.464233,67.27910614,276.594696,85.24262238,0.996041412,0.00395858,0.012225238,0.000197878
2021-01-12,17:06:19,3.134199905,7.119599915,69.02429199,98.31539154,65.00994873,64.62136841,1163.575928,67.27615356,276.6047974,84.26049805,0.996041412,0.00395858,0.0,0.000197898
2021-01-12,17:06:20,3.134799957,7.120200348,69.02429199,98.3095932,65.01165771,64.61853027,1163.656738,67.27315521,276.6148987,84.26049805,0.996041412,0.00395858,0.0,0.000197898
2021-01-12,17:06:21,3.135400009,7.120800018,69.02429199,98.30409241,65.0120697,64.61527252,1163.749268,67.27043152,276.6243286,84.26049805,0.996049194,0.00395083,0.0,0.000197898
2021-01-12,17:06:22,3.135899925,7.121199799,69.02429199,98.29845428,65.01416779,64.61209869,1163.838989,67.26748657,276.6343384,84.26049805,0.996049194,0.00395083,0.0,0.000197898
2021-01-12,17:06:23,3.136400032,7.121800232,69.02429199,98.29259491,65.01473236,64.60903931,1163.92627,67.26437378,276.6447449,84.26049805,0.996049194,0.00395083,0.0,0.000197898
2021-01-12,17:06:24,3.136899948,7.122499847,69.02429199,98.28752136,65.01359558,64.60604858,1164.011475,67.26146698,276.6546326,83.39429474,0.996049194,0.00395083,0.0,0.000197898
2021-01-12,17:06:25,3.137599945,7.123400116,69.02429199,98.28073883,65.01683044,64.6031189,1164.094727,67.25875092,276.6639709,83.39429474,0.996049194,0.00395083,0.0,0.000197898
2021-01-12,17:06:26,3.137899971,7.124199677,69.02429199,98.27558899,65.01516724,64.60033417,1164.173584,67.25615692,276.6727295,83.39429474,0.996049194,0.00395083,0.0,0.000197898
2021-01-12,17:06:27,3.138599968,7.125099945,69.02429199,98.26898193,65.01873779,64.59768677,1164.248779,67.25307465,276.6832275,83.39429474,0.996049194,0.00395083,0.0,0.000197898
2021-01-12,17:06:28,3.13939991,7.125700378,69.02429199,98.26396179,65.01809692,64.59500122,1164.324219,67.25017548,276.6931152,83.39429474,0.996049194,0.00395083,0.0,0.000197898
2021-01-12,17:06:29,3.139999962,7.126300049,69.02535248,98.25908661,65.01757813,64.59272003,1164.389648,67.24781036,276.7012024,82.57955933,0.996049194,0.00395083,0.0,0.000197898
2021-01-12,17:06:30,3.140600014,7.127300262,69.02535248,98.25292969,65.01840973,64.59016418,1164.462158,67.24490356,276.710968,82.57955933,0.996049194,0.00395083,0.0,0.000197898
2021-01-12,17:06:31,3.141500092,7.127500153,69.02535248,98.24919891,65.02124786,64.58779144,1164.530029,67.24196625,276.7210693,82.57955933,0.996049194,0.00395083,0.0,0.000197898
2021-01-12,17:06:32,3.141799927,7.127700043,69.02535248,98.24246979,65.02027893,64.5858078,1164.586182,67.23956299,276.7292175,82.57955933,0.996049194,0.00395083,0.0,0.000197898
2021-01-12,17:06:33,3.142399979,7.127799988,69.02535248,98.23683167,65.02105713,64.58375549,1164.644775,67.23692322,276.7382202,82.57955933,0.996049194,0.00395083,0.0,0.000197898
2021-01-12,17:06:34,3.142900085,7.127899933,69.02535248,98.23306274,65.02256775,64.58175659,1164.70105,67.2342453,276.7473145,81.8265686,0.996049194,0.00395083,0.0,0.000197898
2021-01-12,17:06:35,3.143400002,7.127799988,69.02535248,98.22631836,65.02272034,64.57997894,1164.752686,67.23227692,276.7540588,81.8265686,0.996049194,0.00395083,0.0,0.000197898
2021-01-12,17:06:36,3.144199944,7.127899933,69.02535248,98.2215271,65.02359009,64.57854462,1164.792847,67.22975159,276.7627563,81.8265686,0.996049194,0.00395083,0.0,0.000197898
2021-01-12,17:06:37,3.144599915,7.127600098,69.02535248,98.21565247,65.02406311,64.57687378,1164.839966,67.22715759,276.7716675,81.8265686,0.996049194,0.00395083,0.0,0.000197898
2021-01-12,17:06:38,3.145199966,7.127300262,69.02535248,98.21175385,65.02330017,64.57620239,1164.859619,67.22486877,276.7793274,81.8265686,0.996049194,0.00395083,0.0,0.000197898
2021-01-12,17:06:39,3.145700073,7.127100372,69.02535248,98.20626068,65.02450562,64.57521057,1164.887695,67.22286987,276.7861938,81.39815521,0.996211395,0.00378859,0.0,0.00019788
2021-01-12,17:06:40,3.145899963,7.126999664,69.02535248,98.20108032,65.02561951,64.57453918,1164.90686,67.22068787,276.7934875,81.39815521,0.996228485,0.00377154,0.011612949,0.00019788
2021-01-12,17:06:41,3.146699905,7.126799774,69.02638245,98.19543457,65.02618408,64.57410431,1164.918945,67.21862793,276.8005371,81.39815521,0.996228485,0.00377154,0.011612949,0.00019788
2021-01-12,17:06:42,3.147599983,7.126599884,69.02638245,98.18969727,65.02740479,64.57453918,1164.90686,67.21653748,276.8076477,81.39815521,0.996228485,0.00377154,0.011612949,0.000197967
2021-01-12,17:06:43,3.148399925,7.126699829,69.02532196,98.18534088,65.02705383,64.57515717,1164.889038,67.21507263,276.8126831,81.39815521,0.996228485,0.00377154,0.011612949,0.000197967
2021-01-12,17:06:44,3.148600006,7.126499939,69.02532196,98.1799469,65.02657318,64.57595825,1164.867065,67.21346283,276.8181763,80.56647491,0.996228485,0.00377154,0.011612949,0.000197967
2021-01-12,17:06:45,3.149300003,7.126399994,69.02636719,98.17481995,65.02785492,64.57692719,1164.838989,67.21207428,276.8229675,80.56647491,0.996228485,0.00377154,0.011612949,0.000197967
2021-01-12,17:06:46,3.149600029,7.126300049,69.02636719,98.17012024,65.02740479,64.57833862,1164.798828,67.21122742,276.8257141,80.56647491,0.996323166,0.00367683,0.011612949,0.000197967
2021-01-12,17:06:47,3.149900055,7.126200104,69.02636719,98.16428375,65.02975464,64.57969666,1164.76001,67.21055603,276.828064,80.56647491,0.996323166,0.00367683,0.011612949,0.000197967
2021-01-12,17:06:48,3.150099945,7.126100159,69.02636719,98.15871429,65.02938843,64.58139038,1164.711548,67.2097168,276.8309937,80.56647491,0.996323166,0.00367683,0.0,0.000197967
2021-01-12,17:06:49,3.150600052,7.126200104,69.02636719,98.15435791,65.02871704,64.58356476,1164.650146,67.20948792,276.8318481,79.98671722,0.996323166,0.00367683,0.0,0.000197967
2021-01-12,17:06:50,3.150900078,7.126100159,69.02636719,98.14851379,65.03050995,64.58592224,1164.582642,67.20917511,276.8327942,79.98671722,0.996323166,0.00367683,0.0,0.000197801
2021-01-12,17:06:51,3.151600075,7.126000214,69.02636719,98.14283752,65.03009033,64.58838654,1164.512939,67.20976257,276.830719,79.98671722,0.996323166,0.00367683,0.0,0.000197801
2021-01-12,17:06:52,3.151300049,7.125900269,69.02636719,98.13867188,65.02957153,64.59020996,1164.461426,67.2101593,276.8293762,79.98671722,0.996323166,0.00367683,0.0,0.000197754
2021-01-12,17:06:53,3.152099991,7.126000214,69.02636719,98.13455963,65.03112793,64.59349823,1164.367554,67.21135712,276.8253784,79.98671722,0.996323166,0.00367683,0.0,0.000197754
2021-01-12,17:06:54,3.15189991,7.125900269,69.0273819,98.12883759,65.03164673,64.59645844,1164.283936,67.21229553,276.8221436,79.46807098,0.996323166,0.00367683,0.0,0.000197754
2021-01-12,17:06:55,3.152700043,7.126000214,69.0273819,98.12431335,65.03033447,64.59992981,1164.185303,67.21364594,276.8175354,79.46807098,0.996323166,0.00367683,0.0,0.000197957
2021-01-12,17:06:56,3.152300072,7.125900269,69.0273819,98.12001801,65.03222656,64.60301208,1164.09729,67.21507263,276.8127136,79.46807098,0.996323166,0.00367683,0.0,0.000197957
2021-01-12,17:06:57,3.153000069,7.125900269,69.0273819,98.11445618,65.03182983,64.60620117,1164.006714,67.21711731,276.8057861,79.46807098,0.996323166,0.00367683,0.0,0.000197957
2021-01-12,17:06:58,3.153300095,7.125800323,69.0273819,98.10910034,65.03222656,64.60899353,1163.92749,67.21881104,276.7999268,79.46807098,0.996323166,0.00367683,0.0,0.000197957
2021-01-12,17:06:59,3.152799988,7.125900269,69.0273819,98.10457611,65.03128052,64.61313629,1163.80957,67.22113037,276.7920837,79.00765228,0.996323166,0.00367683,0.0,0.000197901
2021-01-12,17:07:00,3.153000069,7.125800323,69.0273819,98.09996796,65.03259277,64.61672211,1163.708496,67.22327423,276.7848511,79.00765228,0.996323166,0.00367683,0.0,0.000197901
2021-01-12,17:07:01,3.153100014,7.125900269,69.0273819,98.09591675,65.03216553,64.61993408,1163.616943,67.22527313,276.7780151,79.00765228,0.996323166,0.00367683,0.0,0.000197901
2021-01-12,17:07:02,3.152700043,7.125800323,69.0273819,98.09121704,65.032547,64.6235733,1163.513062,67.22776794,276.7693787,79.00765228,0.996323166,0.00367683,0.0,0.000197901
2021-01-12,17:07:03,3.154000092,7.125900269,69.0273819,98.08614349,65.0333252,64.62715149,1163.411743,67.2306366,276.7597656,79.00765228,0.996323166,0.00367683,0.0,0.000197901
2021-01-12,17:07:04,3.154199982,7.125900269,69.02840424,98.08148193,65.03290558,64.63225555,1163.266968,67.23331451,276.7506714,78.5331955,0.996323166,0.00367683,0.0,0.000197901
2021-01-12,17:07:05,3.153899956,7.125900269,69.02840424,98.07659912,65.0322876,64.63599396,1163.161133,67.23612213,276.7410278,78.5331955,0.996323166,0.00367683,0.0,0.000197771
2021-01-12,17:07:06,3.154599953,7.126000214,69.02840424,98.07180023,65.03309631,64.63968658,1163.056885,67.2387619,276.7319336,78.5331955,0.996323166,0.00367683,0.0,0.00019787
2021-01-12,17:07:07,3.154100037,7.125900269,69.02840424,98.06885529,65.03262329,64.64363861,1162.94519,67.24134827,276.7231445,78.5331955,0.996841888,0.00315809,0.0,0.00019787
2021-01-12,17:07:08,3.154299927,7.126000214,69.02840424,98.06180573,65.03354645,64.64749146,1162.835083,67.24464417,276.7119751,78.5331955,0.996841888,0.00315809,0.0,0.00019787
2021-01-12,17:07:09,3.154500008,7.126000214,69.02840424,98.05786133,65.03264618,64.65123749,1162.729004,67.24745178,276.7024231,78.35093689,0.996841888,0.00315809,0.0,0.00019787
2021-01-12,17:07:10,3.154000092,7.126300049,69.02840424,98.05210876,65.03311157,64.65537262,1162.611572,67.25009155,276.6934814,78.35093689,0.996841888,0.00315809,0.0,0.00019787
2021-01-12,17:07:11,3.154400063,7.126399994,69.02840424,98.04898071,65.03244019,64.65960693,1162.491577,67.25338745,276.6827393,78.35093689,0.996841888,0.00315809,0.0,0.00019787
2021-01-12,17:07:12,3.154299927,7.126300049,69.02942657,98.04418182,65.03311157,64.6635437,1162.379272,67.25669098,276.6708374,78.35093689,0.996841888,0.00315809,0.0,0.00019787
2021-01-12,17:07:13,3.153899956,7.126300049,69.02942657,98.03831482,65.03173828,64.66755676,1162.266357,67.2596817,276.6607361,78.35093689,0.996841888,0.00315809,0.0,0.00019787
2021-01-12,17:07:14,3.154299927,7.125800323,69.02942657,98.03427887,65.03292847,64.67204285,1162.13855,67.26294708,276.6496582,78.35093689,0.996841888,0.00315809,0.0,0.00019787
2021-01-12,17:07:15,3.154100037,7.120300293,69.02942657,98.02935791,65.0335083,64.6756134,1162.037598,67.26593781,276.6394653,78.35093689,0.996841888,0.00315809,0.0,0.00019787
2021-01-12,17:07:16,3.154500008,7.106800079,69.02942657,98.02521515,65.0328598,64.67933655,1161.932861,67.26927948,276.6282654,78.35093689,0.996841888,0.00315809,0.0,0.00019787
2021-01-12,17:07:17,3.15359993,7.091600037,69.02942657,98.0209198,65.03369141,64.68345642,1161.81604,67.27248383,276.6172791,78.35093689,0.996841888,0.00315809,0.0,0.00019787
2021-01-12,17:07:18,3.153000069,7.080999756,69.03044128,98.01598358,65.03226471,64.68756104,1161.699951,67.27513123,276.6083679,78.35093689,0.996841888,0.00315809,0.0,0.000197665
2021-01-12,17:07:19,3.152700043,7.06989975,69.03044128,98.01143646,65.03291321,64.69167328,1161.58313,67.27931976,276.5940247,78.06106567,0.996841888,0.00315809,0.0,0.000197665
2021-01-12,17:07:20,3.15170002,7.060399628,69.03044128,98.0062561,65.03192139,64.69525909,1161.481323,67.28245544,276.583313,78.06106567,0.996841888,0.00315809,0.0,0.000197665
2021-01-12,17:07:21,3.150699997,7.052300262,69.02942657,98.0029068,65.03237915,64.69911957,1161.373047,67.28522491,276.5740051,78.06106567,0.996841888,0.00315809,0.0,0.000197665
2021-01-12,17:07:22,3.149900055,7.044100189,69.02942657,97.99919891,65.03379059,64.70280457,1161.268066,67.28851318,276.5626221,78.06106567,0.996841888,0.00315809,0.0,0.000197665
2021-01-12,17:07:23,3.148600006,7.036799622,69.03044891,97.99464417,65.03135681,64.70633698,1161.167725,67.29196167,276.5510864,78.06106567,0.996841888,0.00315809,0.0,0.000197665
2021-01-12,17:07:24,3.147400093,7.030500031,69.03044891,97.98981476,65.03041077,64.70970154,1161.073242,67.29503632,276.5404663,78.06106567,0.996841888,0.00315809,0.0,0.000197665
2021-01-12,17:07:25,3.145999908,7.02539978,69.03044891,97.98545837,65.03067017,64.71339417,1160.968506,67.29821014,276.5298767,78.06106567,0.996841888,0.00315809,0.0,0.000197665
2021-01-12,17:07:26,3.145199966,7.033599854,69.03044891,97.98209381,65.02961731,64.71699524,1160.866333,67.30133057,276.5190735,78.06106567,0.996841888,0.00315809,0.0,0.000197665
2021-01-12,17:07:27,3.144099998,7.033999634,69.03044891,97.97847748,65.03002167,64.72024536,1160.77478,67.30401611,276.5100403,78.06106567,0.996841888,0.00315809,0.0,0.000197665
2021-01-12,17:07:28,3.143099976,7.033100128,69.03250885,97.97345734,65.02854919,64.72335815,1160.686646,67.30705261,276.4996948,78.06106567,0.996841888,0.00315809,0.0,0.000197665
2021-01-12,17:07:29,3.141799927,7.03239975,69.03250885,97.96836853,65.02826691,64.72731781,1160.574341,67.30977631,276.4903564,78.25421906,0.996841888,0.00315809,0.0,0.000197665
2021-01-12,17:07:30,3.140999985,7.031600189,69.03148651,97.9649353,65.02839661,64.72994995,1160.500488,67.31245422,276.4814453,78.25421906,0.996841888,0.00315809,0.0,0.000197665
2021-01-12,17:07:31,3.139900017,7.030799866,69.03253174,97.96144867,65.02667236,64.73365021,1160.395996,67.31500244,276.4727173,78.25421906,0.996841888,0.00315809,0.0,0.000197665
2021-01-12,17:07:32,3.139299965,7.030000305,69.03253174,97.9571228,65.02623749,64.73670197,1160.30957,67.31723022,276.4649963,78.25421906,0.996841888,0.00315809,0.004274331,0.000197665
2021-01-12,17:07:33,3.137899971,7.029100037,69.03253174,97.95220184,65.02519226,64.74017334,1160.21167,67.31983185,276.4563293,78.25421906,0.996841888,0.00315809,0.004274331,0.000197665
2021-01-12,17:07:34,3.136700058,7.028299713,69.03353882,97.94785309,65.02429199,64.74339294,1160.119751,67.32245636,276.4472656,78.67287445,0.996841888,0.00315809,0.004274331,0.000197665
2021-01-12,17:07:35,3.136199951,7.027500153,69.03353882,97.94379425,65.02481842,64.74640656,1160.034668,67.32492065,276.4389954,78.67287445,0.996841888,0.00315809,0.004274331,0.000197665
2021-01-12,17:07:36,3.134799957,7.026599884,69.03253174,97.93987274,65.02441406,64.75038147,1159.922729,67.32705688,276.4317322,78.67287445,0.996841888,0.00315809,0.003921043,0.000197784
2021-01-12,17:07:37,3.134499931,7.025800323,69.03355408,97.93623352,65.0247345,64.75331116,1159.839844,67.3296051,276.4229736,78.67287445,0.996841888,0.00315809,0.003921043,0.000197784
2021-01-12,17:07:38,3.133399963,7.025,69.03355408,97.93203735,65.02346039,64.75644684,1159.751709,67.33190155,276.4152832,78.67287445,0.998764496,0.00123548,0.0,0.000197784
2021-01-12,17:07:39,3.13220005,7.024199677,69.03355408,97.92742157,65.0242157,64.7596283,1159.662476,67.33469391,276.4057617,78.67287445,0.998764496,0.00123548,0.0,0.000197784
2021-01-12,17:07:40,3.131399918,7.023400116,69.03355408,97.92375183,65.02322388,64.76299286,1159.567139,67.33706665,276.3976746,78.67287445,0.998764496,0.00123548,0.0,0.000197784
2021-01-12,17:07:41,3.130900002,7.022699738,69.03355408,97.91888428,65.02293396,64.7662735,1159.474121,67.33984375,276.3882141,78.67287445,0.998764496,0.00123548,0.0,0.000197784
2021-01-12,17:07:42,3.130200005,7.021900177,69.03355408,97.91557312,65.02142334,64.7690506,1159.395752,67.34233856,276.3796997,78.67287445,0.998764496,0.00123548,0.0,0.000197703
2021-01-12,17:07:43,3.129500008,7.021099854,69.03456116,97.91143799,65.02290344,64.77278137,1159.290405,67.34538269,276.3694153,78.67287445,0.998764496,0.00123548,0.0,0.000197703
2021-01-12,17:07:44,3.12859993,7.020300293,69.03456116,97.90795898,65.02200317,64.77536011,1159.218018,67.34832764,276.3594971,78.67287445,0.998764496,0.00123548,0.003690504,0.000197703
2021-01-12,17:07:45,3.128000069,7.01969986,69.03456116,97.90358734,65.02259827,64.77854156,1159.127563,67.35083008,276.3509521,78.67287445,0.998764496,0.00123548,0.003690504,0.000197703
2021-01-12,17:07:46,3.127199936,7.019000244,69.03456116,97.89936066,65.02088165,64.78136444,1159.048584,67.35338593,276.3423462,78.67287445,0.998764496,0.00123548,0.003690504,0.000197703
2021-01-12,17:07:47,3.126499939,7.018299866,69.03456116,97.8957901,65.02189636,64.78419495,1158.968994,67.35593414,276.3336182,78.67287445,0.998764496,0.00123548,0.003690504,0.000197703
2021-01-12,17:07:48,3.125799942,7.01760025,69.03456116,97.89102936,65.01972961,64.7875824,1158.872925,67.35904694,276.3237915,78.67287445,0.998764496,0.00123548,0.0,0.000197703
2021-01-12,17:07:49,3.124900055,7.016999817,69.03559875,97.88855743,65.02037048,64.79085541,1158.780273,67.36132813,276.3153381,79.05965424,0.998764496,0.00123548,0.0,0.000197703
2021-01-12,17:07:50,3.124200058,7.016300201,69.03559875,97.88362885,65.02204132,64.79360962,1158.702759,67.36370087,276.307251,79.05965424,0.998833923,0.0011661,0.0,0.000197703
2021-01-12,17:07:51,3.123200035,7.015699768,69.03559875,97.88059998,65.02030945,64.79685974,1158.611816,67.36695862,276.2962341,79.05965424,0.998839874,0.00116014,0.003606876,0.000197703
2021-01-12,17:07:52,3.122699928,7.015100098,69.03559875,97.87670135,65.02116394,64.79938507,1158.540527,67.36995697,276.2861023,79.05965424,0.998839874,0.00116014,0.003606876,0.000197703
2021-01-12,17:07:53,3.122100067,7.014600372,69.03559875,97.87227631,65.02024841,64.80229187,1158.458252,67.37242126,276.2776184,79.05965424,0.998839874,0.00116014,0.003606876,0.000197703
2021-01-12,17:07:54,3.121800041,7.013999939,69.03662109,97.86781311,65.01828003,64.80522156,1158.375244,67.37505341,276.2687073,78.90298462,0.998839874,0.00116014,0.003606876,0.000197703
2021-01-12,17:07:55,3.120800018,7.013400269,69.03662109,97.86524963,65.01976013,64.8082428,1158.290649,67.37774658,276.259552,78.90298462,0.998839874,0.00116014,0.003606876,0.000197703
2021-01-12,17:07:56,3.120299911,7.01289978,69.03662109,97.8620224,65.01885986,64.810112,1158.238159,67.38033295,276.2509766,78.90298462,0.998839874,0.00116014,0.003606876,0.000197703
2021-01-12,17:07:57,3.11970005,7.012400055,69.03662109,97.85798645,65.01895905,64.81324005,1158.149536,67.38336182,276.2405396,78.90298462,0.998839874,0.00116014,0.003606876,0.000197703
2021-01-12,17:07:58,3.119000053,7.011799622,69.03662109,97.85385895,65.01972961,64.8161087,1158.069092,67.38560486,276.2329407,78.90298462,0.998856812,0.00114321,0.0,0.000197703
2021-01-12,17:07:59,3.118300056,7.011499786,69.03766632,97.84971619,65.01832581,64.81906128,1157.985474,67.38833618,276.2236938,78.80104065,0.998856812,0.00114321,0.0,0.000197703
2021-01-12,17:08:00,3.11779995,7.011000061,69.03766632,97.84661865,65.01928711,64.82145691,1157.918579,67.39096832,276.2147522,78.80104065,0.998856812,0.00114321,0.0,0.000197703
2021-01-12,17:08:01,3.117000008,7.010500336,69.03766632,97.84259033,65.01760101,64.82400513,1157.846436,67.39356232,276.2059937,78.80104065,0.998856812,0.00114321,0.0,0.000197703
2021-01-12,17:08:02,3.116500092,7.010099792,69.03766632,97.83908081,65.01728821,64.82672119,1157.769775,67.39625549,276.1968689,78.80104065,0.998856812,0.00114321,0.003418908,0.000197592
2021-01-12,17:08:03,3.115399933,7.009700012,69.03875732,97.83621216,65.01876831,64.82944489,1157.693115,67.39884186,276.1879883,78.80104065,0.998912582,0.00108742,0.0,0.000197755
2021-01-12,17:08:04,3.114800072,7.009300232,69.03875732,97.83322906,65.0177002,64.83172607,1157.629028,67.40174103,276.1782227,78.80104065,0.998923721,0.00107628,0.0,0.000197755
2021-01-12,17:08:05,3.114100075,7.008999634,69.03875732,97.83011627,65.01786804,64.83478546,1157.543579,67.40397644,276.1706238,78.80104065,0.998923721,0.00107628,0.0,0.000197755
2021-01-12,17:08:06,3.113599968,7.008599854,69.03875732,97.82580566,65.01800537,64.83707428,1157.47876,67.40687561,276.1607971,78.80104065,0.998923721,0.00107628,0.0,0.000197755
2021-01-12,17:08:07,3.112700081,7.008300018,69.03875732,97.82199097,65.0174942,64.83951569,1157.410278,67.40924835,276.152771,78.80104065,0.998923721,0.00107628,0.0,0.000197755
2021-01-12,17:08:08,3.112000084,7.007900238,69.03875732,97.81873322,65.01654053,64.84225464,1157.33374,67.41166687,276.1445007,78.80104065,0.998938065,0.00106191,0.0,0.000197755
2021-01-12,17:08:09,3.111800003,7.00759964,69.03990936,97.81561279,65.01686859,64.84466553,1157.265015,67.41417694,276.1360168,78.97538757,0.998938065,0.00106191,0.0,0.000197755
2021-01-12,17:08:10,3.111100006,7.007299805,69.03990936,97.81300354,65.01629639,64.8469696,1157.200439,67.41618347,276.1290894,78.97538757,0.998938065,0.00106191,0.0,0.000197755
2021-01-12,17:08:11,3.110499954,7.006900024,69.03990936,97.80925751,65.01683807,64.84951782,1157.12854,67.41869354,276.120697,78.97538757,0.998938065,0.00106191,0.0,0.000197755
2021-01-12,17:08:12,3.110099983,7.006600189,69.04092407,97.80589294,65.01652527,64.85188293,1157.062012,67.42115021,276.1122742,78.97538757,0.998938065,0.00106191,0.0,0.000197755
2021-01-12,17:08:13,3.109499931,7.006300354,69.04092407,97.80241394,65.01618958,64.85432434,1156.993408,67.42378998,276.1032715,78.97538757,0.998938065,0.00106191,0.0,0.000197755
2021-01-12,17:08:14,3.109300041,7.005999756,69.04092407,97.79965973,65.01527405,64.85601807,1156.945435,67.42556763,276.0972595,78.97538757,0.998962936,0.00103712,0.0,0.000197755
2021-01-12,17:08:15,3.108600044,7.005599976,69.04092407,97.79666901,65.01615906,64.85848236,1156.876587,67.42825317,276.0884399,78.97538757,0.998962936,0.00103712,0.0,0.000197755
2021-01-12,17:08:16,3.108799934,7.00530014,69.04092407,97.79307556,65.01509857,64.86089325,1156.808838,67.43036652,276.0812683,78.97538757,0.998962936,0.00103712,0.0,0.000197755
2021-01-12,17:08:17,3.108099937,7.00510025,69.04092407,97.78892517,65.01491547,64.86336517,1156.739136,67.43291473,276.0726013,78.97538757,0.998962936,0.00103712,0.0,0.000197755
2021-01-12,17:08:18,3.107699966,7.004799652,69.04193115,97.78590393,65.01445007,64.86542511,1156.68103,67.435112,276.065094,78.97538757,0.998962936,0.00103712,0.0,0.000197755
2021-01-12,17:08:19,3.10739994,7.004499817,69.04193115,97.78432465,65.01425171,64.86752319,1156.621948,67.43734741,276.0575562,79.12353516,0.998962936,0.00103712,0.0,0.000197755
2021-01-12,17:08:20,3.107099915,7.004199982,69.0430069,97.78030396,65.01329041,64.86962128,1156.563232,67.43994141,276.0488281,79.12353516,0.998962936,0.00103712,0.003159846,0.000197755
2021-01-12,17:08:21,3.106500053,7.004000092,69.0430069,97.77729797,65.0138855,64.87194061,1156.497559,67.44190979,276.0420227,79.12353516,0.998989182,0.00101083,0.0,0.000197755
2021-01-12,17:08:22,3.106100082,7.003700256,69.0430069,97.77442169,65.01422119,64.87411499,1156.436768,67.44419098,276.0344543,79.12353516,0.998989182,0.00101083,0.0,0.000197755
2021-01-12,17:08:23,3.105800056,7.003500366,69.0430069,97.77158356,65.01357269,64.8762207,1156.377808,67.4467926,276.0256653,79.12353516,0.998993607,0.00100636,0.0,0.000197557
2021-01-12,17:08:24,3.105699921,7.003199768,69.0430069,97.76873779,65.0140686,64.87851715,1156.313232,67.44911957,276.0177307,79.12353516,0.998993607,0.00100636,0.0,0.000197557
2021-01-12,17:08:25,3.10510006,7.002999878,69.04402161,97.76657867,65.01341248,64.88040924,1156.260132,67.45143127,276.0097656,79.12353516,0.998998566,0.00100135,0.0,0.000197557
2021-01-12,17:08:26,3.104899979,7.002799988,69.04402161,97.76199341,65.01470947,64.88243866,1156.202393,67.45340729,276.0030518,79.12353516,0.998998566,0.00100135,0.0,0.000197557
2021-01-12,17:08:27,3.104400063,7.002600098,69.04402161,97.75941467,65.01222229,64.88405609,1156.157349,67.45581818,275.9949951,79.12353516,0.998998566,0.00100135,0.003079972,0.000197743
2021-01-12,17:08:28,3.104299927,7.002400208,69.04402161,97.75770569,65.01416779,64.8862381,1156.096069,67.45833588,275.9865417,79.12353516,0.998998566,0.00100135,0.003087057,0.000197828
2021-01-12,17:08:29,3.103800011,7.002200317,69.04402161,97.75469208,65.01243591,64.88820648,1156.040283,67.46056366,275.9788818,79.12353516,0.998998566,0.00100135,0.003087057,0.000197828
2021-01-12,17:08:30,3.103300095,7.001999664,69.04502869,97.75219727,65.01226807,64.89039612,1155.979126,67.46253967,275.97229,79.12353516,0.999007568,0.00099241,0.003087057,0.000197828
2021-01-12,17:08:31,3.102599907,7.001799774,69.04502869,97.74878693,65.01320648,64.8922348,1155.928101,67.46509552,275.9636841,79.12353516,0.999007568,0.00099241,0.003087057,0.000197828
2021-01-12,17:08:32,3.102899933,7.001599884,69.04502869,97.74743652,65.01284027,64.89420319,1155.872192,67.46720123,275.9564819,79.12353516,0.999010468,0.00098943,0.0,0.00019766
2021-01-12,17:08:33,3.103000069,7.001399994,69.04607391,97.74357605,65.01332092,64.89607239,1155.819946,67.46947479,275.9487915,79.12353516,0.999010468,0.00098943,0.0,0.00019766
2021-01-12,17:08:34,3.102700043,7.001200104,69.04607391,97.74124146,65.01168823,64.89776611,1155.772461,67.47188568,275.9405823,79.12353516,0.999010468,0.00098943,0.0,0.00019766
2021-01-12,17:08:35,3.103000069,7.001100159,69.04607391,97.7374115,65.0120697,64.89974976,1155.715942,67.47389984,275.9337158,79.12353516,0.999010468,0.00098943,0.0,0.00019766
2021-01-12,17:08:36,3.102099991,7.000900269,69.04607391,97.73480225,65.01150513,64.90167236,1155.662231,67.47573853,275.9275818,79.12353516,0.999010468,0.00098943,0.0,0.00019766
2021-01-12,17:08:37,3.10170002,7.000700378,69.04607391,97.73161316,65.01105499,64.90323639,1155.618408,67.47815704,275.919342,79.12353516,0.999010468,0.00098943,0.0,0.00019766
2021-01-12,17:08:38,3.10189991,7.00059967,69.04607391,97.72974396,65.01181793,64.90499878,1155.568726,67.48034668,275.9118958,79.12353516,0.999010468,0.00098943,0.0,0.00019766
2021-01-12,17:08:39,3.101300049,7.000499725,69.04607391,97.72654724,65.01094818,64.9068985,1155.515991,67.48236084,275.9050903,79.23358154,0.999010468,0.00098943,0.0,0.00019766
2021-01-12,17:08:40,3.101099968,7.00039978,69.04607391,97.72354889,65.0115509,64.90823364,1155.477783,67.48474121,275.8971863,79.23358154,0.999010468,0.00098943,0.0,0.00019766
2021-01-12,17:08:41,3.101199913,7.00019989,69.04607391,97.72075653,65.01057434,64.91017151,1155.423462,67.48697662,275.8894348,79.23358154,0.999010468,0.00098943,0.0,0.000197703
2021-01-12,17:08:42,3.100699997,7.000099945,69.04710388,97.71802521,65.01078796,64.91190338,1155.375,67.48916626,275.8820801,79.23358154,0.999010468,0.00098943,0.0,0.000197703
2021-01-12,17:08:43,3.100900078,6.999900055,69.04710388,97.71639252,65.0112381,64.91314697,1155.339966,67.4910965,275.8755493,79.23358154,0.999010468,0.00098943,0.003416667,0.000197635
2021-01-12,17:08:44,3.100399971,6.99980011,69.04710388,97.71348572,65.0104599,64.91498566,1155.288818,67.49266052,275.8703308,79.23358154,0.998873825,0.00112617,0.003534268,0.000197635
2021-01-12,17:08:45,3.1,6.999700165,69.04710388,97.7102356,65.0116806,64.91679382,1155.238403,67.49498749,275.8624268,79.23358154,0.998873825,0.00112617,0.003534268,0.000197635
2021-01-12,17:08:46,3.100499916,6.99960022,69.04710388,97.70794678,65.0109787,64.91860962,1155.187744,67.49695587,275.8556824,79.23358154,0.998873825,0.00112617,0.003534268,0.000197635
2021-01-12,17:08:47,3.100099945,6.99940033,69.04811096,97.7059021,65.01077271,64.91973114,1155.15564,67.49865723,275.8499756,79.23358154,0.998873825,0.00112617,0.003534268,0.000197635
2021-01-12,17:08:48,3.100300026,6.999299622,69.04811096,97.70282745,65.0111618,64.92092896,1155.121948,67.50040436,275.8439636,79.23358154,0.998583069,0.00141692,0.0,0.000197635
2021-01-12,17:08:49,3.099799919,6.999199677,69.04917908,97.70036316,65.01000214,64.92304993,1155.062256,67.50286865,275.8356018,79.23358154,0.998583069,0.00141692,0.00450814,0.000197635
2021-01-12,17:08:50,3.099600029,6.999099731,69.04917908,97.6984787,65.01081848,64.92424774,1155.028687,67.50462341,275.8297424,79.23358154,0.998583069,0.00141692,0.00450814,0.000197635
2021-01-12,17:08:51,3.1,6.998999786,69.05021667,97.69664764,65.01010132,64.92567444,1154.989258,67.50635529,275.8241577,79.23358154,0.998583069,0.00141692,0.00450814,0.000197635
2021-01-12,17:08:52,3.099699974,6.998799896,69.0480957,97.69410706,65.00958252,64.92749786,1154.93811,67.50859833,275.8164978,79.23358154,0.998583069,0.00141692,0.00450814,0.000197635
2021-01-12,17:08:53,3.099500084,7.002500153,69.04911041,97.69116211,65.01031494,64.9291153,1154.892578,67.51048279,275.8101807,79.23358154,0.998583069,0.00141692,0.0,0.000197635
2021-01-12,17:08:54,3.099099922,7.007800293,69.04911041,97.68891907,65.00854492,64.92999268,1154.868042,67.51196289,275.8051758,79.23358154,0.998583069,0.00141692,0.0,0.000197635
2021-01-12,17:08:55,3.098800087,7.011599731,69.05016327,97.68662262,65.00968933,64.93138123,1154.829224,67.51397705,275.7983398,79.23358154,0.998583069,0.00141692,0.0,0.000197635
2021-01-12,17:08:56,3.098999977,7.01269989,69.05016327,97.68516541,65.00839233,64.93313599,1154.779785,67.51567078,275.792572,79.23358154,0.998583069,0.00141692,0.0,0.000197635
2021-01-12,17:08:57,3.098800087,7.010800171,69.05016327,97.68260956,65.00796509,64.93457031,1154.739502,67.51728821,275.7871704,79.23358154,0.998583069,0.00141692,0.0,0.000197635
2021-01-12,17:08:58,3.098699951,7.009100342,69.05016327,97.68175507,65.00920105,64.93585968,1154.703735,67.51880646,275.7818298,79.23358154,0.998583069,0.00141692,0.0,0.000197635
2021-01-12,17:08:59,3.098600006,7.008699799,69.05016327,97.67782593,65.00948334,64.93675995,1154.678589,67.52060699,275.7758179,79.23358154,0.998583069,0.00141692,0.0,0.000197635
2021-01-12,17:09:00,3.098900032,7.011599731,69.05226898,97.67697906,65.00924683,64.93811798,1154.640381,67.52275085,275.7685547,79.23358154,0.998583069,0.00141692,0.0,0.000197635
2021-01-12,17:09:01,3.099200058,7.012999725,69.05226898,97.67388153,65.00791931,64.93988037,1154.590942,67.52453613,275.7625427,79.23358154,0.998583069,0.00141692,0.0,0.000197635
2021-01-12,17:09:02,3.099699974,7.01309967,69.05123138,97.67170715,65.00920105,64.940979,1154.559204,67.52597809,275.7576904,79.23358154,0.998583069,0.00141692,0.0,0.000197635
2021-01-12,17:09:03,3.1,7.01309967,69.05236816,97.67034149,65.00947571,64.94216156,1154.526245,67.52762604,275.7520142,79.23358154,0.998583069,0.00141692,0.0,0.000197635
2021-01-12,17:09:04,3.099900055,7.012999725,69.05236816,97.66645813,65.00811768,64.9437027,1154.483398,67.5295639,275.7455444,79.23358154,0.998583069,0.00141692,0.0,0.000197635
2021-01-12,17:09:05,3.1,7.01289978,69.05236816,97.66419983,65.00892639,64.94519043,1154.44165,67.5306778,275.7417908,79.23358154,0.998583069,0.00141692,0.0,0.000197635
2021-01-12,17:09:06,3.099799919,7.01289978,69.05236816,97.66253662,65.00952148,64.94612122,1154.415771,67.53270721,275.7351074,79.23358154,0.998583069,0.00141692,0.0,0.000197635
2021-01-12,17:09:07,3.1,7.012799835,69.05236816,97.6605072,65.00772095,64.94783783,1154.367188,67.53475189,275.7279663,79.23358154,0.998583069,0.00141692,0.0,0.000197635
2021-01-12,17:09:08,3.100200081,7.01269989,69.05338287,97.65716553,65.00834656,64.94847107,1154.349487,67.53592682,275.7241516,79.23358154,0.998583069,0.00141692,0.0,0.000197635
2021-01-12,17:09:09,3.099600029,7.01269989,69.05338287,97.65607452,65.00868225,64.94970703,1154.314819,67.53794098,275.7172546,79.23358154,0.998583069,0.00141692,0.0,0.000197635
2021-01-12,17:09:10,3.099399948,7.0125,69.05338287,97.65319824,65.00796509,64.95072174,1154.286011,67.53949738,275.7120361,79.23358154,0.998583069,0.00141692,0.0,0.000197635
2021-01-12,17:09:11,3.099099922,7.012400055,69.05338287,97.65110779,65.00869751,64.95244598,1154.238647,67.54125214,275.7060852,79.23358154,0.998872604,0.00112736,0.0,0.000197635
2021-01-12,17:09:12,3.099300003,7.012400055,69.05338287,97.64907837,65.00828552,64.95344543,1154.210815,67.54264069,275.701355,79.23358154,0.998872604,0.00112736,0.0,0.000197635
2021-01-12,17:09:13,3.098999977,7.012200165,69.05449677,97.64717102,65.00942993,64.95410156,1154.192261,67.54442596,275.6953125,79.23358154,0.998872604,0.00112736,0.0,0.000197635
2021-01-12,17:09:14,3.099500084,7.01210022,69.05449677,97.64362335,65.00820923,64.95562744,1154.149414,67.54598999,275.6900024,79.23358154,0.998872604,0.00112736,0.0,0.000197635
2021-01-12,17:09:15,3.099099922,7.01190033,69.05449677,97.64108276,65.0083313,64.95642853,1154.127319,67.54729462,275.6856079,79.23358154,0.998872604,0.00112736,0.0,0.000197635
2021-01-12,17:09:16,3.099300003,7.011799622,69.05449677,97.63961792,65.00807953,64.95753479,1154.096191,67.54854584,275.6813965,79.23358154,0.998872604,0.00112736,0.0,0.000197635
2021-01-12,17:09:17,3.098999977,7.011699677,69.05449677,97.63771057,65.00915527,64.9587326,1154.06311,67.5504303,275.6749268,79.23358154,0.998872604,0.00112736,0.0,0.000197635
2021-01-12,17:09:18,3.099099922,7.011599731,69.05550385,97.63496399,65.0089798,64.95978546,1154.03418,67.55213165,275.6692505,79.23358154,0.998872604,0.00112736,0.0,0.000197635
2021-01-12,17:09:19,3.099399948,7.011499786,69.05550385,97.63262177,65.00834656,64.96072388,1154.006592,67.55358124,275.6644287,79.10509491,0.998872604,0.00112736,0.0,0.000197635
2021-01-12,17:09:20,3.099600029,7.011299896,69.05550385,97.63021851,65.008255,64.96172333,1153.97876,67.55491638,275.6599426,79.10509491,0.998872604,0.00112736,0.0,0.000197635
2021-01-12,17:09:21,3.099200058,7.011100006,69.05445862,97.62719727,65.00776672,64.96250153,1153.957397,67.55638885,275.6548767,79.10509491,0.998872604,0.00112736,0.0,0.000197635
2021-01-12,17:09:22,3.099600029,7.011000061,69.05548859,97.62554169,65.00796509,64.96366882,1153.924072,67.55778503,275.6502686,79.10509491,0.998872604,0.00112736,0.0,0.000197635
2021-01-12,17:09:23,3.099099922,7.010800171,69.05548859,97.62228394,65.00700378,64.96485901,1153.891357,67.55908966,275.6457825,79.10509491,0.998872604,0.00112736,0.0,0.000197635
2021-01-12,17:09:24,3.098900032,7.010700226,69.0565033,97.62030029,65.00844574,64.96546936,1153.874146,67.56061554,275.640625,79.35144806,0.998872604,0.00112736,0.0,0.000197635
2021-01-12,17:09:25,3.099200058,7.010600281,69.0565033,97.61833191,65.00823975,64.96662903,1153.841553,67.56191254,275.6362305,79.35144806,0.998872604,0.00112736,0.0,0.000197616
2021-01-12,17:09:26,3.099699974,7.010500336,69.0565033,97.61511993,65.00741577,64.96728516,1153.822998,67.56298065,275.6325684,79.35144806,0.998872604,0.00112736,0.0,0.000197616
2021-01-12,17:09:27,3.099600029,7.010399628,69.0565033,97.61315918,65.00718689,64.96773529,1153.810303,67.5644989,275.6274719,79.35144806,0.998872604,0.00112736,0.0,0.000197616
2021-01-12,17:09:28,3.100099945,7.010199738,69.05751801,97.61117554,65.00774384,64.96871948,1153.783325,67.56570435,275.6233521,79.35144806,0.998872604,0.00112736,0.0,0.000197616
2021-01-12,17:09:29,3.099600029,7.010099792,69.05751801,97.60908508,65.00816345,64.96977234,1153.75354,67.56705475,275.6189575,79.17583466,0.998968811,0.00103116,0.0,0.000197616
2021-01-12,17:09:30,3.099900055,7.009899902,69.05751801,97.60583496,65.00765991,64.97047424,1153.734009,67.56809235,275.615387,79.17583466,0.998968811,0.00103116,0.0,0.000197616
2021-01-12,17:09:31,3.099300003,7.009700012,69.05751801,97.60431671,65.00810242,64.97127533,1153.711792,67.56943512,275.6107178,79.17583466,0.998968811,0.00103116,0.0,0.000197616
2021-01-12,17:09:32,3.099500084,7.009600067,69.05852509,97.60196686,65.00707245,64.9717865,1153.696777,67.57054901,275.6071472,79.17583466,0.998968811,0.00103116,0.0,0.000197616
2021-01-12,17:09:33,3.098999977,7.009400177,69.05852509,97.59983063,65.00772095,64.97293854,1153.664307,67.57176971,275.6029053,79.17583466,0.998968811,0.00103116,0.0,0.000197616
2021-01-12,17:09:34,3.099200058,7.009300232,69.05852509,97.59801483,65.00718689,64.97368622,1153.643433,67.57293701,275.598999,79.17583466,0.998968811,0.00103116,0.0,0.000197616
2021-01-12,17:09:35,3.098900032,7.009100342,69.05852509,97.59574127,65.0059967,64.97407532,1153.633057,67.57404327,275.5952148,79.17583466,0.998968811,0.00103116,0.0,0.000197616
2021-01-12,17:09:36,3.098800087,7.008999634,69.05852509,97.59436035,65.00564575,64.97514343,1153.603516,67.57553101,275.5903015,79.17583466,0.998968811,0.00103116,0.0,0.000197616
2021-01-12,17:09:37,3.099099922,7.008899689,69.05968475,97.59333801,65.00789642,64.97570801,1153.587524,67.5765152,275.586853,79.17583466,0.998968811,0.00103116,0.0,0.000197616
2021-01-12,17:09:38,3.098600006,7.008699799,69.05968475,97.59049225,65.00605774,64.9764328,1153.567139,67.57741547,275.5839233,79.17583466,0.998968811,0.00103116,0.0,0.000197616
2021-01-12,17:09:39,3.098200035,7.008499908,69.05968475,97.5892868,65.00706482,64.97724915,1153.544556,67.57857513,275.5800171,62.10654449,0.998968811,0.00103116,0.0,0.000197616
2021-01-12,17:09:40,3.098900032,7.008399963,69.05968475,97.58803558,65.0067749,64.97787476,1153.526123,67.57920837,275.5779114,62.10654449,0.998968811,0.00103116,0.0,0.000197616
2021-01-12,17:09:41,3.098999977,7.008200073,69.05968475,97.58690643,65.00706482,64.9786377,1153.504883,67.58055115,275.5732727,62.10654449,0.999018936,0.00098103,0.0,0.000197616
2021-01-12,17:09:42,3.098800087,7.008100128,69.05968475,97.58452606,65.00637817,64.97893524,1153.496704,67.5816803,275.569458,62.10654449,0.999018936,0.00098103,0.0,0.000197616
2021-01-12,17:09:43,3.098600006,7.007900238,69.05968475,97.58422089,65.00593567,64.97970581,1153.474976,67.58238983,275.5671387,62.10654449,0.999018936,0.00098103,0.0,0.000197616
2021-01-12,17:09:44,3.098900032,7.007700348,69.06075287,97.58211517,65.00675964,64.98022461,1153.460815,67.58324432,275.5641785,61.29966354,0.999018936,0.00098103,0.0,0.000197616
2021-01-12,17:09:45,3.097999954,7.00759964,69.06075287,97.58058167,65.00547028,64.98137665,1153.428345,67.58418274,275.5610046,61.29966354,0.999018936,0.00098103,0.0,0.000197616
2021-01-12,17:09:46,3.097800064,7.00739975,69.06180573,97.57962799,65.00340271,64.98153687,1153.42395,67.58538818,275.5569153,61.29966354,0.999018936,0.00098103,0.0,0.000197616
2021-01-12,17:09:47,3.097299957,7.007299805,69.06180573,97.57712555,65.00218964,64.98248291,1153.397827,67.58654785,275.5531006,61.29966354,0.999039764,0.00096023,0.0,0.000197665
2021-01-12,17:09:48,3.097200012,7.007099915,69.06180573,97.57675171,64.99907684,64.98300934,1153.382446,67.5874939,275.5500183,61.29966354,0.999039764,0.00096023,0.0,0.000197665
2021-01-12,17:09:49,3.097400093,7.006900024,69.06180573,97.57505798,64.99560547,64.98325348,1153.375732,67.58821106,275.5475464,61.92371368,0.999039764,0.00096023,0.0,0.000197665
2021-01-12,17:09:50,3.097100067,7.006800079,69.06180573,97.57426453,64.99325562,64.98406982,1153.352661,67.5891037,275.5444641,61.92371368,0.999039764,0.00096023,0.0,0.000197665
2021-01-12,17:09:51,3.096999931,7.006600189,69.06180573,97.57339478,64.99047089,64.98464203,1153.336914,67.58982849,275.5422058,61.92371368,0.999039764,0.00096023,0.0,0.000197665
2021-01-12,17:09:52,3.097100067,7.006400299,69.06180573,97.57173157,64.98711395,64.98500824,1153.326904,67.59095001,275.538269,61.92371368,0.999039764,0.00096023,0.0,0.000197665
2021-01-12,17:09:53,3.096999931,7.006199646,69.06282043,97.5707016,64.98350525,64.98561859,1153.310059,67.59175873,275.5355835,61.92371368,0.999039764,0.00096023,0.0,0.000197665
2021-01-12,17:09:54,3.097200012,7.005999756,69.06282043,97.56864929,64.98016357,64.98602295,1153.298706,67.5927887,275.532196,63.88660049,0.999039764,0.00096023,0.00288498,0.000197787
2021-01-12,17:09:55,3.096999931,7.005899811,69.06282043,97.56816101,64.97723389,64.98664856,1153.281128,67.59314728,275.5308228,63.88660049,0.999039764,0.00096023,0.00288498,0.000197787
2021-01-12,17:09:56,3.097200012,7.005699921,69.06282043,97.56723785,64.9730072,64.98701477,1153.270142,67.59453583,275.5262146,63.88660049,0.999039764,0.00096023,0.00288498,0.000197787
2021-01-12,17:09:57,3.097599983,7.005500031,69.06282043,97.56539917,64.96969604,64.98755646,1153.255493,67.59511566,275.5242004,63.88660049,0.999039764,0.00096023,0.00288498,0.000197787
2021-01-12,17:09:58,3.097800064,7.005400085,69.06282043,97.56410217,64.96742249,64.98823547,1153.236328,67.59597015,275.5213928,63.88660049,0.999079132,0.00092089,0.002866328,0.000197693
2021-01-12,17:09:59,3.097599983,7.005200195,69.06384277,97.56260681,64.96403503,64.98864746,1153.225586,67.59690857,275.518219,66.05749512,0.999079132,0.00092089,0.0,0.000197693
2021-01-12,17:10:00,3.097400093,7.00510025,69.06384277,97.56001282,64.96152496,64.98914337,1153.210938,67.5974884,275.5163269,66.05749512,0.999079132,0.00092089,0.0,0.000197693
2021-01-12,17:10:01,3.096999931,7.00490036,69.06384277,97.55915833,64.95793915,64.98930359,1153.206543,67.59815979,275.513855,66.05749512,0.999079132,0.00092089,0.0,0.000197693
2021-01-12,17:10:02,3.097200012,7.004699707,69.064888,97.55874634,64.95552826,64.99015045,1153.182861,67.59902191,275.5109863,66.05749512,0.999079132,0.00092089,0.0,0.000197693
2021-01-12,17:10:03,3.097100067,7.004599762,69.064888,97.55653381,64.95292664,64.99022675,1153.180664,67.59960175,275.5090942,66.05749512,0.999079132,0.00092089,0.0,0.000197693
2021-01-12,17:10:04,3.096999931,7.004399872,69.064888,97.55408478,64.94908142,64.99121857,1153.152344,67.60018921,275.5072021,68.06105042,0.999079132,0.00092089,0.002776159,0.000197765
2021-01-12,17:10:05,3.096899986,7.004199982,69.064888,97.55368042,64.94735718,64.9914856,1153.145386,67.60140228,275.5030518,68.06105042,0.999079132,0.00092089,0.00276647,0.000197765
2021-01-12,17:10:06,3.096699905,7.004100037,69.064888,97.55193329,64.94525146,64.99178314,1153.136841,67.60202789,275.500885,68.06105042,0.999116669,0.00088334,0.00276647,0.000197586
2021-01-12,17:10:07,3.096899986,7.003900146,69.064888,97.55067444,64.94098663,64.99192047,1153.132568,67.60270691,275.4986572,68.06105042,0.99911911,0.00088089,0.00276647,0.000197718
2021-01-12,17:10:08,3.096500015,7.003700256,69.06590271,97.54901886,64.93969727,64.99273682,1153.110474,67.60324097,275.4968262,68.06105042,0.99911911,0.00088089,0.00276647,0.000197718
2021-01-12,17:10:09,3.096299934,7.003700256,69.06590271,97.54852295,64.93727112,64.99320984,1153.097778,67.60364532,275.4954224,69.89626312,0.99911911,0.00088089,0.0,0.000197718
2021-01-12,17:10:10,3.096699905,7.003500366,69.06590271,97.54673767,64.9355545,64.9932785,1153.095459,67.60449219,275.4925842,69.89626312,0.99911911,0.00088089,0.0,0.000197718
2021-01-12,17:10:11,3.096500015,7.003299713,69.06694794,97.54548645,64.93502045,64.99359131,1153.086548,67.60538483,275.489502,69.89626312,0.99911911,0.00088089,0.002687928,0.00019774
2021-01-12,17:10:12,3.096899986,7.003199768,69.06587219,97.5434494,64.93331909,64.99398041,1153.07605,67.60560608,275.4887695,69.89626312,0.99911911,0.00088089,0.0,0.00019774
2021-01-12,17:10:13,3.096500015,7.002999878,69.06587219,97.54245758,64.93084717,64.99420166,1153.069336,67.60614777,275.486908,69.89626312,0.99911911,0.00088089,0.0,0.000197685
2021-01-12,17:10:14,3.096800041,7.002899933,69.0668869,97.54201508,64.9292984,64.99465942,1153.057129,67.60695648,275.4842834,71.14735413,0.99911911,0.00088089,0.0,0.000197685
2021-01-12,17:10:15,3.09640007,7.002700043,69.0668869,97.54124451,64.92699432,64.99511719,1153.044067,67.60762024,275.4820251,71.14735413,0.99911911,0.00088089,0.0,0.000197685
2021-01-12,17:10:16,3.096299934,7.002600098,69.0668869,97.53911591,64.92489624,64.99516296,1153.046021,67.60780334,275.4814453,71.14735413,0.99911911,0.00088089,0.0,0.000197685
2021-01-12,17:10:17,3.09659996,7.002500153,69.0668869,97.53819275,64.9241333,64.99565125,1153.029175,67.60874939,275.4783325,71.14735413,0.99911911,0.00088089,0.0,0.000197685
2021-01-12,17:10:18,3.096199989,7.002300262,69.06793976,97.53679657,64.92366028,64.99554443,1153.031982,67.60923767,275.4765015,71.14735413,0.99911911,0.00088089,0.0,0.000197685
2021-01-12,17:10:19,3.096500015,7.002200317,69.06793976,97.53703308,64.92114258,64.99588776,1153.022827,67.6098175,275.4745789,72.14273071,0.99911911,0.00088089,0.0,0.000197685
2021-01-12,17:10:20,3.095999908,7.001999664,69.06793976,97.53564453,64.92019653,64.99627686,1153.012207,67.61058807,275.4720459,72.14273071,0.99911911,0.00088089,0.0,0.000197685
2021-01-12,17:10:21,3.096299934,7.001899719,69.06793976,97.53522491,64.91827393,64.99622345,1153.013428,67.61048889,275.47229,72.14273071,0.99911911,0.00088089,0.0,0.000197685
2021-01-12,17:10:22,3.095800018,7.001799774,69.06899261,97.53430939,64.91752625,64.99662781,1153.002197,67.61143494,275.4691467,72.14273071,0.99911911,0.00088089,0.0,0.000197685
2021-01-12,17:10:23,3.095599937,7.001599884,69.06899261,97.53395081,64.91624451,64.99671936,1152.999878,67.61170959,275.4682617,72.14273071,0.99911911,0.00088089,0.0,0.000197685
2021-01-12,17:10:24,3.095999908,7.001499939,69.06899261,97.53291321,64.9152298,64.99655151,1153.004639,67.61206818,275.46698,73.13712311,0.99911911,0.00088089,0.0,0.000197685
2021-01-12,17:10:25,3.095400047,7.001300049,69.06899261,97.53276062,64.91375732,64.99687958,1152.995117,67.6124649,275.4656372,73.13712311,0.99911911,0.00088089,0.0,0.000197685
2021-01-12,17:10:26,3.095199966,7.001200104,69.06899261,97.53245544,64.91423798,64.99713135,1152.988403,67.61283112,275.464447,73.13712311,0.99911911,0.00088089,0.0,0.000197685
2021-01-12,17:10:27,3.095499992,7.001100159,69.06899261,97.53263855,64.9125824,64.9972229,1152.985596,67.6133194,275.4627686,73.13712311,0.99911911,0.00088089,0.0,0.000197578
2021-01-12,17:10:28,3.095700073,7.000900269,69.06899261,97.53172302,64.91017151,64.99736786,1152.980957,67.61422729,275.4597778,73.13712311,0.99911911,0.00088089,0.0,0.000197578
2021-01-12,17:10:29,3.095199966,7.000800323,69.06899261,97.53095245,64.90879059,64.99720001,1152.98584,67.61444855,275.4590454,74.19402313,0.99911911,0.00088089,0.0,0.000197578
2021-01-12,17:10:30,3.09489994,7.000900269,69.07002258,97.53154755,64.9092865,64.99770355,1152.97229,67.61422729,275.4597473,74.19402313,0.99911911,0.00088089,0.0,0.000197578
2021-01-12,17:10:31,3.094400024,7.00059967,69.07002258,97.53088379,64.90802765,64.99731445,1152.982666,67.61508179,275.4568481,74.19402313,0.999204865,0.00079512,0.0,0.000197578
2021-01-12,17:10:32,3.093899918,7.000499725,69.07002258,97.53131104,64.90661621,64.99770355,1152.97229,67.61529541,275.4562378,74.19402313,0.999204865,0.00079512,0.0,0.000197578
2021-01-12,17:10:33,3.093600082,7.00039978,69.07002258,97.53057861,64.90550232,64.99744415,1152.979614,67.61484528,275.4576416,74.19402313,0.999204865,0.00079512,0.0,0.000197578
2021-01-12,17:10:34,3.093899918,7.00019989,69.07002258,97.52959442,64.90462494,64.99760437,1152.975098,67.61592102,275.4541931,74.91567993,0.999204865,0.00079512,0.0,0.000197578
2021-01-12,17:10:35,3.093700027,7.000099945,69.07002258,97.53022766,64.90371704,64.99773407,1152.971069,67.61600494,275.4536743,74.91567993,0.999204865,0.00079512,0.0,0.000197578
2021-01-12,17:10:36,3.093799973,6.999900055,69.07108307,97.53056335,64.90275574,64.99720001,1152.985962,67.61641693,275.4523315,74.91567993,0.999204865,0.00079512,0.0,0.000197578
2021-01-12,17:10:37,3.094000053,6.99980011,69.07108307,97.52990723,64.90338135,64.99746704,1152.978516,67.61685181,275.4508667,74.91567993,0.999204865,0.00079512,0.0,0.000197578
2021-01-12,17:10:38,3.093799973,6.999700165,69.07108307,97.52897644,64.90214539,64.99760437,1152.974731,67.61632538,275.4526672,74.91567993,0.999204865,0.00079512,0.0,0.000197578
2021-01-12,17:10:39,3.094300079,6.99960022,69.07006836,97.52918243,64.90074158,64.99731445,1152.982666,67.61713409,275.4499512,75.42905426,0.999204865,0.00079512,0.0,0.000197578
2021-01-12,17:10:40,3.094000053,6.999500275,69.0710907,97.52833557,64.90100098,64.99717712,1152.987061,67.61727142,275.4494934,75.42905426,0.999204865,0.00079512,0.0,0.000197578
2021-01-12,17:10:41,3.093700027,6.999299622,69.0710907,97.52855682,64.89976501,64.99726868,1152.984497,67.61695862,275.45047,75.42905426,0.99922821,0.00077182,0.0,0.000197684
2021-01-12,17:10:42,3.093600082,6.999199677,69.07214355,97.52796936,64.90020752,64.99720001,1152.986572,67.61734772,275.4493103,75.42905426,0.99922821,0.00077182,0.0,0.000197684
2021-01-12,17:10:43,3.093400002,6.999099731,69.07214355,97.52740479,64.89819336,64.99685669,1152.995972,67.61784363,275.4475403,75.42905426,0.99922821,0.00077182,0.0,0.000197684
2021-01-12,17:10:44,3.093499947,6.998999786,69.07214355,97.52642822,64.89785767,64.99676514,1152.993164,67.61798859,275.4470215,76.0696106,0.99922821,0.00077182,0.0,0.000197684
2021-01-12,17:10:45,3.093199921,6.998899841,69.07214355,97.52602386,64.89710999,64.99693298,1152.997437,67.6178894,275.4474487,76.0696106,0.999248734,0.00075125,0.0,0.000197684
2021-01-12,17:10:46,3.093400002,6.998799896,69.07214355,97.52516937,64.89777374,64.99680328,1152.994141,67.61794281,275.4471741,76.0696106,0.999246368,0.00075364,0.002349174,0.000197651
2021-01-12,17:10:47,3.093199921,6.998600006,69.07214355,97.52482605,64.89854431,64.99638367,1153.008911,67.61825562,275.446228,76.0696106,0.999246368,0.00075364,0.0,0.000197651
2021-01-12,17:10:48,3.093000031,6.998500061,69.07316589,97.52418518,64.8962326,64.99630737,1153.006958,67.61839294,275.4456482,76.0696106,0.999246368,0.00075364,0.0,0.000197651
2021-01-12,17:10:49,3.093300056,6.998400116,69.07316589,97.52352905,64.89511871,64.99640656,1153.010254,67.61852264,275.445343,76.50655365,0.999246368,0.00075364,0.0,0.000197651
2021-01-12,17:10:50,3.093400002,6.998300171,69.07316589,97.52316284,64.8941803,64.99581909,1153.024536,67.61830139,275.4460449,76.50655365,0.999246368,0.00075364,0.0,0.000197584
2021-01-12,17:10:51,3.093799973,6.998300171,69.07316589,97.52226257,64.89385986,64.99567413,1153.027954,67.61825562,275.4458923,76.50655365,0.999246368,0.00075364,0.002317927,0.000197696
2021-01-12,17:10:52,3.093499947,6.998200226,69.07316589,97.52098083,64.89440155,64.99547577,1153.03418,67.61843109,275.4463196,76.50655365,0.999246368,0.00075364,0.002309873,0.000197696
2021-01-12,17:10:53,3.093899918,6.998000336,69.07316589,97.52067566,64.89528656,64.99556732,1153.031372,67.61852264,275.445282,76.50655365,0.999266892,0.00073307,0.002309873,0.000197606
2021-01-12,17:10:54,3.093700027,6.998100281,69.07316589,97.51935577,64.89280701,64.99504852,1153.046143,67.6186142,275.4449158,76.8036499,0.999266892,0.00073307,0.002309873,0.000197606
2021-01-12,17:10:55,3.093499947,6.997799683,69.07316589,97.51821899,64.89238739,64.99490356,1153.050415,67.61839294,275.4456482,76.8036499,0.999266892,0.00073307,0.002263911,0.000197606
2021-01-12,17:10:56,3.093799973,6.997799683,69.07419586,97.5177002,64.89195251,64.9947052,1153.05603,67.61830139,275.446106,76.8036499,0.999266892,0.00073307,0.002263911,0.000197606
2021-01-12,17:10:57,3.093199921,6.997599792,69.07520294,97.51686096,64.89149475,64.99427795,1153.068115,67.6186142,275.4450073,76.8036499,0.999266892,0.00073307,0.0,0.000197625
2021-01-12,17:10:58,3.092900085,6.997499847,69.07520294,97.5176239,64.89216614,64.99420166,1153.06958,67.61843109,275.4455261,76.8036499,0.999274826,0.00072515,0.0,0.000197659
2021-01-12,17:10:59,3.093499947,6.997399902,69.07520294,97.51665497,64.89089966,64.99430084,1153.066895,67.61830139,275.4459839,77.22771454,0.999274826,0.00072515,0.0,0.000197659
2021-01-12,17:11:00,3.093000031,6.997399902,69.07520294,97.51683807,64.89118195,64.99378204,1153.081421,67.61815643,275.4465332,77.22771454,0.999286804,0.00071322,0.0,0.000197678
2021-01-12,17:11:01,3.092900085,6.997200012,69.07520294,97.51657104,64.89082336,64.9936676,1153.084839,67.61857605,275.4451599,77.22771454,0.999286804,0.00071322,0.0,0.000197646
2021-01-12,17:11:02,3.09279995,6.997100067,69.07520294,97.51603699,64.8899765,64.99305725,1153.102051,67.61825562,275.4461975,77.22771454,0.999288712,0.00071126,0.0,0.000197646
2021-01-12,17:11:03,3.093000031,6.997000122,69.07520294,97.51574707,64.89155579,64.99279785,1153.109253,67.61798859,275.447113,77.22771454,0.999288712,0.00071126,0.0,0.000197646
2021-01-12,17:11:04,3.092700005,6.996900177,69.07520294,97.51554871,64.88970947,64.99269867,1153.111938,67.61780548,275.4476624,77.22771454,0.999288712,0.00071126,0.0,0.000197646
2021-01-12,17:11:05,3.092900085,6.996800232,69.07520294,97.51655579,64.88830566,64.99243927,1153.118652,67.61802673,275.4468384,77.22771454,0.999288712,0.00071126,0.0,0.000197646
2021-01-12,17:11:06,3.092300034,6.996700287,69.07520294,97.5160675,64.88947296,64.99208069,1153.128784,67.61752319,275.4486389,77.22771454,0.999288712,0.00071126,0.0,0.000197646
2021-01-12,17:11:07,3.092499924,6.996800232,69.07520294,97.51646423,64.8890686,64.99189758,1153.133789,67.6177597,275.4477539,77.22771454,0.999288712,0.00071126,0.0,0.000197646
2021-01-12,17:11:08,3.092099953,6.996499634,69.07520294,97.5164032,64.89006042,64.99185181,1153.135132,67.61713409,275.4498291,77.22771454,0.999315872,0.00068402,0.0,0.000197646
2021-01-12,17:11:09,3.092399979,6.996499634,69.07624817,97.51628113,64.8888092,64.99118042,1153.153809,67.61730957,275.4494019,77.68869781,0.999317474,0.00068253,0.00212566,0.000197646
2021-01-12,17:11:10,3.091799927,6.996299744,69.07624817,97.51778412,64.88829041,64.99079132,1153.164551,67.6175766,275.4484863,77.68869781,0.999317474,0.00068253,0.00212566,0.000197646
2021-01-12,17:11:11,3.091600037,6.996399689,69.07624817,97.51818848,64.88774109,64.99088287,1153.161987,67.61641693,275.4523926,77.68869781,0.999317474,0.00068253,0.00212566,0.000197646
2021-01-12,17:11:12,3.090999985,6.996099854,69.07624817,97.51837158,64.88699341,64.99032593,1153.178101,67.61677551,275.4511414,77.68869781,0.999321365,0.00067853,0.00212566,0.000197646
2021-01-12,17:11:13,3.091300011,6.996399689,69.07624817,97.51876831,64.88742065,64.98975372,1153.193726,67.61650085,275.4521484,77.68869781,0.999321365,0.00067853,0.00212566,0.000197646
2021-01-12,17:11:14,3.09090004,6.996199799,69.07624817,97.5184021,64.88717651,64.99018097,1153.181885,67.61641693,275.4523621,78.20651245,0.999321365,0.00067853,0.00212566,0.000197646
2021-01-12,17:11:15,3.09109993,6.996099854,69.07624817,97.51960754,64.8868866,64.98936462,1153.204956,67.61600494,275.4537048,78.20651245,0.999321365,0.00067853,0.00212566,0.000197646
2021-01-12,17:11:16,3.09090004,6.995999908,69.07624817,97.52042389,64.88659668,64.98930359,1153.206299,67.61592102,275.4539795,78.20651245,0.999325409,0.0006746,0.00212566,0.000197646
2021-01-12,17:11:17,3.09109993,6.995899963,69.07624817,97.51966858,64.88726807,64.98887634,1153.21875,67.6162796,275.4527588,78.20651245,0.999325409,0.0006746,0.00212566,0.000197646
2021-01-12,17:11:18,3.091300011,6.995800018,69.0772934,97.5207901,64.88697815,64.98851013,1153.228638,67.61578369,275.4545288,78.20651245,0.999325409,0.0006746,0.0,0.000197646
2021-01-12,17:11:19,3.09109993,6.995700073,69.0772934,97.52052307,64.8861084,64.98864746,1153.224365,67.61560059,275.4550781,78.32507324,0.999325409,0.0006746,0.0,0.000197646
2021-01-12,17:11:20,3.091699982,6.995600128,69.0772934,97.52141571,64.88640594,64.98806763,1153.241699,67.61533356,275.4559021,78.32507324,0.999339218,0.00066077,0.0,0.000197646
2021-01-12,17:11:21,3.091500092,6.995500183,69.0772934,97.52005005,64.88494873,64.9875412,1153.255859,67.61524963,275.4563599,78.32507324,0.999339218,0.00066077,0.0,0.000197646
2021-01-12,17:11:22,3.091699982,6.995400238,69.0772934,97.51979828,64.88694763,64.98728943,1153.263062,67.61515808,275.4560547,78.32507324,0.999339218,0.00066077,0.0,0.000197646
2021-01-12,17:11:23,3.091500092,6.995400238,69.0772934,97.5205307,64.88655853,64.9871521,1153.266968,67.6149826,275.4572144,78.32507324,0.999339218,0.00066077,0.0,0.000197646
2021-01-12,17:11:24,3.091699982,6.995300293,69.0772934,97.52029419,64.88512421,64.98656464,1153.282837,67.61457825,275.4585876,78.61826324,0.999339218,0.00066077,0.0,0.000197646
2021-01-12,17:11:25,3.091399956,6.995200348,69.0772934,97.5213623,64.88619232,64.98633575,1153.289551,67.61444855,275.4590149,78.61826324,0.999339218,0.00066077,0.0,0.000197646
2021-01-12,17:11:26,3.091600037,6.99509964,69.07831573,97.52025604,64.88690948,64.98581696,1153.304077,67.61408234,275.4603271,78.61826324,0.999355698,0.00064432,0.002007816,0.000197685
2021-01-12,17:11:27,3.091399956,6.994999695,69.07831573,97.5198288,64.88453674,64.98578644,1153.303345,67.61381531,275.4611206,78.61826324,0.999355698,0.00064432,0.002007816,0.000197685
2021-01-12,17:11:28,3.091399956,6.99489975,69.07831573,97.52101898,64.88705444,64.9852066,1153.321289,67.61367798,275.4616394,78.61826324,0.999355698,0.00064432,0.002007816,0.000197685
2021-01-12,17:11:29,3.09109993,6.99489975,69.07831573,97.52037048,64.88642883,64.98480225,1153.332642,67.61328125,275.4631042,87.13487244,0.999355698,0.00064432,0.002007816,0.000197685
2021-01-12,17:11:30,3.091200066,6.994799805,69.07831573,97.52083588,64.88538361,64.98504639,1153.32605,67.61336517,275.462616,87.13487244,0.999355698,0.00064432,0.0,0.000197685
2021-01-12,17:11:31,3.09109993,6.99469986,69.07831573,97.52104187,64.88465881,64.98416901,1153.350952,67.61283112,275.464447,87.13487244,0.999355698,0.00064432,0.0,0.000197685
2021-01-12,17:11:32,3.090800095,6.994599915,69.07831573,97.52157593,64.88538361,64.98387146,1153.358765,67.61296082,275.4641113,87.13487244,0.999355698,0.00064432,0.001993465,0.000197632
2021-01-12,17:11:33,3.091200066,6.99469986,69.07831573,97.52277374,64.88636017,64.98396301,1153.356079,67.61251831,275.4655151,87.13487244,0.999355698,0.00064432,0.001990437,0.000197632
2021-01-12,17:11:34,3.090600014,6.994499969,69.07831573,97.52236176,64.88710022,64.98329926,1153.374512,67.61241913,275.4657898,87.72201538,0.999355698,0.00064432,0.001990437,0.000197632
2021-01-12,17:11:35,3.090800095,6.994400024,69.07933807,97.52355957,64.88787842,64.9828949,1153.385986,67.6118927,275.4675903,87.72201538,0.999355698,0.00064432,0.001990437,0.000197632
2021-01-12,17:11:36,3.090699959,6.994400024,69.07933807,97.52289581,64.8888855,64.98278046,1153.389404,67.61170959,275.4682922,87.72201538,0.999355698,0.00064432,0.001990437,0.000197632
2021-01-12,17:11:37,3.090500069,6.994300079,69.07933807,97.52362823,64.89033508,64.98245239,1153.398682,67.61157227,275.4687195,87.72201538,0.999355698,0.00064432,0.001990437,0.000197632
2021-01-12,17:11:38,3.090800095,6.994200134,69.07933807,97.52280426,64.89237976,64.98222351,1153.404907,67.61112213,275.4702148,87.72201538,0.999355698,0.00064432,0.001990437,0.000197632
2021-01-12,17:11:39,3.090999985,6.994100189,69.07933807,97.52372742,64.8941803,64.98203278,1153.410522,67.61099243,275.4706726,87.09876251,0.999355698,0.00064432,0.001990437,0.000197632
2021-01-12,17:11:40,3.090200043,6.994000244,69.07933807,97.52506256,64.89614868,64.98162842,1153.421021,67.61058807,275.4720459,87.09876251,0.999355698,0.00064432,0.001990437,0.000197632
2021-01-12,17:11:41,3.090399933,6.994000244,69.07933807,97.52616119,64.89670563,64.98118591,1153.433228,67.61048889,275.4723511,87.09876251,0.999355698,0.00064432,0.001990437,0.000197632
2021-01-12,17:11:42,3.090200043,6.993900299,69.08034515,97.52643585,64.89810181,64.98101807,1153.438599,67.61000061,275.4740906,87.09876251,0.999355698,0.00064432,0.001990437,0.000197632
2021-01-12,17:11:43,3.090399933,6.993900299,69.08034515,97.52774048,64.9004364,64.98137665,1153.428101,67.61013031,275.4735718,87.09876251,0.999355698,0.00064432,0.001990437,0.000197632
2021-01-12,17:11:44,3.089699936,6.993800354,69.08034515,97.52787018,64.90211487,64.98072052,1153.447266,67.60968781,275.4750366,86.12038422,0.999355698,0.00064432,0.0,0.000197632
2021-01-12,17:11:45,3.089500046,6.993699646,69.07933807,97.52864075,64.90376282,64.98031616,1153.457886,67.6095047,275.4756775,86.12038422,0.999355698,0.00064432,0.0,0.000197632
2021-01-12,17:11:46,3.08939991,6.993599701,69.07933807,97.52947998,64.9053421,64.97973633,1153.474609,67.60923767,275.4764709,86.12038422,0.999355698,0.00064432,0.0,0.000197632
2021-01-12,17:11:47,3.089299965,6.993499756,69.07933807,97.53086853,64.90673828,64.98017883,1153.46167,67.60959625,275.4754028,86.12038422,0.999355698,0.00064432,0.0,0.000197632
2021-01-12,17:11:48,3.08939991,6.993499756,69.07933807,97.53206635,64.90826416,64.97947693,1153.481567,67.60887909,275.4777527,86.12038422,0.999405289,0.00059473,0.0,0.000197632
2021-01-12,17:11:49,3.089299965,6.993399811,69.07933807,97.53179169,64.90924072,64.97938538,1153.484009,67.60910797,275.4770508,85.12123108,0.999405289,0.00059473,0.0,0.000197632
2021-01-12,17:11:50,3.089100075,6.993299866,69.08040619,97.53323364,64.91067505,64.97918701,1153.489868,67.60839081,275.4794006,85.12123108,0.999405289,0.00059473,0.0,0.000197632
2021-01-12,17:11:51,3.089500046,6.993299866,69.08040619,97.53353882,64.912323,64.97866821,1153.504028,67.60801697,275.4806824,85.12123108,0.999405289,0.00059473,0.0,0.000197632
2021-01-12,17:11:52,3.089299965,6.993199921,69.08144379,97.53350067,64.91144562,64.9787674,1153.501343,67.6078949,275.4812012,85.12123108,0.999405289,0.00059473,0.0,0.000197632
2021-01-12,17:11:53,3.089500046,6.993099976,69.08144379,97.53456116,64.91417694,64.97859955,1153.506226,67.60793304,275.4808655,85.12123108,0.999405289,0.00059473,0.0,0.000197632
2021-01-12,17:11:54,3.089299965,6.993000031,69.0803299,97.53678894,64.91542816,64.97823334,1153.516479,67.6078949,275.4812012,84.43895721,0.999405289,0.00059473,0.0,0.000197632
2021-01-12,17:11:55,3.089500046,6.993000031,69.0803299,97.53569794,64.91513824,64.97853088,1153.508057,67.60749054,275.4824524,84.43895721,0.999405289,0.00059473,0.0,0.000197632
2021-01-12,17:11:56,3.08920002,6.992900085,69.0803299,97.53649139,64.91639709,64.97787476,1153.526611,67.60758209,275.4821777,84.43895721,0.999405289,0.00059473,0.0,0.000197632
2021-01-12,17:11:57,3.089599991,6.99280014,69.0803299,97.53617859,64.91793823,64.97773743,1153.530029,67.60713196,275.4837036,84.43895721,0.999405289,0.00059473,0.0,0.000197632
2021-01-12,17:11:58,3.08939991,6.992700195,69.0803299,97.537117,64.91931152,64.97770691,1153.531372,67.60668182,275.4852295,84.43895721,0.999405289,0.00059473,0.0,0.000197632
2021-01-12,17:11:59,3.089699936,6.992700195,69.0803299,97.53762054,64.92115784,64.9777832,1153.529053,67.60687256,275.4846191,83.75325775,0.999405289,0.00059473,0.0,0.000197632
2021-01-12,17:12:00,3.089299965,6.99260025,69.0803299,97.53796387,64.91964722,64.97724915,1153.544678,67.60655975,275.4855957,83.75325775,0.999405289,0.00059473,0.0,0.000197632
2021-01-12,17:12:01,3.089699936,6.99260025,69.08141327,97.53856659,64.92114258,64.97720337,1153.542603,67.60673523,275.4849548,83.75325775,0.999405289,0.00059473,0.0,0.000197632
2021-01-12,17:12:02,3.089299965,6.992500305,69.08141327,97.53754425,64.92272949,64.97731781,1153.541504,67.60601044,275.4875183,83.75325775,0.999405289,0.00059473,0.0,0.000197632
2021-01-12,17:12:03,3.089599991,6.99240036,69.08141327,97.53842926,64.92349243,64.9771347,1153.547852,67.60619354,275.4868469,83.75325775,0.999405289,0.00059473,0.0,0.000197632
2021-01-12,17:12:04,3.089100075,6.992500305,69.08141327,97.53882599,64.92339325,64.97727203,1153.544067,67.60565186,275.4887085,83.36279297,0.999405289,0.00059473,0.0,0.000197829
2021-01-12,17:12:05,3.088999939,6.992299652,69.08141327,97.53836823,64.92480469,64.97740936,1153.539795,67.60560608,275.4888306,83.36279297,0.999405289,0.00059473,0.0,0.000197829
2021-01-12,17:12:06,3.08920002,6.992299652,69.08141327,97.53949738,64.92604828,64.97718048,1153.546265,67.60574341,275.4883118,83.36279297,0.999405289,0.00059473,0.0,0.000197829
2021-01-12,17:12:07,3.089100075,6.992199707,69.08141327,97.53856659,64.92518616,64.97689819,1153.553711,67.60560608,275.4887695,83.36279297,0.999405289,0.00059473,0.0,0.000197829
2021-01-12,17:12:08,3.08920002,6.992199707,69.08141327,97.54001617,64.92639923,64.9769516,1153.552612,67.60565186,275.488678,83.36279297,0.999405289,0.00059473,0.0,0.000197829
2021-01-12,17:12:09,3.088999939,6.992099762,69.08141327,97.53890991,64.92799377,64.97666931,1153.560547,67.60529327,275.4898682,82.98712158,0.999405289,0.00059473,0.0,0.000197829
2021-01-12,17:12:10,3.089299965,6.991999817,69.08141327,97.53961182,64.92845154,64.97681427,1153.556519,67.60511017,275.4904785,82.98712158,0.999432068,0.00056791,0.001759413,0.000197829
2021-01-12,17:12:11,3.089599991,6.991999817,69.08141327,97.54071045,64.92988586,64.97696686,1153.552124,67.60529327,275.4897766,82.98712158,0.999432068,0.00056791,0.001759413,0.000197829
2021-01-12,17:12:12,3.08920002,6.991899872,69.08141327,97.54090118,64.92927551,64.9771347,1153.547852,67.6054306,275.4894409,82.98712158,0.999432068,0.00056791,0.001759413,0.00019766
2021-01-12,17:12:13,3.088999939,6.991899872,69.08141327,97.54178619,64.92990112,64.97702026,1153.550415,67.60476685,275.4916687,82.98712158,0.999432068,0.00056791,0.001759413,0.00019766
2021-01-12,17:12:14,3.089299965,6.991799927,69.08141327,97.54066467,64.93041992,64.97722626,1153.544922,67.60494232,275.4911804,82.5874176,0.999432068,0.00056791,0.001759413,0.00019766
2021-01-12,17:12:15,3.089100075,6.991799927,69.08141327,97.54232788,64.93101501,64.97750854,1153.536621,67.60546875,275.4893494,82.5874176,0.999432068,0.00056791,0.001759413,0.00019766
2021-01-12,17:12:16,3.089299965,6.991699982,69.08141327,97.54162598,64.93237305,64.97768402,1153.531616,67.60467529,275.4920654,82.5874176,0.999432068,0.00056791,0.001759413,0.00019766
2021-01-12,17:12:17,3.088800049,6.991699982,69.08141327,97.5418396,64.93209839,64.97743225,1153.538208,67.60485077,275.491394,82.5874176,0.999432068,0.00056791,0.001759413,0.00019766
2021-01-12,17:12:18,3.089100075,6.994100189,69.08141327,97.54243469,64.93315887,64.9776001,1153.533813,67.60462952,275.492218,82.5874176,0.999432068,0.00056791,0.001759413,0.00019766
2021-01-12,17:12:19,3.088899994,6.998100281,69.08141327,97.54321289,64.93400574,64.97740936,1153.53894,67.60516357,275.4903564,82.27793121,0.999432068,0.00056791,0.001759413,0.00019766
2021-01-12,17:12:20,3.089100075,7.001599884,69.08141327,97.54290009,64.93458557,64.97780609,1153.528687,67.60476685,275.4916077,82.27793121,0.999432068,0.00056791,0.001759413,0.00019766
2021-01-12,17:12:21,3.08939991,7.005000305,69.08141327,97.54395294,64.93326569,64.97801971,1153.522583,67.60467529,275.4919739,82.27793121,0.999432068,0.00056791,0.001759413,0.00019766
2021-01-12,17:12:22,3.089599991,7.007900238,69.08141327,97.54486847,64.93553925,64.97820282,1153.516968,67.60520935,275.4902344,82.27793121,0.999432068,0.00056791,0.001759413,0.00019766
2021-01-12,17:12:23,3.08939991,7.008799744,69.08141327,97.54406738,64.93664551,64.97843933,1153.510742,67.60501862,275.4907227,82.27793121,0.999432068,0.00056791,0.001759413,0.00019766
2021-01-12,17:12:24,3.089800072,7.009300232,69.08141327,97.54377747,64.93635559,64.97886658,1153.498535,67.60516357,275.490387,81.73484039,0.999432068,0.00056791,0.001759413,0.00019766
2021-01-12,17:12:25,3.090200043,7.009799957,69.08141327,97.5457077,64.93688965,64.97916412,1153.490479,67.60501862,275.4907532,81.73484039,0.999432068,0.00056791,0.001759413,0.00019766
2021-01-12,17:12:26,3.090999985,7.010199738,69.08141327,97.5459137,64.93704224,64.97954559,1153.479248,67.60546875,275.4893494,81.73484039,0.999555512,0.00044447,0.0,0.00019766
2021-01-12,17:12:27,3.090699959,7.010600281,69.08141327,97.5456543,64.93872833,64.97992706,1153.468994,67.60529327,275.4898376,81.73484039,0.999555512,0.00044447,0.0,0.00019766
2021-01-12,17:12:28,3.091200066,7.010900116,69.08141327,97.5473175,64.93888855,64.98006439,1153.465088,67.60583496,275.4880066,81.73484039,0.999555512,0.00044447,0.0,0.00019766
2021-01-12,17:12:29,3.09090004,7.011100006,69.08141327,97.54766846,64.93937683,64.9804306,1153.455322,67.60596466,275.4884644,81.39081573,0.999555512,0.00044447,0.0,0.00019766
2021-01-12,17:12:30,3.091399956,7.011299896,69.08141327,97.54821777,64.93815613,64.98114014,1153.435303,67.60574341,275.4875488,81.39081573,0.999555512,0.00044447,0.0,0.00019766
2021-01-12,17:12:31,3.091300011,7.011599731,69.08141327,97.54877472,64.94034576,64.98135376,1153.428833,67.6062851,275.4865417,81.39081573,0.999555512,0.00044447,0.0,0.00019766
2021-01-12,17:12:32,3.091500092,7.011799622,69.08141327,97.54989624,64.94087219,64.98182678,1153.415649,67.60663605,275.4852905,81.39081573,0.999598236,0.00040185,0.001226091,0.00019766
2021-01-12,17:12:33,3.091300011,7.012000275,69.08141327,97.55125427,64.9415741,64.98206329,1153.409058,67.60687256,275.4845886,81.39081573,0.999607086,0.00039291,0.001226091,0.00019766
2021-01-12,17:12:34,3.091799927,7.01210022,69.08141327,97.55005646,64.94220734,64.98245239,1153.39856,67.60709381,275.4837952,80.99921417,0.999607086,0.00039291,0.001226091,0.00019766
2021-01-12,17:12:35,3.091399956,7.01230011,69.08141327,97.5521698,64.9410553,64.983078,1153.380981,67.60762024,275.4819641,80.99921417,0.99961937,0.00038051,0.001226091,0.00019766
2021-01-12,17:12:36,3.09109993,7.012400055,69.08141327,97.55345154,64.94199371,64.98355865,1153.367065,67.60784149,275.4812927,80.99921417,0.99961937,0.00038051,0.001226091,0.00019766
2021-01-12,17:12:37,3.091399956,7.0125,69.08242035,97.554245,64.94146729,64.98406982,1153.353149,67.60878754,275.4781189,80.99921417,0.999639435,0.0003606,0.001226091,0.00019766
2021-01-12,17:12:38,3.090999985,7.012599945,69.08242035,97.55531311,64.94244385,64.98423767,1153.348755,67.60847473,275.479187,80.99921417,0.999639435,0.0003606,0.001226091,0.00019766
2021-01-12,17:12:39,3.091600037,7.01269989,69.08242035,97.55651855,64.94271851,64.98500824,1153.327271,67.60901642,275.477356,80.99921417,0.999639435,0.0003606,0.001226091,0.00019766
2021-01-12,17:12:40,3.092000008,7.012799835,69.08242035,97.55845642,64.94348145,64.98527527,1153.319336,67.6095047,275.475647,80.99921417,0.999639435,0.0003606,0.001226091,0.00019766
2021-01-12,17:12:41,3.092300034,7.01289978,69.08242035,97.55965424,64.94371033,64.98590088,1153.302002,67.61031342,275.4729614,80.99921417,0.999639435,0.0003606,0.0,0.00019766
2021-01-12,17:12:42,3.092099953,7.012999725,69.08242035,97.56035614,64.94308472,64.98631287,1153.290161,67.61084747,275.4711609,80.99921417,0.999639435,0.0003606,0.0,0.00019766
2021-01-12,17:12:43,3.092200089,7.01309967,69.08242035,97.56167603,64.94564819,64.98670197,1153.278931,67.6105423,275.4722595,80.99921417,0.999639435,0.0003606,0.0,0.00019766
2021-01-12,17:12:44,3.092300034,7.01309967,69.08242035,97.56285095,64.94452667,64.9875412,1153.256104,67.61103821,275.4705811,80.41510773,0.999639435,0.0003606,0.0,0.00019766
2021-01-12,17:12:45,3.091900063,7.013200378,69.08242035,97.56428528,64.94377136,64.98806763,1153.241455,67.61148071,275.4688721,80.41510773,0.999639435,0.0003606,0.0,0.00019766
2021-01-12,17:12:46,3.092499924,7.013200378,69.08141327,97.56524658,64.9458847,64.98834229,1153.232788,67.61238098,275.4659119,80.41510773,0.999698868,0.00030112,0.0,0.00019766
2021-01-12,17:12:47,3.092300034,7.013200378,69.08245087,97.56698608,64.9455719,64.98878479,1153.221313,67.6124649,275.4656067,80.41510773,0.999698868,0.00030112,0.0,0.00019766
2021-01-12,17:12:48,3.09260006,7.013200378,69.08245087,97.56734467,64.94473267,64.98927307,1153.206787,67.61328125,275.4628906,80.41510773,0.999698868,0.00030112,0.0,0.00019766
2021-01-12,17:12:49,3.092499924,7.013200378,69.08245087,97.56931305,64.94580078,64.98989868,1153.190186,67.61328125,275.4631042,80.67588043,0.999698868,0.00030112,0.0,0.00019766
2021-01-12,17:12:50,3.092900085,7.013200378,69.08245087,97.57103729,64.94658661,64.9899826,1153.1875,67.61386108,275.460907,80.67588043,0.999698868,0.00030112,0.0,0.00019766
2021-01-12,17:12:51,3.092499924,7.013200378,69.08245087,97.57209778,64.94670105,64.99085236,1153.163208,67.61434937,275.4593506,80.67588043,0.999698868,0.00030112,0.0,0.00019766
2021-01-12,17:12:52,3.092700005,7.01309967,69.08245087,97.57252502,64.9463501,64.99118042,1153.154053,67.61480713,275.4577637,80.67588043,0.999698868,0.00030112,0.0,0.00019766
2021-01-12,17:12:53,3.093099976,7.013200378,69.08245087,97.57468414,64.94775391,64.99169922,1153.139404,67.61551666,275.4554443,80.67588043,0.999698868,0.00030112,0.0,0.00019766
2021-01-12,17:12:54,3.092499924,7.01309967,69.08245087,97.57611084,64.94718933,64.99214172,1153.126465,67.61533356,275.4549255,80.16561127,0.999698868,0.00030112,0.0,0.00019766
2021-01-12,17:12:55,3.09279995,7.012999725,69.08245087,97.57820129,64.94788361,64.99279785,1153.108887,67.61592102,275.4540405,80.16561127,0.999698868,0.00030112,0.0,0.00019766
2021-01-12,17:12:56,3.093000031,7.012999725,69.08245087,97.5790329,64.94844055,64.99318695,1153.098022,67.61685181,275.4508667,80.16561127,0.999698868,0.00030112,0.0,0.00019766
2021-01-12,17:12:57,3.092900085,7.012999725,69.08245087,97.58054352,64.94796753,64.99375916,1153.082275,67.61713409,275.4498291,80.16561127,0.999698868,0.00030112,0.0,0.00019766
2021-01-12,17:12:58,3.09279995,7.01289978,69.08245087,97.58244324,64.94833374,64.99407196,1153.073364,67.6174469,275.448822,80.16561127,0.999698868,0.00030112,0.0,0.00019766
2021-01-12,17:12:59,3.09260006,7.012999725,69.08245087,97.58335876,64.94882202,64.99461365,1153.057739,67.61794281,275.4471741,80.03957367,0.999698868,0.00030112,0.0,0.00019766
2021-01-12,17:13:00,3.093000031,7.01289978,69.08245087,97.58499146,64.94786835,64.9950943,1153.044678,67.61825562,275.446167,80.03957367,0.999698868,0.00030112,0.0,0.00019766
2021-01-12,17:13:01,3.09260006,7.012799835,69.08359528,97.58592224,64.94889832,64.99567413,1153.028564,67.61883545,275.4442444,80.03957367,0.999698868,0.00030112,0.0,0.00019766
2021-01-12,17:13:02,3.093000031,7.012799835,69.08257294,97.58693695,64.94833374,64.99620056,1153.014038,67.61919403,275.4429932,80.03957367,0.999786072,0.00021386,0.0,0.00019766
2021-01-12,17:13:03,3.092700005,7.01269989,69.08257294,97.58857727,64.94897461,64.99662781,1153.002197,67.61982727,275.4408875,80.03957367,0.999786072,0.00021386,0.0,0.00019766
2021-01-12,17:13:04,3.092900085,7.012599945,69.08257294,97.59011078,64.94920349,64.99710846,1152.988892,67.61991882,275.4405518,80.03957367,0.999786072,0.00021386,0.0,0.00019766
2021-01-12,17:13:05,3.092499924,7.0125,69.08257294,97.59151459,64.94861603,64.99723816,1152.984741,67.6203537,275.4389343,80.03957367,0.999786072,0.00021386,0.000645776,0.000197524
2021-01-12,17:13:06,3.092099953,7.012400055,69.08257294,97.59384155,64.9500885,64.99824524,1152.956665,67.62098694,275.4367981,80.03957367,0.999786072,0.00021386,0.000638873,0.000197581
2021-01-12,17:13:07,3.092399979,7.01230011,69.08257294,97.59436035,64.94911194,64.99833679,1152.954468,67.62165833,275.4345703,80.03957367,0.999802475,0.00019752,0.0,0.000197581
2021-01-12,17:13:08,3.092000008,7.01230011,69.08257294,97.59688568,64.94952393,64.99893951,1152.937744,67.62189484,275.4338379,80.03957367,0.999802475,0.00019752,0.0,0.000197581
2021-01-12,17:13:09,3.091900063,7.012200165,69.08257294,97.59794617,64.949646,64.99946594,1152.922729,67.62233734,275.4324341,79.88519287,0.999802475,0.00019752,0.0,0.000197581
2021-01-12,17:13:10,3.092300034,7.01210022,69.08257294,97.59760284,64.95033264,64.99976349,1152.914673,67.62274933,275.4311218,79.88519287,0.999802475,0.00019752,0.0,0.000197581
2021-01-12,17:13:11,3.092099953,7.012000275,69.08257294,97.60179138,64.95013428,65.00032806,1152.898804,67.62297058,275.4303284,79.88519287,0.999802475,0.00019752,0.0,0.000197581
2021-01-12,17:13:12,3.09260006,7.01190033,69.08257294,97.6021347,64.95030212,65.00093079,1152.881226,67.62368774,275.4278564,79.88519287,0.999802475,0.00019752,0.0,0.000197581
2021-01-12,17:13:13,3.093000031,7.011799622,69.08257294,97.60339355,64.95077515,65.00136566,1152.869263,67.623909,275.427124,79.88519287,0.999802475,0.00019752,0.0,0.000197581
2021-01-12,17:13:14,3.092700005,7.011699677,69.08257294,97.60520935,64.95153809,65.00150299,1152.865967,67.62458801,275.4247131,79.72612762,0.999802475,0.00019752,0.0,0.000197581
2021-01-12,17:13:15,3.092900085,7.011599731,69.08257294,97.60629272,64.95059204,65.00211334,1152.848999,67.62480164,275.4241638,79.72612762,0.999802475,0.00019752,0.0,0.000197581
2021-01-12,17:13:16,3.09279995,7.011499786,69.08257294,97.60655212,64.95024109,65.00272369,1152.831665,67.62552643,275.4216003,79.72612762,0.999802475,0.00019752,0.0,0.000197581
2021-01-12,17:13:17,3.093000031,7.011399841,69.08257294,97.60735321,64.95129395,65.00315094,1152.819336,67.62593079,275.4202881,79.72612762,0.999814835,0.00018513,0.000572745,0.000197706
2021-01-12,17:13:18,3.092700005,7.011299896,69.08257294,97.60863495,64.95155334,65.00344849,1152.811035,67.62651062,275.4183655,79.72612762,0.999825592,0.0001744,0.0,0.000197706
2021-01-12,17:13:19,3.093000031,7.011100006,69.08257294,97.60999298,64.95193481,65.00378418,1152.80188,67.62673187,275.417572,79.53259277,0.999825592,0.0001744,0.0,0.000197706
2021-01-12,17:13:20,3.092700005,7.011000061,69.08257294,97.61049652,64.9508667,65.00434875,1152.785645,67.6269989,275.4165955,79.53259277,0.999825592,0.0001744,0.0,0.000197706
2021-01-12,17:13:21,3.09260006,7.010900116,69.08257294,97.61106873,64.95191956,65.00460052,1152.779297,67.62767029,275.4143372,79.53259277,0.999825592,0.0001744,0.0,0.000197706
2021-01-12,17:13:22,3.093000031,7.010800171,69.08257294,97.61300659,64.9510498,65.00511169,1152.764526,67.62776184,275.414093,79.53259277,0.999825821,0.00017416,0.0,0.000197706
2021-01-12,17:13:23,3.092700005,7.010700226,69.08257294,97.61389923,64.95233154,65.0056839,1152.748657,67.62844086,275.4117432,79.53259277,0.999825821,0.00017416,0.0,0.000197706
2021-01-12,17:13:24,3.092900085,7.010600281,69.08257294,97.61431122,64.95077515,65.0059967,1152.739502,67.62865448,275.4111938,79.53259277,0.999825821,0.00017416,0.0,0.000197706
2021-01-12,17:13:25,3.092399979,7.010500336,69.08358002,97.6156311,64.95161438,65.00626373,1152.7323,67.62950897,275.4082336,79.53259277,0.999825821,0.00017416,0.0,0.000197706
2021-01-12,17:13:26,3.09279995,7.010299683,69.08358002,97.61719513,64.95282745,65.00662994,1152.721924,67.62960052,275.4078064,79.53259277,0.999843063,0.00015687,0.0,0.000197689
2021-01-12,17:13:27,3.092200089,7.010199738,69.08250427,97.61751556,64.95105743,65.00720215,1152.705933,67.63014221,275.4061584,79.53259277,0.999843063,0.00015687,0.0,0.000197689
2021-01-12,17:13:28,3.091799927,7.010099792,69.08250427,97.61985779,64.95196533,65.00747681,1152.698853,67.63036346,275.4053955,79.53259277,0.999843063,0.00015687,0.0,0.000197689
2021-01-12,17:13:29,3.091900063,7.009999847,69.08250427,97.62033081,64.95144653,65.00785828,1152.687744,67.63085175,275.4036865,79.53259277,0.999843063,0.00015687,0.0,0.000197689
2021-01-12,17:13:30,3.092099953,7.009899902,69.08250427,97.6213913,64.9517746,65.00858307,1152.667358,67.63102722,275.4031372,79.53259277,0.999843063,0.00015687,0.0,0.000197689
2021-01-12,17:13:31,3.091600037,7.009700012,69.08250427,97.62258148,64.95320129,65.00894928,1152.657837,67.63188934,275.400177,79.53259277,0.999843063,0.00015687,0.0,0.000197689
2021-01-12,17:13:32,3.091500092,7.009600067,69.08351135,97.62397766,64.95069885,65.0093689,1152.645874,67.63251495,275.3981934,79.53259277,0.999843063,0.00015687,0.000478519,0.000197678
2021-01-12,17:13:33,3.091799927,7.009500122,69.08351135,97.62514496,64.95187378,65.00964355,1152.637817,67.63233185,275.3986206,79.53259277,0.999843063,0.00015687,0.000478519,0.000197678
2021-01-12,17:13:34,3.092000008,7.009400177,69.08351135,97.62695313,64.9511795,65.01009369,1152.625488,67.63310242,275.3960876,79.53259277,0.999843063,0.00015687,0.000478519,0.000197678
2021-01-12,17:13:35,3.091699982,7.009200287,69.08351135,97.62854767,64.95195007,65.01055145,1152.612549,67.63327789,275.3954773,79.53259277,0.999843063,0.00015687,0.000478519,0.000197678
2021-01-12,17:13:36,3.091500092,7.009200287,69.08351135,97.62835693,64.95251465,65.01077271,1152.606812,67.63367462,275.3941956,79.53259277,0.999843063,0.00015687,0.000478519,0.000197678
2021-01-12,17:13:37,3.091799927,7.008999634,69.08351135,97.63007355,64.95184326,65.01109314,1152.596924,67.63408661,275.3927612,79.53259277,0.999843063,0.00015687,0.000478519,0.000197678
2021-01-12,17:13:38,3.091600037,7.008899689,69.08351135,97.63069153,64.9519043,65.01168823,1152.581543,67.6346283,275.3910522,79.53259277,0.999843063,0.00015687,0.000478519,0.000197678
2021-01-12,17:13:39,3.091799927,7.008799744,69.08247375,97.63170624,64.95262146,65.01190948,1152.574463,67.63498688,275.389679,79.53259277,0.999843063,0.00015687,0.000478519,0.000197678
2021-01-12,17:13:40,3.091399956,7.008699799,69.08247375,97.63225555,64.95365906,65.01226807,1152.564819,67.63539124,275.3883362,79.53259277,0.999843063,0.00015687,0.000478519,0.000197678
2021-01-12,17:13:41,3.091799927,7.008499908,69.08358002,97.63353729,64.95155334,65.01284027,1152.54895,67.63578796,275.3869629,79.53259277,0.999843063,0.00015687,0.000478519,0.000197678
2021-01-12,17:13:42,3.091600037,7.008399963,69.08358002,97.63301086,64.95201111,65.01311493,1152.541138,67.63619232,275.3856201,79.53259277,0.999843063,0.00015687,0.0,0.000197778
2021-01-12,17:13:43,3.091900063,7.008200073,69.08358002,97.63561249,64.95245361,65.01347351,1152.531006,67.6364212,275.3848267,79.53259277,0.999867935,0.00013208,0.000422443,0.000197614
2021-01-12,17:13:44,3.091399956,7.008300018,69.08358002,97.63585663,64.95178223,65.01406097,1152.514648,67.63696289,275.3830872,79.41300201,0.999864426,0.00013554,0.000422443,0.000197614
2021-01-12,17:13:45,3.091500092,7.008000183,69.08257294,97.63536072,64.9529953,65.01415253,1152.511841,67.63735199,275.3817444,79.41300201,0.999864426,0.00013554,0.000422443,0.000197614
2021-01-12,17:13:46,3.091399956,7.007900238,69.08257294,97.63664246,64.95387268,65.01454163,1152.501221,67.63780212,275.380188,79.41300201,0.999864426,0.00013554,0.000422443,0.000197614
2021-01-12,17:13:47,3.091699982,7.007800293,69.08257294,97.63687134,64.95237732,65.01519775,1152.48291,67.63793945,275.3797302,79.41300201,0.999864426,0.00013554,0.000422443,0.000197614
2021-01-12,17:13:48,3.091600037,7.007700348,69.08257294,97.63736725,64.95309448,65.01524353,1152.481445,67.63821411,275.3787842,79.41300201,0.999864426,0.00013554,0.000422443,0.000197614
2021-01-12,17:13:49,3.091300011,7.007700348,69.08361053,97.63871765,64.95327759,65.01583099,1152.465332,67.63861084,275.3775024,79.19081116,0.999864426,0.00013554,0.000422443,0.000197614
2021-01-12,17:13:50,3.09109993,7.007499695,69.08462524,97.63969421,64.95295715,65.01612091,1152.45752,67.63893127,275.3763733,79.19081116,0.999864426,0.00013554,0.000422443,0.000197614
2021-01-12,17:13:51,3.091399956,7.00759964,69.0835495,97.63865662,64.95210266,65.01644135,1152.44812,67.63906097,275.375946,79.19081116,0.999864426,0.00013554,0.000422443,0.000197614
2021-01-12,17:13:52,3.091200066,7.007299805,69.0835495,97.64028168,64.95149994,65.01667023,1152.441895,67.63987732,275.3732605,79.19081116,0.999864426,0.00013554,0.000335665,0.000197614
2021-01-12,17:13:53,3.09109993,7.007099915,69.0835495,97.64133453,64.9533844,65.01698303,1152.432739,67.6400528,275.3725586,79.19081116,0.999864426,0.00013554,0.0,0.000197596
2021-01-12,17:13:54,3.09090004,7.00719986,69.0835495,97.64159393,64.9520874,65.0173645,1152.421631,67.64063263,275.370636,79.19081116,0.999864426,0.00013554,0.0,0.000197596
2021-01-12,17:13:55,3.091300011,7.006900024,69.08251953,97.64302826,64.95314026,65.01808929,1152.4021,67.64076996,275.3703003,79.19081116,0.999902268,9.775e-05,0.0,0.000197611
2021-01-12,17:13:56,3.090999985,7.006800079,69.08359528,97.64353943,64.95115662,65.01781464,1152.409424,67.64112854,275.3690186,79.19081116,0.999907684,9.232e-05,0.000288613,0.000197611
2021-01-12,17:13:57,3.091699982,7.006700134,69.08359528,97.64231873,64.95271301,65.01813507,1152.400513,67.641716,275.3671265,79.19081116,0.999907684,9.232e-05,0.000288613,0.000197611
2021-01-12,17:13:58,3.091200066,7.006600189,69.08258057,97.64391327,64.95297241,65.01855469,1152.388672,67.64202881,275.3660278,79.19081116,0.999907684,9.232e-05,0.0,0.000197611
2021-01-12,17:13:59,3.09090004,7.006500244,69.08258057,97.64414215,64.95231628,65.01889801,1152.37915,67.64221191,275.365448,79.19081116,0.999907684,9.232e-05,0.0,0.000197611
2021-01-12,17:14:00,3.091500092,7.006300354,69.08365631,97.64479828,64.95281982,65.01914978,1152.371582,67.64260864,275.3641052,79.19081116,0.999907684,9.232e-05,0.0,0.000197611
2021-01-12,17:14:01,3.091600037,7.006199646,69.08365631,97.64609528,64.95233154,65.01978302,1152.35437,67.64251709,275.3643494,79.19081116,0.999903183,9.679e-05,0.0,0.000197611
2021-01-12,17:14:02,3.091399956,7.006099701,69.08365631,97.64562225,64.9535141,65.02005768,1152.346802,67.6431427,275.3622437,79.19081116,0.999903183,9.679e-05,0.0,0.000197611
2021-01-12,17:14:03,3.091699982,7.005899811,69.08365631,97.646698,64.95249176,65.0202179,1152.342163,67.64373016,275.3602905,79.19081116,0.999903183,9.679e-05,0.0,0.000197616
2021-01-12,17:14:04,3.091399956,7.005999756,69.08365631,97.64619446,64.95232391,65.02043915,1152.335938,67.64387512,275.3597107,79.19081116,0.999903183,9.679e-05,0.0,0.000197616
2021-01-12,17:14:05,3.091200066,7.005699921,69.08365631,97.64707184,64.9528656,65.02094269,1152.322388,67.64414215,275.3587646,79.19081116,0.999903183,9.679e-05,0.0,0.000197616
2021-01-12,17:14:06,3.09109993,7.005599976,69.08365631,97.6477356,64.95088196,65.02107239,1152.318481,67.64485168,275.3564758,79.19081116,0.999903183,9.679e-05,0.0,0.000197616
2021-01-12,17:14:07,3.090699959,7.005500031,69.08365631,97.64897919,64.95173645,65.02120972,1152.314331,67.64445496,275.3577881,79.19081116,0.999903183,9.679e-05,0.0,0.000197616
2021-01-12,17:14:08,3.090299988,7.005400085,69.08365631,97.65016937,64.95259094,65.0216217,1152.303101,67.64543915,275.3544617,79.19081116,0.999903183,9.679e-05,0.0,0.000197616
2021-01-12,17:14:09,3.090500069,7.00530014,69.08365631,97.65119171,64.95166016,65.0217514,1152.299316,67.6456604,275.3536987,79.35369873,0.999903183,9.679e-05,0.0,0.000197616
2021-01-12,17:14:10,3.090099907,7.005200195,69.08470154,97.65175629,64.9521637,65.02216339,1152.288086,67.64579773,275.353302,79.35369873,0.999903183,9.679e-05,0.0,0.000197616
2021-01-12,17:14:11,3.090500069,7.00510025,69.08470154,97.65215302,64.9516449,65.0221405,1152.286865,67.64615631,275.3519897,79.35369873,0.999903183,9.679e-05,0.0,0.000197616
2021-01-12,17:14:12,3.090399933,7.005000305,69.0836792,97.65370178,64.95115662,65.02268982,1152.273438,67.64628601,275.3515625,79.35369873,0.999903183,9.679e-05,0.0,0.000197616
2021-01-12,17:14:13,3.090800095,7.00490036,69.0836792,97.65351105,64.95306396,65.02295685,1152.265625,67.64646912,275.3508911,79.35369873,0.999903183,9.679e-05,0.0,0.000197616
2021-01-12,17:14:14,3.090999985,7.004799652,69.0836792,97.65493774,64.95329285,65.02334595,1152.255371,67.64728546,275.3483276,79.10175323,0.999903183,9.679e-05,0.0,0.000197616
2021-01-12,17:14:15,3.090699959,7.004699707,69.0836792,97.65608978,64.95213318,65.02346039,1152.251953,67.64749908,275.3475952,79.10175323,0.999903183,9.679e-05,0.0,0.000197616
2021-01-12,17:14:16,3.09109993,7.004599762,69.0836792,97.65652466,64.95220184,65.02375031,1152.24353,67.64759827,275.3472595,79.10175323,0.999903183,9.679e-05,0.0,0.000197616
2021-01-12,17:14:17,3.09090004,7.004399872,69.0836792,97.6576767,64.95283508,65.02381897,1152.241455,67.64777374,275.3466492,79.10175323,0.999903183,9.679e-05,0.0,0.000197616
2021-01-12,17:14:18,3.091200066,7.004499817,69.08472443,97.65864563,64.95223999,65.02423859,1152.22937,67.64808655,275.34552,79.10175323,0.999903183,9.679e-05,0.0,0.000197616
2021-01-12,17:14:19,3.090600014,7.004199982,69.08472443,97.66004181,64.9515152,65.02440643,1152.224854,67.64875031,275.3433228,79.27609253,0.999903183,9.679e-05,0.0,0.000197623
2021-01-12,17:14:20,3.090699959,7.004100037,69.08472443,97.6594162,64.95271301,65.02469635,1152.217285,67.64853668,275.3439636,79.27609253,0.999903183,9.679e-05,0.0,0.000197623
2021-01-12,17:14:21,3.090500069,7.004199982,69.08472443,97.66082001,64.95317078,65.025177,1152.203735,67.64929199,275.3415527,79.27609253,0.999903183,9.679e-05,0.0,0.000197623
2021-01-12,17:14:22,3.090600014,7.003900146,69.08472443,97.66194916,64.95214081,65.02527618,1152.20105,67.64920807,275.3413696,79.27609253,0.999903183,9.679e-05,0.0,0.000197623
2021-01-12,17:14:23,3.090399933,7.003800201,69.08472443,97.66259003,64.95282745,65.02540588,1152.197632,67.6494751,275.3407898,79.27609253,0.999903183,9.679e-05,0.0,0.000197623
2021-01-12,17:14:24,3.090299988,7.003700256,69.08472443,97.66413879,64.9517746,65.02565002,1152.190186,67.64965057,275.3403015,79.27609253,0.999903183,9.679e-05,0.0,0.000197623
2021-01-12,17:14:25,3.090699959,7.003600311,69.08472443,97.66458893,64.95283508,65.02581024,1152.185913,67.64983368,275.3396912,79.27609253,0.999903183,9.679e-05,0.0,0.000197623
2021-01-12,17:14:26,3.090299988,7.003500366,69.08472443,97.665802,64.95318604,65.02616882,1152.176147,67.65045929,275.3375854,79.27609253,0.999903183,9.679e-05,0.0,0.000197623
2021-01-12,17:14:27,3.090200043,7.003399658,69.08472443,97.66643524,64.95153809,65.02633667,1152.171875,67.65059662,275.3370361,79.27609253,0.999903183,9.679e-05,0.0,0.000197623
2021-01-12,17:14:28,3.090399933,7.003299713,69.08472443,97.66879272,64.9513092,65.02646637,1152.167969,67.65090942,275.335907,79.27609253,0.999903183,9.679e-05,0.0,0.000197623
2021-01-12,17:14:29,3.090500069,7.003199768,69.08472443,97.66921234,64.95220947,65.02701569,1152.1521,67.65122223,275.3348694,79.27609253,0.999903183,9.679e-05,0.0,0.000197623
2021-01-12,17:14:30,3.089900017,7.003099823,69.08472443,97.67064667,64.95265198,65.02693939,1152.154541,67.65100098,275.3357849,79.27609253,0.999903183,9.679e-05,0.0,0.000197623
2021-01-12,17:14:31,3.089699936,7.002899933,69.08472443,97.67201233,64.95320129,65.02742004,1152.140991,67.65154266,275.3337708,79.27609253,0.999903183,9.679e-05,0.0,0.000197623
2021-01-12,17:14:32,3.089800072,7.002799988,69.08472443,97.67363739,64.95179749,65.0273819,1152.142578,67.6521225,275.3319702,79.27609253,0.999903183,9.679e-05,2.68872e-05,0.000197558
2021-01-12,17:14:33,3.08939991,7.002700043,69.08472443,97.67453003,64.95152283,65.02759552,1152.135864,67.6521225,275.3320923,79.27609253,0.999903183,9.679e-05,2.68872e-05,0.000197558
2021-01-12,17:14:34,3.089100075,7.002600098,69.08472443,97.6756897,64.95117188,65.02789307,1152.128174,67.65265656,275.3302612,79.27609253,0.999990311,9.65e-06,2.68872e-05,0.000197807
2021-01-12,17:14:35,3.088800049,7.002600098,69.08472443,97.67690277,64.95198059,65.02813721,1152.121216,67.65239716,275.3310242,79.27609253,0.999993897,6.13e-06,0.0,0.000197638
2021-01-12,17:14:36,3.088999939,7.002400208,69.08472443,97.67908478,64.951828,65.02806091,1152.119263,67.65247345,275.3307495,79.27609253,0.999993897,6.13e-06,0.0,0.000197638
2021-01-12,17:14:37,3.088800049,7.002300262,69.08573151,97.67938995,64.95310974,65.02844238,1152.112915,67.65297699,275.3289795,79.27609253,0.999993897,6.13e-06,0.0,0.000197638
2021-01-12,17:14:38,3.088699913,7.002200317,69.0847168,97.68093109,64.95100403,65.02828217,1152.117432,67.65319824,275.3283081,79.27609253,0.999993897,6.13e-06,0.0,0.000197638
2021-01-12,17:14:39,3.088999939,7.002100372,69.08577728,97.6811142,64.95323181,65.02905273,1152.094971,67.65306854,275.3287659,79.13469696,0.999993897,6.13e-06,0.0,0.000197638
2021-01-12,17:14:40,3.088699913,7.001999664,69.08577728,97.68255615,64.9520874,65.02888489,1152.099976,67.65386963,275.3259583,79.13469696,0.999993897,6.13e-06,0.0,0.000197638
2021-01-12,17:14:41,3.088500023,7.001899719,69.08476257,97.68402863,64.95244598,65.02925873,1152.0896,67.65369415,275.3265686,79.13469696,1.0,0.0,4.63258e-05,0.000197707
2021-01-12,17:14:42,3.088800049,7.001899719,69.08476257,97.68460083,64.95279694,65.02947998,1152.083374,67.65391541,275.3258667,79.13469696,1.0,0.0,4.63258e-05,0.000197707
2021-01-12,17:14:43,3.088599968,7.001899719,69.08580017,97.68721008,64.95236206,65.02953339,1152.082031,67.65431213,275.3245239,79.13469696,1.0,0.0,3.81507e-05,0.000197707
2021-01-12,17:14:44,3.088699913,7.001699829,69.08580017,97.68665314,64.951828,65.0298233,1152.073853,67.65458679,275.3236084,79.13469696,1.0,0.0,1.75614e-05,0.000197707
2021-01-12,17:14:45,3.088500023,7.001599884,69.08580017,97.68746185,64.95146942,65.03009033,1152.066406,67.65471649,275.3231506,79.13469696,1.0,0.0,1.75614e-05,0.000197707
2021-01-12,17:14:46,3.088599968,7.001599884,69.08580017,97.68756866,64.95262146,65.03026581,1152.060913,67.6548996,275.3237915,79.13469696,1.0,0.0,1.75614e-05,0.000197707
2021-01-12,17:14:47,3.088400078,7.001399994,69.08580017,97.6889801,64.95222473,65.03044891,1152.05603,67.65525818,275.3213196,79.13469696,1.0,0.0,1.75614e-05,0.000197643
2021-01-12,17:14:48,3.088299942,7.001499939,69.08580017,97.69010925,64.95251465,65.03055573,1152.058594,67.65534973,275.3210144,79.13469696,1.0,0.0,6.05567e-05,0.000197729
2021-01-12,17:14:49,3.088400078,7.001300049,69.08580017,97.68930054,64.95148468,65.03050232,1152.053955,67.65516663,275.3216858,79.13469696,1.0,0.0,6.05567e-05,0.000197729
2021-01-12,17:14:50,3.088199997,7.001200104,69.08580017,97.69041443,64.95223999,65.0306778,1152.049561,67.65589142,275.3193359,79.13469696,1.0,0.0,6.05567e-05,0.000197729
2021-01-12,17:14:51,3.088899994,7.001100159,69.08580017,97.68927765,64.95281219,65.0309906,1152.041138,67.65597534,275.3189392,79.13469696,1.0,0.0,6.05567e-05,0.000197729
2021-01-12,17:14:52,3.088599968,7.001000214,69.08580017,97.69113159,64.95223999,65.03118134,1152.035889,67.65611267,275.3184509,79.13469696,1.0,0.0,6.05567e-05,0.000197729
2021-01-12,17:14:53,3.088299942,7.001100159,69.08580017,97.69255066,64.95304871,65.03124237,1152.033813,67.65628815,275.3178101,79.13469696,1.0,0.0,6.05567e-05,0.000197729
2021-01-12,17:14:54,3.088400078,7.000800323,69.08580017,97.69226074,64.9511261,65.03131104,1152.032104,67.65678406,275.3162537,79.0225296,1.0,0.0,6.05567e-05,0.000197729
2021-01-12,17:14:55,3.088199997,7.000800323,69.08580017,97.69322968,64.9536438,65.03157806,1152.02417,67.65638733,275.3175964,79.0225296,1.0,0.0,6.05567e-05,0.000197729
2021-01-12,17:14:56,3.088400078,7.000700378,69.08580017,97.69459534,64.95187378,65.03180695,1152.018311,67.65696716,275.3156433,79.0225296,1.0,0.0,6.05567e-05,0.000197729
2021-01-12,17:14:57,3.088699913,7.00059967,69.08681488,97.69436646,64.95133972,65.03192139,1152.014893,67.65709686,275.3152771,79.0225296,1.0,0.0,6.05567e-05,0.000197729
2021-01-12,17:14:58,3.088999939,7.000700378,69.08681488,97.69522095,64.95049286,65.03202057,1152.011719,67.65750122,275.3137817,79.0225296,1.0,0.0,6.05567e-05,0.000197729
2021-01-12,17:14:59,3.088100052,7.00059967,69.08681488,97.69507599,64.95175171,65.03232574,1152.003784,67.65737915,275.3143311,79.26089478,1.0,0.0,6.05567e-05,0.000197729
2021-01-12,17:15:00,3.087899971,7.000499725,69.08681488,97.69593048,64.95265198,65.03248596,1151.99939,67.6577301,275.3131104,79.26089478,1.0,0.0,6.05567e-05,0.000197603
2021-01-12,17:15:01,3.087999916,7.000499725,69.08681488,97.69648743,64.95133972,65.03257751,1151.996948,67.65799713,275.3121338,79.26089478,1.0,0.0,6.05567e-05,0.000197603
2021-01-12,17:15:02,3.087700081,7.00039978,69.08681488,97.69553375,64.95146942,65.03277588,1151.990845,67.65818024,275.311554,79.26089478,1.0,0.0,0.000193963,0.000197603
2021-01-12,17:15:03,3.087599945,7.000299835,69.08579254,97.69743347,64.95095825,65.03282166,1151.989746,67.65830994,275.3110962,79.26089478,1.0,0.0,0.000232538,0.000197746
2021-01-12,17:15:04,3.087800026,7.00019989,69.08680725,97.69702148,64.95187378,65.03314209,1151.981445,67.65840149,275.3107605,79.26089478,1.0,0.0,0.000232538,0.000197668
2021-01-12,17:15:05,3.087700081,7.000099945,69.08680725,97.69786072,64.95019531,65.03337097,1151.97522,67.65848541,275.3104248,79.26089478,1.0,0.0,0.000232538,0.000197668
2021-01-12,17:15:06,3.0875,7.0,69.08680725,97.69895935,64.95095825,65.03308105,1151.983276,67.65862274,275.3101196,79.26089478,1.0,0.0,0.000232538,0.000197668
2021-01-12,17:15:07,3.087700081,6.999900055,69.08680725,97.69870758,64.95154572,65.03337097,1151.974731,67.65911865,275.3084412,79.26089478,1.0,0.0,0.000232538,0.000197668
2021-01-12,17:15:08,3.087400055,6.999900055,69.08580017,97.69927216,64.95187378,65.03357697,1151.968994,67.65930176,275.3076477,79.26089478,1.0,0.0,0.000232538,0.000197668
2021-01-12,17:15:09,3.087299919,6.99980011,69.08580017,97.69963074,64.9511795,65.03373718,1151.964844,67.65907288,275.3085022,79.26089478,1.0,0.0,0.000232538,0.000197668
2021-01-12,17:15:10,3.087999916,6.999700165,69.08683777,97.70028687,64.95143127,65.03366852,1151.966797,67.65925598,275.3078308,79.26089478,1.0,0.0,0.000232538,0.000197668
2021-01-12,17:15:11,3.088199997,6.99960022,69.08683777,97.7009201,64.94996643,65.03412628,1151.953613,67.65938568,275.3074951,79.26089478,1.0,0.0,0.000232538,0.000197668
2021-01-12,17:15:12,3.087899971,6.99960022,69.08683777,97.70067596,64.95152283,65.03395844,1151.958496,67.65960693,275.3066101,79.26089478,1.0,0.0,0.000232538,0.000197668
2021-01-12,17:15:13,3.087800026,6.999500275,69.08683777,97.70288849,64.9523468,65.03424835,1151.950195,67.65979004,275.3060303,79.26089478,1.0,0.0,0.000232538,0.000197668
2021-01-12,17:15:14,3.087999916,6.99940033,69.08683777,97.70243073,64.95111084,65.03443909,1151.945679,67.65974426,275.3062439,79.15008545,1.0,0.0,0.000232538,0.000197668
2021-01-12,17:15:15,3.087899971,6.99940033,69.08683777,97.70199585,64.95195007,65.03424835,1151.950439,67.66001129,275.3052979,79.15008545,1.0,0.0,0.000232538,0.000197668
2021-01-12,17:15:16,3.087599945,7.002999878,69.08683777,97.70326996,64.9515686,65.03456116,1151.941895,67.6601944,275.3046875,79.15008545,1.0,0.0,0.000232538,0.000197668
2021-01-12,17:15:17,3.087700081,7.007099915,69.08683777,97.70281982,64.9510498,65.03488922,1151.932495,67.66005707,275.3052368,79.15008545,1.0,0.0,0.000232538,0.000197668
2021-01-12,17:15:18,3.087899971,7.00719986,69.08683777,97.70414734,64.95146942,65.03498077,1151.930298,67.66027832,275.3043518,79.15008545,1.0,0.0,0.000232538,0.000197668
2021-01-12,17:15:19,3.087700081,7.006700134,69.08683777,97.70529175,64.9500885,65.03482056,1151.93457,67.66042328,275.3038635,79.15008545,1.0,0.0,0.000232538,0.000197668
2021-01-12,17:15:20,3.087800026,7.006500244,69.08683777,97.70624542,64.95132446,65.03502655,1151.928345,67.66077423,275.3027039,79.15008545,1.0,0.0,0.000232538,0.000197725
2021-01-12,17:15:21,3.087999916,7.006199646,69.08581543,97.70569611,64.95186615,65.03529358,1151.921387,67.66068268,275.3031006,79.15008545,1.0,0.0,0.000232538,0.000197725
2021-01-12,17:15:22,3.0875,7.005999756,69.087883,97.70728302,64.95213318,65.03561401,1151.912476,67.66127014,275.301178,79.15008545,1.0,0.0,0.000232538,0.000197725
2021-01-12,17:15:23,3.087700081,7.005699921,69.08686829,97.70869446,64.95133972,65.03547668,1151.916504,67.66149902,275.300354,79.15008545,1.0,0.0,0.000232538,0.000197725
2021-01-12,17:15:24,3.087299919,7.005500031,69.08686829,97.70826721,64.95162964,65.03561401,1151.912354,67.66113281,275.3016052,79.15008545,1.0,0.0,0.000232538,0.000197725
2021-01-12,17:15:25,3.0875,7.00739975,69.08789063,97.70902252,64.95103455,65.03577423,1151.908447,67.66158295,275.3000793,79.15008545,1.0,0.0,0.000232538,0.000197725
2021-01-12,17:15:26,3.087299919,7.006900024,69.08789063,97.7097168,64.95140076,65.03601837,1151.901245,67.66172028,275.2995911,79.15008545,1.0,0.0,0.000232538,0.000197725
2021-01-12,17:15:27,3.087800026,7.006600189,69.08789063,97.71146393,64.95091248,65.03610992,1151.898315,67.66203308,275.2985229,79.15008545,1.0,0.0,0.000232538,0.000197725
2021-01-12,17:15:28,3.087999916,7.00759964,69.08789063,97.71224976,64.95162964,65.0361557,1151.896973,67.66172028,275.2995911,79.15008545,1.0,0.0,0.000232538,0.000197696
2021-01-12,17:15:29,3.087599945,7.007800293,69.08789063,97.71341705,64.95121002,65.03631592,1151.892944,67.66207886,275.2983704,79.15008545,1.0,0.0,0.000232538,0.000197696
2021-01-12,17:15:30,3.087899971,7.007700348,69.08789063,97.71431732,64.95014954,65.0366745,1151.882813,67.66217041,275.2980042,79.15008545,1.0,0.0,0.000232538,0.000197696
2021-01-12,17:15:31,3.087700081,7.00739975,69.08685303,97.71536255,64.95237732,65.03643036,1151.889404,67.66217041,275.2981873,79.15008545,1.0,0.0,0.000232538,0.000197696
2021-01-12,17:15:32,3.087899971,7.00719986,69.08685303,97.71562958,64.95178223,65.03690338,1151.876465,67.66207886,275.2984009,79.15008545,1.0,0.0,0.000232538,0.000197686
2021-01-12,17:15:33,3.088199997,7.006999969,69.08685303,97.71748352,64.95127106,65.0370636,1151.871704,67.6628418,275.2957458,79.15008545,1.0,0.0,0.000232538,0.000197686
2021-01-12,17:15:34,3.0875,7.006700134,69.08685303,97.71705627,64.95214081,65.03688049,1151.876953,67.66310883,275.2947998,79.15008545,1.0,0.0,0.000493234,0.000197686
2021-01-12,17:15:35,3.087700081,7.006500244,69.0879364,97.71871948,64.95167542,65.03749847,1151.859863,67.66329193,275.2943115,79.15008545,1.0,0.0,0.000493234,0.000197686
2021-01-12,17:15:36,3.087800026,7.006300354,69.0879364,97.71922302,64.95172882,65.03741455,1151.862183,67.66346741,275.2936401,79.15008545,1.0,0.0,0.000493234,0.000197686
2021-01-12,17:15:37,3.087999916,7.006099701,69.0879364,97.72009277,64.95211792,65.0376358,1151.856201,67.66338348,275.2940674,79.15008545,1.0,0.0,0.000493234,0.000197686
2021-01-12,17:15:38,3.0875,7.005899811,69.0879364,97.72096252,64.95148468,65.03778076,1151.851318,67.66365051,275.2931213,79.15008545,1.0,0.0,0.000493234,0.000197686
2021-01-12,17:15:39,3.087700081,7.005699921,69.0879364,97.72325134,64.95072937,65.03794098,1151.84729,67.66387939,275.2923584,75.70052338,1.0,0.0,0.000493234,0.000197686
2021-01-12,17:15:40,3.087899971,7.005500031,69.0879364,97.72415924,64.95205688,65.03804016,1151.84436,67.66360474,275.2932129,75.70052338,1.0,0.0,0.000493234,0.000197686
2021-01-12,17:15:41,3.0875,7.005200195,69.0879364,97.72399902,64.95237732,65.03820038,1151.839966,67.66405487,275.291626,75.70052338,1.0,0.0,0.000449028,0.000197686
2021-01-12,17:15:42,3.087599945,7.00510025,69.0879364,97.72557831,64.95148468,65.03816986,1151.841187,67.6641922,275.2913818,75.70052338,1.0,0.0,0.000455265,0.000197686
2021-01-12,17:15:43,3.087700081,7.00490036,69.0879364,97.72608185,64.9516449,65.03860474,1151.828735,67.66436768,275.2906799,75.70052338,1.0,0.0,0.000455265,0.000197686
2021-01-12,17:15:44,3.0875,7.004699707,69.0879364,97.7273407,64.95108032,65.03852844,1151.830933,67.66487122,275.289032,75.58165741,1.0,0.0,0.000455265,0.000197656
2021-01-12,17:15:45,3.087299919,7.004499817,69.0879364,97.72904968,64.95040894,65.03838348,1151.835083,67.66503906,275.2885132,75.58165741,1.0,0.0,0.000455265,0.000197656
2021-01-12,17:15:46,3.087599945,7.004399872,69.0879364,97.72940063,64.95021057,65.03883362,1151.822754,67.66481781,275.2892456,75.58165741,1.0,0.0,0.000463016,0.000197656
2021-01-12,17:15:47,3.087199974,7.004199982,69.0879364,97.72982788,64.94978333,65.03873444,1151.825317,67.66487122,275.2889709,75.58165741,1.0,0.0,0.000463016,0.000197656
2021-01-12,17:15:48,3.0875,7.004000092,69.0879364,97.73075104,64.94766998,65.03889465,1151.821167,67.6653595,275.2874756,75.58165741,1.0,0.0,0.000463016,0.000197656
2021-01-12,17:15:49,3.087700081,7.003900146,69.0879364,97.73203278,64.9473114,65.03894806,1151.819214,67.66545105,275.2872314,74.30636597,1.0,0.0,0.000463016,0.000197656
2021-01-12,17:15:50,3.087199974,7.003800201,69.08898926,97.7325592,64.94618225,65.03905487,1151.81665,67.6656189,275.2865906,74.30636597,1.0,0.0,0.000463016,0.000197656
2021-01-12,17:15:51,3.087400055,7.003600311,69.08898926,97.73433685,64.94723511,65.03891754,1151.820435,67.66576385,275.2861938,74.30636597,1.0,0.0,0.000463016,0.000197656
2021-01-12,17:15:52,3.087100029,7.003399658,69.08898926,97.73492432,64.94564819,65.0391922,1151.812744,67.66576385,275.2860107,74.30636597,1.0,0.0,0.000463016,0.000197656
2021-01-12,17:15:53,3.087199974,7.003199768,69.08898926,97.73409271,64.94473267,65.03905487,1151.816406,67.6656723,275.286377,74.30636597,1.0,0.0,0.000463016,0.000197656
2021-01-12,17:15:54,3.087000084,7.003099823,69.08898926,97.73668671,64.94562531,65.03951263,1151.803345,67.66585541,275.2857361,74.53344727,1.0,0.0,0.000463016,0.000197656
2021-01-12,17:15:55,3.0875,7.002999878,69.08898926,97.73735046,64.94486237,65.0395813,1151.805054,67.66625214,275.2843933,74.53344727,1.0,0.0,0.000463016,0.000197656
2021-01-12,17:15:56,3.087199974,7.002799988,69.08898926,97.7381134,64.94368744,65.03939819,1151.802856,67.66612244,275.28479,74.53344727,1.0,0.0,0.000463016,0.000197656
2021-01-12,17:15:57,3.087000084,7.002600098,69.08898926,97.73835754,64.94043732,65.0395813,1151.801514,67.66598511,275.2853699,74.53344727,1.0,0.0,0.000463016,0.000197656
2021-01-12,17:15:58,3.087199974,7.002500153,69.09002686,97.74034882,64.9415741,65.03955078,1151.80249,67.66635132,275.2841187,74.53344727,1.0,0.0,0.000463016,0.000197656
2021-01-12,17:15:59,3.087000084,7.002300262,69.08896637,97.7416687,64.93972778,65.0398407,1151.794067,67.66674805,275.2827148,75.05345917,1.0,0.0,0.000463016,0.000197656
2021-01-12,17:16:00,3.086800003,7.002200317,69.08896637,97.74211884,64.93934631,65.04000854,1151.789917,67.66607666,275.2849121,75.05345917,1.0,0.0,0.000463016,0.000197656
2021-01-12,17:16:01,3.086599922,7.002100372,69.08896637,97.74265289,64.93914032,65.0398407,1151.793701,67.66603088,275.2851257,75.05345917,1.0,0.0,0.000463016,0.000197656
2021-01-12,17:16:02,3.086199951,7.001999664,69.0879364,97.74388123,64.93772888,65.03993988,1151.791748,67.66647339,275.2836304,75.05345917,1.0,0.0,0.000413844,0.000197719
2021-01-12,17:16:03,3.085899925,7.001799774,69.08895874,97.74359131,64.93693542,65.03973389,1151.797241,67.6668396,275.2824707,75.05345917,1.0,0.0,0.000427954,0.000197719
2021-01-12,17:16:04,3.086199951,7.001599884,69.08895874,97.74593353,64.9361496,65.03998566,1151.790161,67.66652679,275.2834778,75.67427826,1.0,0.0,0.000427954,0.000197719
2021-01-12,17:16:05,3.085700035,7.001499939,69.08895874,97.74536896,64.93626404,65.03991699,1151.792114,67.6668396,275.2822876,75.67427826,1.0,0.0,0.000439702,0.00019761
2021-01-12,17:16:06,3.08579998,7.001300049,69.08895874,97.7465744,64.93516541,65.04007721,1151.788086,67.66674805,275.2828369,75.67427826,1.0,0.0,0.000439702,0.00019761
2021-01-12,17:16:07,3.08560009,7.001100159,69.08895874,97.7469101,64.93392944,65.04019165,1151.784546,67.66724396,275.2811279,75.67427826,1.0,0.0,0.000439702,0.00019761
2021-01-12,17:16:08,3.08579998,7.001000214,69.08895874,97.74827576,64.93289185,65.04026031,1151.783203,67.66697693,275.2819519,75.67427826,1.0,0.0,0.000439702,0.000197833
2021-01-12,17:16:09,3.085499954,7.000900269,69.08895874,97.74865723,64.93270111,65.04034424,1151.780029,67.66656494,275.2833862,76.2359314,1.0,0.0,0.000439702,0.000197833
2021-01-12,17:16:10,3.085899925,7.000700378,69.08895874,97.7492981,64.93226624,65.04036713,1151.779419,67.66692352,275.2821655,76.2359314,1.0,0.0,0.000439702,0.000197833
2021-01-12,17:16:11,3.08560009,7.000700378,69.08996582,97.74913025,64.93138123,65.04051208,1151.775879,67.66679382,275.2825317,76.2359314,1.0,0.0,0.000439702,0.000197833
2021-01-12,17:16:12,3.085499954,7.000499725,69.08996582,97.75017548,64.93077087,65.04034424,1151.780029,67.66692352,275.2822266,76.2359314,1.0,0.0,0.000439702,0.000197833
2021-01-12,17:16:13,3.085700035,7.000299835,69.08996582,97.75138092,64.93117523,65.04055023,1151.77478,67.66733551,275.2807617,76.2359314,1.0,0.0,0.000439702,0.000197833
2021-01-12,17:16:14,3.085499954,7.00019989,69.08996582,97.75049591,64.93013,65.04020691,1151.78418,67.66697693,275.2819824,76.55709839,1.0,0.0,0.000439702,0.000197833
2021-01-12,17:16:15,3.085899925,7.000099945,69.08996582,97.75097656,64.92875671,65.04044342,1151.777466,67.66724396,275.281189,76.55709839,1.0,0.0,0.000439702,0.000197833
2021-01-12,17:16:16,3.08560009,6.999900055,69.08996582,97.75163269,64.92921448,65.04055023,1151.774902,67.6672821,275.2808533,76.55709839,1.0,0.0,0.000439702,0.000197833
2021-01-12,17:16:17,3.08579998,6.99980011,69.08996582,97.75102234,64.92959595,65.04045868,1151.776733,67.66719818,275.28125,76.55709839,1.0,0.0,0.000439702,0.000197833
2021-01-12,17:16:18,3.085400009,6.999700165,69.08996582,97.75153351,64.92851257,65.04058838,1151.772827,67.66733551,275.2807922,76.55709839,1.0,0.0,0.000439702,0.000197833
2021-01-12,17:16:19,3.08579998,6.999500275,69.08996582,97.75226593,64.92906189,65.04053497,1151.775146,67.6671524,275.2814331,76.75256348,1.0,0.0,0.000439702,0.000197833
2021-01-12,17:16:20,3.08579998,6.99940033,69.08996582,97.75286865,64.92675018,65.04064178,1151.772095,67.66692352,275.282074,76.75256348,1.0,0.0,0.000439702,0.000197833
2021-01-12,17:16:21,3.08560009,6.999299622,69.08996582,97.75143433,64.92741394,65.04058838,1151.774048,67.66755676,275.2799377,76.75256348,1.0,0.0,0.000439702,0.000197833
2021-01-12,17:16:22,3.085899925,6.999099731,69.08996582,97.75219727,64.92611694,65.04066467,1151.771118,67.66733551,275.2807617,76.75256348,1.0,0.0,0.000439702,0.000197833
2021-01-12,17:16:23,3.086199951,6.998999786,69.08996582,97.75261688,64.92660522,65.04056549,1151.774414,67.66751099,275.2802734,76.75256348,1.0,0.0,0.000439702,0.000197833
2021-01-12,17:16:24,3.086400032,6.998899841,69.08996582,97.75225067,64.92596436,65.04069519,1151.770996,67.6672821,275.2808533,77.06987762,1.0,0.0,0.000439702,0.000197833
2021-01-12,17:16:25,3.086199951,7.0,69.09103394,97.75180054,64.92483521,65.04056549,1151.773682,67.66724396,275.2810974,77.06987762,1.0,0.0,0.000439702,0.000197833
2021-01-12,17:16:26,3.086400032,7.001599884,69.08994293,97.75331116,64.92544556,65.04073334,1151.769287,67.66724396,275.2812195,77.06987762,1.0,0.0,0.000439702,0.000197833
2021-01-12,17:16:27,3.086000061,7.001100159,69.08994293,97.75244141,64.92575836,65.04051208,1151.775635,67.66733551,275.2807007,77.06987762,1.0,0.0,0.000439702,0.000197833
2021-01-12,17:16:28,3.08579998,7.002300262,69.08994293,97.75234985,64.92472839,65.04071808,1151.769531,67.66710663,275.2815857,77.06987762,1.0,0.0,0.000439702,0.000197833
2021-01-12,17:16:29,3.086100006,7.003299713,69.08994293,97.7525177,64.92364502,65.04061127,1151.772705,67.66751099,275.2802429,77.26008606,1.0,0.0,0.000521332,0.000197833
2021-01-12,17:16:30,3.085499954,7.004000092,69.08994293,97.75293732,64.92295837,65.0404129,1151.778076,67.66710663,275.2814941,77.26008606,1.0,0.0,0.000521332,0.000197833
2021-01-12,17:16:31,3.08560009,7.004399872,69.08994293,97.75353241,64.9232254,65.04069519,1151.770996,67.6672821,275.2809143,77.26008606,1.0,0.0,0.000521332,0.000197833
2021-01-12,17:16:32,3.085199928,7.004699707,69.09101105,97.75365448,64.92294312,65.04055023,1151.77478,67.66719818,275.2812805,77.26008606,1.0,0.0,0.000521332,0.000197833
2021-01-12,17:16:33,3.08560009,7.00490036,69.08999634,97.75404358,64.92279053,65.04071808,1151.770386,67.66742706,275.2804565,77.26008606,1.0,0.0,0.000521332,0.000197833
2021-01-12,17:16:34,3.085499954,7.00510025,69.08999634,97.75440979,64.92207336,65.04053497,1151.775146,67.66692352,275.2821045,77.57472229,1.0,0.0,0.000521332,0.000197833
2021-01-12,17:16:35,3.085700035,7.00530014,69.09103394,97.75429535,64.92054749,65.04045868,1151.772827,67.66755676,275.2799072,77.57472229,1.0,0.0,0.000521332,0.000197624
2021-01-12,17:16:36,3.085499954,7.005500031,69.09103394,97.75534058,64.92185974,65.04071808,1151.770142,67.6671524,275.2814636,77.57472229,1.0,0.0,0.000521332,0.000197624
2021-01-12,17:16:37,3.085700035,7.005699921,69.09001923,97.75496674,64.92134094,65.04051208,1151.775635,67.66755676,275.2799683,77.57472229,1.0,0.0,0.000521332,0.000197624
2021-01-12,17:16:38,3.085899925,7.005899811,69.09001923,97.75487518,64.92234802,65.04044342,1151.777222,67.66692352,275.2822266,77.57472229,1.0,0.0,0.000501348,0.000197624
2021-01-12,17:16:39,3.086199951,7.005999756,69.09107971,97.75566864,64.9209671,65.04056549,1151.774292,67.66755676,275.2799988,77.75313568,1.0,0.0,0.000501348,0.000197624
2021-01-12,17:16:40,3.085700035,7.006099701,69.090065,97.75624847,64.92121887,65.04069519,1151.770996,67.66688538,275.2823181,77.75313568,1.0,0.0,0.000501348,0.000197624
2021-01-12,17:16:41,3.086000061,7.006199646,69.09107971,97.75704956,64.92027283,65.04053497,1151.775024,67.66674805,275.2826538,77.75313568,1.0,0.0,0.000501348,0.000197624
2021-01-12,17:16:42,3.085899925,7.006300354,69.09107971,97.75684357,64.91983032,65.04051208,1151.775879,67.66724396,275.2810669,77.75313568,1.0,0.0,0.000501348,0.000197624
2021-01-12,17:16:43,3.086100006,7.006400299,69.09107971,97.75675201,64.92182922,65.04066467,1151.77124,67.66702271,275.2817993,77.75313568,1.0,0.0,0.000501348,0.000197624
2021-01-12,17:16:44,3.086400032,7.006400299,69.09107971,97.75699615,64.9196167,65.04044342,1151.777222,67.66738129,275.2806396,77.75313568,1.0,0.0,0.000501348,0.000197624
2021-01-12,17:16:45,3.085700035,7.006500244,69.09107971,97.75680542,64.92008972,65.04034424,1151.779907,67.66742706,275.280426,77.75313568,1.0,0.0,0.000501348,0.000197624
2021-01-12,17:16:46,3.086100006,7.006600189,69.09107971,97.75814056,64.91981506,65.04044342,1151.776733,67.66755676,275.2799072,77.75313568,1.0,0.0,0.000501348,0.000197624
2021-01-12,17:16:47,3.08579998,7.006700134,69.09107971,97.75694275,64.92073822,65.04061127,1151.772705,67.66719818,275.2812805,77.75313568,1.0,0.0,0.000504195,0.0001977
2021-01-12,17:16:48,3.086100006,7.006700134,69.09107971,97.75735474,64.91850281,65.0404129,1151.778198,67.66738129,275.2806702,77.75313568,1.0,0.0,0.000504195,0.0001977
2021-01-12,17:16:49,3.085899925,7.006700134,69.09107971,97.75705719,64.91970825,65.04034424,1151.780029,67.66733551,275.2808533,78.21329498,1.0,0.0,0.000504195,0.0001977
2021-01-12,17:16:50,3.086100006,7.006800079,69.09107971,97.75746155,64.91927338,65.04044342,1151.777466,67.66702271,275.2818604,78.21329498,1.0,0.0,0.000504195,0.0001977
2021-01-12,17:16:51,3.086000061,7.006700134,69.09107971,97.75811768,64.91893005,65.04017639,1151.7854,67.66746521,275.280304,78.21329498,1.0,0.0,0.000504195,0.0001977
2021-01-12,17:16:52,3.086400032,7.006800079,69.09107971,97.75846863,64.91976929,65.04003143,1151.789063,67.6672821,275.2808533,78.21329498,1.0,0.0,0.000504195,0.0001977
2021-01-12,17:16:53,3.086100006,7.006900024,69.09107971,97.75803375,64.91851044,65.04032135,1151.780762,67.66742706,275.280426,78.21329498,1.0,0.0,0.000504195,0.0001977
2021-01-12,17:16:54,3.086199951,7.006800079,69.09107971,97.75870514,64.91930389,65.04012299,1151.786255,67.66724396,275.2810059,78.21329498,1.0,0.0,0.000504195,0.00019759
2021-01-12,17:16:55,3.086400032,7.006700134,69.09107971,97.7583313,64.91973877,65.04005432,1151.788452,67.66742706,275.280426,78.21329498,1.0,0.0,0.000499108,0.00019759
2021-01-12,17:16:56,3.086199951,7.006800079,69.09107971,97.75907898,64.91873169,65.03993988,1151.791382,67.6671524,275.2814636,78.21329498,1.0,0.0,0.000499108,0.000197651
2021-01-12,17:16:57,3.086400032,7.006700134,69.09107971,97.75925446,64.91809082,65.04003143,1151.78894,67.6672821,275.2809143,78.21329498,1.0,0.0,0.000499108,0.000197651
2021-01-12,17:16:58,3.086300087,7.006700134,69.09107971,97.75832367,64.91886902,65.04020691,1151.783813,67.66692352,275.2822266,78.21329498,1.0,0.0,0.000499108,0.000197596
2021-01-12,17:16:59,3.086499977,7.006600189,69.09107971,97.75808716,64.91816711,65.03996277,1151.79126,67.6668396,275.2824402,78.34184265,1.0,0.0,0.000499108,0.000197596
2021-01-12,17:17:00,3.086400032,7.006600189,69.09107971,97.75970459,64.91799927,65.0398407,1151.793701,67.66733551,275.2808228,78.34184265,1.0,0.0,0.000499108,0.000197596
2021-01-12,17:17:01,3.086100006,7.006500244,69.09107971,97.75872803,64.91851807,65.039711,1151.797485,67.66697693,275.2819214,78.34184265,1.0,0.0,0.000499108,0.000197596
2021-01-12,17:17:02,3.086499977,7.006500244,69.09107971,97.75811768,64.91793823,65.03952789,1151.80249,67.6667099,275.2828369,78.34184265,1.0,0.0,0.00050807,0.000197596
2021-01-12,17:17:03,3.086300087,7.006400299,69.09107971,97.75968933,64.91874695,65.03968811,1151.798462,67.66661072,275.2831116,78.34184265,1.0,0.0,0.00050807,0.000197596
2021-01-12,17:17:04,3.086400032,7.006300354,69.09107971,97.75808716,64.91676331,65.03935242,1151.80835,67.66679382,275.2825317,78.6342926,1.0,0.0,0.00050807,0.000197589
2021-01-12,17:17:05,3.086599922,7.006400299,69.09107971,97.75863647,64.91833496,65.03921509,1151.812012,67.66688538,275.2823486,78.6342926,1.0,0.0,0.00050807,0.000197589
2021-01-12,17:17:06,3.086700058,7.006300354,69.09107971,97.75826263,64.91737366,65.0391922,1151.812378,67.66679382,275.2825317,78.6342926,1.0,0.0,0.00050807,0.000197589
2021-01-12,17:17:07,3.086499977,7.006199646,69.09107971,97.75934601,64.91864014,65.03899384,1151.817993,67.66625214,275.2843933,78.6342926,1.0,0.0,0.00050807,0.000197589
2021-01-12,17:17:08,3.086800003,7.006099701,69.09107971,97.75928497,64.91741943,65.03905487,1151.816772,67.66643524,275.283783,78.6342926,1.0,0.0,0.00050807,0.000197589
2021-01-12,17:17:09,3.086499977,7.005999756,69.09107971,97.75889587,64.91690063,65.03891754,1151.820435,67.66661072,275.2831421,78.6342926,1.0,0.0,0.000495596,0.000197589
2021-01-12,17:17:10,3.086599922,7.005799866,69.09107971,97.7592392,64.91720581,65.03901672,1151.817627,67.66635132,275.2841797,78.6342926,1.0,0.0,0.000495596,0.000197589
2021-01-12,17:17:11,3.087000084,7.005699921,69.09107971,97.7594986,64.91671753,65.03891754,1151.820313,67.66639709,275.283844,78.6342926,1.0,0.0,0.000495596,0.000197589
2021-01-12,17:17:12,3.087199974,7.005500031,69.09107971,97.75906372,64.9181366,65.03860474,1151.828979,67.66598511,275.2853394,78.6342926,1.0,0.0,0.000495596,0.000197589
2021-01-12,17:17:13,3.086599922,7.005400085,69.09210205,97.75945282,64.917099,65.03855896,1151.827515,67.66576385,275.2861938,78.6342926,1.0,0.0,0.000495596,0.000197589
2021-01-12,17:17:14,3.086700058,7.00530014,69.09210205,97.75971222,64.91803741,65.0386734,1151.830444,67.66635132,275.2842102,78.52017975,1.0,0.0,0.0005309,0.000197589
2021-01-12,17:17:15,3.086499977,7.005200195,69.09210205,97.76013184,64.91850281,65.038414,1151.834106,67.665802,275.2859497,78.52017975,1.0,0.0,0.0005309,0.000197589
2021-01-12,17:17:16,3.086599922,7.00510025,69.09210205,97.75990295,64.9180603,65.03826904,1151.838379,67.66576385,275.2861328,78.52017975,1.0,0.0,0.0005309,0.000197589
2021-01-12,17:17:17,3.086700058,7.005000305,69.09210205,97.76006317,64.91624451,65.03804016,1151.844482,67.66545105,275.2872314,78.52017975,1.0,0.0,0.0005309,0.000197589
2021-01-12,17:17:18,3.086499977,7.004799652,69.09210205,97.75975037,64.91685486,65.03812408,1151.842041,67.6656189,275.286499,78.52017975,1.0,0.0,0.0005309,0.000197589
2021-01-12,17:17:19,3.086700058,7.004799652,69.09210205,97.75994873,64.91750336,65.0376358,1151.855957,67.66545105,275.2870178,78.52017975,1.0,0.0,0.0005309,0.000197589
2021-01-12,17:17:20,3.086499977,7.004699707,69.09210205,97.76015472,64.91667175,65.03749847,1151.859863,67.66494751,275.2888184,78.52017975,1.0,0.0,0.000513823,0.000197593
2021-01-12,17:17:21,3.086800003,7.004599762,69.09210205,97.76138306,64.91795349,65.0376358,1151.856079,67.66509247,275.2883606,78.52017975,1.0,0.0,0.000514732,0.000197593
2021-01-12,17:17:22,3.086499977,7.004499817,69.09210205,97.76106262,64.91672516,65.03741455,1151.861938,67.66500092,275.2886047,78.52017975,1.0,0.0,0.000514732,0.000197593
2021-01-12,17:17:23,3.086700058,7.004399872,69.09210205,97.76098633,64.91703796,65.03726959,1151.865845,67.66509247,275.2880554,78.52017975,1.0,0.0,0.000514732,0.000197593
2021-01-12,17:17:24,3.086199951,7.004299927,69.09210205,97.76120758,64.91731262,65.0371933,1151.86792,67.66487122,275.2890015,78.70611572,1.0,0.0,0.000514732,0.000197593
2021-01-12,17:17:25,3.086700058,7.004199982,69.09210205,97.76238251,64.91785431,65.03703308,1151.872437,67.66468811,275.2897644,78.70611572,1.0,0.0,0.000514732,0.000197593
2021-01-12,17:17:26,3.086400032,7.004100037,69.09210205,97.7612915,64.9165802,65.03688049,1151.876709,67.6646347,275.289856,78.70611572,1.0,0.0,0.000514732,0.000197593
2021-01-12,17:17:27,3.086700058,7.004000092,69.09210205,97.76197815,64.91529846,65.03690338,1151.877441,67.6643219,275.2908325,78.70611572,1.0,0.0,0.000514732,0.000197593
2021-01-12,17:17:28,3.086499977,7.003900146,69.09210205,97.7616272,64.91760254,65.03664398,1151.883179,67.66387939,275.2922668,78.70611572,1.0,0.0,0.000514429,0.000197593
2021-01-12,17:17:29,3.086599922,7.003800201,69.09210205,97.76210022,64.91674805,65.03643036,1151.889404,67.66427612,275.2911377,78.70611572,1.0,0.0,0.000514429,0.000197593
2021-01-12,17:17:30,3.086400032,7.003700256,69.09311676,97.76315308,64.91705322,65.03633881,1151.892212,67.66391754,275.2921448,78.70611572,1.0,0.0,0.000514429,0.000197593
2021-01-12,17:17:31,3.086300087,7.003800201,69.09209442,97.76170349,64.91674042,65.03606415,1151.899048,67.66373444,275.2927551,78.70611572,1.0,0.0,0.000514429,0.000197593
2021-01-12,17:17:32,3.086400032,7.003900146,69.09209442,97.76319885,64.91636658,65.0361557,1151.901367,67.66396332,275.2921143,78.70611572,1.0,0.0,0.000514429,0.000197593
2021-01-12,17:17:33,3.086199951,7.003700256,69.09317017,97.76204681,64.9154129,65.03582001,1151.906372,67.66355896,275.2934265,78.70611572,1.0,0.0,0.000514429,0.000197593
2021-01-12,17:17:34,3.086499977,7.003600311,69.09317017,97.76294708,64.91722107,65.03590393,1151.904053,67.66329193,275.2944031,78.89215851,1.0,0.0,0.000514429,0.000197593
2021-01-12,17:17:35,3.086300087,7.003500366,69.09211731,97.76359558,64.91570282,65.0358429,1151.906128,67.66320801,275.2945862,78.89215851,1.0,0.0,0.000514429,0.000197593
2021-01-12,17:17:36,3.086100006,7.003399658,69.09109497,97.76345062,64.9164505,65.03585815,1151.905518,67.6630249,275.2952271,78.89215851,1.0,0.0,0.000514429,0.000197593
2021-01-12,17:17:37,3.086000061,7.003199768,69.0921936,97.76315308,64.91705322,65.03536224,1151.918945,67.66275024,275.2960205,78.89215851,1.0,0.0,0.000514429,0.000197593
2021-01-12,17:17:38,3.085899925,7.003099823,69.0921936,97.7640152,64.9165802,65.03529358,1151.921265,67.6630249,275.2951965,78.89215851,1.0,0.0,0.000514429,0.000197593
2021-01-12,17:17:39,3.086199951,7.003099823,69.0921936,97.76245117,64.91612244,65.03533173,1151.919922,67.66262054,275.2965088,78.89215851,1.0,0.0,0.000514429,0.000197593
2021-01-12,17:17:40,3.086400032,7.002999878,69.0921936,97.76345062,64.91681671,65.03517914,1151.924805,67.66225433,275.297699,78.89215851,1.0,0.0,0.000514429,0.000197593
2021-01-12,17:17:41,3.086000061,7.002799988,69.0921936,97.76480103,64.91542053,65.03500366,1151.929321,67.66243744,275.2972107,78.89215851,1.0,0.0,0.000537501,0.000197584
2021-01-12,17:17:42,3.086400032,7.002899933,69.0921936,97.76400757,64.91596985,65.03456116,1151.94165,67.6619873,275.2987061,78.89215851,1.0,0.0,0.000537501,0.000197584
2021-01-12,17:17:43,3.086100006,7.002700043,69.0921936,97.76513672,64.91717529,65.034729,1151.936768,67.66189575,275.2988892,78.89215851,1.0,0.0,0.000528175,0.000197854
2021-01-12,17:17:44,3.086700058,7.002600098,69.0921936,97.76390839,64.91636658,65.03465271,1151.938721,67.66176605,275.299469,78.74977875,1.0,0.0,0.000528175,0.000197854
2021-01-12,17:17:45,3.086100006,7.002500153,69.0921936,97.76495361,64.91525269,65.03475189,1151.936035,67.66158295,275.2999268,78.74977875,1.0,0.0,0.000535684,0.000197643
2021-01-12,17:17:46,3.085899925,7.002400208,69.0921936,97.764534,64.91693115,65.03430176,1151.948975,67.66168213,275.300293,78.74977875,1.0,0.0,0.000535684,0.000197694
2021-01-12,17:17:47,3.086000061,7.002300262,69.0921936,97.76543427,64.9156723,65.03412628,1151.954224,67.66127014,275.2993774,78.74977875,1.0,0.0,0.000535684,0.000197644
2021-01-12,17:17:48,3.08579998,7.002200317,69.0921936,97.76551819,64.9158783,65.03427124,1151.949829,67.66086578,275.3023987,78.74977875,1.0,0.0,0.000535684,0.000197746
2021-01-12,17:17:49,3.085700035,7.002100372,69.0921936,97.76539612,64.91639709,65.03393555,1151.959351,67.66100311,275.3020935,79.01876831,1.0,0.0,0.000535684,0.000197746
2021-01-12,17:17:50,3.086000061,7.001999664,69.0921936,97.76600647,64.91624451,65.03378296,1151.963745,67.66082001,275.3025513,79.01876831,1.0,0.0,0.000535684,0.000197746
2021-01-12,17:17:51,3.085700035,7.001899719,69.09320068,97.76587677,64.91732788,65.03366852,1151.967041,67.6606369,275.3031921,79.01876831,1.0,0.0,0.000535684,0.000197746
2021-01-12,17:17:52,3.086100006,7.001799774,69.09320068,97.76654816,64.91628265,65.03341675,1151.973267,67.6606369,275.3031616,79.01876831,1.0,0.0,0.000535684,0.000197746
2021-01-12,17:17:53,3.086300087,7.001699829,69.09320068,97.76609802,64.91653442,65.03369141,1151.96582,67.66068268,275.3034058,79.01876831,1.0,0.0,0.000555971,0.000197746
2021-01-12,17:17:54,3.08560009,7.001699829,69.09320068,97.7668457,64.91604614,65.0333252,1151.976074,67.6601944,275.304718,79.01876831,1.0,0.0,0.000555971,0.000197746
2021-01-12,17:17:55,3.08579998,7.001599884,69.09320068,97.76721954,64.91674805,65.03321075,1151.979614,67.65988159,275.3057556,79.01876831,1.0,0.0,0.000555971,0.000197746
2021-01-12,17:17:56,3.08560009,7.001499939,69.09320068,97.7678299,64.91549683,65.03308105,1151.983521,67.6603241,275.3043213,79.01876831,1.0,0.0,0.000555971,0.000197746
2021-01-12,17:17:57,3.08579998,7.001399994,69.09320068,97.76821899,64.91653442,65.03301239,1151.984863,67.65964508,275.3065186,79.01876831,1.0,0.0,0.000555971,0.000197746
2021-01-12,17:17:58,3.086100006,7.001300049,69.09320068,97.76717377,64.91487885,65.03264618,1151.994751,67.65947723,275.3071899,79.01876831,1.0,0.0,0.000555971,0.000197746
2021-01-12,17:17:59,3.085700035,7.001200104,69.09320068,97.76968384,64.91607666,65.03271484,1151.993042,67.65925598,275.3078003,79.01876831,1.0,0.0,0.000555971,0.000197746
2021-01-12,17:18:00,3.08579998,7.001100159,69.09320068,97.76831055,64.91529846,65.0324173,1152.001343,67.65930176,275.3076782,79.01876831,1.0,0.0,0.000555971,0.000197643
2021-01-12,17:18:01,3.085700035,7.001000214,69.09320068,97.76957703,64.91684723,65.03264618,1151.994751,67.65903473,275.3086548,79.01876831,1.0,0.0,0.000548401,0.000197581
2021-01-12,17:18:02,3.08560009,7.000900269,69.09320068,97.76868439,64.91616058,65.03250885,1151.998169,67.6591568,275.308197,79.01876831,1.0,0.0,0.000548401,0.000197581
2021-01-12,17:18:03,3.085400009,7.000800323,69.09320068,97.77017975,64.91687012,65.03232574,1152.003174,67.65866852,275.3097839,79.01876831,1.0,0.0,0.000551005,0.000197581
2021-01-12,17:18:04,3.085700035,7.000700378,69.09320068,97.76964569,64.9152298,65.03237915,1152.002075,67.65854645,275.3103638,79.01876831,1.0,0.0,0.000559483,0.000197581
2021-01-12,17:18:05,3.085499954,7.00059967,69.09320068,97.77086639,64.91743469,65.03202057,1152.011475,67.65840149,275.31073,79.01876831,1.0,0.0,0.000559483,0.000197581
2021-01-12,17:18:06,3.08579998,7.000499725,69.09320068,97.77108002,64.9163208,65.03214264,1152.008789,67.65823364,275.3114624,79.01876831,1.0,0.0,0.000559483,0.000197581
2021-01-12,17:18:07,3.085400009,7.000499725,69.09320068,97.77082062,64.91549683,65.03178406,1152.018677,67.65805054,275.3118591,79.01876831,1.0,0.0,0.000559483,0.000197581
2021-01-12,17:18:08,3.085300064,7.000299835,69.09320068,97.7710495,64.91686249,65.03188324,1152.015991,67.65786743,275.3125305,79.01876831,1.0,0.0,0.000559483,0.000197581
2021-01-12,17:18:09,3.085499954,7.00039978,69.09320068,97.77198792,64.91534424,65.03162384,1152.023193,67.657547,275.3136902,79.01876831,1.0,0.0,0.000559483,0.000197581
2021-01-12,17:18:10,3.085199928,7.00019989,69.09320068,97.77314758,64.91487122,65.03141785,1152.028442,67.6577301,275.3130188,79.01876831,1.0,0.0,0.000559483,0.000197581
2021-01-12,17:18:11,3.085400009,7.000099945,69.09320068,97.77252197,64.91627502,65.0315094,1152.026489,67.657547,275.3136597,79.01876831,1.0,0.0,0.000559483,0.000197581
2021-01-12,17:18:12,3.085199928,7.0,69.09217072,97.77326965,64.91526794,65.03134918,1152.030762,67.65714264,275.315094,79.01876831,1.0,0.0,0.000559483,0.000197557
2021-01-12,17:18:13,3.085000038,7.0,69.09217072,97.77340698,64.91598511,65.03119659,1152.035156,67.65709686,275.3152161,79.01876831,1.0,0.0,0.000559483,0.000197557
2021-01-12,17:18:14,3.085400009,6.999900055,69.09217072,97.77284241,64.91551208,65.03113556,1152.036865,67.65682983,275.3160095,79.15380096,1.0,0.0,0.000559483,0.000197557
2021-01-12,17:18:15,3.085000038,6.999700165,69.09217072,97.77430725,64.91624451,65.03093719,1152.043091,67.65682983,275.3161316,79.15380096,1.0,0.0,0.000559483,0.000197557
2021-01-12,17:18:16,3.085300064,6.99980011,69.09217072,97.77407837,64.91571045,65.03084564,1152.044922,67.65682983,275.3159485,79.15380096,1.0,0.0,0.000559483,0.000197557
2021-01-12,17:18:17,3.085000038,6.99960022,69.09217072,97.77350616,64.91646576,65.0309906,1152.040894,67.65651703,275.3172302,79.15380096,1.0,0.0,0.000559483,0.000197557
2021-01-12,17:18:18,3.085700035,6.999500275,69.09217072,97.77593994,64.91624451,65.03066254,1152.050903,67.65632629,275.3176575,79.15380096,1.0,0.0,0.000559483,0.000197557
2021-01-12,17:18:19,3.085400009,6.99940033,69.09319305,97.77534485,64.91659546,65.03081512,1152.046387,67.65638733,275.3175659,79.05189514,1.0,0.0,0.000559483,0.000197557
2021-01-12,17:18:20,3.085099983,6.999299622,69.09319305,97.77563477,64.91551208,65.03041077,1152.057129,67.65571594,275.3198242,79.05189514,1.0,0.0,0.000559483,0.000197557
2021-01-12,17:18:21,3.084900093,6.999199677,69.09319305,97.77637482,64.91584778,65.03057861,1152.062256,67.65565491,275.3200378,79.05189514,1.0,0.0,0.000559483,0.000197557
2021-01-12,17:18:22,3.085000038,6.999099731,69.09319305,97.77650452,64.91593933,65.030159,1152.059082,67.65602112,275.3188171,79.05189514,1.0,0.0,0.000559483,0.000197557
2021-01-12,17:18:23,3.084700012,6.998999786,69.09319305,97.77615356,64.91601563,65.03038788,1152.058228,67.65525818,275.3213806,79.05189514,1.0,0.0,0.000559483,0.000197557
2021-01-12,17:18:24,3.085300064,6.998899841,69.09319305,97.77590942,64.91651917,65.03002167,1152.068481,67.65512848,275.3218079,79.05189514,1.0,0.0,0.000536471,0.000197557
2021-01-12,17:18:25,3.085499954,6.998799896,69.09319305,97.77744293,64.91565704,65.02989197,1152.072021,67.65498352,275.3222351,79.05189514,1.0,0.0,0.000536471,0.000197661
2021-01-12,17:18:26,3.084900093,6.998699951,69.09319305,97.77719879,64.91653442,65.03000641,1152.068359,67.65534973,275.3209229,79.05189514,1.0,0.0,0.000536471,0.000197661
2021-01-12,17:18:27,3.084700012,6.998699951,69.09319305,97.77822876,64.91584015,65.02986908,1152.072876,67.65463257,275.3235474,79.05189514,1.0,0.0,0.000536471,0.000197661
2021-01-12,17:18:28,3.084499931,6.998500061,69.09319305,97.77837372,64.9162674,65.02980042,1152.07019,67.65449524,275.323822,79.05189514,1.0,0.0,0.000536471,0.000197661
2021-01-12,17:18:29,3.084700012,6.998400116,69.09319305,97.7786026,64.9148407,65.02980042,1152.074829,67.65471649,275.3232422,79.24781036,1.0,0.0,0.000536471,0.000197589
2021-01-12,17:18:30,3.084600067,6.998500061,69.09213257,97.77902222,64.91601563,65.02980042,1152.074341,67.65427399,275.3246155,79.24781036,1.0,0.0,0.000536471,0.000197589
2021-01-12,17:18:31,3.084399986,6.998400116,69.09213257,97.77954102,64.91630554,65.02945709,1152.084106,67.65454102,275.3237,79.24781036,1.0,0.0,0.000536471,0.000197589
2021-01-12,17:18:32,3.084499931,6.998300171,69.09213257,97.7793045,64.91651917,65.0295639,1152.081055,67.65386963,275.3260193,79.24781036,1.0,0.0,0.000536471,0.000197589
2021-01-12,17:18:33,3.084600067,6.998200226,69.09213257,97.7804718,64.91662598,65.02947998,1152.08313,67.6540451,275.32547,79.24781036,1.0,0.0,0.000555849,0.000197589
2021-01-12,17:18:34,3.084600067,6.998100281,69.09213257,97.78084564,64.9152298,65.02950287,1152.084229,67.65427399,275.324707,79.24781036,1.0,0.0,0.000555849,0.000197589
2021-01-12,17:18:35,3.084399986,6.998000336,69.09213257,97.78172302,64.9156189,65.02925873,1152.089478,67.65373993,275.3265076,79.24781036,1.0,0.0,0.000530597,0.000197694
2021-01-12,17:18:36,3.084600067,6.997899628,69.09213257,97.78142548,64.91465759,65.02940369,1152.085083,67.65361023,275.3269958,79.24781036,1.0,0.0,0.000530597,0.000197694
2021-01-12,17:18:37,3.084399986,6.997799683,69.09213257,97.78125,64.914505,65.02913666,1152.093018,67.65342712,275.3276062,79.24781036,1.0,0.0,0.000530597,0.000197694
2021-01-12,17:18:38,3.084600067,6.997799683,69.09213257,97.78161621,64.91577911,65.02909851,1152.093994,67.65356445,275.3272095,79.24781036,1.0,0.0,0.000530597,0.000197694
2021-01-12,17:18:39,3.084300041,6.997599792,69.09213257,97.78250122,64.91526794,65.02886963,1152.100586,67.65293884,275.3292236,79.24781036,1.0,0.0,0.000530597,0.000197694
2021-01-12,17:18:40,3.084399986,6.997599792,69.0931778,97.78314209,64.91568756,65.02916718,1152.092529,67.65315247,275.3284912,79.24781036,1.0,0.0,0.000530597,0.000197694
2021-01-12,17:18:41,3.084199905,6.997499847,69.0931778,97.78297424,64.91615295,65.02890778,1152.099121,67.65258026,275.3304749,79.24781036,1.0,0.0,0.000569414,0.000197694
2021-01-12,17:18:42,3.08409996,6.997399902,69.09217072,97.78342438,64.91650391,65.02882385,1152.101563,67.65275574,275.329834,79.24781036,1.0,0.0,0.000569414,0.000197694
2021-01-12,17:18:43,3.084300041,6.997399902,69.09324646,97.78411865,64.91694641,65.02873993,1152.104492,67.65261841,275.3303528,79.24781036,1.0,0.0,0.000569414,0.000197694
2021-01-12,17:18:44,3.084499931,6.997299957,69.09324646,97.78450775,64.91576385,65.02869415,1152.105835,67.65252686,275.3305359,79.24781036,1.0,0.0,0.000569414,0.000197694
2021-01-12,17:18:45,3.084000015,6.997100067,69.09324646,97.78427887,64.91616058,65.02882385,1152.101929,67.6521225,275.3320313,79.24781036,1.0,0.0,0.000569414,0.000197694
2021-01-12,17:18:46,3.084199905,6.997100067,69.09221649,97.78385162,64.9158783,65.02867126,1152.106201,67.65239716,275.3309326,79.24781036,1.0,0.0,0.000569414,0.000197694
2021-01-12,17:18:47,3.084000015,6.997000122,69.09221649,97.78492737,64.91544342,65.02848053,1152.111206,67.65190125,275.3326111,79.24781036,1.0,0.0,0.000569414,0.000197694
2021-01-12,17:18:48,3.083799934,6.996900177,69.09221649,97.78382874,64.91664124,65.02873993,1152.10437,67.65184784,275.3328247,79.24781036,1.0,0.0,0.000569414,0.000197694
2021-01-12,17:18:49,3.084300041,6.996800232,69.09221649,97.78504181,64.91671753,65.02838898,1152.113892,67.65203857,275.3323669,79.24781036,1.0,0.0,0.000569414,0.000197694
2021-01-12,17:18:50,3.084000015,6.996700287,69.09221649,97.78583527,64.91653442,65.0284729,1152.111816,67.65198517,275.3322754,79.24781036,1.0,0.0,0.000569414,0.000197694
2021-01-12,17:18:51,3.083799934,6.996600342,69.09221649,97.78645325,64.91702271,65.02854919,1152.109741,67.65167236,275.3334961,79.24781036,1.0,0.0,0.000569414,0.000197694
2021-01-12,17:18:52,3.08390007,6.996600342,69.09221649,97.78582001,64.91600037,65.02830505,1152.116577,67.65126801,275.3348389,79.24781036,1.0,0.0,0.000569414,0.000197694
2021-01-12,17:18:53,3.083799934,6.996499634,69.09221649,97.78674316,64.91685486,65.02836609,1152.114502,67.65140533,275.3344116,79.24781036,1.0,0.0,0.000579467,0.000197604
2021-01-12,17:18:54,3.08390007,6.996499634,69.09221649,97.78701782,64.91616821,65.02828217,1152.117188,67.65122223,275.3349915,79.24781036,1.0,0.0,0.000579467,0.000197604
2021-01-12,17:18:55,3.083600044,6.996399689,69.09221649,97.78730011,64.91755676,65.02798462,1152.124756,67.65113068,275.3353271,79.24781036,1.0,0.0,0.000579467,0.000197678
2021-01-12,17:18:56,3.083499908,6.996399689,69.09221649,97.78804779,64.91687012,65.02828217,1152.116943,67.65109253,275.3353882,79.24781036,1.0,0.0,0.000579467,0.000197678
2021-01-12,17:18:57,3.083600044,6.996199799,69.09221649,97.78852081,64.91667175,65.02798462,1152.12561,67.65100098,275.3356628,79.24781036,1.0,0.0,0.000579467,0.000197678
2021-01-12,17:18:58,3.083300018,6.996099854,69.09221649,97.78869629,64.91705322,65.02825165,1152.117554,67.65077972,275.3365173,79.24781036,1.0,0.0,0.000579467,0.000197522
2021-01-12,17:18:59,3.083499908,6.996099854,69.09221649,97.78858185,64.91516113,65.02803802,1152.124512,67.65045929,275.3375244,79.24781036,1.0,0.0,0.000579467,0.000197522
2021-01-12,17:19:00,3.083600044,6.995999908,69.09221649,97.78820038,64.91601563,65.02822876,1152.118408,67.65090942,275.3360596,79.24781036,1.0,0.0,0.000579467,0.000197522
2021-01-12,17:19:01,3.083399963,6.995899963,69.09221649,97.78934479,64.91757202,65.02794647,1152.126465,67.65036774,275.3377686,79.24781036,1.0,0.0,0.000579467,0.000197522
2021-01-12,17:19:02,3.083600044,6.995800018,69.09221649,97.78904724,64.91674805,65.02776337,1152.13147,67.64983368,275.3396606,79.24781036,1.0,0.0,0.000579467,0.000197522
2021-01-12,17:19:03,3.083300018,6.995800018,69.09221649,97.7900238,64.91622925,65.0278244,1152.129761,67.65014648,275.3385315,79.24781036,1.0,0.0,0.000579467,0.000197522
2021-01-12,17:19:04,3.083600044,6.995700073,69.09322357,97.79035187,64.91605377,65.02803802,1152.123535,67.65059662,275.3369751,79.24781036,1.0,0.0,0.000579467,0.000197522
2021-01-12,17:19:05,3.083200073,6.995600128,69.09221649,97.79051971,64.9165802,65.0278244,1152.129761,67.64983368,275.3395386,79.24781036,1.0,0.0,0.000579467,0.000197522
2021-01-12,17:19:06,3.083300018,6.995600128,69.09221649,97.79031372,64.91687775,65.02789307,1152.127441,67.64974213,275.3400879,79.24781036,1.0,0.0,0.000579467,0.000197522
2021-01-12,17:19:07,3.083200073,6.995500183,69.09221649,97.79078674,64.91590118,65.02796173,1152.125977,67.65005493,275.3389282,79.24781036,1.0,0.0,0.000579467,0.000197522
2021-01-12,17:19:08,3.083499908,6.995400238,69.09221649,97.79148865,64.91751099,65.02757263,1152.136719,67.6494751,275.3407593,79.24781036,1.0,0.0,0.000579467,0.000197522
2021-01-12,17:19:09,3.083200073,6.995300293,69.09221649,97.79130554,64.91615295,65.02776337,1152.131714,67.6496048,275.3404541,79.24781036,1.0,0.0,0.000579467,0.000197522
2021-01-12,17:19:10,3.08390007,6.995200348,69.09221649,97.79182434,64.91662598,65.02750397,1152.13855,67.6494751,275.3408508,79.24781036,1.0,0.0,0.000593637,0.000197522
2021-01-12,17:19:11,3.083799934,6.995200348,69.09221649,97.79290009,64.91609192,65.02771759,1152.132568,67.64983368,275.3396912,79.24781036,1.0,0.0,0.000578861,0.000197686
2021-01-12,17:19:12,3.084000015,6.99509964,69.09221649,97.79205322,64.91741943,65.02721405,1152.146851,67.64952087,275.3407288,79.24781036,1.0,0.0,0.000578861,0.000197686
2021-01-12,17:19:13,3.083699989,6.994999695,69.09221649,97.79259491,64.9183197,65.02732849,1152.143677,67.64916229,275.3418884,79.24781036,1.0,0.0,0.000578861,0.000197743
2021-01-12,17:19:14,3.083499908,6.99509964,69.09221649,97.79299164,64.91740417,65.02753448,1152.138306,67.64889526,275.3428345,79.10786438,1.0,0.0,0.000578861,0.000197743
2021-01-12,17:19:15,3.083300018,6.994999695,69.09221649,97.79263306,64.91603851,65.02735901,1152.142822,67.64901733,275.3423767,79.10786438,1.0,0.0,0.000578861,0.000197743
2021-01-12,17:19:16,3.082699966,6.99489975,69.09221649,97.79390717,64.91642761,65.02745819,1152.139404,67.64871216,275.3435059,79.10786438,1.0,0.0,0.000578861,0.000197743
2021-01-12,17:19:17,3.082600021,6.99489975,69.09221649,97.7946167,64.91670227,65.0273056,1152.144165,67.64862061,275.3437195,79.10786438,1.0,0.0,0.000578861,0.000197743
2021-01-12,17:19:18,3.082999992,6.994799805,69.09221649,97.79540253,64.91589355,65.0271225,1152.148926,67.6483078,275.3447266,79.10786438,1.0,0.0,0.000578861,0.000197743
2021-01-12,17:19:19,3.082500076,6.99469986,69.09221649,97.79573822,64.9172821,65.02742004,1152.140869,67.6484375,275.3444519,79.45777893,1.0,0.0,0.000578861,0.000197743
2021-01-12,17:19:20,3.082900047,6.99469986,69.09221649,97.79633331,64.91792297,65.02761841,1152.135498,67.64866638,275.3435364,79.45777893,1.0,0.0,0.000587642,0.000197743
2021-01-12,17:19:21,3.082500076,6.994599915,69.09221649,97.79754639,64.91641998,65.0273056,1152.144287,67.64839172,275.3444824,79.45777893,1.0,0.0,0.000587642,0.000197743
2021-01-12,17:19:22,3.082699966,6.994499969,69.09221649,97.79768372,64.91780853,65.02742004,1152.141113,67.64826202,275.3450928,79.45777893,1.0,0.0,0.000578437,0.000197635
2021-01-12,17:19:23,3.082500076,6.994599915,69.09221649,97.79788971,64.91598511,65.02723694,1152.14624,67.64826202,275.3449402,79.45777893,1.0,0.0,0.000578437,0.000197635
2021-01-12,17:19:24,3.082699966,6.994400024,69.09221649,97.7977829,64.91740417,65.02716827,1152.148071,67.6484375,275.3444214,79.45777893,1.0,0.0,0.000578437,0.000197635
2021-01-12,17:19:25,3.082999992,6.994300079,69.09221649,97.79911041,64.91712189,65.02740479,1152.142212,67.6483078,275.3448181,79.45777893,1.0,0.0,0.000578437,0.000197633
2021-01-12,17:19:26,3.082600021,6.994300079,69.09221649,97.79981995,64.91765594,65.02715302,1152.148682,67.6480484,275.3456726,79.45777893,1.0,0.0,0.000578437,0.000197633
2021-01-12,17:19:27,3.08239994,6.994200134,69.09221649,97.79932404,64.91607666,65.02729034,1152.144775,67.64839172,275.3445435,79.45777893,1.0,0.0,0.000578437,0.000197633
2021-01-12,17:19:28,3.08220005,6.994100189,69.09221649,97.80039978,64.91768646,65.02706909,1152.150635,67.6481781,275.3453369,79.45777893,1.0,0.0,0.000578437,0.000197633
2021-01-12,17:19:29,3.08239994,6.994000244,69.09221649,97.80066681,64.91732788,65.02709961,1152.149658,67.64759827,275.3473206,79.25229645,1.0,0.0,0.000583463,0.000197632
2021-01-12,17:19:30,3.08220005,6.993900299,69.09221649,97.80170441,64.91763306,65.0269165,1152.155029,67.64749908,275.3471375,79.25229645,1.0,0.0,0.000583463,0.000197632
2021-01-12,17:19:31,3.082099915,6.993900299,69.09221649,97.80229187,64.91783905,65.02703857,1152.151978,67.64759827,275.3477173,79.25229645,1.0,0.0,0.000583463,0.000197632
2021-01-12,17:19:32,3.08239994,6.993800354,69.09221649,97.80206299,64.91688538,65.02701569,1152.151489,67.64741516,275.347229,79.25229645,1.0,0.0,0.000576136,0.000197632
2021-01-12,17:19:33,3.08220005,6.993699646,69.09221649,97.80235291,64.91748047,65.02709961,1152.149414,67.64736938,275.3480225,79.25229645,1.0,0.0,0.000576136,0.000197632
2021-01-12,17:19:34,3.081999969,6.993599701,69.09221649,97.80357361,64.91785431,65.0273056,1152.144409,67.64741516,275.3478088,79.25229645,1.0,0.0,0.000576136,0.000197632
2021-01-12,17:19:35,3.082099915,6.993699646,69.09221649,97.80390167,64.91693115,65.02669525,1152.161011,67.64714813,275.3487549,79.25229645,1.0,0.0,0.000576136,0.000197632
2021-01-12,17:19:36,3.081900024,6.993499756,69.09221649,97.80451965,64.91825867,65.02716827,1152.148071,67.64728546,275.3483582,79.25229645,1.0,0.0,0.000576136,0.000197632
2021-01-12,17:19:37,3.08220005,6.993499756,69.09221649,97.80409241,64.91763306,65.02693939,1152.154053,67.64692688,275.3494263,79.25229645,1.0,0.0,0.000576136,0.000197632
2021-01-12,17:19:38,3.081900024,6.993399811,69.09221649,97.80484009,64.91765594,65.02680206,1152.157959,67.64749908,275.3475342,79.25229645,1.0,0.0,0.000576136,0.000197632
2021-01-12,17:19:39,3.081800079,6.993299866,69.09221649,97.80581665,64.91757202,65.02690125,1152.155518,67.64687347,275.3496399,79.25229645,1.0,0.0,0.000576136,0.000197632
2021-01-12,17:19:40,3.081999969,6.993399811,69.09221649,97.80502319,64.91691589,65.02705383,1152.151245,67.64674377,275.3501587,79.25229645,1.0,0.0,0.000576136,0.000197632
2021-01-12,17:19:41,3.081800079,6.993199921,69.09221649,97.80608368,64.91735077,65.02696991,1152.153687,67.64651489,275.3507385,79.25229645,1.0,0.0,0.000576136,0.000197632
2021-01-12,17:19:42,3.081999969,6.993199921,69.09221649,97.80660248,64.91821289,65.02680206,1152.158325,67.64714813,275.3487244,79.25229645,1.0,0.0,0.000576136,0.000197632
2021-01-12,17:19:43,3.082299995,6.993099976,69.09221649,97.8062439,64.91757202,65.02715302,1152.148438,67.64678955,275.3499756,79.25229645,1.0,0.0,0.000576136,0.000197632
2021-01-12,17:19:44,3.082099915,6.993000031,69.09221649,97.80738068,64.91786194,65.02706909,1152.151367,67.6468277,275.3497925,79.25229645,1.0,0.0,0.000576136,0.000197632
2021-01-12,17:19:45,3.08220005,6.992900085,69.09117126,97.80670929,64.91735077,65.02716827,1152.147461,67.64669037,275.3502808,79.25229645,1.0,0.0,0.000576136,0.000197632
2021-01-12,17:19:46,3.081999969,6.993000031,69.09117126,97.80754089,64.91577911,65.02682495,1152.157593,67.64646912,275.3508606,79.25229645,1.0,0.0,0.000576136,0.000197632
2021-01-12,17:19:47,3.082099915,6.99280014,69.09117126,97.80825043,64.91676331,65.02667236,1152.161377,67.64633942,275.351532,79.25229645,1.0,0.0,0.000576136,0.000197632
2021-01-12,17:19:48,3.081800079,6.992700195,69.09117126,97.80912781,64.91783905,65.02693939,1152.154053,67.64651489,275.3508301,79.25229645,1.0,0.0,0.000576136,0.000197632
2021-01-12,17:19:49,3.081699944,6.99260025,69.09224701,97.80774689,64.9175415,65.02674103,1152.160767,67.64633942,275.351532,79.25229645,1.0,0.0,0.000576136,0.000197632
2021-01-12,17:19:50,3.081599998,6.992500305,69.09120941,97.80700684,64.91891479,65.02709961,1152.150146,67.64597321,275.3526306,79.25229645,1.0,0.0,0.000576136,0.000197519
2021-01-12,17:19:51,3.081399918,6.99240036,69.09120941,97.80956268,64.91687012,65.0269165,1152.155151,67.64624786,275.3517456,79.25229645,1.0,0.0,0.000576136,0.000197569
2021-01-12,17:19:52,3.081500053,6.992299652,69.09227753,97.80992126,64.91629028,65.0267868,1152.158936,67.64638519,275.3513794,79.25229645,1.0,0.0,0.000576136,0.000197569
2021-01-12,17:19:53,3.081699944,6.992299652,69.09118652,97.80864716,64.91751099,65.02701569,1152.152344,67.64571381,275.3535461,79.25229645,1.0,0.0,0.000576136,0.000197569
2021-01-12,17:19:54,3.081399918,6.992500305,69.09118652,97.8099823,64.9172821,65.0269165,1152.154907,67.64561462,275.3538208,79.36238098,1.0,0.0,0.000576136,0.000197569
2021-01-12,17:19:55,3.081500053,6.993099976,69.09118652,97.80966187,64.91789246,65.02680206,1152.157715,67.64588928,275.3528748,79.36238098,1.0,0.0,0.000576136,0.000197569
2021-01-12,17:19:56,3.081299973,6.993800354,69.09225464,97.81004333,64.91647339,65.02705383,1152.151001,67.64561462,275.3537598,79.36238098,1.0,0.0,0.000594545,0.000197569
2021-01-12,17:19:57,3.081399918,6.994300079,69.09117126,97.80994415,64.91687012,65.02680206,1152.158203,67.64552307,275.3542175,79.36238098,1.0,0.0,0.000594545,0.000197569
2021-01-12,17:19:58,3.081599998,6.994799805,69.09228516,97.81108093,64.9181366,65.02690125,1152.155518,67.64575958,275.3533936,79.36238098,1.0,0.0,0.000594545,0.00019757
2021-01-12,17:19:59,3.081699944,6.995400238,69.09123993,97.81144714,64.91646576,65.02682495,1152.157471,67.64557648,275.3540955,79.36238098,1.0,0.0,0.000594545,0.00019757
2021-01-12,17:20:00,3.081500053,6.995800018,69.09123993,97.81123352,64.91600037,65.02705383,1152.151367,67.64539337,275.3546448,79.36238098,1.0,0.0,0.000594545,0.00019757
2021-01-12,17:20:01,3.081699944,6.996199799,69.09123993,97.81142426,64.91732788,65.02687073,1152.15625,67.6452179,275.3553162,79.36238098,1.0,0.0,0.000594545,0.00019757
2021-01-12,17:20:02,3.081500053,6.996399689,69.09123993,97.81210327,64.91671753,65.02719116,1152.147095,67.64557648,275.3540344,79.36238098,1.0,0.0,0.000580617,0.000197687
2021-01-12,17:20:03,3.081699944,6.996700287,69.09123993,97.81314087,64.91735077,65.02693939,1152.154663,67.6453476,275.3547363,79.36238098,1.0,0.0,0.000580617,0.000197573
2021-01-12,17:20:04,3.081900024,6.997000122,69.09123993,97.81211853,64.91742706,65.02723694,1152.146118,67.64512634,275.3555603,79.36238098,1.0,0.0,0.000580617,0.000197573
2021-01-12,17:20:05,3.08220005,6.997200012,69.09123993,97.81351471,64.91581726,65.0271225,1152.149414,67.64498901,275.3560486,79.36238098,1.0,0.0,0.000580617,0.000197573
2021-01-12,17:20:06,3.081999969,6.997399902,69.09123993,97.81452179,64.91827393,65.02725983,1152.144897,67.6453476,275.3547974,79.36238098,1.0,0.0,0.000580617,0.000197573
2021-01-12,17:20:07,3.082600021,6.997599792,69.09123993,97.81372833,64.91628265,65.0271225,1152.149292,67.64552307,275.354187,79.36238098,1.0,0.0,0.000580617,0.000197573
2021-01-12,17:20:08,3.082699966,6.997799683,69.09123993,97.81510925,64.91809082,65.02732849,1152.143799,67.64512634,275.3555603,79.36238098,1.0,0.0,0.000580617,0.000197573
2021-01-12,17:20:09,3.082299995,6.997899628,69.09123993,97.8147049,64.9185791,65.02719116,1152.147339,67.64498901,275.3559875,75.78874969,1.0,0.0,0.000586976,0.000197573
2021-01-12,17:20:10,3.082600021,6.998100281,69.09123993,97.81509399,64.91783142,65.02740479,1152.141357,67.64525604,275.3551331,75.78874969,1.0,0.0,0.000586976,0.000197573
2021-01-12,17:20:11,3.082500076,6.998200226,69.09123993,97.81433105,64.91824341,65.02748108,1152.139282,67.64543915,275.3544617,75.78874969,1.0,0.0,0.000586976,0.000197573
2021-01-12,17:20:12,3.082799911,6.998300171,69.09123993,97.81581116,64.91679382,65.02753448,1152.140259,67.64481354,275.3566589,75.78874969,1.0,0.0,0.000586976,0.000197573
2021-01-12,17:20:13,3.08239994,6.998400116,69.09123993,97.81661224,64.91697693,65.02759552,1152.136108,67.64525604,275.3551331,75.78874969,1.0,0.0,0.000586976,0.000197573
2021-01-12,17:20:14,3.082600021,6.998500061,69.09020996,97.81692505,64.91741943,65.02771759,1152.133179,67.64490509,275.3563843,75.78874969,1.0,0.0,0.000586976,0.000197752
2021-01-12,17:20:15,3.081800079,6.998600006,69.09020996,97.81794739,64.91661072,65.02755737,1152.136841,67.64543915,275.3544006,75.78874969,1.0,0.0,0.000586976,0.000197752
2021-01-12,17:20:16,3.082099915,6.998600006,69.09122467,97.81718445,64.91569519,65.02780151,1152.130493,67.6452179,275.3553162,75.78874969,1.0,0.0,0.000586976,0.000197752
2021-01-12,17:20:17,3.081699944,6.998600006,69.09122467,97.81851196,64.9160614,65.02757263,1152.13623,67.64494324,275.3562317,75.78874969,1.0,0.0,0.000586976,0.000197752
2021-01-12,17:20:18,3.081900024,6.998699951,69.09122467,97.82012177,64.91517639,65.02776337,1152.131348,67.64516449,275.3554688,75.78874969,1.0,0.0,0.000586976,0.000197752
2021-01-12,17:20:19,3.082099915,6.998600006,69.09122467,97.81955719,64.91288757,65.02792358,1152.127319,67.64504242,275.3557739,76.18193817,1.0,0.0,0.000586976,0.000197752
2021-01-12,17:20:20,3.08220005,6.998600006,69.09122467,97.82144928,64.9119873,65.02780151,1152.130371,67.64512634,275.355957,76.18193817,1.0,0.0,0.000609079,0.000197752
2021-01-12,17:20:21,3.081999969,6.998899841,69.09122467,97.82220459,64.91357422,65.02784729,1152.128906,67.64525604,275.3551331,76.18193817,1.0,0.0,0.000609079,0.000197752
2021-01-12,17:20:22,3.082299995,6.999700165,69.09122467,97.82255554,64.9122467,65.02803802,1152.124023,67.64530182,275.3549194,76.18193817,1.0,0.0,0.00059285,0.000197752
2021-01-12,17:20:23,3.08220005,7.000499725,69.09122467,97.82204437,64.91085052,65.02813721,1152.121094,67.64539337,275.3546448,76.18193817,1.0,0.0,0.00058201,0.000197752
2021-01-12,17:20:24,3.082500076,7.006600189,69.09122467,97.8234024,64.91134644,65.02800751,1152.124268,67.64498901,275.3559875,76.80167389,1.0,0.0,0.00058201,0.000197752
2021-01-12,17:20:25,3.082099915,7.000900269,69.09122467,97.82375336,64.91201782,65.02828217,1152.117188,67.6453476,275.3547668,76.80167389,1.0,0.0,0.000577226,0.000197716
2021-01-12,17:20:26,3.082699966,7.003399658,69.09122467,97.82467651,64.9100647,65.02800751,1152.12439,67.64498901,275.355957,76.80167389,1.0,0.0,0.000577226,0.000197716
2021-01-12,17:20:27,3.08239994,6.998899841,69.09122467,97.82367706,64.90863037,65.02841949,1152.113403,67.64504242,275.3557434,76.80167389,1.0,0.0,0.000586188,0.000197716
2021-01-12,17:20:28,3.082500076,7.002200317,69.09122467,97.82447052,64.90795898,65.02835083,1152.114868,67.6450882,275.3556519,76.80167389,1.0,0.0,0.000586188,0.000197716
2021-01-12,17:20:29,3.082699966,7.001399994,69.09122467,97.82502747,64.90827179,65.0281601,1152.119995,67.64525604,275.355072,77.10514069,1.0,0.0,0.000586188,0.000197716
2021-01-12,17:20:30,3.08239994,6.99980011,69.09122467,97.82619476,64.90772247,65.02857208,1152.108643,67.64543915,275.3544617,77.10514069,1.0,0.0,0.000586188,0.000197716
2021-01-12,17:20:31,3.082699966,6.998300171,69.09122467,97.82542419,64.90846252,65.02844238,1152.112061,67.64476776,275.35672,77.10514069,1.0,0.0,0.000586188,0.000197716
2021-01-12,17:20:32,3.082500076,6.997899628,69.09122467,97.82583618,64.90750122,65.02857208,1152.108765,67.64516449,275.3554077,77.10514069,1.0,0.0,0.000586188,0.000197716
2021-01-12,17:20:33,3.082699966,6.997799683,69.09122467,97.82685852,64.90700531,65.02841949,1152.113159,67.64525604,275.3549805,77.10514069,1.0,0.0,0.000586188,0.000197638
2021-01-12,17:20:34,3.082600021,6.997499847,69.09122467,97.82678986,64.90530396,65.02888489,1152.100342,67.64525604,275.3551636,77.32089996,1.0,0.0,0.000586188,0.000197638
2021-01-12,17:20:35,3.082900047,6.997399902,69.09122467,97.82628632,64.90557861,65.02871704,1152.105103,67.6453476,275.3548279,77.32089996,1.0,0.0,0.000586188,0.000197638
2021-01-12,17:20:36,3.082500076,6.997200012,69.09122467,97.82720947,64.90527344,65.02864075,1152.106567,67.64543915,275.3545227,77.32089996,1.0,0.0,0.000586188,0.000197638
2021-01-12,17:20:37,3.082999992,6.997100067,69.09122467,97.82746887,64.9054718,65.02880096,1152.102173,67.64498901,275.3560181,77.32089996,1.0,0.0,0.000586188,0.000197638
2021-01-12,17:20:38,3.082799911,6.996800232,69.09122467,97.82793427,64.90483093,65.02864075,1152.106934,67.64525604,275.355011,77.32089996,1.0,0.0,0.000586188,0.000197638
2021-01-12,17:20:39,3.082699966,6.996700287,69.09122467,97.82872009,64.90542603,65.02874756,1152.103271,67.64525604,275.3551331,77.58116913,1.0,0.0,0.000586188,0.000197638
2021-01-12,17:20:40,3.082500076,6.996499634,69.09122467,97.82748413,64.9042511,65.02882385,1152.101807,67.64552307,275.354187,77.58116913,1.0,0.0,0.000586188,0.000197638
2021-01-12,17:20:41,3.082799911,6.996299744,69.09122467,97.82911682,64.90345001,65.02861786,1152.1073,67.64525604,275.355011,77.58116913,1.0,0.0,0.000586188,0.000197638
2021-01-12,17:20:42,3.083200073,6.996199799,69.0901947,97.82797241,64.90467072,65.02867126,1152.108765,67.64543915,275.3544312,77.58116913,1.0,0.0,0.000586188,0.000197638
2021-01-12,17:20:43,3.082900047,6.996099854,69.0901947,97.8291626,64.90385437,65.02882385,1152.101807,67.64512634,275.3555908,77.58116913,1.0,0.0,0.000586188,0.000197607
2021-01-12,17:20:44,3.083099937,6.995999908,69.0901947,97.83024597,64.90357971,65.02874756,1152.103271,67.64525604,275.355011,77.73099518,1.0,0.0,0.000586188,0.000197607
2021-01-12,17:20:45,3.08239994,6.995899963,69.0901947,97.83097076,64.90265656,65.02882385,1152.101685,67.64548492,275.3543091,77.73099518,1.0,0.0,0.000586188,0.000197607
2021-01-12,17:20:46,3.082799911,6.995800018,69.0901947,97.82933044,64.90202332,65.02874756,1152.103394,67.64490509,275.3563538,77.73099518,1.0,0.0,0.000586188,0.000197607
2021-01-12,17:20:47,3.082500076,6.996299744,69.0901947,97.83084869,64.9026947,65.02883911,1152.10144,67.6453476,275.3547058,77.73099518,1.0,0.0,0.000586188,0.000197607
2021-01-12,17:20:48,3.08239994,6.996700287,69.0901947,97.83048248,64.9017334,65.02877808,1152.103271,67.64498901,275.355957,77.73099518,1.0,0.0,0.000586188,0.000197607
2021-01-12,17:20:49,3.082600021,6.996900177,69.0901947,97.83175659,64.90167236,65.02888489,1152.099854,67.6453476,275.3547363,78.06874847,1.0,0.0,0.000586188,0.000197636
2021-01-12,17:20:50,3.08239994,6.997000122,69.0901947,97.83049774,64.90229797,65.02873993,1152.104004,67.64481354,275.3565979,78.06874847,1.0,0.0,0.000586188,0.000197636
2021-01-12,17:20:51,3.082699966,6.997000122,69.0901947,97.83017731,64.90061188,65.02882385,1152.101563,67.64498901,275.3560486,78.06874847,1.0,0.0,0.00060599,0.000197636
2021-01-12,17:20:52,3.082500076,6.997000122,69.0901947,97.8317337,64.9002533,65.02857208,1152.108887,67.64472198,275.3569336,78.06874847,1.0,0.0,0.00060599,0.000197636
2021-01-12,17:20:53,3.08239994,6.997100067,69.0901947,97.83120728,64.90075684,65.02873993,1152.104004,67.64494324,275.3559875,78.06874847,1.0,0.0,0.00060599,0.000197735
2021-01-12,17:20:54,3.082600021,6.997299957,69.0901947,97.83251953,64.90019226,65.02869415,1152.105713,67.64445496,275.3577881,78.21956635,1.0,0.0,0.00060599,0.000197735
2021-01-12,17:20:55,3.082699966,6.997200012,69.0901947,97.83192444,64.90117645,65.02874756,1152.103394,67.64490509,275.3563232,78.21956635,1.0,0.0,0.00060599,0.000197735
2021-01-12,17:20:56,3.08239994,6.997200012,69.09121704,97.83213043,64.90032959,65.02873993,1152.10437,67.64466858,275.3570862,78.21956635,1.0,0.0,0.00060599,0.000197735
2021-01-12,17:20:57,3.082500076,6.996600342,69.09121704,97.83266449,64.90112305,65.02844238,1152.112915,67.64490509,275.3561707,78.21956635,1.0,0.0,0.00060599,0.000197627
2021-01-12,17:20:58,3.082299995,6.995999908,69.09121704,97.83310699,64.90002441,65.02873993,1152.104492,67.64440918,275.3579407,78.21956635,1.0,0.0,0.00060599,0.000197566
2021-01-12,17:20:59,3.082500076,6.996499634,69.09121704,97.8338623,64.8989563,65.0286026,1152.108032,67.64427185,275.3584595,78.41934204,1.0,0.0,0.00060599,0.000197566
2021-01-12,17:21:00,3.08239994,6.997399902,69.09017181,97.83301544,64.90107727,65.02861786,1152.1073,67.64458466,275.3573608,78.41934204,1.0,0.0,0.000610653,0.000197566
2021-01-12,17:21:01,3.082600021,6.998300171,69.09017181,97.83374023,64.90045166,65.02867126,1152.106201,67.64435577,275.3581238,78.41934204,1.0,0.0,0.000610653,0.000197566
2021-01-12,17:21:02,3.082500076,6.999099731,69.09017181,97.83400726,64.89910889,65.02850342,1152.110718,67.64445496,275.3577576,78.41934204,1.0,0.0,0.000610653,0.000197566
2021-01-12,17:21:03,3.082799911,6.99980011,69.09017181,97.83287811,64.89883423,65.02873993,1152.104614,67.6441803,275.3587341,78.41934204,1.0,0.0,0.000610653,0.000197566
2021-01-12,17:21:04,3.08239994,7.000499725,69.09017181,97.83477783,64.89840698,65.02864075,1152.106689,67.64440918,275.3579712,78.56732941,1.0,0.0,0.000576802,0.000197571
2021-01-12,17:21:05,3.082600021,7.001100159,69.09017181,97.83457184,64.89811707,65.02832794,1152.115479,67.64408875,275.3591309,78.56732941,1.0,0.0,0.0005831,0.000197571
2021-01-12,17:21:06,3.082799911,7.001599884,69.09017181,97.83393097,64.8992691,65.0286026,1152.108276,67.64431,275.3582458,78.56732941,1.0,0.0,0.0005831,0.000197571
2021-01-12,17:21:07,3.082999992,7.001999664,69.09017181,97.83489227,64.89884949,65.02867126,1152.106323,67.64408875,275.3591309,78.56732941,1.0,0.0,0.0005831,0.000197571
2021-01-12,17:21:08,3.082699966,7.002500153,69.09017181,97.83569336,64.89793396,65.02864075,1152.106079,67.64395905,275.3594666,78.56732941,1.0,0.0,0.0005831,0.000197602
2021-01-12,17:21:09,3.083099937,7.002899933,69.09017181,97.83548737,64.89865875,65.02882385,1152.101807,67.64378357,275.3600464,78.74907684,1.0,0.0,0.0005831,0.000197602
2021-01-12,17:21:10,3.082900047,7.003099823,69.09017181,97.83569336,64.90011597,65.02850342,1152.110474,67.64408875,275.3591309,78.74907684,1.0,0.0,0.000588792,0.000197602
2021-01-12,17:21:11,3.083300018,7.003299713,69.09017181,97.83644104,64.89889526,65.0286026,1152.107788,67.64382172,275.3598633,78.74907684,1.0,0.0,0.000588792,0.000197602
2021-01-12,17:21:12,3.083099937,7.002300262,69.09017181,97.83542633,64.89802551,65.02857208,1152.109009,67.64356232,275.3607788,78.74907684,1.0,0.0,0.000588792,0.000197602
2021-01-12,17:21:13,3.083300018,7.001499939,69.09017181,97.83708191,64.89889526,65.02844238,1152.111938,67.64399719,275.3592834,78.74907684,1.0,0.0,0.000588792,0.000197602
2021-01-12,17:21:14,3.083099937,7.000700378,69.09017181,97.83589172,64.89775848,65.02880096,1152.102051,67.64350891,275.3610229,78.74907684,1.0,0.0,0.000588792,0.000197734
2021-01-12,17:21:15,3.083300018,7.003299713,69.08916473,97.83602905,64.89881897,65.0284729,1152.11145,67.64368439,275.3603821,78.74907684,1.0,0.0,0.000609866,0.000197598
2021-01-12,17:21:16,3.083099937,7.003600311,69.09018707,97.83626556,64.89744568,65.02867126,1152.106201,67.64356232,275.361084,78.74907684,1.0,0.0,0.000609866,0.000197731
2021-01-12,17:21:17,3.083399963,7.002400208,69.09018707,97.83618927,64.89768982,65.02873993,1152.104736,67.64391327,275.3595886,78.74907684,1.0,0.0,0.000609866,0.000197731
2021-01-12,17:21:18,3.083300018,7.002899933,69.09018707,97.83650208,64.89836121,65.02832794,1152.115356,67.64399719,275.3592834,78.74907684,1.0,0.0,0.000609866,0.000197731
2021-01-12,17:21:19,3.083600044,7.002999878,69.09018707,97.83612823,64.89868164,65.02873993,1152.104858,67.64368439,275.3603821,78.74907684,1.0,0.0,0.000621493,0.00019766
2021-01-12,17:21:20,3.08390007,7.003099823,69.09018707,97.83541107,64.89864349,65.02836609,1152.114502,67.64378357,275.3601685,78.74907684,1.0,0.0,0.000621493,0.00019766
2021-01-12,17:21:21,3.083499908,7.003199768,69.09018707,97.83734894,64.89804077,65.02850342,1152.110718,67.64350891,275.3609314,78.74907684,1.0,0.0,0.000621493,0.00019766
2021-01-12,17:21:22,3.083600044,7.003099823,69.09018707,97.83669281,64.89787292,65.02864075,1152.106445,67.64350891,275.3610535,78.74907684,1.0,0.0,0.000621493,0.00019766
2021-01-12,17:21:23,3.083699989,7.003199768,69.09018707,97.83712006,64.8968277,65.02836609,1152.114502,67.64360046,275.3607178,78.74907684,1.0,0.0,0.000621493,0.00019766
2021-01-12,17:21:24,3.083600044,7.003199768,69.09018707,97.83779907,64.89903259,65.0286026,1152.107666,67.64324188,275.3618774,78.89720154,1.0,0.0,0.000621493,0.00019766
2021-01-12,17:21:25,3.083600044,7.003299713,69.09018707,97.83714294,64.89855957,65.02844238,1152.112549,67.64309692,275.3623657,78.89720154,1.0,0.0,0.000621493,0.00019766
2021-01-12,17:21:26,3.083799934,7.003399658,69.09018707,97.83815002,64.89810181,65.02836609,1152.11438,67.64341736,275.3613281,78.89720154,1.0,0.0,0.000621493,0.00019766
2021-01-12,17:21:27,3.084000015,7.003399658,69.09018707,97.8379364,64.89768982,65.02873993,1152.10437,67.64356232,275.3608093,78.89720154,1.0,0.0,0.000621493,0.00019766
2021-01-12,17:21:28,3.08390007,7.003399658,69.09018707,97.83834076,64.89826965,65.02836609,1152.114258,67.64337921,275.3614807,78.89720154,1.0,0.0,0.000621493,0.00019766
2021-01-12,17:21:29,3.08409996,7.003500366,69.09018707,97.83896637,64.89800262,65.02825165,1152.11792,67.64373016,275.360321,78.69380188,1.0,0.0,0.000621493,0.00019766
2021-01-12,17:21:30,3.08390007,7.003500366,69.09018707,97.83855438,64.89816284,65.02832794,1152.115234,67.64319611,275.36203,78.69380188,1.0,0.0,0.000621493,0.00019766
2021-01-12,17:21:31,3.084300041,7.003500366,69.08916473,97.83938599,64.89772034,65.02835083,1152.115845,67.64305878,275.3625488,78.69380188,1.0,0.0,0.000621493,0.00019766
2021-01-12,17:21:32,3.08409996,7.003500366,69.08916473,97.83827209,64.89832306,65.02844238,1152.112427,67.64324188,275.361908,78.69380188,1.0,0.0,0.000621493,0.00019766
2021-01-12,17:21:33,3.084300041,7.003500366,69.08916473,97.83908081,64.89810181,65.02830505,1152.116821,67.6431427,275.3623962,78.69380188,1.0,0.0,0.000621493,0.00019766
2021-01-12,17:21:34,3.084000015,7.003500366,69.08916473,97.83922577,64.8975296,65.0281601,1152.119629,67.64296722,275.3627625,78.69380188,1.0,0.0,0.000621493,0.00019766
2021-01-12,17:21:35,3.084199905,7.003600311,69.08916473,97.83882141,64.89729309,65.02794647,1152.126465,67.64319611,275.3621826,78.69380188,1.0,0.0,0.000621493,0.00019766
2021-01-12,17:21:36,3.084499931,7.003500366,69.09017181,97.8394165,64.89761353,65.02822876,1152.118286,67.64305878,275.3624878,78.69380188,1.0,0.0,0.000621493,0.00019766
2021-01-12,17:21:37,3.08409996,7.003600311,69.08911896,97.83885193,64.89889526,65.0281601,1152.121094,67.64319611,275.3621521,78.69380188,1.0,0.0,0.000621493,0.00019766
2021-01-12,17:21:38,3.084499931,7.003500366,69.08911896,97.83975983,64.89753723,65.02803802,1152.123535,67.643013,275.3626099,78.69380188,1.0,0.0,0.000649288,0.00019766
2021-01-12,17:21:39,3.084300041,7.003600311,69.0901413,97.83931732,64.89851379,65.02806091,1152.123291,67.6431427,275.3622437,78.80062866,1.0,0.0,0.000649288,0.00019766
2021-01-12,17:21:40,3.084199905,7.003500366,69.0901413,97.83907318,64.89613342,65.02818298,1152.119507,67.64251709,275.3644104,78.80062866,1.0,0.0,0.000649288,0.00019766
2021-01-12,17:21:41,3.084399986,7.003500366,69.0901413,97.83931732,64.89767456,65.0278244,1152.129639,67.643013,275.3626099,78.80062866,1.0,0.0,0.000649288,0.00019766
2021-01-12,17:21:42,3.084300041,7.003399658,69.08908081,97.83995819,64.89616394,65.02800751,1152.124146,67.64260864,275.3641052,78.80062866,1.0,0.0,0.000645837,0.00019766
2021-01-12,17:21:43,3.084499931,7.003399658,69.08908081,97.84030914,64.89779663,65.02764893,1152.134888,67.64242554,275.3646545,78.80062866,1.0,0.0,0.000645837,0.000197787
2021-01-12,17:21:44,3.084399986,7.003399658,69.08908081,97.84062958,64.89813232,65.02771759,1152.132813,67.6428299,275.3633118,78.80062866,1.0,0.0,0.000645837,0.000197787
2021-01-12,17:21:45,3.084600067,7.003299713,69.08908081,97.84003448,64.89645386,65.02757263,1152.128662,67.6425705,275.3641968,78.80062866,1.0,0.0,0.000645837,0.000197621
2021-01-12,17:21:46,3.085099983,7.003299713,69.08908081,97.84048462,64.89802551,65.02789307,1152.135742,67.6428299,275.3633728,78.80062866,1.0,0.0,0.000646018,0.000197621
2021-01-12,17:21:47,3.084900093,7.003199768,69.08908081,97.84102631,64.89680481,65.02755737,1152.136963,67.64260864,275.3638916,78.80062866,1.0,0.0,0.000646018,0.000197621
2021-01-12,17:21:48,3.085099983,7.003299713,69.08908081,97.84057617,64.89637756,65.02784729,1152.128662,67.64242554,275.3645935,78.80062866,1.0,0.0,0.000634694,0.000197621
2021-01-12,17:21:49,3.084700012,7.003199768,69.08908081,97.84033203,64.89538574,65.02732849,1152.143433,67.64229584,275.3651428,79.0982132,1.0,0.0,0.000634694,0.000197621
2021-01-12,17:21:50,3.084399986,7.003099823,69.08908081,97.84069061,64.89495087,65.02764893,1152.134644,67.64221191,275.365448,79.0982132,1.0,0.0,0.000634694,0.000197536
2021-01-12,17:21:51,3.084300041,7.003099823,69.08908081,97.84059143,64.89600372,65.02740479,1152.141479,67.64215851,275.3653259,79.0982132,1.0,0.0,0.000634694,0.000197536
2021-01-12,17:21:52,3.084600067,7.003199768,69.08908081,97.84156799,64.89559174,65.02764893,1152.134521,67.6418457,275.3665771,79.0982132,1.0,0.0,0.000634694,0.000197711
2021-01-12,17:21:53,3.084399986,7.002999878,69.08908081,97.84285736,64.89642334,65.02735901,1152.142944,67.64215851,275.365509,79.0982132,1.0,0.0,0.000634694,0.000197711
2021-01-12,17:21:54,3.084700012,7.002999878,69.08908081,97.84150696,64.89552307,65.02740479,1152.142212,67.64175415,275.3667908,79.0982132,1.0,0.0,0.000634694,0.000197711
2021-01-12,17:21:55,3.084300041,7.002899933,69.08908081,97.8422699,64.89575195,65.02729034,1152.144531,67.64162445,275.3673401,79.0982132,1.0,0.0,0.000634694,0.000197711
2021-01-12,17:21:56,3.084499931,7.003099823,69.08908081,97.8425293,64.8964386,65.02701569,1152.152222,67.64202881,275.3660278,79.0982132,1.0,0.0,0.000634694,0.000197711
2021-01-12,17:21:57,3.084300041,7.002899933,69.08908081,97.84230804,64.89614868,65.02719116,1152.147095,67.64179993,275.3666992,79.0982132,1.0,0.0,0.000634694,0.000197711
2021-01-12,17:21:58,3.084700012,7.002799988,69.08908081,97.84173584,64.8946991,65.0273056,1152.143921,67.6418457,275.3668518,79.0982132,1.0,0.0,0.000634694,0.000197711
2021-01-12,17:21:59,3.084399986,7.002700043,69.08908081,97.84270477,64.89556885,65.02745819,1152.140015,67.64157104,275.3675232,79.48042297,1.0,0.0,0.000634694,0.000197711
2021-01-12,17:22:00,3.084499931,7.002799988,69.08908081,97.84310913,64.89639282,65.02705383,1152.151245,67.64131165,275.3684082,79.48042297,1.0,0.0,0.000634694,0.000197711
2021-01-12,17:22:01,3.084700012,7.002600098,69.08908081,97.84371185,64.89585876,65.0269928,1152.152954,67.64148712,275.3677673,79.48042297,1.0,0.0,0.000634694,0.000197711
2021-01-12,17:22:02,3.084499931,7.002600098,69.08908081,97.84354401,64.89563751,65.02706909,1152.150269,67.64134979,275.3682861,79.48042297,1.0,0.0,0.000634694,0.000197734
2021-01-12,17:22:03,3.084600067,7.002500153,69.08908081,97.84294891,64.89493561,65.0269928,1152.153442,67.6414032,275.3681335,79.48042297,1.0,0.0,0.000634694,0.000197734
2021-01-12,17:22:04,3.084399986,7.002400208,69.08908081,97.84403229,64.8960495,65.02682495,1152.157349,67.64148712,275.3677063,79.30941772,1.0,0.0,0.000634694,0.000197734
2021-01-12,17:22:05,3.084799957,7.002400208,69.08908081,97.84428406,64.89544678,65.02669525,1152.161255,67.64108276,275.3691711,79.30941772,1.0,0.0,0.000634694,0.000197734
2021-01-12,17:22:06,3.084600067,7.002300262,69.08799744,97.84342194,64.89605713,65.02693939,1152.154785,67.64095306,275.3696289,79.30941772,1.0,0.0,0.000634694,0.000197734
2021-01-12,17:22:07,3.084799957,7.002200317,69.08905792,97.8446579,64.8956604,65.0266571,1152.162354,67.64122009,275.3686523,79.30941772,1.0,0.0,0.000634694,0.000197734
2021-01-12,17:22:08,3.084600067,7.002100372,69.08805084,97.84564209,64.89613342,65.02674103,1152.160034,67.64085388,275.3699036,79.30941772,1.0,0.0,0.000651287,0.000197734
2021-01-12,17:22:09,3.084499931,7.002100372,69.08805084,97.84437561,64.89648438,65.02653503,1152.165283,67.64072418,275.3703613,79.30941772,1.0,0.0,0.000651287,0.000197734
2021-01-12,17:22:10,3.084600067,7.001999664,69.08805084,97.84495544,64.89544678,65.02661133,1152.167603,67.64095306,275.3695679,79.30941772,1.0,0.0,0.000651287,0.000197725
2021-01-12,17:22:11,3.084499931,7.001899719,69.08908844,97.84410095,64.89654541,65.02644348,1152.162109,67.6403656,275.371521,79.30941772,1.0,0.0,0.000644989,0.000197726
2021-01-12,17:22:12,3.084600067,7.001999664,69.08803558,97.84439087,64.89615631,65.02669525,1152.164063,67.64081573,275.3700867,79.30941772,1.0,0.0,0.000644989,0.000197726
2021-01-12,17:22:13,3.084799957,7.001899719,69.08803558,97.84571838,64.89544678,65.02633667,1152.171875,67.64054871,275.3708801,79.30941772,1.0,0.0,0.000644989,0.000197726
2021-01-12,17:22:14,3.084600067,7.001799774,69.08803558,97.84527588,64.89611816,65.02648926,1152.167358,67.64054871,275.3710938,79.30941772,1.0,0.0,0.000644989,0.000197726
2021-01-12,17:22:15,3.084799957,7.001799774,69.08803558,97.84551239,64.89600372,65.02597809,1152.181641,67.64072418,275.3703613,79.30941772,1.0,0.0,0.000644989,0.000197726
2021-01-12,17:22:16,3.084700012,7.001699829,69.08803558,97.84495544,64.89660645,65.02586365,1152.18457,67.64041138,275.3714905,79.30941772,1.0,0.0,0.000644989,0.000197726
2021-01-12,17:22:17,3.085000038,7.001599884,69.08803558,97.8446579,64.89643097,65.02600861,1152.180542,67.64045715,275.3712769,79.30941772,1.0,0.0,0.000644989,0.000197726
2021-01-12,17:22:18,3.084700012,7.001499939,69.08803558,97.84528351,64.89628601,65.02606201,1152.178955,67.63991547,275.3731079,79.30941772,1.0,0.0,0.000644989,0.000197726
2021-01-12,17:22:19,3.084600067,7.001599884,69.08803558,97.84669495,64.89710999,65.02597809,1152.181274,67.64013672,275.3723755,79.30941772,1.0,0.0,0.000683321,0.000197636
2021-01-12,17:22:20,3.084900093,7.001399994,69.08803558,97.845047,64.89613342,65.02600861,1152.179688,67.64031219,275.3717041,79.30941772,1.0,0.0,0.000673208,0.000197636
2021-01-12,17:22:21,3.084700012,7.001300049,69.08803558,97.84565735,64.8965683,65.02587891,1152.184204,67.63996124,275.3728943,79.30941772,1.0,0.0,0.000673208,0.000197636
2021-01-12,17:22:22,3.084799957,7.001300049,69.08803558,97.84593964,64.89633179,65.0260849,1152.178345,67.63960266,275.374176,79.30941772,1.0,0.0,0.000673208,0.000197636
2021-01-12,17:22:23,3.084700012,7.001200104,69.08803558,97.84566498,64.89570618,65.02586365,1152.184937,67.64009857,275.3724976,79.30941772,1.0,0.0,0.000680354,0.000197636
2021-01-12,17:22:24,3.084900093,7.001100159,69.08803558,97.84526825,64.89693451,65.02581024,1152.186157,67.63946533,275.3745422,79.30941772,1.0,0.0,0.000680354,0.000197804
2021-01-12,17:22:25,3.084700012,7.001100159,69.08803558,97.84667206,64.89665985,65.02560425,1152.191528,67.63991547,275.3731995,79.30941772,1.0,0.0,0.000680354,0.000197804
2021-01-12,17:22:26,3.084799957,7.001000214,69.08803558,97.846138,64.89579773,65.02590179,1152.18396,67.63964081,275.3739014,79.30941772,1.0,0.0,0.000680354,0.000197804
2021-01-12,17:22:27,3.084900093,7.000900269,69.08803558,97.84638977,64.89637756,65.02558899,1152.192505,67.63906097,275.375885,79.30941772,1.0,0.0,0.000680354,0.000197804
2021-01-12,17:22:28,3.084700012,7.000800323,69.08803558,97.84658813,64.89604187,65.02552032,1152.190186,67.63924408,275.3753967,79.30941772,1.0,0.0,0.000689922,0.000197674
2021-01-12,17:22:29,3.085000038,7.000700378,69.08803558,97.84708405,64.89696503,65.02545166,1152.196289,67.63893127,275.3764648,79.30941772,1.0,0.0,0.000689922,0.000197674
2021-01-12,17:22:30,3.084799957,7.000800323,69.08803558,97.84742737,64.89651489,65.02529144,1152.200073,67.63883972,275.376709,79.30941772,1.0,0.0,0.000689922,0.000197674
2021-01-12,17:22:31,3.085099983,7.00059967,69.08803558,97.84627533,64.89676666,65.02552032,1152.194092,67.6390152,275.3760986,79.30941772,1.0,0.0,0.000689922,0.00019755
2021-01-12,17:22:32,3.084700012,7.000499725,69.08692932,97.84594727,64.89605713,65.02560425,1152.191406,67.63906097,275.3762817,79.30941772,1.0,0.0,0.000670544,0.000197721
2021-01-12,17:22:33,3.085000038,7.00039978,69.08692932,97.84532166,64.89616394,65.02524567,1152.20166,67.63883972,275.3767395,79.30941772,1.0,0.0,0.000670544,0.000197721
2021-01-12,17:22:34,3.084700012,7.000499725,69.08692932,97.84624481,64.8971405,65.02549744,1152.194946,67.63874817,275.3769226,79.30941772,1.0,0.0,0.000670544,0.000197721
2021-01-12,17:22:35,3.085000038,7.000299835,69.08692932,97.84664917,64.89656067,65.02513123,1152.204956,67.63838959,275.3783264,79.30941772,1.0,0.0,0.000670544,0.000197721
2021-01-12,17:22:36,3.084799957,7.00019989,69.08692932,97.84718323,64.8961792,65.02524567,1152.202148,67.63851929,275.3778076,79.30941772,1.0,0.0,0.000670544,0.000197721
2021-01-12,17:22:37,3.085099983,7.000099945,69.08692932,97.84681702,64.89775085,65.02529144,1152.199951,67.63829803,275.3785706,79.30941772,1.0,0.0,0.000681202,0.000197721
2021-01-12,17:22:38,3.084900093,7.0,69.08692932,97.84618378,64.89657593,65.02506256,1152.206787,67.63812256,275.3792419,79.30941772,1.0,0.0,0.000681202,0.000197721
2021-01-12,17:22:39,3.085099983,6.999900055,69.08692932,97.8458786,64.89801025,65.02540588,1152.19751,67.63829803,275.37854,79.20568848,1.0,0.0,0.000681202,0.000197721
2021-01-12,17:22:40,3.085400009,7.0,69.08692932,97.84629059,64.89744568,65.02515411,1152.204346,67.63790131,275.3798523,79.20568848,1.0,0.0,0.000681202,0.000197721
2021-01-12,17:22:41,3.084900093,6.999900055,69.08692932,97.84542847,64.89674377,65.02527618,1152.201538,67.63825989,275.3786926,79.20568848,1.0,0.0,0.000681202,0.000197721
2021-01-12,17:22:42,3.084799957,6.99980011,69.08692932,97.84706116,64.89604187,65.02513123,1152.2052,67.6379776,275.3795471,79.20568848,1.0,0.0,0.000681202,0.000197721
2021-01-12,17:22:43,3.084900093,6.99980011,69.08692932,97.84590912,64.89718628,65.02506256,1152.206665,67.63829803,275.3786316,79.20568848,1.0,0.0,0.000681202,0.000197721
2021-01-12,17:22:44,3.084700012,6.999700165,69.08692932,97.84751892,64.89848328,65.02490997,1152.21106,67.63748169,275.3813171,79.30744171,1.0,0.0,0.000681202,0.000197721
2021-01-12,17:22:45,3.084900093,6.99960022,69.08692932,97.84716034,64.89751434,65.02503967,1152.20752,67.6378479,275.3800659,79.30744171,1.0,0.0,0.000681202,0.000197721
2021-01-12,17:22:46,3.084700012,6.999500275,69.08692932,97.8465271,64.89700317,65.0248642,1152.212402,67.6379776,275.3795776,79.30744171,1.0,0.0,0.000681202,0.000197721
2021-01-12,17:22:47,3.084900093,6.99940033,69.08692932,97.84625244,64.89712524,65.02508545,1152.206055,67.63766479,275.3806763,79.30744171,1.0,0.0,0.000681202,0.000197721
2021-01-12,17:22:48,3.084600067,6.99940033,69.08692932,97.84689331,64.89694214,65.02484131,1152.213257,67.63754272,275.3811646,79.30744171,1.0,0.0,0.000681202,0.000197721
2021-01-12,17:22:49,3.084700012,6.999299622,69.08692932,97.84663391,64.89668274,65.02490997,1152.211426,67.63730621,275.3818665,79.30744171,1.0,0.0,0.000681202,0.000197721
2021-01-12,17:22:50,3.084900093,6.999299622,69.08692932,97.84681702,64.89768219,65.02515411,1152.203857,67.63744354,275.3824158,79.30744171,1.0,0.0,0.000681202,0.000197721
2021-01-12,17:22:51,3.084499931,6.999199677,69.08692932,97.84716034,64.8980484,65.0248642,1152.213013,67.63766479,275.3806763,79.30744171,1.0,0.0,0.000681202,0.000197721
2021-01-12,17:22:52,3.084600067,6.999099731,69.08692932,97.84725189,64.89727783,65.02490997,1152.211182,67.6374054,275.3815918,79.30744171,1.0,0.0,0.000681202,0.000197721
2021-01-12,17:22:53,3.085000038,6.998999786,69.08692932,97.84671021,64.89785004,65.02496338,1152.213135,67.63730621,275.3817749,79.30744171,1.0,0.0,0.000681202,0.000197721
2021-01-12,17:22:54,3.084600067,6.998899841,69.08692932,97.84645844,64.8965683,65.0246582,1152.218506,67.63722992,275.3822632,79.30744171,1.0,0.0,0.000681202,0.000197721
2021-01-12,17:22:55,3.084799957,6.998799896,69.08692932,97.84806061,64.8974762,65.02484131,1152.213379,67.63692474,275.3832092,79.30744171,1.0,0.0,0.000681202,0.000197721
2021-01-12,17:22:56,3.084499931,6.998799896,69.08692932,97.84845734,64.8981781,65.02469635,1152.216919,67.63660431,275.3843689,79.30744171,1.0,0.0,0.000681202,0.000197721
2021-01-12,17:22:57,3.084700012,6.998699951,69.08692932,97.84751892,64.89787292,65.02458191,1152.219971,67.63650513,275.3840027,79.30744171,1.0,0.0,0.000681202,0.000197721
2021-01-12,17:22:58,3.084600067,6.998600006,69.08692932,97.84708405,64.89726257,65.02467346,1152.217773,67.63709259,275.3826294,79.30744171,1.0,0.0,0.000681202,0.000197721
2021-01-12,17:22:59,3.084399986,6.998500061,69.08589935,97.84764862,64.89596558,65.02456665,1152.220581,67.63677979,275.383606,79.43208313,1.0,0.0,0.000681202,0.000197721
2021-01-12,17:23:00,3.084700012,6.998400116,69.08589935,97.84844971,64.8984375,65.02487946,1152.211792,67.63664246,275.3841858,79.43208313,1.0,0.0,0.000681202,0.000197721
2021-01-12,17:23:01,3.084399986,6.998400116,69.08589935,97.84751892,64.89694214,65.02456665,1152.220703,67.63677979,275.383606,79.43208313,1.0,0.0,0.000681202,0.000197721
2021-01-12,17:23:02,3.084600067,6.998300171,69.08693695,97.84823608,64.8976593,65.0246048,1152.21936,67.63668823,275.3838806,79.43208313,1.0,0.0,0.000681202,0.000197721
2021-01-12,17:23:03,3.084399986,6.998300171,69.08693695,97.84731293,64.89771271,65.02469635,1152.216675,67.63638306,275.3850403,79.43208313,1.0,0.0,0.000681202,0.000197721
2021-01-12,17:23:04,3.084600067,6.998200226,69.08693695,97.84700012,64.89749146,65.02496338,1152.209351,67.63632965,275.3847961,79.27832031,1.0,0.0,0.000681202,0.000197721
2021-01-12,17:23:05,3.084300041,6.998200226,69.08693695,97.84793854,64.8975296,65.02510834,1152.205688,67.63674164,275.3837891,79.27832031,1.0,0.0,0.000681202,0.000197721
2021-01-12,17:23:06,3.084199905,6.998100281,69.08693695,97.84844971,64.8979187,65.02456665,1152.220581,67.63583374,275.3868713,79.27832031,1.0,0.0,0.000681202,0.000197721
2021-01-12,17:23:07,3.084499931,6.998000336,69.08693695,97.84816742,64.89813995,65.02490997,1152.211182,67.63614655,275.3857727,79.27832031,1.0,0.0,0.000681202,0.000197721
2021-01-12,17:23:08,3.084199905,6.997899628,69.08693695,97.84760284,64.89862061,65.02472687,1152.216187,67.63619232,275.3855896,79.27832031,1.0,0.0,0.000681202,0.000197721
2021-01-12,17:23:09,3.084399986,6.998000336,69.08592987,97.84719849,64.8992691,65.02481079,1152.213989,67.63583374,275.3868103,79.04598999,1.0,0.0,0.000722925,0.000197721
2021-01-12,17:23:10,3.084199905,6.997899628,69.08592987,97.84896851,64.89738464,65.02498627,1152.208984,67.63619232,275.3855896,79.04598999,1.0,0.0,0.000722925,0.000197721
2021-01-12,17:23:11,3.084600067,6.997799683,69.08592987,97.84806061,64.89826965,65.02462769,1152.218994,67.6362915,275.3858948,79.04598999,1.0,0.0,0.000722925,0.000197721
2021-01-12,17:23:12,3.08409996,6.997699738,69.08592987,97.84745026,64.89739227,65.02492523,1152.210571,67.63601685,275.386322,79.04598999,1.0,0.0,0.000722925,0.000197721
2021-01-12,17:23:13,3.084399986,6.997599792,69.08592987,97.84781647,64.89789581,65.0246582,1152.21814,67.63543701,275.3882751,79.04598999,1.0,0.0,0.000722925,0.000197721
2021-01-12,17:23:14,3.084000015,6.997599792,69.08592987,97.84831238,64.89881897,65.02456665,1152.220337,67.63574982,275.3872375,79.26317596,1.0,0.0,0.000722925,0.000197721
2021-01-12,17:23:15,3.084199905,6.997499847,69.08592987,97.84804535,64.8971405,65.02508545,1152.206543,67.63552094,275.3878784,79.26317596,1.0,0.0,0.000722925,0.000197721
2021-01-12,17:23:16,3.084300041,6.997399902,69.08592987,97.84811401,64.89775085,65.02484131,1152.213501,67.63601685,275.386322,79.26317596,1.0,0.0,0.000722925,0.000197721
2021-01-12,17:23:17,3.08390007,6.997299957,69.08592987,97.84859467,64.8980484,65.02498627,1152.208862,67.63529968,275.3886108,79.26317596,1.0,0.0,0.000722925,0.000197721
2021-01-12,17:23:18,3.084199905,6.997399902,69.08592987,97.8483963,64.89922333,65.02479553,1152.214355,67.63539124,275.3883362,79.26317596,1.0,0.0,0.000722925,0.000197721
2021-01-12,17:23:19,3.08409996,6.997299957,69.08487701,97.84771729,64.89754486,65.02494049,1152.209473,67.63529968,275.3885803,78.98709869,1.0,0.0,0.000737641,0.000197522
2021-01-12,17:23:20,3.084300041,6.997200012,69.08588409,97.84867096,64.89656067,65.02481079,1152.214355,67.63565826,275.3874512,78.98709869,1.0,0.0,0.000737641,0.000197522
2021-01-12,17:23:21,3.084199905,6.997100067,69.08588409,97.84775543,64.8984375,65.02508545,1152.206055,67.63525391,275.3888245,78.98709869,1.0,0.0,0.000737641,0.000197522
2021-01-12,17:23:22,3.084300041,6.997000122,69.08588409,97.84838867,64.89756775,65.02484131,1152.213745,67.63520813,275.388916,78.98709869,1.0,0.0,0.000745452,0.000197522
2021-01-12,17:23:23,3.08390007,6.997000122,69.08588409,97.84771729,64.89832306,65.02496338,1152.209473,67.63489532,275.3900146,78.98709869,1.0,0.0,0.000745452,0.000197522
2021-01-12,17:23:24,3.084199905,6.996800232,69.08588409,97.84790802,64.89777374,65.02503967,1152.20752,67.63539124,275.3883667,79.18901062,1.0,0.0,0.000745452,0.000197522
2021-01-12,17:23:25,3.084000015,6.996900177,69.08588409,97.8468399,64.8974762,65.02510834,1152.205444,67.63529968,275.3885803,79.18901062,1.0,0.0,0.000745452,0.000197522
2021-01-12,17:23:26,3.08409996,6.996700287,69.08588409,97.84725952,64.89878845,65.02553558,1152.193604,67.63539124,275.3881836,79.18901062,1.0,0.0,0.000745452,0.000197522
2021-01-12,17:23:27,3.084199905,6.996600342,69.08588409,97.84785461,64.89841461,65.02522278,1152.202515,67.63489532,275.3899841,79.18901062,1.0,0.0,0.000745452,0.000197522
2021-01-12,17:23:28,3.084000015,6.996700287,69.08588409,97.84842682,64.89826965,65.02531433,1152.199829,67.63520813,275.3890991,79.18901062,1.0,0.0,0.000715174,0.000197626
2021-01-12,17:23:29,3.08409996,6.996600342,69.08588409,97.84779358,64.89890289,65.02529144,1152.198853,67.63471985,275.3907166,79.18901062,1.0,0.0,0.000715174,0.000197626
2021-01-12,17:23:30,3.084000015,6.996499634,69.08588409,97.84759521,64.8964386,65.02513123,1152.205322,67.63516235,275.3891296,79.18901062,1.0,0.0,0.000715174,0.000197626
2021-01-12,17:23:31,3.08390007,6.996499634,69.08588409,97.848526,64.89840698,65.02529144,1152.200806,67.63484955,275.3902588,79.18901062,1.0,0.0,0.000715174,0.000197626
2021-01-12,17:23:32,3.08409996,6.996399689,69.08588409,97.84814453,64.89764404,65.02547455,1152.19519,67.63471985,275.3898315,79.18901062,1.0,0.0,0.000715174,0.000197626
2021-01-12,17:23:33,3.08390007,6.996399689,69.08486176,97.84713745,64.89670563,65.02532959,1152.199219,67.63489532,275.390686,79.18901062,1.0,0.0,0.000715174,0.000197626
2021-01-12,17:23:34,3.08409996,6.996299744,69.08586884,97.84816742,64.89813995,65.02545166,1152.196289,67.63534546,275.3885193,79.45565796,1.0,0.0,0.000715174,0.000197626
2021-01-12,17:23:35,3.083799934,6.996199799,69.08586884,97.8478241,64.89771271,65.02537537,1152.197754,67.63489532,275.3901367,79.45565796,1.0,0.0,0.000715174,0.000197592
2021-01-12,17:23:36,3.084199905,6.996099854,69.08586884,97.84737396,64.89706421,65.02555847,1152.193115,67.63480377,275.3898315,79.45565796,1.0,0.0,0.000715174,0.000197592
2021-01-12,17:23:37,3.083799934,6.996099854,69.08586884,97.84799194,64.89775085,65.02540588,1152.19751,67.63489532,275.3899841,79.45565796,1.0,0.0,0.000715174,0.000197592
2021-01-12,17:23:38,3.08390007,6.995999908,69.08586884,97.84788513,64.89832306,65.02567291,1152.189575,67.63452911,275.3912964,79.45565796,1.0,0.0,0.000715174,0.000197592
2021-01-12,17:23:39,3.083799934,6.995899963,69.08483887,97.8480072,64.89720917,65.02581024,1152.185669,67.63489532,275.3899536,79.27268982,1.0,0.0,0.000700217,0.000197592
2021-01-12,17:23:40,3.084000015,6.995899963,69.08483887,97.84766388,64.89692688,65.02586365,1152.187012,67.63507843,275.3894348,79.27268982,1.0,0.0,0.000700217,0.000197592
2021-01-12,17:23:41,3.083799934,6.995800018,69.08483887,97.84809875,64.89772034,65.02565002,1152.19043,67.63430786,275.3920593,79.27268982,1.0,0.0,0.000700217,0.000197592
2021-01-12,17:23:42,3.08409996,6.995800018,69.08483887,97.84751892,64.89683533,65.02571869,1152.188477,67.63413239,275.3926697,79.27268982,1.0,0.0,0.000700217,0.000197592
2021-01-12,17:23:43,3.083699989,6.995700073,69.08483887,97.84885406,64.89726257,65.02565002,1152.190186,67.63466644,275.3907776,79.27268982,1.0,0.0,0.000700217,0.000197592
2021-01-12,17:23:44,3.08390007,6.995600128,69.08483887,97.84870148,64.89750671,65.02587891,1152.184082,67.6346283,275.3909912,79.40968323,1.0,0.0,0.000700217,0.000197592
2021-01-12,17:23:45,3.083699989,6.995500183,69.08483887,97.84886169,64.89709473,65.02567291,1152.189575,67.63471985,275.3907166,79.40968323,1.0,0.0,0.000700217,0.000197592
2021-01-12,17:23:46,3.083799934,6.995400238,69.08483887,97.84803772,64.89672089,65.02576447,1152.18689,67.63449097,275.3914795,79.40968323,1.0,0.0,0.000700217,0.000197592
2021-01-12,17:23:47,3.08390007,6.995400238,69.08483887,97.84840393,64.89842987,65.0256958,1152.188965,67.63480377,275.3902893,79.40968323,1.0,0.0,0.000700217,0.000197592
2021-01-12,17:23:48,3.083699989,6.995300293,69.08483887,97.84913635,64.89881897,65.02598572,1152.18103,67.63426208,275.3922424,79.40968323,1.0,0.0,0.000700217,0.000197592
2021-01-12,17:23:49,3.084000015,6.995300293,69.08483887,97.84877777,64.89720154,65.02573395,1152.187866,67.63452911,275.3912659,79.40968323,1.0,0.0,0.000700217,0.000197592
2021-01-12,17:23:50,3.083699989,6.995200348,69.08483887,97.84905243,64.89767456,65.02592468,1152.182617,67.63489532,275.3900146,79.40968323,1.0,0.0,0.000700217,0.000197592
2021-01-12,17:23:51,3.08390007,6.99509964,69.08483887,97.84803009,64.89618683,65.02573395,1152.188232,67.63413239,275.3925781,79.40968323,1.0,0.0,0.000700217,0.000197592
2021-01-12,17:23:52,3.083600044,6.995300293,69.08483887,97.84931946,64.89823151,65.02610779,1152.17749,67.63422394,275.3922729,79.40968323,1.0,0.0,0.000700217,0.000197592
2021-01-12,17:23:53,3.083799934,6.995200348,69.08483887,97.84809113,64.89759827,65.02594757,1152.181763,67.63430786,275.3920288,79.40968323,1.0,0.0,0.000700217,0.000197592
2021-01-12,17:23:54,3.083499908,6.995200348,69.08483887,97.84926605,64.89814758,65.02586365,1152.184814,67.63449097,275.3913879,79.40968323,1.0,0.0,0.000700217,0.000197592
2021-01-12,17:23:55,3.083699989,6.99509964,69.08374786,97.84869385,64.89785767,65.02622223,1152.174438,67.63417816,275.3924561,79.40968323,1.0,0.0,0.000779182,0.000197592
2021-01-12,17:23:56,3.083399963,6.994999695,69.08374786,97.84784698,64.8973999,65.02603912,1152.179321,67.63385773,275.3935547,79.40968323,1.0,0.0,0.000779182,0.000197592
2021-01-12,17:23:57,3.083600044,6.99509964,69.08374786,97.84922791,64.89816284,65.02624512,1152.173706,67.63430786,275.3921204,79.40968323,1.0,0.0,0.000779182,0.000197588
2021-01-12,17:23:58,3.083399963,6.99489975,69.08374786,97.84889984,64.89862823,65.02619171,1152.175171,67.63458252,275.3911743,79.40968323,1.0,0.0,0.000761742,0.000197588
2021-01-12,17:23:59,3.083799934,6.994799805,69.08476257,97.84926605,64.89716339,65.02648926,1152.166382,67.63399506,275.3930969,79.40968323,1.0,0.0,0.000761742,0.000197588
2021-01-12,17:24:00,3.083300018,6.994799805,69.08476257,97.84857941,64.89788055,65.02642059,1152.168579,67.63417816,275.3924255,79.40968323,1.0,0.0,0.000766587,0.000197699
2021-01-12,17:24:01,3.083499908,6.99469986,69.08476257,97.84894562,64.89874268,65.02635193,1152.170898,67.63435364,275.3918152,79.40968323,1.0,0.0,0.000766587,0.000197699
2021-01-12,17:24:02,3.083300018,6.994799805,69.08476257,97.84841156,64.89796448,65.02630615,1152.169312,67.63417816,275.3924255,79.40968323,1.0,0.0,0.000766587,0.000197699
2021-01-12,17:24:03,3.083399963,6.994599915,69.08374786,97.84944916,64.89730835,65.02642059,1152.171143,67.63413239,275.3925781,79.40968323,1.0,0.0,0.000765376,0.000197699
2021-01-12,17:24:04,3.083300018,6.994599915,69.08374786,97.84885406,64.89848328,65.02624512,1152.173706,67.63385773,275.3935547,79.51377869,1.0,0.0,0.000765376,0.000197699
2021-01-12,17:24:05,3.083200073,6.994499969,69.08374786,97.84793091,64.89891052,65.02648926,1152.167358,67.63413239,275.3926086,79.51377869,1.0,0.0,0.000765376,0.000197699
2021-01-12,17:24:06,3.083099937,6.994599915,69.08374786,97.84959412,64.89698029,65.0269165,1152.155273,67.63394928,275.3931885,79.51377869,1.0,0.0,0.000765376,0.000197699
2021-01-12,17:24:07,3.082999992,6.994400024,69.08374786,97.84888458,64.89871216,65.0266571,1152.162109,67.63408661,275.3927307,79.51377869,1.0,0.0,0.000765376,0.000197699
2021-01-12,17:24:08,3.083300018,6.994499969,69.08374786,97.84860992,64.89932251,65.02671814,1152.160645,67.63373566,275.3938904,79.51377869,1.0,0.0,0.000765376,0.000197699
2021-01-12,17:24:09,3.082999992,6.994300079,69.08374786,97.84912109,64.89694214,65.02687073,1152.156006,67.63363647,275.3943481,79.39466095,1.0,0.0,0.000765376,0.000197699
2021-01-12,17:24:10,3.083099937,6.994200134,69.08374786,97.84830475,64.89844513,65.02655792,1152.164673,67.63399506,275.3930969,79.39466095,1.0,0.0,0.000765376,0.000197699
2021-01-12,17:24:11,3.083399963,6.994200134,69.08374786,97.84893036,64.89884949,65.02687073,1152.156372,67.6335907,275.3944702,79.39466095,1.0,0.0,0.000765376,0.000197699
2021-01-12,17:24:12,3.082999992,6.994100189,69.0827179,97.84835815,64.89767456,65.02674103,1152.160156,67.63422394,275.3923645,79.39466095,1.0,0.0,0.000765376,0.000197699
2021-01-12,17:24:13,3.083200073,6.994200134,69.08372498,97.84872437,64.89836121,65.02687073,1152.156006,67.63385773,275.3935547,79.39466095,1.0,0.0,0.000765376,0.000197699
2021-01-12,17:24:14,3.082999992,6.994000244,69.08372498,97.84905243,64.89916992,65.02721405,1152.146851,67.63417816,275.3924561,79.39466095,1.0,0.0,0.000765376,0.000197699
2021-01-12,17:24:15,3.083200073,6.994100189,69.08372498,97.84923553,64.89813995,65.0269928,1152.153076,67.63394928,275.3931885,79.39466095,1.0,0.0,0.000765376,0.000197699
2021-01-12,17:24:16,3.082900047,6.993900299,69.08372498,97.8494873,64.89746094,65.02715302,1152.148438,67.63399506,275.3933105,79.39466095,1.0,0.0,0.000765376,0.000197699
2021-01-12,17:24:17,3.083099937,6.993900299,69.0827179,97.84889221,64.89942932,65.02693939,1152.154663,67.63426208,275.3921814,79.39466095,1.0,0.0,0.000782392,0.000197699
2021-01-12,17:24:18,3.083200073,6.993900299,69.0827179,97.84894562,64.89813232,65.02705383,1152.151489,67.63394928,275.39328,79.39466095,1.0,0.0,0.000782392,0.000197699
2021-01-12,17:24:19,3.083099937,6.993800354,69.0827179,97.84991455,64.89852142,65.02745819,1152.139893,67.63373566,275.3938599,79.39466095,1.0,0.0,0.000782392,0.000197699
2021-01-12,17:24:20,3.082900047,6.993800354,69.0827179,97.85032654,64.89875793,65.02705383,1152.151489,67.63404083,275.3929138,79.39466095,1.0,0.0,0.000782392,0.000197699
2021-01-12,17:24:21,3.082799911,6.993699646,69.08382416,97.84896851,64.89844513,65.02703857,1152.150513,67.63430786,275.3920593,79.39466095,1.0,0.0,0.000782392,0.000197699
2021-01-12,17:24:22,3.082900047,6.993599701,69.08382416,97.84971619,64.89770508,65.02706909,1152.151489,67.63373566,275.3938904,79.39466095,1.0,0.0,0.000782392,0.000197699
2021-01-12,17:24:23,3.082699966,6.993599701,69.08280182,97.84909821,64.8994751,65.02719116,1152.147461,67.63413239,275.3926086,79.39466095,1.0,0.0,0.000782392,0.000197699
2021-01-12,17:24:24,3.082799911,6.993499756,69.08280182,97.84858704,64.89768982,65.0274353,1152.140503,67.63399506,275.3930054,79.19451904,1.0,0.0,0.000782392,0.000197699
2021-01-12,17:24:25,3.082600021,6.993399811,69.08280182,97.84925842,64.89692688,65.02725983,1152.14502,67.63373566,275.3940125,79.19451904,1.0,0.0,0.000782392,0.000197699
2021-01-12,17:24:26,3.082900047,6.993499756,69.08280182,97.84873199,64.89801025,65.0273819,1152.1427,67.63413239,275.3925781,79.19451904,1.0,0.0,0.000782392,0.000197699
2021-01-12,17:24:27,3.082600021,6.993399811,69.08280182,97.84920502,64.89759827,65.02740479,1152.141479,67.63373566,275.394043,79.19451904,1.0,0.0,0.000782392,0.000197699
2021-01-12,17:24:28,3.082600021,6.993499756,69.08280182,97.84966278,64.89841461,65.0274353,1152.1427,67.63381958,275.3936157,79.19451904,1.0,0.0,0.000782392,0.000197699
2021-01-12,17:24:29,3.082699966,6.993299866,69.08280182,97.84942627,64.89785767,65.02794647,1152.126709,67.63367462,275.3942261,79.45252228,1.0,0.0,0.000782392,0.000197699
2021-01-12,17:24:30,3.082500076,6.993199921,69.08280182,97.84894562,64.89775085,65.02750397,1152.138428,67.63391113,275.3934021,79.45252228,1.0,0.0,0.000782392,0.000197654
2021-01-12,17:24:31,3.082799911,6.993299866,69.08174133,97.8497467,64.89891052,65.02759552,1152.135864,67.63422394,275.3923645,79.45252228,1.0,0.0,0.000782392,0.000197654
2021-01-12,17:24:32,3.082500076,6.993099976,69.0827713,97.84913635,64.89840698,65.02748108,1152.13916,67.63373566,275.3938599,79.45252228,1.0,0.0,0.000782392,0.000197654
2021-01-12,17:24:33,3.082699966,6.993199921,69.0827713,97.8493042,64.8971405,65.0276947,1152.133667,67.6335907,275.3945007,79.45252228,1.0,0.0,0.000782392,0.000197654
2021-01-12,17:24:34,3.082600021,6.993000031,69.0827713,97.84980011,64.89785004,65.02789307,1152.12793,67.63385773,275.3934631,79.58454895,1.0,0.0,0.000782392,0.000197654
2021-01-12,17:24:35,3.08239994,6.993000031,69.0827713,97.84937286,64.89840698,65.02767181,1152.133911,67.63349915,275.3947144,79.58454895,1.0,0.0,0.000782392,0.000197654
2021-01-12,17:24:36,3.082500076,6.992900085,69.0827713,97.84883881,64.89790344,65.02796173,1152.125854,67.63394928,275.393219,79.58454895,1.0,0.0,0.000782392,0.000197654
2021-01-12,17:24:37,3.08239994,6.992900085,69.0827713,97.84909058,64.89720154,65.02787018,1152.128418,67.63341522,275.394928,79.58454895,1.0,0.0,0.000782392,0.000197654
2021-01-12,17:24:38,3.082600021,6.992900085,69.08175659,97.84831238,64.8991394,65.02792358,1152.126343,67.63404083,275.3928223,79.58454895,1.0,0.0,0.000804495,0.000197654
2021-01-12,17:24:39,3.082299995,6.99280014,69.08175659,97.84851837,64.89871216,65.0282135,1152.118896,67.6335907,275.3944702,79.26144409,1.0,0.0,0.000804495,0.000197654
2021-01-12,17:24:40,3.082500076,6.992700195,69.08175659,97.8495636,64.89806366,65.02812195,1152.121826,67.63373566,275.3939209,79.26144409,1.0,0.0,0.000804495,0.000197654
2021-01-12,17:24:41,3.082299995,6.99260025,69.08175659,97.84905243,64.89777374,65.02828217,1152.117065,67.63381958,275.3936157,79.26144409,1.0,0.0,0.000804495,0.000197654
2021-01-12,17:24:42,3.082500076,6.992700195,69.08175659,97.85069275,64.89850616,65.02813721,1152.120972,67.63394928,275.3941956,79.26144409,1.0,0.0,0.000804495,0.000197654
2021-01-12,17:24:43,3.082699966,6.992500305,69.08175659,97.85025024,64.89941406,65.02809143,1152.12207,67.63404083,275.3929138,79.26144409,1.0,0.0,0.000804495,0.000197654
2021-01-12,17:24:44,3.082500076,6.99260025,69.08074951,97.84954071,64.89809418,65.02832794,1152.115479,67.6335907,275.3944092,79.43648529,1.0,0.0,0.000804495,0.000197638
2021-01-12,17:24:45,3.08220005,6.992500305,69.08175659,97.8503418,64.89936829,65.02822876,1152.118286,67.63373566,275.3940125,79.43648529,1.0,0.0,0.000804495,0.000197638
2021-01-12,17:24:46,3.082500076,6.99240036,69.08175659,97.84946442,64.89807129,65.02844238,1152.111938,67.63363647,275.3937378,79.43648529,1.0,0.0,0.000804495,0.000197638
2021-01-12,17:24:47,3.082099915,6.992500305,69.08175659,97.84983826,64.89897156,65.0286026,1152.108154,67.63399506,275.3945923,79.43648529,1.0,0.0,0.000804495,0.000197638
2021-01-12,17:24:48,3.082299995,6.99240036,69.08175659,97.8500061,64.89871216,65.02832794,1152.115479,67.63430786,275.3920898,79.43648529,1.0,0.0,0.000804495,0.000197638
2021-01-12,17:24:49,3.081999969,6.992299652,69.08175659,97.84967041,64.89920044,65.02864075,1152.106567,67.63381958,275.3936157,79.29006195,1.0,0.0,0.000804495,0.000197638
2021-01-12,17:24:50,3.082099915,6.993599701,69.08175659,97.85038757,64.89781189,65.0284729,1152.111572,67.63349915,275.3947144,79.29006195,1.0,0.0,0.000804495,0.000197638
2021-01-12,17:24:51,3.08220005,6.997100067,69.08175659,97.84993744,64.89883423,65.02857208,1152.108765,67.63404083,275.3929138,79.29006195,1.0,0.0,0.000804495,0.000197638
2021-01-12,17:24:52,3.082099915,7.000299835,69.08175659,97.85040283,64.89820862,65.02861786,1152.110229,67.63363647,275.3942871,79.29006195,1.0,0.0,0.000804495,0.000197891
2021-01-12,17:24:53,3.082299995,7.002500153,69.08175659,97.84955597,64.8995285,65.02877808,1152.103027,67.63408661,275.3927612,79.29006195,1.0,0.0,0.000804495,0.000197891
2021-01-12,17:24:54,3.082099915,7.002899933,69.08175659,97.85067749,64.89901733,65.02905273,1152.095215,67.63399506,275.3931274,79.29006195,1.0,0.0,0.000804495,0.000197654
2021-01-12,17:24:55,3.082299995,7.003099823,69.08175659,97.84977722,64.89795685,65.02895355,1152.097656,67.63408661,275.3927002,79.29006195,1.0,0.0,0.000804495,0.000197654
2021-01-12,17:24:56,3.082500076,7.003299713,69.08175659,97.8493042,64.89783478,65.02923584,1152.090454,67.63373566,275.394043,79.29006195,1.0,0.0,0.000804495,0.000197654
2021-01-12,17:24:57,3.082299995,7.003500366,69.08175659,97.85088348,64.89847565,65.02905273,1152.095947,67.63399506,275.3929443,79.29006195,1.0,0.0,0.000804495,0.000197654
2021-01-12,17:24:58,3.082600021,7.003800201,69.08175659,97.84914398,64.89811707,65.02927399,1152.088989,67.63413239,275.3934021,79.29006195,1.0,0.0,0.000804495,0.000197654
2021-01-12,17:24:59,3.082500076,7.003900146,69.08175659,97.84967041,64.8977356,65.02940369,1152.085449,67.63363647,275.3942871,79.4978714,1.0,0.0,0.000804495,0.000197654
2021-01-12,17:25:00,3.082799911,7.004000092,69.08175659,97.85073853,64.89836121,65.02958679,1152.080444,67.63385773,275.3935547,79.4978714,1.0,0.0,0.000804495,0.000197776
2021-01-12,17:25:01,3.082900047,7.004199982,69.08175659,97.85035706,64.89825439,65.02970123,1152.077271,67.63394928,275.3939209,79.4978714,1.0,0.0,0.000804495,0.000197776
2021-01-12,17:25:02,3.082999992,7.004299927,69.08074188,97.85105896,64.89912415,65.03005981,1152.067017,67.63417816,275.3924866,79.4978714,1.0,0.0,0.000804495,0.000197776
2021-01-12,17:25:03,3.082900047,7.004399872,69.08177948,97.85021973,64.89936829,65.02980042,1152.075073,67.63394928,275.3932495,79.4978714,1.0,0.0,0.000804495,0.000197776
2021-01-12,17:25:04,3.083300018,7.004599762,69.08071136,97.85070801,64.89875793,65.030159,1152.064575,67.63373566,275.3939209,79.25059509,1.0,0.0,0.000804495,0.000197776
2021-01-12,17:25:05,3.083399963,7.004699707,69.08071136,97.85017395,64.89988708,65.03020477,1152.063477,67.63413239,275.3926086,79.25059509,1.0,0.0,0.000804495,0.000197776
2021-01-12,17:25:06,3.083499908,7.004799652,69.08071136,97.85002899,64.89876556,65.03029633,1152.060791,67.63452911,275.3913574,79.25059509,1.0,0.0,0.000804495,0.000197776
2021-01-12,17:25:07,3.083200073,7.004799652,69.08071136,97.85071564,64.90048981,65.03050232,1152.05481,67.6346283,275.3909302,79.25059509,1.0,0.0,0.000804495,0.000197776
2021-01-12,17:25:08,3.083600044,7.00490036,69.08071136,97.84981537,64.89949036,65.03057861,1152.052856,67.63489532,275.3900452,79.25059509,1.0,0.0,0.000804495,0.000197776
2021-01-12,17:25:09,3.083499908,7.00490036,69.08071136,97.84998322,64.89982605,65.03071594,1152.048218,67.63539124,275.3884277,75.85308075,1.0,0.0,0.000832048,0.000197776
2021-01-12,17:25:10,3.083699989,7.005000305,69.08071136,97.85036469,64.89963531,65.03084564,1152.04541,67.63502502,275.3895264,75.85308075,1.0,0.0,0.000828354,0.000197776
2021-01-12,17:25:11,3.083799934,7.005000305,69.08071136,97.85061646,64.90027618,65.03076935,1152.047363,67.63529968,275.3887024,75.85308075,1.0,0.0,0.000828354,0.000197776
2021-01-12,17:25:12,3.084000015,7.005000305,69.08171844,97.85115814,64.89942932,65.03104401,1152.039429,67.63570404,275.3873596,75.85308075,1.0,0.0,0.000828354,0.000197776
2021-01-12,17:25:13,3.083699989,7.00510025,69.08067322,97.84959412,64.89968109,65.03132629,1152.031616,67.63520813,275.388916,75.85308075,1.0,0.0,0.000828354,0.000197776
2021-01-12,17:25:14,3.084000015,7.005000305,69.08067322,97.85086823,64.89923859,65.03141785,1152.029297,67.63547516,275.388031,75.72012329,1.0,0.0,0.000828354,0.000197776
2021-01-12,17:25:15,3.083799934,7.00510025,69.08067322,97.84962463,64.89955902,65.03119659,1152.035034,67.63570404,275.3874207,75.72012329,1.0,0.0,0.000828354,0.000197776
2021-01-12,17:25:16,3.084199905,7.005000305,69.08067322,97.85038757,64.8977356,65.03157806,1152.024292,67.63547516,275.3881531,75.72012329,1.0,0.0,0.000831625,0.000197776
2021-01-12,17:25:17,3.083799934,7.00510025,69.08067322,97.84973145,64.89736938,65.03171539,1152.02063,67.6361084,275.3860779,75.72012329,1.0,0.0,0.000831625,0.000197776
2021-01-12,17:25:18,3.084300041,7.005000305,69.0817337,97.8502655,64.89692688,65.03186035,1152.017334,67.63543701,275.3882446,75.72012329,1.0,0.0,0.000812973,0.000197776
2021-01-12,17:25:19,3.08409996,7.005000305,69.0817337,97.85015106,64.89621735,65.03202057,1152.012451,67.63597107,275.3864136,75.97787476,1.0,0.0,0.000812973,0.000197776
2021-01-12,17:25:20,3.084199905,7.00490036,69.08071136,97.8507843,64.89666748,65.03160858,1152.023438,67.6362915,275.3853149,75.97787476,1.0,0.0,0.000812973,0.000197776
2021-01-12,17:25:21,3.08409996,7.00490036,69.08071136,97.84990692,64.8944397,65.03202057,1152.011353,67.63656616,275.3844299,75.97787476,1.0,0.0,0.000812973,0.000197776
2021-01-12,17:25:22,3.084300041,7.004799652,69.08071136,97.84996796,64.89401245,65.0322113,1152.006592,67.63614655,275.3858337,75.97787476,1.0,0.0,0.000812973,0.000197776
2021-01-12,17:25:23,3.084499931,7.004699707,69.08071136,97.85045624,64.89294434,65.0322876,1152.008423,67.63664246,275.3842468,75.97787476,1.0,0.0,0.000812973,0.000197776
2021-01-12,17:25:24,3.084300041,7.004799652,69.08071136,97.85098267,64.89202881,65.03239441,1152.001587,67.6364212,275.3848267,76.59688568,1.0,0.0,0.000812973,0.000197776
2021-01-12,17:25:25,3.084399986,7.004599762,69.08071136,97.8498764,64.89234924,65.03224182,1152.006226,67.63614655,275.3858032,76.59688568,1.0,0.0,0.000812973,0.000197776
2021-01-12,17:25:26,3.084499931,7.004499817,69.08071136,97.85037231,64.89112854,65.03262329,1151.995972,67.63660431,275.3843689,76.59688568,1.0,0.0,0.000812973,0.000197776
2021-01-12,17:25:27,3.084700012,7.004399872,69.08071136,97.85149384,64.89022827,65.03250885,1151.998413,67.6364212,275.3847961,76.59688568,1.0,0.0,0.000812973,0.000197776
2021-01-12,17:25:28,3.084600067,7.004299927,69.08071136,97.85032654,64.89091492,65.03262329,1151.995361,67.6362915,275.3854065,76.59688568,1.0,0.0,0.000812973,0.000197776
2021-01-12,17:25:29,3.084799957,7.004199982,69.08071136,97.85120392,64.89015961,65.0327301,1151.992554,67.63692474,275.3833008,76.8885498,1.0,0.0,0.000812973,0.000197776
2021-01-12,17:25:30,3.084600067,7.004299927,69.08071136,97.85137177,64.88973999,65.03248596,1151.998779,67.63668823,275.3839111,76.8885498,1.0,0.0,0.000812973,0.000197776
2021-01-12,17:25:31,3.084799957,7.004199982,69.08071136,97.85101318,64.88916779,65.03308105,1151.983765,67.63674164,275.3842163,76.8885498,1.0,0.0,0.000812973,0.000197776
2021-01-12,17:25:32,3.084600067,7.004100037,69.07970428,97.85042572,64.88868713,65.03314209,1151.981323,67.63700104,275.3829041,76.8885498,1.0,0.0,0.000812973,0.000197776
2021-01-12,17:25:33,3.084799957,7.004000092,69.08071136,97.85152435,64.88718414,65.03284454,1151.989014,67.63709259,275.3825989,76.8885498,1.0,0.0,0.000812973,0.000197776
2021-01-12,17:25:34,3.084600067,7.003900146,69.0796814,97.85075378,64.8890686,65.0331192,1151.981934,67.63718414,275.3824158,77.28720093,1.0,0.0,0.000826296,0.000197776
2021-01-12,17:25:35,3.084900093,7.003800201,69.0796814,97.85133362,64.88739777,65.03308105,1151.98291,67.63726807,275.3819275,77.28720093,1.0,0.0,0.000826296,0.000197776
2021-01-12,17:25:36,3.084700012,7.003700256,69.0796814,97.85147858,64.8875885,65.03295898,1151.985962,67.63692474,275.3832092,77.28720093,1.0,0.0,0.000826296,0.000197776
2021-01-12,17:25:37,3.084900093,7.003700256,69.0796814,97.85090637,64.88642883,65.03330231,1151.976563,67.63730621,275.3817749,77.28720093,1.0,0.0,0.000826296,0.000197776
2021-01-12,17:25:38,3.084700012,7.003500366,69.0796814,97.85103607,64.88716125,65.03295898,1151.986084,67.63754272,275.381134,77.28720093,1.0,0.0,0.000809097,0.000197776
2021-01-12,17:25:39,3.084600067,7.003399658,69.0796814,97.85051727,64.88495636,65.03327942,1151.977173,67.63718414,275.3823853,77.6007843,1.0,0.0,0.000809097,0.000197776
2021-01-12,17:25:40,3.084799957,7.003299713,69.0796814,97.85080719,64.88443756,65.03321075,1151.979614,67.63744354,275.3814087,77.6007843,1.0,0.0,0.000809097,0.000197776
2021-01-12,17:25:41,3.084600067,7.003199768,69.0796814,97.85018158,64.88638306,65.03305817,1151.983887,67.63766479,275.3806763,77.6007843,1.0,0.0,0.000809097,0.000197776
2021-01-12,17:25:42,3.084900093,7.003299713,69.0796814,97.84981537,64.88426208,65.03327942,1151.977539,67.6378479,275.3800049,77.6007843,1.0,0.0,0.000809097,0.000197776
2021-01-12,17:25:43,3.084799957,7.002999878,69.0796814,97.85032654,64.88516998,65.03355408,1151.96936,67.63735199,275.3817444,77.6007843,1.0,0.0,0.000809097,0.000197776
2021-01-12,17:25:44,3.084900093,7.002899933,69.0796814,97.85061646,64.88484192,65.03361511,1151.968018,67.63718414,275.3824158,77.6007843,1.0,0.0,0.000809097,0.000197776
2021-01-12,17:25:45,3.084799957,7.002799988,69.0796814,97.85011292,64.88354492,65.03334045,1151.975952,67.63766479,275.3807068,77.6007843,1.0,0.0,0.000809097,0.000197776
2021-01-12,17:25:46,3.085000038,7.002600098,69.0796814,97.85075378,64.88314819,65.03316498,1151.980469,67.6375885,275.3810425,77.6007843,1.0,0.0,0.000814184,0.000197776
2021-01-12,17:25:47,3.084799957,7.002600098,69.0796814,97.85061646,64.88471222,65.0331192,1151.981812,67.63744354,275.3814697,77.6007843,1.0,0.0,0.000814184,0.000197776
2021-01-12,17:25:48,3.085000038,7.002400208,69.0796814,97.85002136,64.88316345,65.03337097,1151.974731,67.6378479,275.380127,77.6007843,1.0,0.0,0.000814184,0.000197776
2021-01-12,17:25:49,3.084700012,7.002300262,69.0796814,97.84960938,64.88244629,65.0331192,1151.981934,67.63754272,275.3811951,78.00751495,1.0,0.0,0.000814184,0.000197776
2021-01-12,17:25:50,3.085000038,7.002200317,69.07865143,97.85072327,64.88418579,65.0333252,1151.976074,67.63776398,275.3804016,78.00751495,1.0,0.0,0.000814184,0.000197776
2021-01-12,17:25:51,3.084799957,7.002100372,69.07967377,97.85044861,64.88290405,65.03322601,1151.978394,67.63790131,275.3798523,78.00751495,1.0,0.0,0.000814184,0.000197776
2021-01-12,17:25:52,3.085199928,7.001999664,69.07865906,97.85022736,64.88388824,65.03334045,1151.975586,67.6375885,275.3809814,78.00751495,1.0,0.0,0.000814184,0.000197776
2021-01-12,17:25:53,3.084799957,7.001899719,69.07865906,97.8505249,64.88256836,65.03341675,1151.973511,67.63766479,275.3806763,78.00751495,1.0,0.0,0.000814184,0.000197776
2021-01-12,17:25:54,3.084900093,7.001699829,69.07865906,97.85094452,64.88150024,65.03355408,1151.969849,67.6378479,275.3799133,78.00751495,1.0,0.0,0.000814184,0.000197776
2021-01-12,17:25:55,3.084799957,7.001699829,69.07865906,97.85067749,64.88233185,65.03322601,1151.978882,67.63718414,275.3823547,78.00751495,1.0,0.0,0.000814184,0.000197776
2021-01-12,17:25:56,3.085000038,7.001499939,69.07865906,97.84980011,64.88154602,65.03337097,1151.975098,67.6374054,275.3815613,78.00751495,1.0,0.0,0.00080171,0.000197723
2021-01-12,17:25:57,3.084600067,7.001399994,69.07865906,97.85045624,64.8812027,65.03322601,1151.979248,67.63754272,275.3811035,78.00751495,1.0,0.0,0.00080171,0.000197723
2021-01-12,17:25:58,3.084499931,7.001599884,69.07865906,97.84931183,64.88034058,65.0333252,1151.976074,67.63744354,275.3814087,78.00751495,1.0,0.0,0.00080171,0.000197723
2021-01-12,17:25:59,3.084700012,7.001499939,69.07865906,97.85054779,64.88201904,65.03303528,1151.984619,67.63735199,275.3817139,78.16732788,1.0,0.0,0.00080171,0.000197612
2021-01-12,17:26:00,3.084499931,7.001300049,69.07865906,97.85103607,64.8809967,65.03308105,1151.983276,67.63726807,275.3819275,78.16732788,1.0,0.0,0.00080171,0.000197612
2021-01-12,17:26:01,3.084700012,7.001200104,69.07865906,97.84919739,64.88179779,65.03292084,1151.987305,67.63754272,275.3812256,78.16732788,1.0,0.0,0.00080171,0.000197612
2021-01-12,17:26:02,3.084600067,7.001100159,69.07865906,97.85074615,64.88056183,65.03266907,1151.993896,67.63687134,275.3833618,78.16732788,1.0,0.0,0.00080171,0.000197612
2021-01-12,17:26:03,3.084700012,7.000900269,69.07865906,97.85108948,64.8815918,65.0329895,1151.985352,67.63718414,275.3823242,78.16732788,1.0,0.0,0.00080171,0.000197612
2021-01-12,17:26:04,3.084499931,7.000800323,69.07967377,97.85003662,64.8807373,65.03305817,1151.988037,67.63696289,275.3831482,78.16732788,1.0,0.0,0.00080171,0.000197612
2021-01-12,17:26:05,3.084399986,7.00059967,69.07862091,97.85031891,64.87936401,65.03284454,1151.989014,67.63766479,275.3806152,78.16732788,1.0,0.0,0.00080171,0.000197612
2021-01-12,17:26:06,3.084600067,7.000499725,69.07862091,97.8506012,64.88005066,65.03264618,1151.994629,67.63705444,275.3826904,78.16732788,1.0,0.0,0.00080171,0.000197612
2021-01-12,17:26:07,3.084499931,7.00039978,69.07862091,97.84944916,64.87927246,65.03248596,1151.99939,67.63687134,275.3833618,78.16732788,1.0,0.0,0.00080171,0.000197521
2021-01-12,17:26:08,3.084399986,7.00019989,69.07862091,97.85109711,64.87986755,65.03271484,1151.993164,67.63677979,275.3836365,78.16732788,1.0,0.0,0.00080171,0.000197521
2021-01-12,17:26:09,3.084600067,7.000299835,69.07862091,97.85007477,64.8792572,65.03262329,1151.995239,67.63705444,275.382782,78.41790009,1.0,0.0,0.00080171,0.000197521
2021-01-12,17:26:10,3.084399986,7.000099945,69.07862091,97.84942627,64.88088226,65.03248596,1151.999023,67.63722992,275.3822021,78.41790009,1.0,0.0,0.00080171,0.000197521
2021-01-12,17:26:11,3.084499931,7.0,69.07862091,97.84968567,64.87885284,65.03232574,1152.003296,67.63677979,275.3836975,78.41790009,1.0,0.0,0.00080171,0.000197604
2021-01-12,17:26:12,3.084300041,6.999900055,69.07862091,97.84940338,64.88072968,65.03224182,1152.005859,67.63645935,275.3846741,78.41790009,1.0,0.0,0.00080171,0.000197604
2021-01-12,17:26:13,3.084499931,6.99980011,69.07862091,97.84906769,64.88005066,65.03230286,1152.007324,67.63664246,275.3842468,78.41790009,1.0,0.0,0.00080171,0.000197604
2021-01-12,17:26:14,3.084300041,6.99960022,69.07862091,97.85032654,64.8795166,65.0324173,1152.001221,67.63650513,275.384613,78.41790009,1.0,0.0,0.00080171,0.000197604
2021-01-12,17:26:15,3.084399986,6.999500275,69.07862091,97.84869385,64.87830353,65.03202057,1152.011597,67.63638306,275.3850708,78.41790009,1.0,0.0,0.00080171,0.000197604
2021-01-12,17:26:16,3.084499931,6.999500275,69.07756805,97.84949493,64.87979126,65.03214264,1152.008911,67.6362915,275.3853455,78.41790009,1.0,0.0,0.00080171,0.000197604
2021-01-12,17:26:17,3.084300041,6.999299622,69.07756805,97.8503418,64.88031769,65.03207397,1152.010498,67.6361084,275.3858643,78.41790009,1.0,0.0,0.00080171,0.000197604
2021-01-12,17:26:18,3.084499931,6.999199677,69.07756805,97.85003662,64.87866211,65.03190613,1152.015503,67.63638306,275.3850708,78.41790009,1.0,0.0,0.00080171,0.000197604
2021-01-12,17:26:19,3.084199905,6.998999786,69.07756805,97.84931183,64.8793335,65.03175354,1152.019165,67.63597107,275.3863831,78.52814484,1.0,0.0,0.000848641,0.000197604
2021-01-12,17:26:20,3.084199905,6.998899841,69.07859039,97.84902191,64.87799072,65.03171539,1152.020752,67.63606262,275.3861694,78.52814484,1.0,0.0,0.000848641,0.000197604
2021-01-12,17:26:21,3.08409996,6.998799896,69.07756042,97.85067749,64.87887573,65.03173828,1152.019287,67.63597107,275.3864746,78.52814484,1.0,0.0,0.000841435,0.000197779
2021-01-12,17:26:22,3.084399986,6.998899841,69.07756042,97.84881592,64.87765503,65.0315094,1152.026489,67.63565826,275.3874512,78.52814484,1.0,0.0,0.000848035,0.000197779
2021-01-12,17:26:23,3.084000015,7.001000214,69.07858276,97.84941864,64.87918091,65.03136444,1152.030151,67.63587952,275.3866882,78.52814484,1.0,0.0,0.000848035,0.000197779
2021-01-12,17:26:24,3.084399986,7.000299835,69.07752991,97.84925842,64.87815857,65.03108978,1152.038452,67.63547516,275.388031,78.52814484,1.0,0.0,0.000848035,0.000197779
2021-01-12,17:26:25,3.08409996,7.002500153,69.07752991,97.84934235,64.87869263,65.03115845,1152.036133,67.63534546,275.3884583,78.52814484,1.0,0.0,0.000848035,0.000197779
2021-01-12,17:26:26,3.084199905,7.002999878,69.07853699,97.84854126,64.87623596,65.03096008,1152.042114,67.63543701,275.3882446,78.52814484,1.0,0.0,0.000848035,0.000197779
2021-01-12,17:26:27,3.084000015,7.003299713,69.07746887,97.84954834,64.87786102,65.03104401,1152.039429,67.63507843,275.3894043,78.52814484,1.0,0.0,0.000848035,0.000197779
2021-01-12,17:26:28,3.084199905,7.003500366,69.07849884,97.84887695,64.87731934,65.03097534,1152.04187,67.63493347,275.389801,78.52814484,1.0,0.0,0.000848035,0.000197504
2021-01-12,17:26:29,3.084000015,7.003700256,69.07849884,97.8490448,64.87768555,65.03126526,1152.033569,67.63511658,275.3892822,78.89716339,1.0,0.0,0.000848035,0.000197504
2021-01-12,17:26:30,3.08409996,7.003900146,69.07849884,97.84970093,64.87738037,65.0309906,1152.041382,67.63489532,275.3900757,78.89716339,1.0,0.0,0.000848035,0.000197504
2021-01-12,17:26:31,3.084399986,7.004100037,69.07849884,97.84888458,64.8782196,65.03071594,1152.048218,67.63466644,275.3907471,78.89716339,1.0,0.0,0.000848035,0.000197504
2021-01-12,17:26:32,3.08409996,7.004199982,69.07849884,97.84856415,64.87619019,65.03093719,1152.042969,67.63476563,275.3905334,78.89716339,1.0,0.0,0.000848035,0.000197504
2021-01-12,17:26:33,3.084300041,7.004299927,69.07749176,97.84939575,64.87558746,65.03059387,1152.052246,67.63471985,275.3906555,78.89716339,1.0,0.0,0.000848035,0.000197693
2021-01-12,17:26:34,3.084199905,7.004399872,69.07749176,97.84889984,64.87739563,65.03079224,1152.046631,67.63435364,275.3917847,79.02101135,1.0,0.0,0.000848035,0.000197693
2021-01-12,17:26:35,3.084499931,7.004599762,69.07749176,97.84951782,64.87646484,65.03044891,1152.056274,67.63458252,275.3911133,79.02101135,1.0,0.0,0.000848035,0.000197693
2021-01-12,17:26:36,3.084399986,7.004699707,69.07749176,97.84907532,64.87635803,65.03066254,1152.050659,67.63399506,275.393158,79.02101135,1.0,0.0,0.000848035,0.000197693
2021-01-12,17:26:37,3.084700012,7.004599762,69.07749176,97.84880829,64.87774658,65.03059387,1152.049072,67.63381958,275.3936157,79.02101135,1.0,0.0,0.000839679,0.000197603
2021-01-12,17:26:38,3.084300041,7.004799652,69.07749176,97.8491745,64.87675476,65.03038788,1152.058228,67.63430786,275.3921204,79.02101135,1.0,0.0,0.000839679,0.00019772
2021-01-12,17:26:39,3.084600067,7.00490036,69.07749176,97.84841156,64.87687683,65.03050232,1152.055054,67.63367462,275.394165,79.02101135,1.0,0.0,0.000839679,0.00019772
2021-01-12,17:26:40,3.084900093,7.004799652,69.07749176,97.84879303,64.87640381,65.03031921,1152.060181,67.63399506,275.3931274,79.02101135,1.0,0.0,0.000839679,0.00019772
2021-01-12,17:26:41,3.084600067,7.00490036,69.07749176,97.84837341,64.8770752,65.03022766,1152.062988,67.63394928,275.3933105,79.02101135,1.0,0.0,0.000839679,0.00019772
2021-01-12,17:26:42,3.084499931,7.005000305,69.07749176,97.84804535,64.87686157,65.03009033,1152.066284,67.63367462,275.3941345,79.02101135,1.0,0.0,0.000839679,0.00019772
2021-01-12,17:26:43,3.084900093,7.00490036,69.07749176,97.84897614,64.87561035,65.03000641,1152.069092,67.63341522,275.394989,79.02101135,1.0,0.0,0.000839679,0.00019772
2021-01-12,17:26:44,3.084600067,7.005000305,69.07749176,97.84764099,64.87762451,65.02970123,1152.077271,67.63367462,275.3942261,79.24402618,1.0,0.0,0.000839679,0.00019772
2021-01-12,17:26:45,3.084600067,7.00490036,69.07749176,97.84906769,64.87825012,65.02958679,1152.0802,67.63336182,275.3951721,79.24402618,1.0,0.0,0.000839679,0.00019772
2021-01-12,17:26:46,3.084799957,7.004799652,69.07749176,97.84894562,64.87638855,65.02973175,1152.076294,67.63341522,275.3950195,79.24402618,1.0,0.0,0.000839679,0.00019772
2021-01-12,17:26:47,3.084499931,7.00490036,69.07749176,97.8483429,64.87706757,65.02980042,1152.078247,67.63381958,275.3936768,79.24402618,1.0,0.0,0.000822299,0.000197691
2021-01-12,17:26:48,3.084700012,7.00490036,69.07749176,97.84860992,64.87670898,65.0295639,1152.080688,67.63323212,275.3956604,79.24402618,1.0,0.0,0.000822299,0.000197691
2021-01-12,17:26:49,3.084600067,7.00490036,69.07749176,97.84872437,64.87697601,65.02940369,1152.085205,67.63332367,275.3952942,79.06814575,1.0,0.0,0.000822299,0.000197691
2021-01-12,17:26:50,3.085000038,7.00490036,69.07749176,97.84799194,64.87654114,65.02945709,1152.08606,67.63310242,275.3962097,79.06814575,1.0,0.0,0.000822299,0.000197691
2021-01-12,17:26:51,3.084799957,7.00490036,69.07749176,97.84778595,64.87739563,65.0291214,1152.093262,67.63282776,275.3969727,79.06814575,1.0,0.0,0.000822299,0.000197691
2021-01-12,17:26:52,3.085099983,7.004799652,69.07749176,97.84801483,64.87684631,65.02895355,1152.097656,67.63300323,275.3963623,79.06814575,1.0,0.0,0.000822299,0.000197691
2021-01-12,17:26:53,3.085000038,7.004799652,69.07749176,97.84844971,64.87767029,65.02929688,1152.088379,67.63265228,275.3976746,79.06814575,1.0,0.0,0.000822299,0.000197691
2021-01-12,17:26:54,3.084900093,7.004699707,69.07749176,97.84832001,64.87849426,65.02923584,1152.090454,67.63282776,275.3969421,78.88870239,1.0,0.0,0.000822299,0.000197691
2021-01-12,17:26:55,3.085499954,7.004699707,69.07646942,97.84786224,64.87617493,65.02883911,1152.101318,67.63300323,275.3963623,78.88870239,1.0,0.0,0.000822299,0.000197691
2021-01-12,17:26:56,3.084900093,7.004599762,69.07646942,97.84860229,64.8768692,65.02873993,1152.104736,67.63269043,275.3974304,78.88870239,1.0,0.0,0.000822299,0.000197691
2021-01-12,17:26:57,3.085099983,7.004499817,69.07646942,97.84797668,64.87741089,65.02888489,1152.099854,67.63256073,275.3979187,78.88870239,1.0,0.0,0.000842646,0.000197691
2021-01-12,17:26:58,3.084900093,7.004599762,69.07646942,97.84761047,64.87811279,65.02852631,1152.110229,67.63215637,275.399353,78.88870239,1.0,0.0,0.000842646,0.000197691
2021-01-12,17:26:59,3.085400009,7.004299927,69.07646942,97.84801483,64.87692261,65.02890778,1152.099243,67.63237762,275.3985596,78.88870239,1.0,0.0,0.000844281,0.000197691
2021-01-12,17:27:00,3.085099983,7.004299927,69.07646942,97.84828949,64.8775177,65.02838898,1152.114014,67.6324234,275.398407,78.88870239,1.0,0.0,0.000844281,0.000197691
2021-01-12,17:27:01,3.085000038,7.004100037,69.07646942,97.84790802,64.87826538,65.02854919,1152.109741,67.63219452,275.3992004,78.88870239,1.0,0.0,0.000844281,0.000197606
2021-01-12,17:27:02,3.085199928,7.004199982,69.07646942,97.8476181,64.87635803,65.02822876,1152.118408,67.63215637,275.3993225,78.88870239,1.0,0.0,0.000839134,0.000197627
2021-01-12,17:27:03,3.085099983,7.004000092,69.07646942,97.8482132,64.87785339,65.02792358,1152.126831,67.63206482,275.3995972,78.88870239,1.0,0.0,0.000839134,0.000197627
2021-01-12,17:27:04,3.084900093,7.004000092,69.07646942,97.84700775,64.8785553,65.0281601,1152.119629,67.63162231,275.401062,78.88870239,1.0,0.0,0.000839134,0.000197627
2021-01-12,17:27:05,3.085400009,7.003800201,69.07646942,97.84807587,64.87705994,65.02838898,1152.114136,67.63193512,275.400116,78.88870239,1.0,0.0,0.000839134,0.000197627
2021-01-12,17:27:06,3.085099983,7.003700256,69.07646942,97.84709167,64.87745667,65.02806091,1152.123169,67.63134003,275.4019165,78.88870239,1.0,0.0,0.000839134,0.000197627
2021-01-12,17:27:07,3.085000038,7.003800201,69.07646942,97.84806061,64.87760162,65.02780151,1152.130249,67.63143921,275.4016113,78.88870239,1.0,0.0,0.000839134,0.000197627
2021-01-12,17:27:08,3.08560009,7.003600311,69.07646942,97.84644318,64.87739563,65.0278244,1152.129517,67.63098907,275.4032288,78.88870239,1.0,0.0,0.000839134,0.000197627
2021-01-12,17:27:09,3.085099983,7.003500366,69.07646942,97.84766388,64.87750244,65.0276947,1152.133423,67.63143921,275.4016113,79.02298737,1.0,0.0,0.000839134,0.000197627
2021-01-12,17:27:10,3.085300064,7.003600311,69.07646942,97.84799194,64.87713623,65.02776337,1152.13147,67.63121796,275.4024048,79.02298737,1.0,0.0,0.000839134,0.000197627
2021-01-12,17:27:11,3.085199928,7.003399658,69.07546234,97.84728241,64.87792969,65.02755737,1152.137695,67.63098907,275.4032593,79.02298737,1.0,0.0,0.000839134,0.000197627
2021-01-12,17:27:12,3.085300064,7.003199768,69.07546234,97.84762573,64.87684631,65.02729034,1152.144531,67.6309433,275.4033813,79.02298737,1.0,0.0,0.000839134,0.000197627
2021-01-12,17:27:13,3.085099983,7.003099823,69.07546234,97.84809875,64.87763977,65.02705383,1152.151245,67.63063049,275.4043884,79.02298737,1.0,0.0,0.000839134,0.000197627
2021-01-12,17:27:14,3.085000038,7.002999878,69.07546234,97.84721375,64.87548828,65.02687073,1152.156128,67.63032532,275.405426,79.18592072,1.0,0.0,0.000839134,0.00019772
2021-01-12,17:27:15,3.085099983,7.002999878,69.07546234,97.84764862,64.87645721,65.02721405,1152.146606,67.6305542,275.4046936,79.18592072,1.0,0.0,0.000839134,0.00019772
2021-01-12,17:27:16,3.085300064,7.002899933,69.07443237,97.84803772,64.87704468,65.0269928,1152.153076,67.63032532,275.405426,79.18592072,1.0,0.0,0.000839134,0.00019772
2021-01-12,17:27:17,3.085499954,7.002700043,69.07649231,97.84700775,64.8760376,65.02680206,1152.158325,67.62986755,275.4068604,79.18592072,1.0,0.0,0.000839134,0.00019772
2021-01-12,17:27:18,3.085199928,7.002700043,69.07649231,97.8478241,64.87765503,65.0269928,1152.153198,67.62978363,275.4073486,79.18592072,1.0,0.0,0.000839134,0.000197721
2021-01-12,17:27:19,3.085300064,7.002600098,69.07546997,97.8469696,64.87617493,65.02648926,1152.166626,67.63023376,275.4057617,79.18592072,1.0,0.0,0.000810611,0.000197721
2021-01-12,17:27:20,3.085000038,7.002500153,69.07546997,97.84737396,64.87739563,65.02680206,1152.157715,67.62982178,275.407135,79.18592072,1.0,0.0,0.000810611,0.000197721
2021-01-12,17:27:21,3.085099983,7.002300262,69.07546997,97.8463974,64.87786865,65.02648926,1152.16687,67.62929535,275.408905,79.18592072,1.0,0.0,0.000810611,0.000197721
2021-01-12,17:27:22,3.085199928,7.002400208,69.07546997,97.84603119,64.87745667,65.02635193,1152.17041,67.62956238,275.4080505,79.18592072,1.0,0.0,0.000810611,0.000197721
2021-01-12,17:27:23,3.085099983,7.002200317,69.07546997,97.84758759,64.87676239,65.02648926,1152.166992,67.62911224,275.4095764,79.18592072,1.0,0.0,0.000836287,0.000197721
2021-01-12,17:27:24,3.084900093,7.002200317,69.07546997,97.84580231,64.87641907,65.02628326,1152.172485,67.62902069,275.4098511,79.18592072,1.0,0.0,0.000836287,0.000197721
2021-01-12,17:27:25,3.085199928,7.001999664,69.07546997,97.84648132,64.8769989,65.02622223,1152.174561,67.62897491,275.4100342,79.18592072,1.0,0.0,0.000861782,0.000197819
2021-01-12,17:27:26,3.085000038,7.001899719,69.07546997,97.84515381,64.87615967,65.0260849,1152.177979,67.62883759,275.4104614,79.18592072,1.0,0.0,0.000862387,0.000197819
2021-01-12,17:27:27,3.085099983,7.001799774,69.07546997,97.84612274,64.87664795,65.02615356,1152.176758,67.62897491,275.4098816,79.18592072,1.0,0.0,0.000859299,0.000197819
2021-01-12,17:27:28,3.085000038,7.001799774,69.07546997,97.84630585,64.87722778,65.02592468,1152.182373,67.62839508,275.4119568,79.18592072,1.0,0.0,0.000859299,0.000197819
2021-01-12,17:27:29,3.084799957,7.001699829,69.07546997,97.84597015,64.8768158,65.02581024,1152.186157,67.62812042,275.4127808,79.18592072,1.0,0.0,0.000829445,0.000197819
2021-01-12,17:27:30,3.085000038,7.001599884,69.07546997,97.84677124,64.87734985,65.02594757,1152.181763,67.6281662,275.4130554,79.18592072,1.0,0.0,0.0008464,0.000197819
2021-01-12,17:27:31,3.084700012,7.001399994,69.07546997,97.84608459,64.87644196,65.02560425,1152.19104,67.6282196,275.4126282,79.18592072,1.0,0.0,0.0008464,0.000197819
2021-01-12,17:27:32,3.085199928,7.001300049,69.07546997,97.84573364,64.87597656,65.02584076,1152.185181,67.6280365,275.4131775,79.18592072,1.0,0.0,0.0008464,0.000197819
2021-01-12,17:27:33,3.085300064,7.001399994,69.07439423,97.84580994,64.87656403,65.02562714,1152.190918,67.62780762,275.4140015,79.18592072,1.0,0.0,0.0008464,0.000197819
2021-01-12,17:27:34,3.084900093,7.001200104,69.07439423,97.84610748,64.87831879,65.02560425,1152.192017,67.62762451,275.4146118,79.18592072,1.0,0.0,0.0008464,0.000197819
2021-01-12,17:27:35,3.085199928,7.001100159,69.07439423,97.84581757,64.87678528,65.02537537,1152.197754,67.62776184,275.414093,79.18592072,1.0,0.0,0.0008464,0.000197819
2021-01-12,17:27:36,3.084799957,7.001100159,69.07439423,97.84625244,64.87747955,65.02547455,1152.195435,67.62762451,275.4145813,79.18592072,1.0,0.0,0.000861479,0.000197819
2021-01-12,17:27:37,3.084700012,7.000900269,69.07439423,97.84529114,64.87637329,65.025177,1152.203491,67.62731171,275.4155884,79.18592072,1.0,0.0,0.000861479,0.000197819
2021-01-12,17:27:38,3.084900093,7.000800323,69.07439423,97.84576416,64.8776474,65.0248642,1152.212402,67.62686157,275.4171753,79.18592072,1.0,0.0,0.000861479,0.000197819
2021-01-12,17:27:39,3.084499931,7.000900269,69.07439423,97.84603882,64.87588501,65.02496338,1152.209473,67.62722778,275.4158325,79.18592072,1.0,0.0,0.000861479,0.000197819
2021-01-12,17:27:40,3.084700012,7.000700378,69.07439423,97.84581757,64.87728119,65.02479553,1152.214355,67.62705231,275.4165344,79.18592072,1.0,0.0,0.000861479,0.000197819
2021-01-12,17:27:41,3.084499931,7.000499725,69.07439423,97.84612274,64.87789917,65.02474976,1152.215576,67.6265564,275.4181824,79.18592072,1.0,0.0,0.000861479,0.000197819
2021-01-12,17:27:42,3.084399986,7.00039978,69.07439423,97.84638977,64.87573242,65.02484131,1152.213379,67.62686157,275.4171753,79.18592072,1.0,0.0,0.000861479,0.000197819
2021-01-12,17:27:43,3.084300041,7.000299835,69.07439423,97.84599304,64.87664795,65.02462769,1152.218628,67.62664032,275.4177551,79.18592072,1.0,0.0,0.000861479,0.000197819
2021-01-12,17:27:44,3.084199905,7.00019989,69.07439423,97.84610748,64.87536621,65.02455139,1152.221069,67.6265564,275.4182434,79.54349518,1.0,0.0,0.000861479,0.000197819
2021-01-12,17:27:45,3.084499931,7.000299835,69.07439423,97.84564972,64.87727356,65.02462769,1152.21875,67.6257019,275.4210205,79.54349518,1.0,0.0,0.000861479,0.000197819
2021-01-12,17:27:46,3.084199905,7.000099945,69.07439423,97.84629059,64.87660217,65.02474976,1152.215454,67.62610626,275.4196167,79.54349518,1.0,0.0,0.000861479,0.000197585
2021-01-12,17:27:47,3.084399986,7.000099945,69.07338715,97.84577179,64.87722015,65.02440643,1152.225464,67.62579346,275.4207153,79.54349518,1.0,0.0,0.000861479,0.000197585
2021-01-12,17:27:48,3.08409996,7.0,69.07447052,97.84564209,64.87672424,65.02418518,1152.231323,67.6257019,275.4211121,79.54349518,1.0,0.0,0.000861479,0.000197585
2021-01-12,17:27:49,3.084199905,6.999900055,69.07447052,97.84603119,64.87635803,65.0239563,1152.237915,67.62579346,275.4207458,79.33280945,1.0,0.0,0.000861479,0.000197585
2021-01-12,17:27:50,3.084300041,6.99980011,69.07447052,97.84541321,64.87731934,65.02411652,1152.23291,67.62548065,275.421814,79.33280945,1.0,0.0,0.000822723,0.000197585
2021-01-12,17:27:51,3.084399986,6.999700165,69.07447052,97.84454346,64.87672424,65.02411652,1152.233276,67.6255722,275.4221497,79.33280945,1.0,0.0,0.000822723,0.000197585
2021-01-12,17:27:52,3.084499931,6.99960022,69.07343292,97.84554291,64.87710571,65.02400208,1152.236206,67.62512207,275.4231262,79.33280945,1.0,0.0,0.000822723,0.000197585
2021-01-12,17:27:53,3.084399986,6.999500275,69.07343292,97.84480286,64.87665558,65.02375031,1152.243652,67.62476349,275.4242859,79.33280945,1.0,0.0,0.000822723,0.000197585
2021-01-12,17:27:54,3.08409996,6.999500275,69.07343292,97.84524536,64.87770081,65.02381897,1152.241577,67.62512207,275.4229736,79.33280945,1.0,0.0,0.000822723,0.000197585
2021-01-12,17:27:55,3.084300041,6.99940033,69.07343292,97.84421539,64.87709045,65.02370453,1152.244995,67.62484741,275.4238586,79.33280945,1.0,0.0,0.000822723,0.000197585
2021-01-12,17:27:56,3.08409996,6.999199677,69.07343292,97.84464264,64.87763977,65.02361298,1152.247314,67.62480164,275.4240723,79.33280945,1.0,0.0,0.000822723,0.000197585
2021-01-12,17:27:57,3.084300041,6.999099731,69.07445526,97.84509277,64.87724304,65.02354431,1152.249146,67.62453461,275.4249878,79.33280945,1.0,0.0,0.000822723,0.000197585
2021-01-12,17:27:58,3.08409996,6.998999786,69.07445526,97.84465027,64.87802124,65.02334595,1152.254517,67.62427521,275.4258728,79.33280945,1.0,0.0,0.000832896,0.000197585
2021-01-12,17:27:59,3.084199905,6.998899841,69.07344818,97.84327698,64.87817383,65.02341461,1152.253174,67.62440491,275.425415,79.13904572,1.0,0.0,0.000832896,0.000197585
2021-01-12,17:28:00,3.084399986,6.99940033,69.07242584,97.8443985,64.87698364,65.0231781,1152.259521,67.62453461,275.4250793,79.13904572,1.0,0.0,0.000832896,0.000197585
2021-01-12,17:28:01,3.084499931,7.0,69.07343292,97.84486389,64.87788391,65.02349854,1152.250732,67.62417603,275.426178,79.13904572,1.0,0.0,0.000832896,0.000197585
2021-01-12,17:28:02,3.08409996,7.000700378,69.07343292,97.84371185,64.87635803,65.02324677,1152.25769,67.623909,275.4272156,79.13904572,1.0,0.0,0.000832896,0.000197585
2021-01-12,17:28:03,3.084300041,7.001100159,69.07343292,97.84436035,64.87691498,65.02331543,1152.255615,67.62373352,275.4276428,79.13904572,1.0,0.0,0.000832896,0.000197585
2021-01-12,17:28:04,3.083799934,7.001399994,69.07343292,97.84359741,64.87725067,65.02310944,1152.26123,67.62345886,275.4286194,79.35617065,1.0,0.0,0.000832896,0.000197585
2021-01-12,17:28:05,3.08409996,7.001599884,69.07240295,97.84355164,64.87872314,65.0230484,1152.263428,67.62342072,275.4288025,79.35617065,1.0,0.0,0.000832896,0.000197585
2021-01-12,17:28:06,3.08390007,7.001899719,69.07240295,97.84371948,64.87637329,65.02302551,1152.262817,67.62314606,275.4296265,79.35617065,1.0,0.0,0.000832896,0.000197585
2021-01-12,17:28:07,3.084399986,7.002200317,69.07341766,97.84337616,64.87710571,65.02275085,1152.270996,67.62323761,275.4299316,79.35617065,1.0,0.0,0.000832896,0.000197585
2021-01-12,17:28:08,3.08409996,7.002300262,69.07341766,97.84401703,64.87675476,65.022995,1152.264526,67.62300873,275.4301758,79.35617065,1.0,0.0,0.000832896,0.000197585
2021-01-12,17:28:09,3.084300041,7.002500153,69.07341766,97.84302521,64.87728882,65.02284241,1152.268799,67.62306213,275.4297791,79.35617065,1.0,0.0,0.000832896,0.000197585
2021-01-12,17:28:10,3.084000015,7.002700043,69.07341766,97.84444427,64.87627411,65.02291107,1152.267334,67.62269592,275.4312134,79.35617065,1.0,0.0,0.000832896,0.000197585
2021-01-12,17:28:11,3.084300041,7.002899933,69.07341766,97.84307861,64.87579346,65.02278137,1152.270508,67.62251282,275.4318237,79.35617065,1.0,0.0,0.000832896,0.000197585
2021-01-12,17:28:12,3.084199905,7.002999878,69.07341766,97.84407806,64.87727356,65.02257538,1152.276733,67.62264252,275.4313965,79.35617065,1.0,0.0,0.000832896,0.000197585
2021-01-12,17:28:13,3.084399986,7.003199768,69.0723877,97.84376526,64.8767395,65.02245331,1152.279907,67.62247467,275.4319153,79.35617065,1.0,0.0,0.000832896,0.000197585
2021-01-12,17:28:14,3.084399986,7.003199768,69.07134247,97.84434509,64.87770081,65.02249908,1152.278076,67.6229248,275.430481,79.35617065,1.0,0.0,0.000832896,0.000197585
2021-01-12,17:28:15,3.084600067,7.003399658,69.07134247,97.84313202,64.87660217,65.02281952,1152.269653,67.62193298,275.4337463,79.35617065,1.0,0.0,0.000832896,0.000197585
2021-01-12,17:28:16,3.084499931,7.003500366,69.07134247,97.84353638,64.87747192,65.02264404,1152.274414,67.62184143,275.4339905,79.35617065,1.0,0.0,0.000839073,0.000197585
2021-01-12,17:28:17,3.084199905,7.003500366,69.07237244,97.84367371,64.87781525,65.02245331,1152.279175,67.62215424,275.4330139,79.35617065,1.0,0.0,0.000839073,0.000197585
2021-01-12,17:28:18,3.084600067,7.003800201,69.07129669,97.8432312,64.87643433,65.02230072,1152.283691,67.62211609,275.4332275,79.35617065,1.0,0.0,0.000839073,0.000197585
2021-01-12,17:28:19,3.084399986,7.004000092,69.07342529,97.84300232,64.87591553,65.02257538,1152.276611,67.62239075,275.4322205,77.80312347,1.0,0.0,0.000861237,0.000197585
2021-01-12,17:28:20,3.084199905,7.003900146,69.0723877,97.84338379,64.87731934,65.02245331,1152.279907,67.62171936,275.4344788,77.80312347,1.0,0.0,0.000855666,0.000197662
2021-01-12,17:28:21,3.084600067,7.004000092,69.07341003,97.84266663,64.87774658,65.02220917,1152.286377,67.62152863,275.4350891,77.80312347,1.0,0.0,0.000855666,0.000197662
2021-01-12,17:28:22,3.084499931,7.004000092,69.0723114,97.8431778,64.87705994,65.0224762,1152.278809,67.62202454,275.4334106,77.80312347,1.0,0.0,0.000855666,0.000197662
2021-01-12,17:28:23,3.084700012,7.004100037,69.0723114,97.8429718,64.87808228,65.02230072,1152.284302,67.62175751,275.4343262,77.80312347,1.0,0.0,0.000866263,0.000197662
2021-01-12,17:28:24,3.084300041,7.004000092,69.0723114,97.84272003,64.8789978,65.02225494,1152.285156,67.62162018,275.4347839,77.42421722,1.0,0.0,0.000866263,0.000197662
2021-01-12,17:28:25,3.084499931,7.004100037,69.0723114,97.84230804,64.87741089,65.02233887,1152.282959,67.62184143,275.434082,77.42421722,1.0,0.0,0.000866263,0.000197504
2021-01-12,17:28:26,3.084399986,7.004000092,69.0723114,97.84170532,64.87702942,65.02217865,1152.287109,67.6212616,275.4359741,77.42421722,1.0,0.0,0.000866263,0.000197504
2021-01-12,17:28:27,3.084700012,7.003900146,69.0723114,97.8427887,64.87599182,65.02211761,1152.289551,67.62140656,275.4355774,77.42421722,1.0,0.0,0.000831625,0.000197614
2021-01-12,17:28:28,3.084499931,7.004000092,69.07130432,97.84215546,64.87641907,65.02225494,1152.285156,67.62107849,275.436615,77.42421722,1.0,0.0,0.000831625,0.000197614
2021-01-12,17:28:29,3.084900093,7.003900146,69.07130432,97.84165192,64.87678528,65.02207947,1152.290161,67.6212616,275.4360046,77.65428162,1.0,0.0,0.000840345,0.000197614
2021-01-12,17:28:30,3.084600067,7.004000092,69.07024384,97.84290314,64.8764267,65.02216339,1152.28833,67.62085724,275.437439,77.65428162,1.0,0.0,0.000840345,0.000197614
2021-01-12,17:28:31,3.085000038,7.003900146,69.07129669,97.84186554,64.87522125,65.02225494,1152.2854,67.62107849,275.436554,77.65428162,1.0,0.0,0.000840345,0.000197614
2021-01-12,17:28:32,3.084799957,7.003800201,69.07129669,97.84133148,64.87600708,65.02186584,1152.295654,67.62077332,275.4376221,77.65428162,1.0,0.0,0.000840345,0.000197614
2021-01-12,17:28:33,3.084900093,7.003900146,69.07129669,97.84191132,64.87442017,65.02230072,1152.284058,67.62117004,275.4363708,77.65428162,1.0,0.0,0.000840345,0.000197614
2021-01-12,17:28:34,3.085099983,7.003800201,69.07129669,97.84163666,64.87480164,65.0219574,1152.293945,67.62085724,275.4373779,77.92427063,1.0,0.0,0.000834047,0.000197614
2021-01-12,17:28:35,3.085000038,7.003700256,69.07028198,97.84133148,64.87413025,65.02184296,1152.297241,67.62098694,275.4367981,77.92427063,1.0,0.0,0.000834047,0.000197614
2021-01-12,17:28:36,3.084900093,7.003600311,69.07230377,97.84171295,64.87347412,65.02225494,1152.285156,67.62081146,275.437561,77.92427063,1.0,0.0,0.000834047,0.000197614
2021-01-12,17:28:37,3.084700012,7.003600311,69.07129669,97.84064484,64.87478638,65.0217514,1152.299072,67.62122345,275.4362488,77.92427063,1.0,0.0,0.000834047,0.000197614
2021-01-12,17:28:38,3.084900093,7.003500366,69.07129669,97.84018707,64.87332153,65.02186584,1152.296021,67.62067413,275.4379883,77.92427063,1.0,0.0,0.000834047,0.000197614
2021-01-12,17:28:39,3.084799957,7.003399658,69.07129669,97.84159088,64.8730011,65.0219574,1152.293457,67.6203537,275.4390869,78.18804932,1.0,0.0,0.000834047,0.000197637
2021-01-12,17:28:40,3.084900093,7.003299713,69.07129669,97.84091949,64.87327576,65.02211761,1152.289429,67.62023163,275.4394531,78.18804932,1.0,0.0,0.000834047,0.000197637
2021-01-12,17:28:41,3.084799957,7.003199768,69.07129669,97.84133911,64.87304688,65.02178955,1152.29834,67.62059021,275.4382935,78.18804932,1.0,0.0,0.000834047,0.000197637
2021-01-12,17:28:42,3.085000038,7.003099823,69.07129669,97.84049988,64.87159729,65.02171326,1152.300415,67.6203537,275.4389648,78.18804932,1.0,0.0,0.000834047,0.000197637
2021-01-12,17:28:43,3.084900093,7.003099823,69.07129669,97.8401947,64.87125397,65.02184296,1152.296387,67.62071991,275.4378357,78.18804932,1.0,0.0,0.000834047,0.000197637
2021-01-12,17:28:44,3.085000038,7.002999878,69.07024384,97.84013367,64.87191772,65.02173615,1152.301147,67.62023163,275.4395142,78.3579483,1.0,0.0,0.000834047,0.000197637
2021-01-12,17:28:45,3.084799957,7.002899933,69.07024384,97.84068298,64.87116241,65.02140808,1152.308228,67.62031555,275.4392395,78.3579483,1.0,0.0,0.000834047,0.000197637
2021-01-12,17:28:46,3.085099983,7.002799988,69.07128143,97.84103394,64.87258911,65.02184296,1152.296631,67.62049866,275.4385986,78.3579483,1.0,0.0,0.000834047,0.000197637
2021-01-12,17:28:47,3.084900093,7.002799988,69.07128143,97.83999634,64.87121582,65.0217514,1152.299072,67.61986542,275.4407043,78.3579483,1.0,0.0,0.000834047,0.000197637
2021-01-12,17:28:48,3.085099983,7.002700043,69.07023621,97.84105682,64.87136841,65.0216217,1152.303101,67.61995697,275.4404297,78.3579483,1.0,0.0,0.000834047,0.000197637
2021-01-12,17:28:49,3.084900093,7.002600098,69.07023621,97.83988953,64.87155151,65.02148438,1152.307007,67.61977386,275.440918,78.3579483,1.0,0.0,0.000834047,0.000197637
2021-01-12,17:28:50,3.085099983,7.002500153,69.07023621,97.84000397,64.87093353,65.02165985,1152.302002,67.61986542,275.4411011,78.3579483,1.0,0.0,0.000834047,0.000197637
2021-01-12,17:28:51,3.085000038,7.002400208,69.07023621,97.84008789,64.8714447,65.02140808,1152.30896,67.61964417,275.4414978,78.3579483,1.0,0.0,0.000834047,0.000197637
2021-01-12,17:28:52,3.085199928,7.002400208,69.07023621,97.84063721,64.87271118,65.02159882,1152.303467,67.61951447,275.441925,78.3579483,1.0,0.0,0.000834047,0.000197637
2021-01-12,17:28:53,3.085000038,7.002300262,69.07023621,97.84029388,64.87110901,65.02135468,1152.310791,67.61924744,275.442749,78.3579483,1.0,0.0,0.000834047,0.000197637
2021-01-12,17:28:54,3.085099983,7.002100372,69.07023621,97.83984375,64.86994934,65.02148438,1152.306641,67.61941528,275.4422913,78.3579483,1.0,0.0,0.000834047,0.000197637
2021-01-12,17:28:55,3.084900093,7.001999664,69.07023621,97.8394165,64.8711319,65.0212326,1152.314209,67.61924744,275.4430847,78.3579483,1.0,0.0,0.000827204,0.000197637
2021-01-12,17:28:56,3.084799957,7.001999664,69.07023621,97.83963013,64.86994934,65.02146149,1152.307617,67.61973572,275.4412231,78.3579483,1.0,0.0,0.000827204,0.000197637
2021-01-12,17:28:57,3.084900093,7.001899719,69.07023621,97.84043884,64.87095642,65.02107239,1152.318237,67.61924744,275.4428406,78.3579483,1.0,0.0,0.000827204,0.000197638
2021-01-12,17:28:58,3.084799957,7.001799774,69.07023621,97.8400116,64.8699646,65.02126312,1152.312988,67.61901093,275.4436035,78.3579483,1.0,0.0,0.000827204,0.000197587
2021-01-12,17:28:59,3.084900093,7.001699829,69.07023621,97.8407135,64.87110138,65.02102661,1152.319336,67.61919403,275.4429626,78.62354279,1.0,0.0,0.000827204,0.000197587
2021-01-12,17:29:00,3.084600067,7.001599884,69.07023621,97.84107208,64.87065887,65.02114105,1152.316406,67.61897278,275.443634,78.62354279,1.0,0.0,0.000835985,0.000197587
2021-01-12,17:29:01,3.084900093,7.001499939,69.06917572,97.84022522,64.870224,65.02104187,1152.319336,67.61906433,275.4440002,78.62354279,1.0,0.0,0.000835985,0.000197587
2021-01-12,17:29:02,3.084799957,7.001399994,69.06917572,97.84078979,64.86872864,65.02118683,1152.314575,67.61878967,275.4444275,78.62354279,1.0,0.0,0.000835985,0.000197587
2021-01-12,17:29:03,3.085000038,7.001300049,69.0701828,97.83893585,64.87020874,65.02094269,1152.322021,67.618927,275.4438782,78.62354279,1.0,0.0,0.000835985,0.000197587
2021-01-12,17:29:04,3.084900093,7.001200104,69.0701828,97.83998871,64.87065887,65.02118683,1152.315186,67.61869812,275.4447021,78.62354279,1.0,0.0,0.000840648,0.000197587
2021-01-12,17:29:05,3.084799957,7.001100159,69.0701828,97.83938599,64.86952209,65.02097321,1152.321289,67.61852264,275.4452515,78.62354279,1.0,0.0,0.000840648,0.000197587
2021-01-12,17:29:06,3.084900093,7.001000214,69.06917572,97.8391571,64.86914825,65.02080536,1152.326294,67.61847687,275.4454346,78.62354279,1.0,0.0,0.000840648,0.000197587
2021-01-12,17:29:07,3.084900093,7.000900269,69.06917572,97.84037781,64.86895752,65.02097321,1152.321655,67.61825562,275.4462585,78.62354279,1.0,0.0,0.000840648,0.000197587
2021-01-12,17:29:08,3.085000038,7.000800323,69.06917572,97.83974457,64.86953735,65.02066803,1152.329834,67.61843109,275.4455566,78.62354279,1.0,0.0,0.000840648,0.000197587
2021-01-12,17:29:09,3.084799957,7.000700378,69.06917572,97.83944702,64.86906433,65.02072906,1152.327759,67.61869812,275.4446716,78.75064087,1.0,0.0,0.000843494,0.000197587
2021-01-12,17:29:10,3.084700012,7.00059967,69.06917572,97.83911896,64.86779022,65.02080536,1152.326294,67.61798859,275.4469604,78.75064087,1.0,0.0,0.000843494,0.000197583
2021-01-12,17:29:11,3.084900093,7.000499725,69.06917572,97.83860779,64.86919403,65.02033234,1152.339111,67.61811829,275.4465637,78.75064087,1.0,0.0,0.000843494,0.000197583
2021-01-12,17:29:12,3.084700012,7.00039978,69.06917572,97.83950043,64.86952209,65.02046204,1152.335693,67.61748505,275.4487305,78.75064087,1.0,0.0,0.000843494,0.000197583
2021-01-12,17:29:13,3.085000038,7.000299835,69.06917572,97.83855438,64.86976624,65.02055359,1152.332764,67.61802673,275.4468079,78.75064087,1.0,0.0,0.00084204,0.000197583
2021-01-12,17:29:14,3.084799957,7.00019989,69.06917572,97.83906555,64.86790466,65.02033234,1152.339233,67.6178894,275.4473572,78.75064087,1.0,0.0,0.00084204,0.000197583
2021-01-12,17:29:15,3.084700012,7.000099945,69.06917572,97.83880615,64.86949158,65.0202179,1152.342651,67.61740112,275.4489441,78.75064087,1.0,0.0,0.00084204,0.000197583
2021-01-12,17:29:16,3.084900093,7.0,69.06917572,97.83800507,64.8684845,65.02036285,1152.337646,67.61734772,275.4493103,78.75064087,1.0,0.0,0.00084204,0.000197583
2021-01-12,17:29:17,3.084700012,6.999900055,69.06917572,97.83854675,64.86831665,65.02020264,1152.343384,67.61740112,275.4491577,78.75064087,1.0,0.0,0.00084204,0.000197583
2021-01-12,17:29:18,3.084499931,7.0,69.0681076,97.83881378,64.86880493,65.02017212,1152.34375,67.61740112,275.4489441,78.75064087,1.0,0.0,0.00084204,0.000197583
2021-01-12,17:29:19,3.084799957,6.999900055,69.0681076,97.83857727,64.86709595,65.02026367,1152.341064,67.61690521,275.4506531,78.90911865,1.0,0.0,0.00084204,0.000197583
2021-01-12,17:29:20,3.084600067,6.99980011,69.0681076,97.838974,64.86804199,65.02014923,1152.344238,67.61681366,275.4509277,78.90911865,1.0,0.0,0.00084204,0.000197583
2021-01-12,17:29:21,3.084499931,6.999700165,69.0681076,97.83868408,64.86872101,65.02005768,1152.347046,67.61713409,275.4499207,78.90911865,1.0,0.0,0.00084204,0.000197663
2021-01-12,17:29:22,3.084399986,6.99960022,69.0681076,97.83925629,64.86799622,65.01989746,1152.35144,67.61681366,275.4510803,78.90911865,1.0,0.0,0.00084204,0.000197663
2021-01-12,17:29:23,3.084300041,6.999500275,69.0681076,97.83798218,64.86776733,65.01985168,1152.352417,67.61632538,275.4526978,78.90911865,1.0,0.0,0.000831867,0.000197586
2021-01-12,17:29:24,3.084700012,6.99940033,69.0681076,97.83899689,64.86669922,65.01958466,1152.360229,67.61704254,275.4502869,79.08933258,1.0,0.0,0.000831867,0.000197586
2021-01-12,17:29:25,3.084300041,6.999299622,69.0681076,97.83847046,64.86813354,65.0194931,1152.362305,67.61646271,275.452179,79.08933258,1.0,0.0,0.000831867,0.000197586
2021-01-12,17:29:26,3.084600067,6.999199677,69.0681076,97.83919525,64.86662292,65.01976013,1152.355225,67.61623383,275.453064,79.08933258,1.0,0.0,0.000831867,0.000197586
2021-01-12,17:29:27,3.084199905,6.999099731,69.0681076,97.83770752,64.86671448,65.01960754,1152.359863,67.61641693,275.4523315,79.08933258,1.0,0.0,0.000831867,0.000197586
2021-01-12,17:29:28,3.084399986,6.998999786,69.0681076,97.8388443,64.86711121,65.01953888,1152.361084,67.61614227,275.4532776,79.08933258,1.0,0.0,0.000831867,0.000197586
2021-01-12,17:29:29,3.084499931,6.998899841,69.0681076,97.83704376,64.86772156,65.01958466,1152.362183,67.61592102,275.4541016,79.08933258,1.0,0.0,0.000831867,0.000197586
2021-01-12,17:29:30,3.084199905,6.998799896,69.06708527,97.83770752,64.86727905,65.01937866,1152.365967,67.61614227,275.4533386,79.08933258,1.0,0.0,0.000831867,0.000197586
2021-01-12,17:29:31,3.084399986,6.998799896,69.06708527,97.83673859,64.86776733,65.01924133,1152.369873,67.61592102,275.453949,79.08933258,1.0,0.0,0.000831867,0.000197586
2021-01-12,17:29:32,3.084199905,6.998699951,69.06811523,97.837677,64.86805725,65.019104,1152.373291,67.61564636,275.4549255,79.08933258,1.0,0.0,0.000831867,0.000197586
2021-01-12,17:29:33,3.084300041,6.998600006,69.06811523,97.83708954,64.86753845,65.01889801,1152.37854,67.61543274,275.4556274,79.08933258,1.0,0.0,0.000831867,0.000197586
2021-01-12,17:29:34,3.084000015,6.998500061,69.06811523,97.83735657,64.86793518,65.01905823,1152.374268,67.61564636,275.4549255,79.08933258,1.0,0.0,0.000831867,0.000197586
2021-01-12,17:29:35,3.084199905,6.998400116,69.06811523,97.83650208,64.86672974,65.01885986,1152.380005,67.61508179,275.4567871,79.08933258,1.0,0.0,0.000831867,0.000197586
2021-01-12,17:29:36,3.084000015,6.998300171,69.06811523,97.83753967,64.86584473,65.01896667,1152.376953,67.61521149,275.4564209,79.08933258,1.0,0.0,0.000831867,0.000197586
2021-01-12,17:29:37,3.08390007,6.998300171,69.06811523,97.83776855,64.86732483,65.01872253,1152.383911,67.61502838,275.4570923,79.08933258,1.0,0.0,0.000853788,0.000197586
2021-01-12,17:29:38,3.084199905,6.998200226,69.06705475,97.83718109,64.86699677,65.0189209,1152.378174,67.61524963,275.4563904,79.08933258,1.0,0.0,0.000853788,0.000197586
2021-01-12,17:29:39,3.084000015,6.998100281,69.06705475,97.8368988,64.86798096,65.01855469,1152.388184,67.61453247,275.4586487,79.19989777,1.0,0.0,0.000853788,0.000197586
2021-01-12,17:29:40,3.084399986,6.998000336,69.06705475,97.83673859,64.86727905,65.01851654,1152.389893,67.61448669,275.4587708,79.19989777,1.0,0.0,0.000853788,0.000197586
2021-01-12,17:29:41,3.084000015,6.997899628,69.06806946,97.83630371,64.86810303,65.01838684,1152.393555,67.61476135,275.4580383,79.19989777,1.0,0.0,0.000853788,0.000197586
2021-01-12,17:29:42,3.08409996,6.997799683,69.06806946,97.83663177,64.86724854,65.01821899,1152.398315,67.61440277,275.4592896,79.19989777,1.0,0.0,0.000853788,0.000197586
2021-01-12,17:29:43,3.083799934,6.997699738,69.06698608,97.83687592,64.86658478,65.0184021,1152.393066,67.61395264,275.4606934,79.19989777,1.0,0.0,0.000853788,0.000197586
2021-01-12,17:29:44,3.08390007,6.997599792,69.06698608,97.83680725,64.86748505,65.01828766,1152.395996,67.61413574,275.4599915,79.19989777,1.0,0.0,0.000853788,0.000197586
2021-01-12,17:29:45,3.083799934,6.997599792,69.06595612,97.8356781,64.86716461,65.01803589,1152.403198,67.61417389,275.4602661,79.19989777,1.0,0.0,0.000853788,0.000197586
2021-01-12,17:29:46,3.08390007,6.997499847,69.06595612,97.83621216,64.86769104,65.01808929,1152.4021,67.61390686,275.4608154,79.19989777,1.0,0.0,0.000853788,0.000197586
2021-01-12,17:29:47,3.083699989,6.997599792,69.0669632,97.83662415,64.8671875,65.01811218,1152.40271,67.61408234,275.4602966,79.19989777,1.0,0.0,0.000853788,0.000197586
2021-01-12,17:29:48,3.083799934,6.997399902,69.0669632,97.83573914,64.86766052,65.01803589,1152.401611,67.61386108,275.4610901,79.19989777,1.0,0.0,0.000853788,0.000197667
2021-01-12,17:29:49,3.083699989,6.997399902,69.0669632,97.83622742,64.8671875,65.01808929,1152.404297,67.61336517,275.4626465,79.19989777,1.0,0.0,0.000853788,0.000197667
2021-01-12,17:29:50,3.084000015,6.997899628,69.0669632,97.83531952,64.86689758,65.01787567,1152.407227,67.61359406,275.4619141,79.19989777,1.0,0.0,0.000839012,0.000197726
2021-01-12,17:29:51,3.083600044,6.998500061,69.0669632,97.83589172,64.86683655,65.01781464,1152.409058,67.61367798,275.4616089,79.19989777,1.0,0.0,0.00084525,0.000197726
2021-01-12,17:29:52,3.08409996,6.998999786,69.0669632,97.83531189,64.86846161,65.01774597,1152.411377,67.6131897,275.4632568,79.19989777,1.0,0.0,0.00084525,0.000197726
2021-01-12,17:29:53,3.08390007,6.99940033,69.0669632,97.83583069,64.86732483,65.01757813,1152.41626,67.61328125,275.4628601,79.19989777,1.0,0.0,0.00084525,0.000197726
2021-01-12,17:29:54,3.083799934,7.0,69.0669632,97.83470154,64.86758423,65.01768494,1152.412964,67.61277771,275.4646606,79.19989777,1.0,0.0,0.00084525,0.000197726
2021-01-12,17:29:55,3.08390007,7.000700378,69.06594849,97.83414459,64.8659668,65.0174408,1152.419922,67.61288452,275.464386,79.19989777,1.0,0.0,0.000840648,0.000197726
2021-01-12,17:29:56,3.083799934,7.000299835,69.06594849,97.83538055,64.86759186,65.01752472,1152.418213,67.61251831,275.4654541,79.19989777,1.0,0.0,0.000840648,0.000197726
2021-01-12,17:29:57,3.08390007,7.0,69.06594849,97.83460236,64.86732483,65.01746368,1152.4198,67.61269379,275.4648438,79.19989777,1.0,0.0,0.000840648,0.000197726
2021-01-12,17:29:58,3.083699989,6.999700165,69.06594849,97.83478546,64.86761475,65.0173645,1152.422241,67.61241913,275.4658203,79.19989777,1.0,0.0,0.000840648,0.000197726
2021-01-12,17:29:59,3.084000015,6.999199677,69.06594849,97.83395386,64.86621857,65.01734161,1152.423218,67.61219788,275.4666138,79.19989777,1.0,0.0,0.000840648,0.000197726
2021-01-12,17:30:00,3.083600044,7.002400208,69.06594849,97.83462524,64.86582947,65.0173645,1152.421753,67.61233521,275.466217,79.19989777,1.0,0.0,0.000840648,0.000197726
2021-01-12,17:30:01,3.084000015,7.001499939,69.06594849,97.833992,64.86712646,65.01725006,1152.424927,67.61224365,275.4657898,79.19989777,1.0,0.0,0.000840648,0.000197726
2021-01-12,17:30:02,3.083699989,7.00019989,69.06703186,97.83378601,64.86729431,65.01715851,1152.427856,67.61197662,275.4673767,79.19989777,1.0,0.0,0.000840648,0.000197726
2021-01-12,17:30:03,3.08390007,7.001200104,69.06600189,97.83313751,64.86712646,65.01725006,1152.425171,67.61219788,275.4666138,79.19989777,1.0,0.0,0.000840648,0.000197726
2021-01-12,17:30:04,3.083799934,6.999500275,69.06600189,97.83389282,64.86764526,65.01694489,1152.433716,67.61174774,275.4681091,79.19989777,1.0,0.0,0.000840648,0.000197726
2021-01-12,17:30:05,3.08409996,6.998600006,69.06600189,97.83400726,64.86703491,65.01705933,1152.431152,67.61197662,275.4674072,79.19989777,1.0,0.0,0.000840648,0.000197726
2021-01-12,17:30:06,3.08390007,6.998699951,69.06495667,97.83340454,64.86734009,65.01679993,1152.437988,67.61148071,275.4689636,79.19989777,1.0,0.0,0.000840648,0.000197726
2021-01-12,17:30:07,3.083600044,6.998400116,69.06495667,97.83387756,64.86708832,65.01676178,1152.439331,67.61166382,275.4683838,79.19989777,1.0,0.0,0.000838891,0.000197726
2021-01-12,17:30:08,3.08390007,6.998100281,69.06495667,97.83289337,64.86767578,65.01701355,1152.432129,67.61174774,275.4681091,79.19989777,1.0,0.0,0.000838891,0.000197726
2021-01-12,17:30:09,3.083799934,6.997799683,69.065979,97.83322144,64.86741638,65.01676178,1152.439575,67.61152649,275.4687805,79.19989777,1.0,0.0,0.000838891,0.000197726
2021-01-12,17:30:10,3.083699989,6.997499847,69.065979,97.83287811,64.86683655,65.0168457,1152.436768,67.61179352,275.4678955,79.19989777,1.0,0.0,0.000838891,0.000197726
2021-01-12,17:30:11,3.08390007,6.997899628,69.065979,97.83306885,64.86785889,65.01668549,1152.440918,67.61125946,275.4697571,79.19989777,1.0,0.0,0.000838891,0.000197726
2021-01-12,17:30:12,3.083499908,6.998200226,69.065979,97.8323288,64.86678314,65.0168457,1152.436768,67.61148071,275.4689026,79.19989777,1.0,0.0,0.000838891,0.000197473
2021-01-12,17:30:13,3.083699989,6.997399902,69.065979,97.83148956,64.86785889,65.01664734,1152.442017,67.61099243,275.4706421,79.19989777,1.0,0.0,0.000838891,0.000197521
2021-01-12,17:30:14,3.083600044,6.997699738,69.065979,97.83172607,64.86714172,65.01651001,1152.446045,67.61121368,275.4699097,79.19989777,1.0,0.0,0.000838891,0.000197521
2021-01-12,17:30:15,3.08390007,6.998100281,69.06491089,97.8323288,64.86625671,65.01654053,1152.445068,67.61135101,275.4694824,79.19989777,1.0,0.0,0.000838589,0.000197521
2021-01-12,17:30:16,3.083699989,6.998500061,69.06491089,97.83203125,64.86709595,65.01646423,1152.447388,67.61089325,275.4709167,79.19989777,1.0,0.0,0.000838589,0.000197521
2021-01-12,17:30:17,3.08390007,6.999099731,69.06491089,97.83109283,64.86714172,65.01630402,1152.451782,67.61116791,275.4700317,79.19989777,1.0,0.0,0.000838589,0.000197688
2021-01-12,17:30:18,3.083799934,6.99940033,69.06491089,97.83172607,64.86758423,65.01615906,1152.455811,67.61063385,275.4718933,79.19989777,1.0,0.0,0.000838589,0.000197688
2021-01-12,17:30:19,3.084000015,6.99980011,69.06594849,97.83132935,64.86701965,65.01637268,1152.449707,67.61040497,275.4725647,79.3288269,1.0,0.0,0.000838589,0.000197688
2021-01-12,17:30:20,3.083799934,7.000099945,69.06491852,97.83148193,64.86660004,65.01641846,1152.448486,67.61031342,275.4729309,79.3288269,1.0,0.0,0.000838589,0.000197688
2021-01-12,17:30:21,3.083600044,7.000499725,69.06491852,97.83112335,64.86833954,65.01630402,1152.451904,67.61031342,275.4729919,79.3288269,1.0,0.0,0.000838589,0.000197688
2021-01-12,17:30:22,3.083799934,7.000700378,69.06491852,97.83083344,64.86663818,65.01612091,1152.457031,67.61022186,275.4732971,79.3288269,1.0,0.0,0.000838589,0.000197688
2021-01-12,17:30:23,3.083699989,7.001000214,69.06491852,97.83202362,64.86614227,65.0161438,1152.456299,67.61000061,275.4741211,79.3288269,1.0,0.0,0.000838589,0.000197688
2021-01-12,17:30:24,3.083799934,7.001300049,69.06491852,97.8313446,64.8680191,65.01609802,1152.457642,67.60973358,275.474884,79.3288269,1.0,0.0,0.000838589,0.000197688
2021-01-12,17:30:25,3.084000015,7.001499939,69.06491852,97.83114624,64.86751556,65.01602936,1152.4552,67.6098175,275.4744263,79.3288269,1.0,0.0,0.000838589,0.000197688
2021-01-12,17:30:26,3.083799934,7.001699829,69.06491852,97.83185577,64.86695862,65.01591492,1152.46228,67.60990906,275.474884,79.3288269,1.0,0.0,0.000838589,0.000197688
2021-01-12,17:30:27,3.08390007,7.001899719,69.06491852,97.8316803,64.86801147,65.01583099,1152.465088,67.6098175,275.4742126,79.3288269,1.0,0.0,0.000838589,0.000197688
2021-01-12,17:30:28,3.08409996,7.002100372,69.06491852,97.83068085,64.86579895,65.0160141,1152.460083,67.609375,275.4761658,79.3288269,1.0,0.0,0.000838589,0.000197688
2021-01-12,17:30:29,3.084199905,7.002300262,69.06385803,97.83029938,64.86677551,65.01589203,1152.463135,67.60928345,275.4763794,79.67380524,1.0,0.0,0.000838589,0.000197688
2021-01-12,17:30:30,3.084000015,7.002200317,69.06385803,97.83132172,64.86810303,65.01572418,1152.468384,67.60968781,275.4749451,79.67380524,1.0,0.0,0.000838589,0.000197688
2021-01-12,17:30:31,3.08409996,7.002500153,69.06486511,97.83184814,64.86664581,65.01602936,1152.459351,67.60923767,275.4764709,79.67380524,1.0,0.0,0.000838589,0.000197688
2021-01-12,17:30:32,3.084000015,7.002600098,69.06486511,97.82974243,64.86620331,65.01587677,1152.463379,67.60942078,275.4760132,79.67380524,1.0,0.0,0.000838589,0.000197688
2021-01-12,17:30:33,3.08409996,7.002799988,69.06486511,97.83047485,64.86672211,65.01577759,1152.466064,67.60901642,275.4772949,79.67380524,1.0,0.0,0.000838589,0.000197688
2021-01-12,17:30:34,3.084300041,7.002899933,69.06486511,97.83056641,64.86734009,65.01587677,1152.464233,67.60892487,275.4775696,79.49057007,1.0,0.0,0.000838589,0.000197688
2021-01-12,17:30:35,3.08409996,7.002899933,69.06486511,97.83078003,64.86685181,65.01577759,1152.466431,67.60896301,275.4774475,79.49057007,1.0,0.0,0.000838589,0.000197688
2021-01-12,17:30:36,3.084300041,7.003099823,69.06385803,97.83111572,64.86726379,65.01585388,1152.468384,67.60856628,275.4788513,79.49057007,1.0,0.0,0.000867777,0.000197671
2021-01-12,17:30:37,3.084199905,7.002999878,69.06385803,97.83003235,64.86660767,65.01572418,1152.467773,67.60883331,275.4779053,79.49057007,1.0,0.0,0.000883703,0.000197639
2021-01-12,17:30:38,3.084399986,7.003099823,69.06283569,97.83036804,64.86801147,65.01567078,1152.469604,67.60874939,275.478302,79.49057007,1.0,0.0,0.000883703,0.000197639
2021-01-12,17:30:39,3.084300041,7.003199768,69.06394958,97.83067322,64.86776733,65.01570129,1152.468872,67.60901642,275.4772949,79.34555054,1.0,0.0,0.000883703,0.000197639
2021-01-12,17:30:40,3.084300041,7.003099823,69.06394958,97.83008575,64.86855316,65.01563263,1152.470825,67.60860443,275.4787292,79.34555054,1.0,0.0,0.000883703,0.000197729
2021-01-12,17:30:41,3.084199905,7.003199768,69.06394958,97.82952881,64.86772156,65.01572418,1152.468018,67.60874939,275.4782715,79.34555054,1.0,0.0,0.000883703,0.000197729
2021-01-12,17:30:42,3.084499931,7.003399658,69.06394958,97.82910919,64.86824036,65.01563263,1152.470459,67.60896301,275.4774475,79.34555054,1.0,0.0,0.000863417,0.000197622
2021-01-12,17:30:43,3.084300041,7.003299713,69.06394958,97.83002472,64.86753845,65.01557922,1152.472412,67.60847473,275.479187,79.34555054,1.0,0.0,0.000863417,0.000197622
2021-01-12,17:30:44,3.084499931,7.003399658,69.06394958,97.82920074,64.86894226,65.01576233,1152.466675,67.60834503,275.4795837,79.34555054,1.0,0.0,0.000863417,0.000197622
2021-01-12,17:30:45,3.084700012,7.003299713,69.06394958,97.82981873,64.86859131,65.01564789,1152.470093,67.60851288,275.4790344,79.34555054,1.0,0.0,0.000884248,0.000197597
2021-01-12,17:30:46,3.084399986,7.003299713,69.06289673,97.83037567,64.86880493,65.01570129,1152.468872,67.60834503,275.4796143,79.34555054,1.0,0.0,0.000884248,0.000197597
2021-01-12,17:30:47,3.084700012,7.003299713,69.06289673,97.82899475,64.86685944,65.01541901,1152.476929,67.60856628,275.4788513,79.34555054,1.0,0.0,0.000884248,0.000197597
2021-01-12,17:30:48,3.084499931,7.003299713,69.06289673,97.82970428,64.86955261,65.01538849,1152.476196,67.60851288,275.4789734,79.34555054,1.0,0.0,0.000884248,0.000197643
2021-01-12,17:30:49,3.084600067,7.003199768,69.0639267,97.829216,64.86891174,65.01528168,1152.480835,67.60865021,275.4785461,79.09335327,1.0,0.0,0.000884248,0.000197643
2021-01-12,17:30:50,3.084399986,7.003299713,69.0639267,97.83004761,64.86903381,65.01551056,1152.473999,67.60843658,275.4793396,79.09335327,1.0,0.0,0.000884248,0.000197643
2021-01-12,17:30:51,3.084600067,7.003199768,69.06285858,97.82874298,64.86849976,65.01557922,1152.471924,67.60784149,275.4813232,79.09335327,1.0,0.0,0.000884248,0.000197643
2021-01-12,17:30:52,3.084900093,7.003299713,69.06180573,97.83000946,64.86898041,65.01535797,1152.478638,67.60825348,275.4798279,79.09335327,1.0,0.0,0.000884248,0.000197643
2021-01-12,17:30:53,3.084499931,7.003199768,69.06281281,97.82889557,64.86834717,65.01541901,1152.47644,67.60784149,275.4813232,79.09335327,1.0,0.0,0.000884248,0.000197643
2021-01-12,17:30:54,3.084799957,7.003199768,69.06281281,97.83005524,64.86927795,65.01528168,1152.480347,67.608078,275.4805298,79.26566315,1.0,0.0,0.000884248,0.00019757
2021-01-12,17:30:55,3.084900093,7.003299713,69.06281281,97.83026123,64.86816406,65.01546478,1152.475098,67.60780334,275.4813538,79.26566315,1.0,0.0,0.000884248,0.00019757
2021-01-12,17:30:56,3.084799957,7.003199768,69.06281281,97.82938385,64.86733246,65.01538849,1152.477295,67.60797882,275.4807129,79.26566315,1.0,0.0,0.000884248,0.00019757
2021-01-12,17:30:57,3.085000038,7.003099823,69.06281281,97.8290863,64.86791992,65.01515198,1152.483887,67.6078949,275.4811096,79.26566315,1.0,0.0,0.000884248,0.000197572
2021-01-12,17:30:58,3.084799957,7.003099823,69.06281281,97.82873535,64.86832428,65.01544189,1152.47583,67.6082077,275.4800415,79.26566315,1.0,0.0,0.000884248,0.000197572
2021-01-12,17:30:59,3.085099983,7.003099823,69.06281281,97.82811737,64.86776733,65.01515198,1152.484009,67.6077652,275.4815063,79.39781189,1.0,0.0,0.000880978,0.000197825
2021-01-12,17:31:00,3.084799957,7.002999878,69.06281281,97.82868958,64.86897278,65.01535797,1152.478394,67.60762024,275.4821167,79.39781189,1.0,0.0,0.000880978,0.000197825
2021-01-12,17:31:01,3.084900093,7.003099823,69.06281281,97.82843018,64.86795044,65.01509857,1152.485352,67.60780334,275.4813843,79.39781189,1.0,0.0,0.000880978,0.000197825
2021-01-12,17:31:02,3.085000038,7.002999878,69.06175232,97.82852173,64.86833954,65.01517487,1152.483398,67.6078949,275.4812012,79.39781189,1.0,0.0,0.000880978,0.000197825
2021-01-12,17:31:03,3.084900093,7.002899933,69.06284332,97.82902527,64.86815643,65.01538849,1152.477295,67.60730743,275.4830017,79.39781189,1.0,0.0,0.000880978,0.000197825
2021-01-12,17:31:04,3.084799957,7.002799988,69.06284332,97.82887268,64.8678894,65.01509857,1152.485352,67.60771179,275.4817505,79.39781189,1.0,0.0,0.000880978,0.000197825
2021-01-12,17:31:05,3.085099983,7.002899933,69.06284332,97.82810974,64.86888123,65.01512909,1152.484253,67.60730743,275.4830933,79.39781189,1.0,0.0,0.000880978,0.000197825
2021-01-12,17:31:06,3.084799957,7.002799988,69.0617981,97.82778168,64.86859131,65.01522064,1152.482056,67.60709381,275.4837646,79.39781189,1.0,0.0,0.000876558,0.00019762
2021-01-12,17:31:07,3.084900093,7.002700043,69.0617981,97.82846832,64.86830139,65.01515198,1152.483643,67.60753632,275.4823914,79.39781189,1.0,0.0,0.000876558,0.00019762
2021-01-12,17:31:08,3.085199928,7.002799988,69.0617981,97.82763672,64.86782837,65.01509857,1152.485474,67.60726929,275.4833374,79.39781189,1.0,0.0,0.000849549,0.00019762
2021-01-12,17:31:09,3.084900093,7.002700043,69.0617981,97.82852173,64.86911011,65.01499176,1152.488525,67.60735321,275.4828796,79.39781189,1.0,0.0,0.000849549,0.00019762
2021-01-12,17:31:10,3.085000038,7.002600098,69.0617981,97.82670593,64.86834717,65.01483154,1152.49292,67.60704803,275.4840698,79.39781189,1.0,0.0,0.000837075,0.00019762
2021-01-12,17:31:11,3.084900093,7.002500153,69.0617981,97.82711792,64.86885071,65.01483154,1152.493286,67.60699463,275.4838562,79.39781189,1.0,0.0,0.000873832,0.000197623
2021-01-12,17:31:12,3.085000038,7.002500153,69.0617981,97.8273468,64.86855316,65.0149231,1152.490356,67.60704803,275.4841614,79.39781189,1.0,0.0,0.000873832,0.000197623
2021-01-12,17:31:13,3.084900093,7.002400208,69.0617981,97.82754517,64.8694458,65.01495361,1152.490234,67.60709381,275.4837646,79.39781189,1.0,0.0,0.000873832,0.000197623
2021-01-12,17:31:14,3.085099983,7.002400208,69.0617981,97.82698822,64.86869812,65.0148468,1152.492188,67.60678101,275.4848328,79.23887634,1.0,0.0,0.000873832,0.000197623
2021-01-12,17:31:15,3.085199928,7.002400208,69.0617981,97.82795715,64.86746216,65.01495361,1152.490112,67.60699463,275.4841309,79.23887634,1.0,0.0,0.000873832,0.000197623
2021-01-12,17:31:16,3.085000038,7.002300262,69.06077576,97.82663727,64.86917877,65.01487732,1152.491577,67.60668182,275.485199,79.23887634,1.0,0.0,0.000873832,0.000197623
2021-01-12,17:31:17,3.085099983,7.002300262,69.06077576,97.82701111,64.86841583,65.01501465,1152.487915,67.60645294,275.4860229,79.23887634,1.0,0.0,0.000873832,0.000197623
2021-01-12,17:31:18,3.085000038,7.002200317,69.06077576,97.82605743,64.86816406,65.01480865,1152.493652,67.60655975,275.4855957,79.23887634,1.0,0.0,0.000860873,0.000197623
2021-01-12,17:31:19,3.084900093,7.002100372,69.06077576,97.82637024,64.86882019,65.01469421,1152.496582,67.60668182,275.4852295,79.23887634,1.0,0.0,0.000860873,0.000197623
2021-01-12,17:31:20,3.085199928,7.002100372,69.06077576,97.82613373,64.8693161,65.01464844,1152.498291,67.60632324,275.4864197,79.23887634,1.0,0.0,0.000860873,0.000197623
2021-01-12,17:31:21,3.084900093,7.001999664,69.06077576,97.82633972,64.86834717,65.0148468,1152.492432,67.60614777,275.4869995,79.23887634,1.0,0.0,0.000860873,0.000197623
2021-01-12,17:31:22,3.085300064,7.001899719,69.06077576,97.82598114,64.86953735,65.0149231,1152.490723,67.60645294,275.4859619,79.23887634,1.0,0.0,0.000860873,0.000197623
2021-01-12,17:31:23,3.084900093,7.001999664,69.06077576,97.82591248,64.86968994,65.01457214,1152.500244,67.60614777,275.4871216,79.23887634,1.0,0.0,0.000847733,0.000197551
2021-01-12,17:31:24,3.085199928,7.001799774,69.06077576,97.82650757,64.86912537,65.01476288,1152.494873,67.60574341,275.4883728,79.23887634,1.0,0.0,0.000847733,0.000197551
2021-01-12,17:31:25,3.085099983,7.001699829,69.06077576,97.82598877,64.8684845,65.01469421,1152.496582,67.60614777,275.4870911,79.23887634,1.0,0.0,0.000847733,0.000197551
2021-01-12,17:31:26,3.085300064,7.001799774,69.06077576,97.82498932,64.86779785,65.01480865,1152.493164,67.60588837,275.487854,79.23887634,1.0,0.0,0.000847733,0.000197551
2021-01-12,17:31:27,3.084900093,7.001699829,69.06077576,97.82472992,64.86804962,65.01460266,1152.499268,67.60556793,275.4890442,79.23887634,1.0,0.0,0.000847733,0.000197551
2021-01-12,17:31:28,3.084799957,7.001599884,69.06077576,97.82623291,64.86878967,65.0145874,1152.500122,67.60583496,275.4880676,79.23887634,1.0,0.0,0.000857603,0.000197551
2021-01-12,17:31:29,3.085099983,7.001499939,69.06077576,97.82521057,64.86898804,65.01446533,1152.503052,67.60560608,275.4887695,79.23887634,1.0,0.0,0.000839255,0.000197551
2021-01-12,17:31:30,3.084900093,7.001499939,69.06077576,97.82452393,64.86941528,65.01442719,1152.50415,67.60552216,275.4891968,79.23887634,1.0,0.0,0.000839255,0.000197551
2021-01-12,17:31:31,3.085099983,7.001699829,69.06077576,97.82520294,64.86824036,65.01451874,1152.502319,67.60560608,275.4886475,79.23887634,1.0,0.0,0.000839255,0.000197551
2021-01-12,17:31:32,3.084799957,7.001499939,69.06077576,97.82543945,64.86885071,65.01432037,1152.50769,67.60570526,275.4892273,79.23887634,1.0,0.0,0.000839255,0.000197551
2021-01-12,17:31:33,3.084900093,7.001399994,69.06077576,97.8250351,64.86798859,65.01438141,1152.506104,67.60520935,275.4902649,79.23887634,1.0,0.0,0.000839255,0.000197551
2021-01-12,17:31:34,3.084799957,7.001300049,69.05975342,97.8241272,64.86852264,65.01426697,1152.508667,67.60511017,275.4904785,79.44599152,1.0,0.0,0.000839255,0.000197551
2021-01-12,17:31:35,3.085000038,7.001200104,69.05975342,97.82468414,64.86802673,65.01449585,1152.502686,67.60520935,275.4902039,79.44599152,1.0,0.0,0.000839255,0.000197551
2021-01-12,17:31:36,3.085199928,7.001100159,69.06078339,97.82505798,64.86962891,65.01438141,1152.505249,67.60501862,275.4907532,79.44599152,1.0,0.0,0.000839255,0.000197551
2021-01-12,17:31:37,3.084700012,7.001000214,69.05970001,97.82382202,64.86895752,65.01445007,1152.50354,67.60490417,275.491333,79.44599152,1.0,0.0,0.000839255,0.000197551
2021-01-12,17:31:38,3.085099983,7.000900269,69.05970001,97.82428741,64.86748505,65.01432037,1152.50769,67.60525513,275.4901123,79.44599152,1.0,0.0,0.000839255,0.000197692
2021-01-12,17:31:39,3.084900093,7.000800323,69.05970001,97.82483673,64.86833191,65.01422119,1152.510132,67.60501862,275.4909668,79.44599152,1.0,0.0,0.000839255,0.000197692
2021-01-12,17:31:40,3.084799957,7.000900269,69.06071472,97.8232193,64.86820984,65.014328,1152.506836,67.60516357,275.490387,79.44599152,1.0,0.0,0.000839255,0.000197692
2021-01-12,17:31:41,3.085099983,7.000700378,69.05956268,97.82349396,64.86781311,65.0140152,1152.515869,67.60449219,275.4925842,79.44599152,1.0,0.0,0.000847369,0.000197692
2021-01-12,17:31:42,3.084799957,7.00059967,69.05956268,97.82398987,64.86752319,65.01415253,1152.512207,67.60423279,275.4934998,79.44599152,1.0,0.0,0.000847369,0.000197692
2021-01-12,17:31:43,3.085199928,7.000700378,69.05956268,97.82272339,64.86825562,65.01422119,1152.510498,67.6049881,275.4909973,79.44599152,1.0,0.0,0.000864446,0.000197633
2021-01-12,17:31:44,3.084799957,7.000499725,69.05956268,97.82341766,64.86773682,65.01407623,1152.514404,67.60462952,275.4921875,79.44599152,1.0,0.0,0.000864446,0.000197633
2021-01-12,17:31:45,3.085000038,7.000499725,69.05956268,97.82363129,64.86729431,65.0138855,1152.519775,67.60431671,275.4931946,79.44599152,1.0,0.0,0.000864446,0.000197633
2021-01-12,17:31:46,3.085099983,7.00039978,69.05956268,97.82292938,64.8684845,65.01415253,1152.512085,67.60453796,275.4924622,79.44599152,1.0,0.0,0.000864446,0.000197633
2021-01-12,17:31:47,3.084900093,7.000299835,69.05956268,97.82393646,64.86726379,65.01398468,1152.516113,67.60423279,275.4934387,79.44599152,1.0,0.0,0.000864446,0.000197682
2021-01-12,17:31:48,3.085099983,7.00039978,69.05956268,97.82275391,64.86843109,65.01422119,1152.509888,67.60404968,275.4941711,79.44599152,1.0,0.0,0.000864446,0.000197682
2021-01-12,17:31:49,3.084799957,7.000299835,69.05956268,97.82247162,64.86894226,65.0139389,1152.518433,67.60395813,275.4938354,79.44599152,1.0,0.0,0.000864446,0.000197682
2021-01-12,17:31:50,3.085000038,7.00019989,69.05956268,97.82286072,64.86798096,65.01386261,1152.520386,67.60423279,275.4935303,79.44599152,1.0,0.0,0.000864446,0.000197682
2021-01-12,17:31:51,3.084900093,7.000099945,69.05956268,97.82270813,64.86940002,65.0140152,1152.515991,67.60400391,275.4942932,79.44599152,1.0,0.0,0.000863417,0.000197682
2021-01-12,17:31:52,3.085000038,7.000099945,69.0585022,97.82205963,64.86827087,65.0138855,1152.519897,67.6038208,275.4947205,79.44599152,1.0,0.0,0.000863417,0.000197682
2021-01-12,17:31:53,3.084799957,7.0,69.0585022,97.82169342,64.86819458,65.01381683,1152.521484,67.60368347,275.4953308,79.44599152,1.0,0.0,0.000863417,0.000197682
2021-01-12,17:31:54,3.085099983,6.999900055,69.05951691,97.82303619,64.86865234,65.01406097,1152.514648,67.60355377,275.4957275,79.44599152,1.0,0.0,0.000863417,0.000197682
2021-01-12,17:31:55,3.084799957,6.99980011,69.05951691,97.8228302,64.8693161,65.01369476,1152.524536,67.60364532,275.4954224,79.44599152,1.0,0.0,0.000863417,0.000197682
2021-01-12,17:31:56,3.085000038,6.99980011,69.05951691,97.8227005,64.86947632,65.0134964,1152.530029,67.60386658,275.4946594,79.44599152,1.0,0.0,0.000863417,0.000197682
2021-01-12,17:31:57,3.084700012,6.999700165,69.05951691,97.82307434,64.86912537,65.01371765,1152.524292,67.60350037,275.4959717,79.44599152,1.0,0.0,0.000863417,0.000197682
2021-01-12,17:31:58,3.084600067,6.999700165,69.05951691,97.82183075,64.86836243,65.01381683,1152.521484,67.60324097,275.4967957,79.44599152,1.0,0.0,0.000863417,0.000197682
2021-01-12,17:31:59,3.084900093,6.99960022,69.0585022,97.82314301,64.86810303,65.01363373,1152.526367,67.60341644,275.4963379,79.44599152,1.0,0.0,0.000863417,0.000197682
2021-01-12,17:32:00,3.085099983,6.999500275,69.0585022,97.82182312,64.86898804,65.01358795,1152.527954,67.60355377,275.4957581,79.44599152,1.0,0.0,0.000863417,0.000197682
2021-01-12,17:32:01,3.084799957,6.99940033,69.0585022,97.82147217,64.86924744,65.0134964,1152.530151,67.60318756,275.4971008,79.44599152,1.0,0.0,0.000863417,0.000197682
2021-01-12,17:32:02,3.084600067,6.99940033,69.0585022,97.82211304,64.86817932,65.01351929,1152.529419,67.60292053,275.4978333,79.44599152,1.0,0.0,0.000863417,0.000197682
2021-01-12,17:32:03,3.084900093,6.999299622,69.0574646,97.82236481,64.86793518,65.01347351,1152.530762,67.60314941,275.4971924,79.44599152,1.0,0.0,0.000863417,0.000197682
2021-01-12,17:32:04,3.084499931,6.999299622,69.0585022,97.82098389,64.86836243,65.01347351,1152.530396,67.60260773,275.4989929,79.44599152,1.0,0.0,0.000863417,0.000197682
2021-01-12,17:32:05,3.084600067,6.999199677,69.0585022,97.82064056,64.86798096,65.01356506,1152.532471,67.60346222,275.4960938,79.44599152,1.0,0.0,0.000863417,0.000197682
2021-01-12,17:32:06,3.084499931,6.999299622,69.0585022,97.82182312,64.86888123,65.01330566,1152.535645,67.60292053,275.4978638,79.44599152,1.0,0.0,0.000863417,0.000197682
2021-01-12,17:32:07,3.084700012,6.999199677,69.0585022,97.82096863,64.86828613,65.01347351,1152.53125,67.60306549,275.4974976,79.44599152,1.0,0.0,0.000863417,0.000197682
2021-01-12,17:32:08,3.084799957,6.999199677,69.0585022,97.82138824,64.86842346,65.01356506,1152.528442,67.60260773,275.499054,79.44599152,1.0,0.0,0.000863417,0.000197682
2021-01-12,17:32:09,3.084600067,6.999099731,69.0585022,97.82087708,64.86868286,65.01339722,1152.532959,67.60238647,275.4996948,79.44599152,1.0,0.0,0.000863417,0.000197682
2021-01-12,17:32:10,3.084499931,6.998999786,69.0585022,97.82032013,64.86904907,65.01327515,1152.536865,67.60274506,275.4985352,79.44599152,1.0,0.0,0.000863417,0.000197636
2021-01-12,17:32:11,3.084700012,6.999099731,69.0585022,97.82063293,64.86982727,65.01330566,1152.534424,67.60220337,275.5003357,79.44599152,1.0,0.0,0.000863417,0.000197636
2021-01-12,17:32:12,3.084499931,6.998999786,69.0585022,97.82087708,64.86959076,65.01313782,1152.540527,67.6023407,275.4997864,79.44599152,1.0,0.0,0.000863417,0.000197636
2021-01-12,17:32:13,3.084600067,6.998899841,69.0585022,97.82139587,64.86920166,65.01301575,1152.543823,67.60260773,275.4990234,79.44599152,1.0,0.0,0.000863417,0.000197636
2021-01-12,17:32:14,3.084700012,6.998899841,69.0585022,97.82043457,64.86981201,65.01330566,1152.5354,67.60238647,275.4996643,79.31827545,1.0,0.0,0.000821451,0.000197636
2021-01-12,17:32:15,3.084499931,6.998799896,69.0585022,97.81980133,64.86859894,65.01320648,1152.53833,67.60229492,275.5,79.31827545,1.0,0.0,0.000821451,0.000197636
2021-01-12,17:32:16,3.084700012,6.998899841,69.05741119,97.81893921,64.86943054,65.01318359,1152.539063,67.60198212,275.500946,79.31827545,1.0,0.0,0.000827809,0.000197639
2021-01-12,17:32:17,3.084300041,6.998699951,69.05741119,97.82035065,64.8684845,65.01315308,1152.539795,67.60229492,275.5000305,79.31827545,1.0,0.0,0.000827809,0.000197639
2021-01-12,17:32:18,3.084700012,6.998699951,69.05741119,97.82064819,64.86968994,65.01322937,1152.537598,67.60198212,275.5011597,79.31827545,1.0,0.0,0.000849549,0.000197639
2021-01-12,17:32:19,3.084499931,6.998600006,69.05741119,97.81946564,64.86904907,65.01315308,1152.540283,67.60189056,275.5014038,79.2131424,1.0,0.0,0.000849549,0.000197639
2021-01-12,17:32:20,3.084300041,6.998600006,69.05741119,97.81989288,64.86878204,65.01311493,1152.541016,67.60171509,275.5019531,79.2131424,1.0,0.0,0.00083544,0.000197697
2021-01-12,17:32:21,3.084499931,6.998500061,69.05741119,97.82108307,64.86946106,65.01318359,1152.538818,67.60153198,275.5025024,79.2131424,1.0,0.0,0.00083544,0.000197697
2021-01-12,17:32:22,3.084300041,6.998400116,69.05741119,97.81945038,64.86856079,65.01301575,1152.543579,67.60224915,275.5002136,79.2131424,1.0,0.0,0.00083114,0.000197696
2021-01-12,17:32:23,3.084499931,6.998400116,69.05741119,97.81961823,64.8693161,65.01292419,1152.545898,67.60171509,275.5020447,79.2131424,1.0,0.0,0.00083114,0.000197696
2021-01-12,17:32:24,3.084399986,6.998300171,69.05741119,97.81946564,64.8687973,65.01313782,1152.540527,67.60153198,275.502594,79.34784698,1.0,0.0,0.00083114,0.000197696
2021-01-12,17:32:25,3.084499931,6.998300171,69.05741119,97.81896973,64.8684845,65.01301575,1152.543579,67.60162354,275.5022583,79.34784698,1.0,0.0,0.00083114,0.000197696
2021-01-12,17:32:26,3.084300041,6.998400116,69.05741119,97.81865692,64.86904144,65.01315308,1152.540161,67.60113525,275.5038757,79.34784698,1.0,0.0,0.00083114,0.000197696
2021-01-12,17:32:27,3.084499931,6.998300171,69.05741119,97.81788635,64.86846924,65.01294708,1152.545288,67.60095215,275.5045166,79.34784698,1.0,0.0,0.00083114,0.000197696
2021-01-12,17:32:28,3.084300041,6.998400116,69.05741119,97.81906891,64.86823273,65.01301575,1152.543213,67.60140228,275.5029297,79.34784698,1.0,0.0,0.000821269,0.000197696
2021-01-12,17:32:29,3.084700012,6.998300171,69.05635834,97.81819153,64.86949158,65.01309204,1152.541382,67.60113525,275.5039673,79.47507477,1.0,0.0,0.000821269,0.000197696
2021-01-12,17:32:30,3.084300041,6.998899841,69.05741119,97.8187027,64.86863708,65.01322937,1152.53772,67.60103607,275.5042725,79.47507477,1.0,0.0,0.000821269,0.000197696
2021-01-12,17:32:31,3.084499931,6.999299622,69.05633545,97.81815338,64.86943054,65.01315308,1152.540039,67.60121918,275.5035706,79.47507477,1.0,0.0,0.000821693,0.000197609
2021-01-12,17:32:32,3.084300041,6.998699951,69.05633545,97.81871796,64.86901855,65.01292419,1152.545898,67.6009903,275.5044556,79.47507477,1.0,0.0,0.000821693,0.000197609
2021-01-12,17:32:33,3.084600067,7.005699921,69.05735779,97.81739807,64.8694458,65.01301575,1152.543335,67.60077667,275.505188,79.47507477,1.0,0.0,0.000821693,0.000197638
2021-01-12,17:32:34,3.084399986,6.997599792,69.05735779,97.81697083,64.8690033,65.01296997,1152.545044,67.60103607,275.504303,79.33137512,1.0,0.0,0.000823268,0.000197638
2021-01-12,17:32:35,3.084600067,6.997299957,69.05735779,97.81793213,64.86915588,65.01306915,1152.542358,67.6007309,275.5053406,79.33137512,1.0,0.0,0.000823268,0.000197638
2021-01-12,17:32:36,3.084700012,6.998200226,69.05735779,97.8172226,64.86875153,65.01300049,1152.544922,67.6008606,275.5048523,79.33137512,1.0,0.0,0.000823268,0.000197638
2021-01-12,17:32:37,3.084300041,6.998500061,69.05735779,97.81746674,64.86949158,65.01292419,1152.541992,67.60049438,275.5059509,79.33137512,1.0,0.0,0.000823268,0.000197638
2021-01-12,17:32:38,3.084700012,6.998799896,69.05630493,97.81649017,64.86882782,65.01303864,1152.546997,67.6009903,275.5043945,79.33137512,1.0,0.0,0.000823268,0.000197638
2021-01-12,17:32:39,3.084399986,6.998999786,69.05630493,97.81826019,64.87031555,65.01294708,1152.542236,67.60077667,275.5051575,79.20738983,1.0,0.0,0.000823268,0.000197638
2021-01-12,17:32:40,3.084600067,6.999099731,69.05732727,97.81700134,64.86969757,65.01290131,1152.546631,67.60023499,275.5069885,79.20738983,1.0,0.0,0.000857664,0.000197638
2021-01-12,17:32:41,3.084499931,6.999299622,69.05732727,97.81666565,64.86921692,65.01300049,1152.544678,67.60049438,275.5060425,79.20738983,1.0,0.0,0.000857664,0.000197638
2021-01-12,17:32:42,3.084600067,6.999500275,69.0562973,97.81645203,64.86946106,65.01288605,1152.546997,67.60045624,275.5062866,79.20738983,1.0,0.0,0.000857664,0.000197638
2021-01-12,17:32:43,3.084399986,6.99960022,69.0562973,97.81658936,64.86968994,65.01296997,1152.5448,67.60036469,275.5065613,79.20738983,1.0,0.0,0.000857664,0.000197638
2021-01-12,17:32:44,3.084499931,6.999700165,69.0562973,97.81600189,64.86920166,65.01292419,1152.546021,67.60059357,275.5057678,79.20738983,1.0,0.0,0.000857664,0.000197638
2021-01-12,17:32:45,3.084300041,6.99980011,69.0562973,97.81523895,64.86997986,65.01300049,1152.544678,67.60049438,275.5061035,79.20738983,1.0,0.0,0.000857664,0.000197638
2021-01-12,17:32:46,3.084499931,6.999900055,69.0562973,97.81660461,64.86964417,65.01309204,1152.541626,67.60014343,275.5072632,79.20738983,1.0,0.0,0.000836045,0.000197607
2021-01-12,17:32:47,3.084300041,7.0,69.0562973,97.81639099,64.86909485,65.01318359,1152.539551,67.59991455,275.5080566,79.20738983,1.0,0.0,0.000836045,0.000197607
2021-01-12,17:32:48,3.084399986,7.0,69.0562973,97.81570435,64.87023926,65.01301575,1152.543701,67.599823,275.5083923,79.20738983,1.0,0.0,0.000836045,0.000197607
2021-01-12,17:32:49,3.084300041,7.000099945,69.0562973,97.81674194,64.86820984,65.01303864,1152.542603,67.60023499,275.5068359,79.31848145,1.0,0.0,0.000836045,0.000197607
2021-01-12,17:32:50,3.084499931,7.000099945,69.05528259,97.81512451,64.86968994,65.01292419,1152.545898,67.599823,275.5083923,79.31848145,1.0,0.0,0.000836045,0.000197607
2021-01-12,17:32:51,3.084399986,7.00019989,69.05528259,97.81609344,64.86890411,65.01311493,1152.541016,67.59951782,275.5094604,79.31848145,1.0,0.0,0.000836045,0.000197607
2021-01-12,17:32:52,3.084499931,7.000099945,69.05528259,97.81577301,64.86859894,65.01294708,1152.545776,67.59941864,275.5090942,79.31848145,1.0,0.0,0.000836045,0.000197607
2021-01-12,17:32:53,3.084399986,7.00019989,69.05528259,97.81537628,64.86802673,65.01311493,1152.541138,67.5998764,275.5081787,79.31848145,1.0,0.0,0.000836045,0.000197607
2021-01-12,17:32:54,3.084600067,7.000299835,69.05528259,97.81645966,64.86964417,65.01301575,1152.543213,67.59996033,275.507782,79.42114258,1.0,0.0,0.000836045,0.000197607
2021-01-12,17:32:55,3.084799957,7.000299835,69.05528259,97.8147583,64.86868286,65.01290131,1152.546753,67.60005188,275.5081787,79.42114258,1.0,0.0,0.000836045,0.000197607
2021-01-12,17:32:56,3.084499931,7.000299835,69.05528259,97.81461334,64.86997986,65.01311493,1152.54126,67.59964752,275.5090637,79.42114258,1.0,0.0,0.000836045,0.000197607
2021-01-12,17:32:57,3.084799957,7.00039978,69.05528259,97.81539917,64.86911011,65.01296997,1152.545044,67.59964752,275.5088501,79.42114258,1.0,0.0,0.000836045,0.000197607
2021-01-12,17:32:58,3.084600067,7.000299835,69.05528259,97.81529999,64.87002563,65.01315308,1152.540161,67.59951782,275.5093994,79.42114258,1.0,0.0,0.000836045,0.000197607
2021-01-12,17:32:59,3.084700012,7.00039978,69.05632019,97.81512451,64.86935425,65.01311493,1152.541748,67.59999847,275.5076599,79.26243591,1.0,0.0,0.000861176,0.000197607
2021-01-12,17:33:00,3.084900093,7.000499725,69.05519867,97.81390381,64.86885071,65.01296997,1152.5448,67.59964752,275.5088501,79.26243591,1.0,0.0,0.000861176,0.000197607
2021-01-12,17:33:01,3.084600067,7.00039978,69.05519867,97.81513214,64.86807251,65.01306915,1152.54248,67.5995636,275.5092163,79.26243591,1.0,0.0,0.000861176,0.000197607
2021-01-12,17:33:02,3.084799957,7.000499725,69.05519867,97.81468201,64.869133,65.01318359,1152.539185,67.59978485,275.5085144,79.26243591,1.0,0.0,0.000861176,0.000197607
2021-01-12,17:33:03,3.084600067,7.00039978,69.05519867,97.81420135,64.86869049,65.01315308,1152.538208,67.59947205,275.5095825,79.26243591,1.0,0.0,0.000861176,0.000197607
2021-01-12,17:33:04,3.084499931,7.00039978,69.05519867,97.81368256,64.86994934,65.01306915,1152.542114,67.59964752,275.5090332,79.38716888,1.0,0.0,0.000861176,0.000197607
2021-01-12,17:33:05,3.084700012,7.000299835,69.05519867,97.81394196,64.86960602,65.01296997,1152.544922,67.59973907,275.5085754,79.38716888,1.0,0.0,0.000861176,0.000197607
2021-01-12,17:33:06,3.084900093,7.00039978,69.05519867,97.81356812,64.86898041,65.01318359,1152.539063,67.59960175,275.5091553,79.38716888,1.0,0.0,0.000867959,0.000197607
2021-01-12,17:33:07,3.084700012,7.000299835,69.05519867,97.81391907,64.86849976,65.01300049,1152.544556,67.59964752,275.5088501,79.38716888,1.0,0.0,0.000867959,0.000197607
2021-01-12,17:33:08,3.084799957,7.000299835,69.05519867,97.81448364,64.86920166,65.01301575,1152.543213,67.59928894,275.5102234,79.38716888,1.0,0.0,0.000867959,0.000197607
2021-01-12,17:33:09,3.084600067,7.000299835,69.05519867,97.81404114,64.86951447,65.01301575,1152.544067,67.59947205,275.5095215,77.63995361,1.0,0.0,0.000867959,0.000197582
2021-01-12,17:33:10,3.084700012,7.00039978,69.05519867,97.81434631,64.8687439,65.01309204,1152.541748,67.5995636,275.5092163,77.63995361,1.0,0.0,0.000867959,0.000197582
2021-01-12,17:33:11,3.084499931,7.000299835,69.05519867,97.81406403,64.8694458,65.01303864,1152.542969,67.59924316,275.5102844,77.63995361,1.0,0.0,0.000867959,0.000197582
2021-01-12,17:33:12,3.084600067,7.00019989,69.05519867,97.81386566,64.86872864,65.01327515,1152.536499,67.59915161,275.5098877,77.63995361,1.0,0.0,0.000867959,0.000197582
2021-01-12,17:33:13,3.084799957,7.00019989,69.05418396,97.81424713,64.87008667,65.01313782,1152.540649,67.59896851,275.5112305,77.63995361,1.0,0.0,0.000867959,0.000197582
2021-01-12,17:33:14,3.084499931,7.00019989,69.05418396,97.81304169,64.86968994,65.01325226,1152.537476,67.59915161,275.5105286,77.4156189,1.0,0.0,0.000867959,0.000197582
2021-01-12,17:33:15,3.084799957,7.00019989,69.05418396,97.81383514,64.86933899,65.01301575,1152.543579,67.59879303,275.5117798,77.4156189,1.0,0.0,0.000835379,0.000197582
2021-01-12,17:33:16,3.084600067,7.000099945,69.05317688,97.81357574,64.86831665,65.01329041,1152.536255,67.59896851,275.5112915,77.4156189,1.0,0.0,0.000838407,0.000197583
2021-01-12,17:33:17,3.084900093,7.000099945,69.05317688,97.81399536,64.86885834,65.01313782,1152.540527,67.59915161,275.5105286,77.4156189,1.0,0.0,0.000838407,0.000197583
2021-01-12,17:33:18,3.084499931,7.0,69.05419159,97.81333923,64.86698914,65.01306915,1152.542236,67.59938049,275.5097656,77.4156189,1.0,0.0,0.000838407,0.000197583
2021-01-12,17:33:19,3.084799957,7.0,69.05419159,97.81459808,64.86793518,65.01332855,1152.535156,67.59902191,275.5111389,77.88796234,1.0,0.0,0.000838407,0.000197583
2021-01-12,17:33:20,3.084900093,7.0,69.05419159,97.81375122,64.86657715,65.01311493,1152.54126,67.59910583,275.5107727,77.88796234,1.0,0.0,0.000855726,0.000197745
2021-01-12,17:33:21,3.084799957,7.0,69.05419159,97.81250763,64.86611938,65.01332855,1152.534546,67.59915161,275.5105896,77.88796234,1.0,0.0,0.000858027,0.000197745
2021-01-12,17:33:22,3.084900093,6.999900055,69.05316162,97.8137207,64.86560822,65.01338196,1152.536499,67.59896851,275.5112,77.88796234,1.0,0.0,0.000858027,0.000197745
2021-01-12,17:33:23,3.084799957,6.999900055,69.05425262,97.81285858,64.86650848,65.01327515,1152.536133,67.59874725,275.5118713,77.88796234,1.0,0.0,0.000858027,0.000197745
2021-01-12,17:33:24,3.084900093,6.99980011,69.05425262,97.81297302,64.86594391,65.01322937,1152.537598,67.59883881,275.5115967,77.88796234,1.0,0.0,0.000858027,0.000197745
2021-01-12,17:33:25,3.085000038,6.999900055,69.05425262,97.81330872,64.8657074,65.01313782,1152.540771,67.59896851,275.5112,77.88796234,1.0,0.0,0.000858027,0.000197745
2021-01-12,17:33:26,3.084799957,6.99980011,69.05425262,97.81306458,64.86598206,65.01327515,1152.536743,67.59861755,275.5123901,77.88796234,1.0,0.0,0.000858027,0.000197745
2021-01-12,17:33:27,3.084900093,6.999700165,69.05425262,97.81247711,64.86509705,65.01347351,1152.531128,67.59870911,275.5121765,77.88796234,1.0,0.0,0.000858027,0.000197745
2021-01-12,17:33:28,3.084799957,6.99960022,69.05425262,97.81184387,64.86477661,65.01315308,1152.539917,67.59861755,275.5123596,77.88796234,1.0,0.0,0.000858027,0.000197745
2021-01-12,17:33:29,3.084900093,6.999500275,69.05425262,97.81136322,64.86442566,65.01325226,1152.537354,67.59883881,275.5116272,78.15363312,1.0,0.0,0.000858027,0.000197745
2021-01-12,17:33:30,3.084700012,6.999500275,69.05425262,97.81217194,64.86329651,65.01347351,1152.531494,67.59861755,275.5123901,78.15363312,1.0,0.0,0.000858027,0.000197745
2021-01-12,17:33:31,3.084900093,6.99940033,69.05319977,97.8118515,64.86412048,65.01318359,1152.539551,67.59874725,275.5119629,78.15363312,1.0,0.0,0.000858027,0.000197745
2021-01-12,17:33:32,3.084799957,6.99940033,69.05319977,97.81260681,64.86286926,65.01329041,1152.536011,67.59838867,275.5132141,78.15363312,1.0,0.0,0.000858027,0.000197745
2021-01-12,17:33:33,3.085199928,6.999299622,69.05319977,97.81215668,64.86373901,65.01347351,1152.531006,67.59822083,275.5137939,78.15363312,1.0,0.0,0.000858027,0.000197607
2021-01-12,17:33:34,3.084799957,6.999199677,69.05319977,97.81189728,64.86287689,65.01318359,1152.538818,67.59853363,275.5127869,78.45812225,1.0,0.0,0.000858027,0.000197607
2021-01-12,17:33:35,3.084700012,6.999099731,69.05319977,97.81144714,64.86228943,65.01338196,1152.533325,67.59829712,275.5134888,78.45812225,1.0,0.0,0.000858027,0.000197607
2021-01-12,17:33:36,3.084799957,6.999099731,69.05319977,97.8122406,64.86273193,65.01351929,1152.529419,67.59848022,275.5126648,78.45812225,1.0,0.0,0.000858027,0.000197607
2021-01-12,17:33:37,3.084900093,6.998999786,69.05319977,97.81105042,64.86238098,65.01320648,1152.538208,67.59812164,275.5140991,78.45812225,1.0,0.0,0.000827507,0.000197607
2021-01-12,17:33:38,3.085000038,6.998899841,69.05319977,97.81220245,64.86327362,65.01332855,1152.535034,67.5986557,275.5123291,78.45812225,1.0,0.0,0.000827507,0.000197607
2021-01-12,17:33:39,3.084700012,6.998799896,69.05319977,97.81164551,64.86181641,65.01318359,1152.539551,67.59848022,275.5128479,78.45812225,1.0,0.0,0.000827507,0.000197633
2021-01-12,17:33:40,3.084900093,6.998699951,69.05218506,97.81108093,64.86274719,65.01315308,1152.540161,67.59857178,275.5125122,78.45812225,1.0,0.0,0.000827507,0.000197633
2021-01-12,17:33:41,3.084700012,6.998600006,69.05218506,97.81210327,64.86241913,65.01335907,1152.534058,67.59829712,275.5134583,78.45812225,1.0,0.0,0.000827507,0.00019765
2021-01-12,17:33:42,3.085000038,6.998600006,69.05218506,97.81175232,64.86183167,65.01339722,1152.532715,67.59838867,275.5137329,78.45812225,1.0,0.0,0.000827507,0.00019765
2021-01-12,17:33:43,3.084600067,6.998500061,69.05218506,97.81082153,64.86209869,65.01330566,1152.535767,67.59798431,275.5145264,78.45812225,1.0,0.0,0.000827507,0.00019765
2021-01-12,17:33:44,3.084799957,6.998400116,69.05218506,97.81034088,64.86095428,65.01318359,1152.539307,67.59848022,275.5128479,78.67372894,1.0,0.0,0.000827507,0.00019765
2021-01-12,17:33:45,3.084900093,6.998300171,69.05218506,97.81193542,64.86164856,65.01325226,1152.536987,67.59798431,275.5144653,78.67372894,1.0,0.0,0.000827507,0.000197763
2021-01-12,17:33:46,3.084700012,6.998200226,69.05218506,97.81048584,64.86116028,65.01306915,1152.542236,67.59803772,275.5144043,78.67372894,1.0,0.0,0.000827507,0.000197763
2021-01-12,17:33:47,3.084900093,6.998100281,69.05218506,97.81186676,64.8605957,65.01303864,1152.542725,67.59790039,275.514801,78.67372894,1.0,0.0,0.000827507,0.000197743
2021-01-12,17:33:48,3.084499931,6.998000336,69.05218506,97.8120575,64.86149597,65.01313782,1152.540771,67.59812164,275.5142212,78.67372894,1.0,0.0,0.000827507,0.000197743
2021-01-12,17:33:49,3.084900093,6.997899628,69.05218506,97.81066132,64.86076355,65.01294708,1152.545288,67.59758759,275.5158691,78.67372894,1.0,0.0,0.000827507,0.000197743
2021-01-12,17:33:50,3.084499931,6.997899628,69.05218506,97.81098175,64.86000824,65.01303864,1152.542725,67.59786224,275.5148926,78.67372894,1.0,0.0,0.000827507,0.000197577
2021-01-12,17:33:51,3.084799957,6.997699738,69.05218506,97.81117249,64.86065674,65.01294708,1152.545288,67.59767151,275.5155334,78.67372894,1.0,0.0,0.000827507,0.000197577
2021-01-12,17:33:52,3.084600067,6.997799683,69.05218506,97.81137085,64.8608551,65.01306915,1152.542358,67.59758759,275.5158691,78.67372894,1.0,0.0,0.000827507,0.000197577
2021-01-12,17:33:53,3.084799957,6.997599792,69.05218506,97.81066132,64.86048889,65.01290131,1152.546631,67.59776306,275.5153503,78.67372894,1.0,0.0,0.000827507,0.000197577
2021-01-12,17:33:54,3.084600067,6.997399902,69.05218506,97.81095123,64.85987854,65.01303864,1152.542969,67.59744263,275.5163574,78.85227203,1.0,0.0,0.000827507,0.000197577
2021-01-12,17:33:55,3.084799957,6.997399902,69.05218506,97.81063843,64.86010742,65.0125885,1152.555298,67.59767151,275.515625,78.85227203,1.0,0.0,0.000827507,0.000197577
2021-01-12,17:33:56,3.084499931,6.997200012,69.05218506,97.81048584,64.86064148,65.01274872,1152.551025,67.59776306,275.5153503,78.85227203,1.0,0.0,0.000827507,0.000197577
2021-01-12,17:33:57,3.084600067,6.997100067,69.05116272,97.81121826,64.85873413,65.01284027,1152.548828,67.59754944,275.5160828,78.85227203,1.0,0.0,0.000827507,0.000197577
2021-01-12,17:33:58,3.084799957,6.997000122,69.05116272,97.80989075,64.85935974,65.0125885,1152.555664,67.59718323,275.5173035,78.85227203,1.0,0.0,0.000827507,0.000197577
2021-01-12,17:33:59,3.084600067,6.996900177,69.05222321,97.81132507,64.86006165,65.01272583,1152.552246,67.59712982,275.5171814,78.85227203,1.0,0.0,0.000827507,0.000197577
2021-01-12,17:34:00,3.084499931,6.996800232,69.05222321,97.81163025,64.86050415,65.01256561,1152.556519,67.59690857,275.518158,78.85227203,1.0,0.0,0.000827507,0.000197552
2021-01-12,17:34:01,3.084799957,6.996700287,69.05222321,97.81070709,64.85973358,65.01243591,1152.559937,67.59712982,275.5174866,78.85227203,1.0,0.0,0.000827507,0.000197552
2021-01-12,17:34:02,3.084600067,6.996600342,69.05222321,97.80957794,64.85908508,65.0125885,1152.555664,67.59686279,275.5183716,78.85227203,1.0,0.0,0.000827507,0.000197552
2021-01-12,17:34:03,3.084399986,6.996499634,69.05222321,97.80974579,64.86000061,65.01235962,1152.562134,67.5970459,275.5177002,78.85227203,1.0,0.0,0.000827507,0.000197552
2021-01-12,17:34:04,3.084799957,6.996399689,69.05222321,97.8093338,64.85919189,65.01254272,1152.557007,67.59681702,275.5184937,78.85227203,1.0,0.0,0.000827507,0.000197552
2021-01-12,17:34:05,3.084499931,6.996199799,69.05121613,97.81027985,64.86004639,65.0124054,1152.560913,67.59695435,275.5181274,78.85227203,1.0,0.0,0.000827507,0.000197552
2021-01-12,17:34:06,3.084700012,6.996099854,69.05121613,97.80914307,64.85819244,65.01234436,1152.562378,67.59628296,275.5203247,78.85227203,1.0,0.0,0.000827507,0.000197552
2021-01-12,17:34:07,3.084399986,6.995999908,69.05121613,97.80956268,64.86021423,65.01235962,1152.561768,67.59659576,275.5192566,78.85227203,1.0,0.0,0.000827507,0.000197552
2021-01-12,17:34:08,3.084499931,6.995899963,69.05121613,97.80928802,64.85958862,65.01243591,1152.560547,67.59592438,275.5215454,78.85227203,1.0,0.0,0.000827507,0.000197552
2021-01-12,17:34:09,3.084300041,6.995700073,69.05121613,97.80973053,64.85890198,65.01234436,1152.562378,67.59637451,275.519989,79.00830841,1.0,0.0,0.000827507,0.000197552
2021-01-12,17:34:10,3.084300041,6.995600128,69.05121613,97.80944824,64.85960388,65.01216125,1152.567505,67.59602356,275.5212097,79.00830841,1.0,0.0,0.000827507,0.000197668
2021-01-12,17:34:11,3.08409996,6.995500183,69.05121613,97.80999756,64.85920715,65.0120697,1152.570313,67.59609985,275.5207825,79.00830841,1.0,0.0,0.000827507,0.000197668
2021-01-12,17:34:12,3.084399986,6.995300293,69.05121613,97.80954742,64.85943604,65.01213837,1152.568237,67.59602356,275.5212708,79.00830841,1.0,0.0,0.000827507,0.000197668
2021-01-12,17:34:13,3.08409996,6.995200348,69.05121613,97.80904388,64.85839844,65.01222992,1152.565796,67.59597015,275.5210571,79.00830841,1.0,0.0,0.000857361,0.000197668
2021-01-12,17:34:14,3.084499931,6.994999695,69.05121613,97.80967712,64.85801697,65.01197815,1152.572388,67.5958786,275.521698,79.21646118,1.0,0.0,0.000859481,0.000197668
2021-01-12,17:34:15,3.084300041,6.99509964,69.05121613,97.80895996,64.85865784,65.01186371,1152.57605,67.59606171,275.5210876,79.21646118,1.0,0.0,0.000859481,0.000197668
2021-01-12,17:34:16,3.084499931,6.994799805,69.05121613,97.80953217,64.85858154,65.01197815,1152.57251,67.5958786,275.521698,79.21646118,1.0,0.0,0.000859481,0.000197668
2021-01-12,17:34:17,3.084700012,6.99469986,69.05121613,97.80995178,64.85969543,65.01200104,1152.572021,67.59538269,275.5232849,79.21646118,1.0,0.0,0.000859481,0.000197668
2021-01-12,17:34:18,3.084199905,6.994599915,69.05121613,97.80827332,64.85845947,65.01183319,1152.57666,67.59555817,275.522644,79.21646118,1.0,0.0,0.000859481,0.000197668
2021-01-12,17:34:19,3.084000015,6.994400024,69.05121613,97.80883789,64.8591156,65.01166534,1152.581787,67.59574127,275.5221252,79.21646118,1.0,0.0,0.000859481,0.000197668
2021-01-12,17:34:20,3.084300041,6.994300079,69.05121613,97.80979156,64.85811615,65.0117569,1152.579224,67.59534454,275.523407,79.21646118,1.0,0.0,0.000852395,0.000197668
2021-01-12,17:34:21,3.084000015,6.994100189,69.05121613,97.80893707,64.85777283,65.01152039,1152.585815,67.59529877,275.5235901,79.21646118,1.0,0.0,0.000852395,0.000197668
2021-01-12,17:34:22,3.084199905,6.994000244,69.05121613,97.80830383,64.85886383,65.01143646,1152.587646,67.59511566,275.5242615,79.21646118,1.0,0.0,0.000852395,0.000197668
2021-01-12,17:34:23,3.08390007,6.993900299,69.05121613,97.80899811,64.85765076,65.01127625,1152.591919,67.59503174,275.5245667,79.21646118,1.0,0.0,0.000852395,0.000197668
2021-01-12,17:34:24,3.08409996,6.994000244,69.05121613,97.80819702,64.85671997,65.01139069,1152.588989,67.59506989,275.5243225,79.36223602,1.0,0.0,0.000852395,0.000197668
2021-01-12,17:34:25,3.084000015,6.993900299,69.05020142,97.80835724,64.85871887,65.01130676,1152.591431,67.5947113,275.5255737,79.36223602,1.0,0.0,0.000852395,0.000197668
2021-01-12,17:34:26,3.08390007,6.993800354,69.05020142,97.80812073,64.85746765,65.01137543,1152.5896,67.59484863,275.525238,79.36223602,1.0,0.0,0.000852395,0.000197769
2021-01-12,17:34:27,3.08409996,6.993599701,69.05020142,97.80862427,64.85871887,65.01130676,1152.591797,67.5944519,275.5264893,79.36223602,1.0,0.0,0.000852395,0.000197769
2021-01-12,17:34:28,3.08390007,6.993499756,69.05020142,97.80782318,64.85900879,65.0111618,1152.595459,67.59422302,275.5272217,79.36223602,1.0,0.0,0.000852395,0.000197769
2021-01-12,17:34:29,3.084000015,6.993399811,69.05020142,97.80802155,64.85870361,65.01107025,1152.598267,67.5944519,275.5265503,79.17269897,1.0,0.0,0.000852395,0.000197769
2021-01-12,17:34:30,3.083799934,6.993299866,69.05020142,97.80819702,64.85903168,65.01088715,1152.603271,67.59418488,275.5274353,79.17269897,1.0,0.0,0.000852395,0.000197769
2021-01-12,17:34:31,3.084000015,6.993199921,69.05020142,97.8075943,64.85806274,65.01093292,1152.601318,67.59386444,275.5285034,79.17269897,1.0,0.0,0.000852395,0.000197769
2021-01-12,17:34:32,3.083799934,6.993099976,69.05020142,97.80693817,64.85788727,65.01077271,1152.605957,67.59363556,275.5292969,79.17269897,1.0,0.0,0.000852395,0.000197633
2021-01-12,17:34:33,3.08390007,6.992900085,69.05020142,97.80812073,64.85806274,65.01068878,1152.608643,67.59399414,275.5278931,79.17269897,1.0,0.0,0.000852395,0.000197581
2021-01-12,17:34:34,3.083600044,6.99280014,69.05020142,97.80715179,64.85858154,65.01057434,1152.612183,67.59363556,275.5292664,79.17269897,1.0,0.0,0.000852395,0.000197581
2021-01-12,17:34:35,3.083799934,6.992700195,69.05020142,97.80786896,64.85765076,65.01059723,1152.611328,67.59351349,275.5296021,79.17269897,1.0,0.0,0.000872924,0.000197581
2021-01-12,17:34:36,3.083499908,6.992500305,69.05020142,97.80682373,64.85700226,65.01065063,1152.609619,67.59355164,275.529541,79.17269897,1.0,0.0,0.000872924,0.000197581
2021-01-12,17:34:37,3.083399963,6.99240036,69.05020142,97.80802917,64.85777283,65.01043701,1152.616211,67.59327698,275.5304565,79.17269897,1.0,0.0,0.000872924,0.000197581
2021-01-12,17:34:38,3.083499908,6.992299652,69.05020142,97.80728149,64.858078,65.01055145,1152.612549,67.59314728,275.5308228,79.17269897,1.0,0.0,0.000872924,0.000197581
2021-01-12,17:34:39,3.083399963,6.992199707,69.05020142,97.80751801,64.85780334,65.01041412,1152.616455,67.59327698,275.530426,79.31486511,1.0,0.0,0.000872924,0.000197581
2021-01-12,17:34:40,3.083499908,6.991999817,69.05020142,97.8072052,64.85757446,65.01027679,1152.620239,67.59305573,275.53125,79.31486511,1.0,0.0,0.000872924,0.000197581
2021-01-12,17:34:41,3.083399963,6.991899872,69.05020142,97.80738831,64.85903168,65.01006317,1152.626465,67.59332275,275.5303345,79.31486511,1.0,0.0,0.000872924,0.000197581
2021-01-12,17:34:42,3.083600044,6.991799927,69.05020142,97.80783081,64.85619354,65.01000977,1152.627808,67.59252167,275.532959,79.31486511,1.0,0.0,0.000872924,0.000197581
2021-01-12,17:34:43,3.083300018,6.991600037,69.05020142,97.80696106,64.85739136,65.00977325,1152.634155,67.59243774,275.5333862,79.31486511,1.0,0.0,0.000872924,0.000197536
2021-01-12,17:34:44,3.083499908,6.991400146,69.05020142,97.80774689,64.85818481,65.00984955,1152.632202,67.59229279,275.533783,79.31486511,1.0,0.0,0.000872924,0.000197536
2021-01-12,17:34:45,3.083200073,6.991300201,69.05020142,97.80716705,64.85775757,65.00989532,1152.630737,67.59252167,275.532959,79.31486511,1.0,0.0,0.00085397,0.000197536
2021-01-12,17:34:46,3.083499908,6.991100311,69.05020142,97.80806732,64.85813904,65.00977325,1152.634277,67.59229279,275.5337219,79.31486511,1.0,0.0,0.00085397,0.000197536
2021-01-12,17:34:47,3.083200073,6.991000366,69.05020142,97.8070755,64.8574295,65.009552,1152.640625,67.59207153,275.5344849,79.31486511,1.0,0.0,0.00085397,0.000197536
2021-01-12,17:34:48,3.083200073,6.990899658,69.04919434,97.80757904,64.85766602,65.00973511,1152.635376,67.59189606,275.5352173,79.31486511,1.0,0.0,0.00085397,0.000197536
2021-01-12,17:34:49,3.082999992,6.990899658,69.04919434,97.80713654,64.85690308,65.00964355,1152.637817,67.59252167,275.53302,79.42164612,1.0,0.0,0.00085397,0.000197536
2021-01-12,17:34:50,3.083200073,6.990799713,69.04919434,97.80612183,64.85766602,65.00944519,1152.643433,67.59158325,275.5361633,79.42164612,1.0,0.0,0.00085397,0.000197536
2021-01-12,17:34:51,3.082999992,6.990599823,69.04919434,97.80665588,64.85744476,65.00939178,1152.644775,67.59166718,275.5357666,79.42164612,1.0,0.0,0.00085397,0.000197536
2021-01-12,17:34:52,3.083200073,6.990499878,69.04818726,97.80693054,64.85840607,65.00917053,1152.651001,67.59185028,275.5353699,79.42164612,1.0,0.0,0.00085397,0.000197536
2021-01-12,17:34:53,3.082999992,6.990399933,69.04920197,97.80605316,64.85749054,65.00921631,1152.652466,67.59117889,275.5374756,79.42164612,1.0,0.0,0.00085397,0.000197536
2021-01-12,17:34:54,3.083099937,6.990200043,69.04920197,97.80664825,64.85720825,65.00894928,1152.657593,67.59130096,275.5371399,79.42164612,1.0,0.0,0.00085397,0.000197536
2021-01-12,17:34:55,3.083200073,6.990000153,69.04920197,97.80567169,64.85683441,65.00905609,1152.654297,67.59059143,275.5395203,79.42164612,1.0,0.0,0.00085397,0.000197536
2021-01-12,17:34:56,3.082999992,6.989900208,69.04920197,97.806633,64.85813904,65.00914764,1152.652344,67.59111786,275.5376892,79.42164612,1.0,0.0,0.00085397,0.000197536
2021-01-12,17:34:57,3.082900047,6.989700317,69.04920197,97.80607605,64.85696411,65.00887299,1152.659424,67.59062958,275.5393982,79.42164612,1.0,0.0,0.00085397,0.000197536
2021-01-12,17:34:58,3.082699966,6.989600372,69.04920197,97.80644226,64.85662842,65.00876617,1152.662354,67.59055328,275.5396423,79.42164612,1.0,0.0,0.00085397,0.000197536
2021-01-12,17:34:59,3.082900047,6.989499664,69.04920197,97.80551147,64.85848999,65.00865173,1152.666016,67.59044647,275.539978,79.58084869,1.0,0.0,0.000825508,0.000197536
2021-01-12,17:35:00,3.082799911,6.989399719,69.04819489,97.80613708,64.85664368,65.00881958,1152.660278,67.59009552,275.5411377,79.58084869,1.0,0.0,0.000825508,0.000197536
2021-01-12,17:35:01,3.082699966,6.989299774,69.04924011,97.80472565,64.85734558,65.00867462,1152.665527,67.59044647,275.539856,79.58084869,1.0,0.0,0.000825508,0.000197536
2021-01-12,17:35:02,3.082900047,6.989199829,69.04924011,97.80519104,64.8575592,65.0085144,1152.669922,67.59050751,275.5401917,79.58084869,1.0,0.0,0.000825508,0.00019772
2021-01-12,17:35:03,3.082699966,6.989099884,69.04924011,97.80486298,64.85713196,65.00856018,1152.668335,67.59004974,275.5413208,79.58084869,1.0,0.0,0.000825508,0.00019772
2021-01-12,17:35:04,3.082500076,6.989199829,69.04924011,97.80545807,64.85636902,65.00839996,1152.673096,67.58977509,275.5422668,79.58084869,1.0,0.0,0.000825508,0.00019772
2021-01-12,17:35:05,3.082699966,6.988999939,69.04924011,97.80459595,64.8576355,65.00832367,1152.674683,67.58956146,275.5430908,79.58084869,1.0,0.0,0.000825508,0.00019772
2021-01-12,17:35:06,3.082500076,6.990100098,69.04823303,97.80563354,64.85688019,65.00830078,1152.674194,67.58942413,275.543457,79.58084869,1.0,0.0,0.000825508,0.00019772
2021-01-12,17:35:07,3.08239994,6.990599823,69.04823303,97.80451202,64.85716248,65.00811005,1152.68103,67.58956146,275.5429993,79.58084869,1.0,0.0,0.000853062,0.00019772
2021-01-12,17:35:08,3.082699966,6.989800262,69.04823303,97.80506134,64.85679626,65.00801849,1152.683594,67.58942413,275.5434875,79.58084869,1.0,0.0,0.000858633,0.00019772
2021-01-12,17:35:09,3.08220005,6.993000031,69.04823303,97.80415344,64.85853577,65.00817108,1152.678955,67.5888443,275.5453491,79.58084869,1.0,0.0,0.000858633,0.00019772
2021-01-12,17:35:10,3.08239994,6.994599915,69.04823303,97.80472565,64.85722351,65.00811005,1152.680786,67.58901978,275.5447998,79.58084869,1.0,0.0,0.000858633,0.000197562
2021-01-12,17:35:11,3.082699966,6.994200134,69.04823303,97.80493164,64.85845947,65.0079422,1152.684937,67.58924866,275.5439758,79.58084869,1.0,0.0,0.000858633,0.000197562
2021-01-12,17:35:12,3.082500076,6.994499969,69.04823303,97.80513763,64.85793304,65.0078125,1152.688843,67.588974,275.5449219,79.58084869,1.0,0.0,0.000858633,0.000197562
2021-01-12,17:35:13,3.08239994,6.995700073,69.04823303,97.80417633,64.85826111,65.00797272,1152.684448,67.58889008,275.5452271,79.58084869,1.0,0.0,0.000858633,0.000197562
2021-01-12,17:35:14,3.082500076,6.995999908,69.04720306,97.80535126,64.85853577,65.00788116,1152.6875,67.58870697,275.5458374,79.38384247,1.0,0.0,0.000858633,0.000197562
2021-01-12,17:35:15,3.082699966,6.996199799,69.04720306,97.80426788,64.85704041,65.00778961,1152.689453,67.5891037,275.5444946,79.38384247,1.0,0.0,0.000843918,0.000197562
2021-01-12,17:35:16,3.082799911,6.996600342,69.04720306,97.80383301,64.85717773,65.00776672,1152.690552,67.58866882,275.546051,79.38384247,1.0,0.0,0.000843918,0.000197562
2021-01-12,17:35:17,3.082600021,6.99940033,69.04720306,97.80410767,64.85816193,65.00783539,1152.688354,67.58830261,275.5472412,79.38384247,1.0,0.0,0.000843918,0.000197562
2021-01-12,17:35:18,3.083099937,6.999199677,69.04720306,97.80516052,64.85830688,65.00799561,1152.684204,67.58807373,275.5480042,79.38384247,1.0,0.0,0.000843918,0.000197562
2021-01-12,17:35:19,3.082900047,6.999099731,69.04821014,97.80407715,64.85807037,65.00805664,1152.682251,67.58839417,275.546814,79.38384247,1.0,0.0,0.000843918,0.000197562
2021-01-12,17:35:20,3.083099937,6.999500275,69.04821014,97.80381775,64.85769653,65.00799561,1152.680542,67.58789825,275.5485229,79.38384247,1.0,0.0,0.000843918,0.000197562
2021-01-12,17:35:21,3.082900047,6.999700165,69.04720306,97.80462646,64.85823059,65.00766754,1152.692749,67.58807373,275.5480957,79.38384247,1.0,0.0,0.000843918,0.000197562
2021-01-12,17:35:22,3.083300018,6.99980011,69.04720306,97.80480957,64.85762787,65.00801849,1152.683716,67.58785248,275.548645,79.38384247,1.0,0.0,0.000843918,0.000197562
2021-01-12,17:35:23,3.082999992,6.999900055,69.04720306,97.8041687,64.85882568,65.00790405,1152.68689,67.58776093,275.5489197,79.38384247,1.0,0.0,0.000856816,0.000197612
2021-01-12,17:35:24,3.083499908,7.0,69.04720306,97.80477905,64.85726929,65.00778961,1152.689575,67.58799744,275.5482483,79.38384247,1.0,0.0,0.000856816,0.000197612
2021-01-12,17:35:25,3.083300018,6.999900055,69.04720306,97.80351257,64.85847473,65.00769043,1152.692261,67.58789825,275.5479126,79.38384247,1.0,0.0,0.000856816,0.000197612
2021-01-12,17:35:26,3.083600044,7.000099945,69.04720306,97.80410767,64.85865021,65.00799561,1152.684326,67.58807373,275.5486145,79.38384247,1.0,0.0,0.000856816,0.000197612
2021-01-12,17:35:27,3.083300018,7.00019989,69.04720306,97.80500031,64.85966492,65.00790405,1152.686646,67.5879364,275.5480347,79.38384247,1.0,0.0,0.000856816,0.000197612
2021-01-12,17:35:28,3.083600044,7.00019989,69.04720306,97.80465698,64.86051941,65.00805664,1152.682617,67.58811951,275.54776,79.38384247,1.0,0.0,0.000856816,0.000197612
2021-01-12,17:35:29,3.083799934,7.000299835,69.04720306,97.80397797,64.85890198,65.00807953,1152.681396,67.58789825,275.5485535,79.2663269,1.0,0.0,0.000856816,0.000197612
2021-01-12,17:35:30,3.083600044,7.000299835,69.0461731,97.80440521,64.85973358,65.00804138,1152.682861,67.58825684,275.5473938,79.2663269,1.0,0.0,0.000856816,0.000197612
2021-01-12,17:35:31,3.08390007,7.00039978,69.04721832,97.80498505,64.85926056,65.00819397,1152.678589,67.58807373,275.5479736,79.2663269,1.0,0.0,0.000856816,0.000197612
2021-01-12,17:35:32,3.083699989,7.000299835,69.04721832,97.80380249,64.85886383,65.00823975,1152.677612,67.58857727,275.5463562,79.2663269,1.0,0.0,0.000856816,0.000197612
2021-01-12,17:35:33,3.08390007,7.000499725,69.04721832,97.80233765,64.85968018,65.00817108,1152.679199,67.58776093,275.5490723,79.2663269,1.0,0.0,0.000856816,0.000197612
2021-01-12,17:35:34,3.083600044,7.00039978,69.04721832,97.80207825,64.8588028,65.00823975,1152.67627,67.58807373,275.5480957,79.2663269,1.0,0.0,0.000856816,0.000197612
2021-01-12,17:35:35,3.08390007,7.000499725,69.04721832,97.80122375,64.85942078,65.00817108,1152.679077,67.58834839,275.5471802,79.2663269,1.0,0.0,0.000856816,0.000197612
2021-01-12,17:35:36,3.083799934,7.000499725,69.04721832,97.80166626,64.85844421,65.00805664,1152.682251,67.58803558,275.5481567,79.2663269,1.0,0.0,0.000856816,0.000197612
2021-01-12,17:35:37,3.08409996,7.00059967,69.04721832,97.8003006,64.86009979,65.00815582,1152.679321,67.58843231,275.5466614,79.2663269,1.0,0.0,0.000856816,0.000197612
2021-01-12,17:35:38,3.083799934,7.000499725,69.04721832,97.79971313,64.86048889,65.00811005,1152.68103,67.5879364,275.5484009,79.2663269,1.0,0.0,0.000856816,0.000197612
2021-01-12,17:35:39,3.084499931,7.00059967,69.04721832,97.80168915,64.85939026,65.00821686,1152.678223,67.58821106,275.5475769,79.13567352,1.0,0.0,0.000856816,0.000197612
2021-01-12,17:35:40,3.084399986,7.000499725,69.04721832,97.79953766,64.8582077,65.0079422,1152.685059,67.58839417,275.546875,79.13567352,1.0,0.0,0.000856816,0.000197612
2021-01-12,17:35:41,3.084199905,7.00059967,69.04721832,97.80188751,64.86064148,65.00811005,1152.680908,67.58776093,275.5489197,79.13567352,1.0,0.0,0.000832654,0.000197721
2021-01-12,17:35:42,3.084399986,7.00059967,69.04615784,97.80135345,64.85844421,65.00801849,1152.683228,67.58816528,275.5476379,79.13567352,1.0,0.0,0.000836711,0.000197721
2021-01-12,17:35:43,3.084300041,7.00059967,69.04615784,97.80029297,64.85883331,65.00813293,1152.680298,67.587677,275.5493164,79.13567352,1.0,0.0,0.000836711,0.000197721
2021-01-12,17:35:44,3.084499931,7.00059967,69.04615784,97.80076599,64.85819244,65.0079422,1152.684937,67.58789825,275.5485535,79.35070038,1.0,0.0,0.000836711,0.000197721
2021-01-12,17:35:45,3.084600067,7.000499725,69.04615784,97.80099487,64.86009979,65.00815582,1152.679688,67.58803558,275.5481873,79.35070038,1.0,0.0,0.000836711,0.000197721
2021-01-12,17:35:46,3.084499931,7.000499725,69.04615784,97.80066681,64.85916138,65.00799561,1152.684082,67.58785248,275.548645,79.35070038,1.0,0.0,0.000836711,0.000197721
2021-01-12,17:35:47,3.084600067,7.000700378,69.04615784,97.80029297,64.85801697,65.00792694,1152.686279,67.58763123,275.549469,79.35070038,1.0,0.0,0.000836711,0.000197721
2021-01-12,17:35:48,3.084399986,7.00059967,69.04615784,97.80092621,64.85900879,65.00823975,1152.677612,67.58807373,275.5480347,79.35070038,1.0,0.0,0.000836711,0.000197721
2021-01-12,17:35:49,3.085000038,7.000700378,69.04615784,97.801651,64.86029816,65.00807953,1152.681519,67.58772278,275.5491943,79.35070038,1.0,0.0,0.000832715,0.000197721
2021-01-12,17:35:50,3.114500046,7.00059967,69.04615784,97.80138397,64.86005402,65.00823975,1152.67688,67.58816528,275.5476379,79.35070038,1.0,0.0,0.000835561,0.000197721
2021-01-12,17:35:51,3.158699989,7.000700378,69.04615784,97.80133057,64.85835266,65.00830078,1152.674927,67.58789825,275.5486145,79.35070038,1.0,0.0,0.000835561,0.000197721
2021-01-12,17:35:52,3.197500038,7.000800323,69.04615784,97.80089569,64.86023712,65.00807953,1152.681519,67.58857727,275.5463867,79.35070038,1.0,0.0,0.000835561,0.000197721
2021-01-12,17:35:53,3.216199875,7.000900269,69.04615784,97.80027771,64.86047363,65.00823975,1152.677368,67.58919525,275.54422,79.35070038,1.0,0.0,0.001025043,0.000197721
2021-01-12,17:35:54,3.180999947,7.001000214,69.04615784,97.80194092,64.86004639,65.00829315,1152.676025,67.58992004,275.541687,79.14915466,1.0,0.0,0.001025043,0.000197721
2021-01-12,17:35:55,3.218999863,7.001200104,69.04514313,97.80227661,64.86035156,65.00819397,1152.678589,67.59009552,275.5411682,79.14915466,1.0,0.0,0.001025043,0.000197721
2021-01-12,17:35:56,3.24280014,7.001300049,69.0461731,97.8039856,64.85964966,65.00811005,1152.68103,67.58969116,275.542572,79.14915466,1.0,0.0,0.001025043,0.000197721
2021-01-12,17:35:57,3.268099976,7.001599884,69.0461731,97.80584717,64.85926819,65.00821686,1152.676758,67.59037018,275.5402222,79.14915466,1.0,0.0,0.001025043,0.000197721
2021-01-12,17:35:58,3.28769989,7.001799774,69.0461731,97.80887604,64.86122894,65.00807953,1152.681763,67.59081268,275.5387268,79.14915466,1.0,0.0,0.001025043,0.000197721
2021-01-12,17:35:59,3.305599976,7.002100372,69.0461731,97.81118011,64.86061859,65.00826263,1152.67627,67.5901947,275.540802,78.93563843,1.0,0.0,0.000796744,0.000197509
2021-01-12,17:36:00,3.327700043,7.002300262,69.04514313,97.81522369,64.85986328,65.00813293,1152.68042,67.59072876,275.5391235,78.93563843,1.0,0.0,0.000796744,0.000197509
2021-01-12,17:36:01,3.344800186,7.002700043,69.04514313,97.81945801,64.85936737,65.00799561,1152.684082,67.59059143,275.5394897,78.93563843,1.0,0.0,0.000796744,0.000197509
2021-01-12,17:36:02,3.367399979,7.002999878,69.04514313,97.82493591,64.85865784,65.00813293,1152.680176,67.59037018,275.5402527,78.93563843,1.0,0.0,0.000796744,0.000197509
2021-01-12,17:36:03,3.442900085,7.003399658,69.04514313,97.83170319,64.85845184,65.00819397,1152.678467,67.590271,275.5405273,78.93563843,1.0,0.0,0.000796744,0.000197509
2021-01-12,17:36:04,3.520899963,7.003900146,69.04514313,97.837883,64.85897064,65.00829315,1152.675781,67.59040833,275.5401001,79.41244507,1.0,0.0,0.000796744,0.000197509
2021-01-12,17:36:05,3.604100037,7.004599762,69.04514313,97.84501648,64.85868835,65.00813293,1152.680054,67.59062958,275.5408325,79.41244507,1.0,0.0,0.000796744,0.000197509
2021-01-12,17:36:06,3.688800049,7.005400085,69.04514313,97.8529892,64.85939789,65.00805664,1152.682251,67.59135437,275.5368042,79.41244507,1.0,0.0,0.000796744,0.000197509
2021-01-12,17:36:07,3.756299973,7.006199646,69.04514313,97.86128235,64.85897827,65.00829315,1152.675903,67.59211731,275.5343933,79.41244507,1.0,0.0,0.000796744,0.000197509
2021-01-12,17:36:08,3.836100006,7.007299805,69.04514313,97.8717804,64.85826874,65.00804138,1152.682861,67.59275055,275.5323181,79.41244507,1.0,0.0,0.000796744,0.000197509
2021-01-12,17:36:09,3.893999863,7.008399963,69.04410553,97.88205719,64.85722351,65.00823975,1152.677124,67.59296417,275.5314636,79.53127289,1.0,0.0,0.000796744,0.000197509
2021-01-12,17:36:10,3.852899933,7.009500122,69.04410553,97.89453888,64.85717773,65.00839996,1152.673096,67.59342194,275.5300293,79.53127289,1.0,0.0,0.000796744,0.000197509
2021-01-12,17:36:11,3.945800018,7.010600281,69.04410553,97.90640259,64.85736084,65.00854492,1152.669434,67.59233856,275.5336609,79.53127289,1.0,0.0,0.000796744,0.000197509
2021-01-12,17:36:12,3.990399933,7.011699677,69.04410553,97.92035675,64.8576355,65.00837708,1152.673462,67.5916214,275.5361328,79.53127289,1.0,0.0,0.000796744,0.000197509
2021-01-12,17:36:13,3.947299957,7.012799835,69.04410553,97.93486786,64.85714722,65.0085144,1152.6698,67.59104156,275.5380554,79.53127289,1.0,0.0,0.000796744,0.000197509
2021-01-12,17:36:14,3.95320015,7.013700104,69.04410553,97.94972229,64.85557556,65.00880432,1152.661255,67.58906555,275.5445862,79.75588226,1.0,0.0,0.000796744,0.000197725
2021-01-12,17:36:15,3.947600174,7.014600372,69.04410553,97.96640778,64.85700989,65.00887299,1152.65918,67.58618927,275.5542908,79.75588226,1.0,0.0,0.000796744,0.000197725
2021-01-12,17:36:16,3.962099838,7.015399933,69.04410553,97.98336792,64.85600281,65.00896454,1152.657227,67.58414459,275.5612488,79.75588226,1.0,0.0,0.000796744,0.000197725
2021-01-12,17:36:17,3.975999832,7.016300201,69.04410553,98.00153351,64.85369873,65.00898743,1152.655884,67.58104706,275.5715332,79.75588226,1.0,0.0,0.000796744,0.000197725
2021-01-12,17:36:18,3.988199997,7.016999817,69.04410553,98.01927948,64.85549927,65.00912476,1152.652588,67.57785797,275.5823975,79.75588226,1.0,0.0,0.000796744,0.000197725
2021-01-12,17:36:19,4.010699844,7.01780014,69.04410553,98.03924561,64.85341644,65.0094223,1152.644531,67.57467651,275.5931091,80.05509186,1.0,0.0,0.000733583,0.000197725
2021-01-12,17:36:20,4.02480011,7.018599701,69.04410553,98.05826569,64.85398865,65.00948334,1152.64209,67.57131958,275.6044922,80.05509186,1.0,0.0,0.000733583,0.000197725
2021-01-12,17:36:21,4.040499878,7.019300079,69.04410553,98.07796478,64.85111237,65.00957489,1152.639893,67.56845093,275.6141357,80.05509186,1.0,0.0,0.000733583,0.000197725
2021-01-12,17:36:22,4.056399918,7.019999695,69.0430603,98.09578705,64.85255432,65.00975037,1152.634644,67.56521606,275.6250305,80.05509186,1.0,0.0,0.000733462,0.000197573
2021-01-12,17:36:23,4.07140007,7.020700073,69.04408264,98.11572266,64.85162354,65.00987244,1152.631714,67.56212616,275.6355591,80.05509186,1.0,0.0,0.000740729,0.000197602
2021-01-12,17:36:24,4.084799957,7.021399689,69.04408264,98.1361618,64.84970856,65.01000977,1152.627808,67.55863953,275.6473083,80.78260803,1.0,0.0,0.000740729,0.000197602
2021-01-12,17:36:25,4.09679985,7.022100067,69.04408264,98.15402222,64.84977722,65.01026154,1152.620728,67.55563354,275.6574707,80.78260803,1.0,0.0,0.000740729,0.000197602
2021-01-12,17:36:26,4.109899902,7.022699738,69.04408264,98.17584229,64.84860229,65.01032257,1152.618408,67.55213165,275.669342,80.78260803,1.0,0.0,0.000740729,0.000197602
2021-01-12,17:36:27,4.123500061,7.023400116,69.04408264,98.19530487,64.84712219,65.0104599,1152.615356,67.54872894,275.6807251,80.78260803,1.0,0.0,0.000740729,0.000197602
2021-01-12,17:36:28,4.13219986,7.023999786,69.04408264,98.21487427,64.84633636,65.01039124,1152.613403,67.54509735,275.6929016,80.78260803,1.0,0.0,0.000740729,0.000197602
2021-01-12,17:36:29,4.143899918,7.02460022,69.04408264,98.23545837,64.84584808,65.01075745,1152.607178,67.5421524,275.7029724,81.72614288,1.0,0.0,0.000730979,0.000197602
2021-01-12,17:36:30,4.138700104,7.02519989,69.04307556,98.25545502,64.84497833,65.01078796,1152.605591,67.53850555,275.715332,81.72614288,1.0,0.0,0.000730979,0.000197602
2021-01-12,17:36:31,4.153499985,7.025700378,69.04307556,98.27586365,64.84449768,65.01086426,1152.603516,67.53507233,275.7269287,81.72614288,1.0,0.0,0.000730979,0.000197602
2021-01-12,17:36:32,4.147999954,7.026100159,69.04307556,98.29671478,64.84288788,65.01109314,1152.597168,67.53157806,275.7387085,81.72614288,1.0,0.0,0.000730979,0.000197602
2021-01-12,17:36:33,4.156399918,7.026599884,69.04307556,98.31511688,64.8422699,65.01141357,1152.588501,67.5279007,275.7512512,81.72614288,1.0,0.0,0.000730979,0.000197602
2021-01-12,17:36:34,4.14980011,7.026999664,69.04307556,98.33685303,64.84021759,65.01152039,1152.585815,67.52440643,275.763092,82.49648285,1.0,0.0,0.000730979,0.000197602
2021-01-12,17:36:35,4.15719986,7.027400208,69.04307556,98.35697937,64.84092712,65.01134491,1152.590454,67.52086639,275.7749634,82.49648285,1.0,0.0,0.000730979,0.000197602
2021-01-12,17:36:36,4.150899887,7.027799988,69.04307556,98.37757874,64.83895874,65.01161194,1152.582764,67.51768494,275.7856445,82.49648285,1.0,0.0,0.000730979,0.000197602
2021-01-12,17:36:37,4.155799866,7.028099823,69.04307556,98.39767456,64.83874512,65.01170349,1152.580444,67.51365662,275.7993164,82.49648285,1.0,0.0,0.000737338,0.000197602
2021-01-12,17:36:38,4.147100067,7.028399658,69.04307556,98.41817474,64.83745575,65.01196289,1152.573608,67.5099411,275.8118896,82.49648285,1.0,0.0,0.000737338,0.000197602
2021-01-12,17:36:39,4.152999878,7.028700256,69.04307556,98.43916321,64.83784485,65.01197815,1152.573242,67.50662231,275.8231201,83.44773102,1.0,0.0,0.000737338,0.000197602
2021-01-12,17:36:40,4.143899918,7.028900146,69.04307556,98.45823669,64.83670807,65.01200104,1152.572021,67.50300598,275.8352661,83.44773102,1.0,0.0,0.000737338,0.000197532
2021-01-12,17:36:41,4.150299835,7.029100037,69.04307556,98.47889709,64.83724976,65.01232147,1152.563354,67.49964142,275.8466492,83.44773102,1.0,0.0,0.000709785,0.000197692
2021-01-12,17:36:42,4.141699982,7.029299927,69.04307556,98.4980011,64.83488464,65.01216125,1152.567871,67.49596405,275.8582458,83.44773102,1.0,0.0,0.000709785,0.000197692
2021-01-12,17:36:43,4.147999954,7.029499817,69.04307556,98.51792145,64.83460236,65.01208496,1152.569702,67.4931488,275.8686218,83.44773102,1.0,0.0,0.000709785,0.000197692
2021-01-12,17:36:44,4.139199829,7.029499817,69.04307556,98.53746033,64.83427429,65.01250458,1152.55835,67.48961639,275.8804932,84.12335205,1.0,0.0,0.000709785,0.000197692
2021-01-12,17:36:45,4.145199966,7.027100372,69.04199219,98.5581665,64.83358765,65.01254272,1152.556763,67.48608398,275.8925476,84.12335205,1.0,0.0,0.000709785,0.000197692
2021-01-12,17:36:46,4.136399841,7.023300171,69.04199219,98.57844543,64.83258057,65.01248169,1152.558838,67.48272705,275.9038086,84.12335205,1.0,0.0,0.000709785,0.000197692
2021-01-12,17:36:47,4.14280014,7.020400238,69.04199219,98.59747314,64.83210754,65.01261902,1152.555054,67.4798584,275.9135742,84.12335205,1.0,0.0,0.000709785,0.000197692
2021-01-12,17:36:48,4.13429985,7.019300079,69.04299927,98.61701965,64.83180237,65.01238251,1152.561279,67.47645569,275.9250488,84.12335205,1.0,0.0,0.000709785,0.000197636
2021-01-12,17:36:49,4.140299988,7.018099976,69.04299927,98.63716125,64.83109283,65.0121994,1152.566162,67.47345734,275.9353027,84.78652954,1.0,0.0,0.000709785,0.000197636
2021-01-12,17:36:50,4.131700134,7.017700195,69.04299927,98.65634155,64.83103943,65.01250458,1152.558105,67.47062683,275.9447937,84.78652954,1.0,0.0,0.000709785,0.000197535
2021-01-12,17:36:51,4.138299942,7.017299652,69.04299927,98.67462921,64.83065796,65.01210785,1152.569214,67.46759796,275.9550781,84.78652954,1.0,0.0,0.000709785,0.000197484
2021-01-12,17:36:52,4.130099869,7.016999817,69.04299927,98.69366455,64.82910156,65.01229095,1152.563477,67.46463776,275.9651184,84.78652954,1.0,0.0,0.000709785,0.000197484
2021-01-12,17:36:53,4.136600113,7.016699982,69.04299927,98.71221924,64.82949066,65.01200104,1152.572021,67.46204376,275.973938,84.78652954,1.0,0.0,0.000709785,0.000197484
2021-01-12,17:36:54,4.12519989,7.016400146,69.04299927,98.73154449,64.82789612,65.01183319,1152.576416,67.45896149,275.9844666,85.40950775,1.0,0.0,0.000709785,0.000197484
2021-01-12,17:36:55,4.223899841,7.016300201,69.04299927,98.74862671,64.82749939,65.01170349,1152.5802,67.45632172,275.9932556,85.40950775,1.0,0.0,0.000709785,0.000197656
2021-01-12,17:36:56,4.259799957,7.016400146,69.04299927,98.76837921,64.82827759,65.01183319,1152.576538,67.45443726,275.9996948,85.40950775,1.0,0.0,0.000709785,0.000197656
2021-01-12,17:36:57,4.266600037,7.016500092,69.04299927,98.78492737,64.82774353,65.01194,1152.579834,67.45282745,276.0050659,85.40950775,1.0,0.0,0.000709785,0.000197656
2021-01-12,17:36:58,4.260400009,7.016600037,69.04299927,98.80426788,64.82514191,65.01118469,1152.595215,67.45121002,276.0105896,85.40950775,1.0,0.0,0.000709785,0.000197656
2021-01-12,17:36:59,4.270399857,7.016699982,69.04299927,98.82257843,64.82569885,65.01109314,1152.59729,67.44883728,276.0186157,86.37320709,1.0,0.0,0.000709785,0.000197656
2021-01-12,17:37:00,4.234999847,7.016799927,69.04196167,98.84124756,64.82603455,65.0110321,1152.599609,67.4466095,276.0262146,86.37320709,1.0,0.0,0.000757019,0.000197677
2021-01-12,17:37:01,4.19640007,7.016799927,69.04196167,98.8604126,64.82508087,65.01066589,1152.609253,67.44391632,276.0354309,86.37320709,1.0,0.0,0.000757019,0.000197677
2021-01-12,17:37:02,4.158800125,7.016699982,69.04196167,98.87844849,64.82423401,65.01059723,1152.611694,67.44120026,276.0445251,86.37320709,1.0,0.0,0.000757019,0.000197677
2021-01-12,17:37:03,4.124599838,7.016500092,69.04196167,98.89707947,64.8253479,65.01039124,1152.616821,67.4380188,276.0552979,86.37320709,1.0,0.0,0.000757019,0.000197677
2021-01-12,17:37:04,4.099700165,7.016300201,69.04196167,98.91651917,64.82331848,65.01007843,1152.625977,67.43421173,276.0682068,86.57290649,1.0,0.0,0.000757019,0.000197677
2021-01-12,17:37:05,4.032600021,7.015799713,69.04196167,98.93523407,64.82375336,65.00973511,1152.635498,67.43130493,276.078064,86.57290649,1.0,0.0,0.000757019,0.000197677
2021-01-12,17:37:06,3.983399963,7.015399933,69.04196167,98.95446777,64.82330322,65.00950623,1152.641968,67.42719269,276.09198,86.57290649,1.0,0.0,0.00066909,0.000197473
2021-01-12,17:37:07,3.937200165,7.014800262,69.04196167,98.97298431,64.82279968,65.0092926,1152.648193,67.42357635,276.1040649,86.57290649,1.0,0.0,0.000703971,0.000197575
2021-01-12,17:37:08,3.894200134,7.014099884,69.04196167,98.99197388,64.82168579,65.00907898,1152.653809,67.41972351,276.1171875,86.57290649,1.0,0.0,0.000703971,0.000197575
2021-01-12,17:37:09,3.855899811,7.013500214,69.04196167,99.00901794,64.82212067,65.00880432,1152.661743,67.41649628,276.1281128,87.46961975,1.0,0.0,0.000703971,0.000197575
2021-01-12,17:37:10,3.825899887,7.01269989,69.04196167,99.02545166,64.82232666,65.00854492,1152.669434,67.41252136,276.1416931,87.46961975,1.0,0.0,0.000703971,0.000197575
2021-01-12,17:37:11,3.814500046,7.012000275,69.04092407,99.04151154,64.82338715,65.00819397,1152.678711,67.4093399,276.1523438,87.46961975,1.0,0.0,0.000703971,0.000197575
2021-01-12,17:37:12,3.809500122,7.011299896,69.04193878,99.05534363,64.82150269,65.00783539,1152.688477,67.40670013,276.1612549,87.46961975,1.0,0.0,0.000703971,0.000197575
2021-01-12,17:37:13,3.819499969,7.010500336,69.04193878,99.07176971,64.82244873,65.00762939,1152.694092,67.40402222,276.1705322,87.46961975,1.0,0.0,0.000703971,0.000197575
2021-01-12,17:37:14,3.826699829,7.009899902,69.04088593,99.08514404,64.82197571,65.00723267,1152.705688,67.40201569,276.1772156,87.59178925,1.0,0.0,0.000703971,0.000197575
2021-01-12,17:37:15,3.843500137,7.009300232,69.04190826,99.09859467,64.8221283,65.00676727,1152.718384,67.40023041,276.1832581,87.59178925,1.0,0.0,0.000703971,0.000197575
2021-01-12,17:37:16,3.863600159,7.008799744,69.04190826,99.11144257,64.82206726,65.00631714,1152.730469,67.39928436,276.1864624,87.59178925,1.0,0.0,0.000703971,0.000197575
2021-01-12,17:37:17,3.88429985,7.008300018,69.04190826,99.1235733,64.82170105,65.00583649,1152.743774,67.39852905,276.1891174,87.59178925,1.0,0.0,0.000703971,0.000197575
2021-01-12,17:37:18,3.902399826,7.008000183,69.04190826,99.13418579,64.82435608,65.0056839,1152.748657,67.39750671,276.1925049,87.59178925,1.0,0.0,0.000703971,0.000197575
2021-01-12,17:37:19,3.919900131,7.00759964,69.04190826,99.14508057,64.82461548,65.00506592,1152.765991,67.39736176,276.1931152,87.59178925,1.0,0.0,0.000691073,0.000197477
2021-01-12,17:37:20,3.931999969,7.00739975,69.04190826,99.15702057,64.82360077,65.00463867,1152.777588,67.39750671,276.1925354,87.59178925,1.0,0.0,0.000691073,0.000197582
2021-01-12,17:37:21,3.953099823,7.00719986,69.04190826,99.16684723,64.8248291,65.00434875,1152.786255,67.39673615,276.1951599,87.59178925,1.0,0.0,0.000691073,0.000197582
2021-01-12,17:37:22,3.968799973,7.007299805,69.04190826,99.17789459,64.82405853,65.00375366,1152.802124,67.39661407,276.1957092,87.59178925,1.0,0.0,0.000691073,0.000197428
2021-01-12,17:37:23,3.982600021,7.007099915,69.04190826,99.1895752,64.82583618,65.00344849,1152.811035,67.39656067,276.1957703,87.59178925,1.0,0.0,0.000691073,0.000197428
2021-01-12,17:37:24,3.997299957,7.007099915,69.04190826,99.20009613,64.8252182,65.00296021,1152.825195,67.39651489,276.1955566,87.59178925,1.0,0.0,0.000691073,0.000197512
2021-01-12,17:37:25,4.009999847,7.007099915,69.04190826,99.21250153,64.82622528,65.00260925,1152.834473,67.39620209,276.197052,87.59178925,1.0,0.0,0.000691073,0.000197512
2021-01-12,17:37:26,4.020100021,7.00719986,69.04190826,99.22355652,64.82522583,65.00211334,1152.848511,67.39601898,276.1975708,87.59178925,1.0,0.0,0.000692344,0.000197512
2021-01-12,17:37:27,4.029600143,7.00719986,69.04084015,99.23529816,64.82608795,65.0018158,1152.856445,67.39588928,276.1980591,87.59178925,1.0,0.0,0.000692344,0.000197512
2021-01-12,17:37:28,4.038100052,7.007299805,69.04084015,99.24775696,64.82824707,65.00110626,1152.876221,67.39544678,276.1995239,87.59178925,1.0,0.0,0.000692344,0.000197512
2021-01-12,17:37:29,4.045999908,7.00739975,69.04084015,99.2614975,64.82704163,65.00093079,1152.881592,67.39490509,276.2013245,87.36923218,1.0,0.0,0.000692344,0.000197512
2021-01-12,17:37:30,4.040100098,7.007499695,69.04084015,99.27353668,64.82756805,65.0003891,1152.896606,67.3942337,276.2037354,87.36923218,1.0,0.0,0.000692344,0.000197512
2021-01-12,17:37:31,4.052899933,7.00759964,69.04187012,99.28636932,64.82801819,65.0,1152.907227,67.39364624,276.2056274,87.36923218,1.0,0.0,0.000655829,0.00019765
2021-01-12,17:37:32,4.047600174,7.007700348,69.04187012,99.29836273,64.82781982,64.99959564,1152.918823,67.39248657,276.2095032,87.36923218,1.0,0.0,0.00066031,0.000197484
2021-01-12,17:37:33,4.062099838,7.007900238,69.04187012,99.31197357,64.82964325,64.99913025,1152.931885,67.39176941,276.2120667,87.36923218,1.0,0.0,0.00066031,0.000197484
2021-01-12,17:37:34,4.067499924,7.008000183,69.04187012,99.32476807,64.83071899,64.9987793,1152.942017,67.39092255,276.2148743,87.36923218,1.0,0.0,0.00066031,0.000197484
2021-01-12,17:37:35,4.060800171,7.008100128,69.04187012,99.33851624,64.82940674,64.99833679,1152.954346,67.38980103,276.21875,87.36923218,1.0,0.0,0.00066031,0.000197484
2021-01-12,17:37:36,4.075299835,7.008300018,69.04187012,99.35234833,64.82975769,64.99778748,1152.96936,67.38891602,276.2218323,87.36923218,1.0,0.0,0.00066031,0.000197484
2021-01-12,17:37:37,4.070000076,7.008399963,69.04187012,99.36573792,64.82929993,64.99746704,1152.978516,67.38765717,276.2259521,87.36923218,1.0,0.0,0.00066031,0.000197484
2021-01-12,17:37:38,4.083599854,7.008499908,69.04187012,99.37849426,64.83079529,64.99710846,1152.98877,67.38671875,276.229126,87.36923218,1.0,0.0,0.00066031,0.000197484
2021-01-12,17:37:39,4.077899933,7.008699799,69.04187012,99.39269257,64.82983398,64.99668884,1153.0,67.38528442,276.2341003,87.53515625,1.0,0.0,0.00066031,0.000197484
2021-01-12,17:37:40,4.092100143,7.008799744,69.04084015,99.40628815,64.83049011,64.99630737,1153.01062,67.38475037,276.2358704,87.53515625,1.0,0.0,0.000673693,0.000197679
2021-01-12,17:37:41,4.084999847,7.008899689,69.04188538,99.41941071,64.83016968,64.99606323,1153.017822,67.38341522,276.2404175,87.53515625,1.0,0.0,0.000656252,0.000197678
2021-01-12,17:37:42,4.099300003,7.009100342,69.04188538,99.43273163,64.83143616,64.99565125,1153.029053,67.38237762,276.243927,87.53515625,1.0,0.0,0.000656252,0.000197678
2021-01-12,17:37:43,4.093399811,7.009200287,69.04188538,99.44786072,64.83196259,64.99518585,1153.04248,67.38121033,276.2478333,87.53515625,1.0,0.0,0.000656252,0.000197678
2021-01-12,17:37:44,4.106800079,7.009400177,69.04188538,99.46009064,64.83115387,64.99493408,1153.049805,67.37960815,276.2532959,87.53515625,1.0,0.0,0.000656252,0.000197678
2021-01-12,17:37:45,4.099399948,7.009600067,69.04188538,99.47445679,64.82949829,64.99461365,1153.058594,67.37889099,276.2557068,87.53515625,1.0,0.0,0.000656252,0.000197678
2021-01-12,17:37:46,4.107300186,7.009700012,69.04188538,99.48788452,64.83111572,64.99432373,1153.066528,67.37742615,276.2606812,87.53515625,1.0,0.0,0.000656252,0.000197678
2021-01-12,17:37:47,4.098600006,7.009799957,69.04188538,99.50219727,64.83120728,64.99386597,1153.079712,67.37622833,276.2647705,87.53515625,1.0,0.0,0.000656252,0.000197678
2021-01-12,17:37:48,4.105899811,7.009899902,69.04188538,99.51589966,64.8306427,64.99362183,1153.085938,67.3747406,276.269928,87.53515625,1.0,0.0,0.000672663,0.000197678
2021-01-12,17:37:49,4.093500137,7.009899902,69.04188538,99.52935028,64.83200836,64.99339294,1153.092651,67.37402344,276.2722473,87.78089142,1.0,0.0,0.000672663,0.000197678
2021-01-12,17:37:50,4.100299835,7.009999847,69.04084778,99.54299927,64.83126831,64.99312592,1153.100586,67.37223816,276.2782593,87.78089142,1.0,0.0,0.000672663,0.000197678
2021-01-12,17:37:51,4.08409996,7.009999847,69.04084778,99.55617523,64.83039093,64.99284363,1153.107422,67.37120819,276.2818604,87.78089142,1.0,0.0,0.000672663,0.000197678
2021-01-12,17:37:52,4.076900101,7.009999847,69.04084778,99.56980133,64.83114624,64.99237061,1153.120239,67.37026978,276.2851257,87.78089142,1.0,0.0,0.000672663,0.000197678
2021-01-12,17:37:53,4.084000015,7.009999847,69.04187012,99.5832901,64.83123016,64.99209595,1153.12793,67.36862183,276.2905884,87.78089142,1.0,0.0,0.000672663,0.000197678
2021-01-12,17:37:54,4.066500092,7.009999847,69.04187012,99.59707642,64.83104706,64.99165344,1153.140503,67.36705017,276.2958984,87.96273804,1.0,0.0,0.000672663,0.000197678
2021-01-12,17:37:55,4.071699905,7.009999847,69.04187012,99.60969543,64.83197021,64.9914856,1153.145386,67.36574554,276.300293,87.96273804,1.0,0.0,0.000672663,0.000197678
2021-01-12,17:37:56,4.055599976,7.009999847,69.04187012,99.62330627,64.83221436,64.99134064,1153.149536,67.36454773,276.3043823,87.96273804,1.0,0.0,0.000672663,0.000197678
2021-01-12,17:37:57,4.061800003,7.009899902,69.04187012,99.63716888,64.8326416,64.99099731,1153.15918,67.36334229,276.3084717,87.96273804,1.0,0.0,0.000672663,0.000197678
2021-01-12,17:37:58,4.045600128,7.009799957,69.04187012,99.64862061,64.83280945,64.99090576,1153.161499,67.36177826,276.3137512,87.96273804,1.0,0.0,0.000695433,0.000197475
2021-01-12,17:37:59,4.051399994,7.009600067,69.04085541,99.66182709,64.83195496,64.99029541,1153.178833,67.36079407,276.3172302,87.96273804,1.0,0.0,0.000695433,0.000197475
2021-01-12,17:38:00,4.036899948,7.009600067,69.04085541,99.67464447,64.83274841,64.99022675,1153.180542,67.35948944,276.3215637,87.96273804,1.0,0.0,0.000695433,0.000197475
2021-01-12,17:38:01,4.043299866,7.009500122,69.04085541,99.68691254,64.83305359,64.99002838,1153.186157,67.35820007,276.3260498,87.96273804,1.0,0.0,0.000695433,0.000197475
2021-01-12,17:38:02,4.028699875,7.009300232,69.04085541,99.69867706,64.83242798,64.98975372,1153.193848,67.35707092,276.3297119,87.96273804,1.0,0.0,0.000695433,0.000197475
2021-01-12,17:38:03,4.034600067,7.009400177,69.04085541,99.7113266,64.83331299,64.98952484,1153.200562,67.35610962,276.3331909,87.96273804,1.0,0.0,0.000695433,0.000197475
2021-01-12,17:38:04,4.019800186,7.009100342,69.04085541,99.72368622,64.83163452,64.9890976,1153.212524,67.35477448,276.337616,88.1205368,1.0,0.0,0.000695433,0.000197475
2021-01-12,17:38:05,4.027500153,7.008999634,69.04085541,99.73564148,64.83364868,64.98887634,1153.218628,67.35391998,276.3405762,88.1205368,1.0,0.0,0.000695433,0.000197475
2021-01-12,17:38:06,4.013499832,7.008799744,69.04085541,99.74715424,64.83407593,64.98878479,1153.22168,67.35289001,276.3440247,88.1205368,1.0,0.0,0.000695433,0.000197665
2021-01-12,17:38:07,4.018099976,7.008699799,69.04085541,99.7587204,64.83448792,64.98848724,1153.22937,67.35208893,276.3466797,88.1205368,1.0,0.0,0.000695433,0.000197478
2021-01-12,17:38:08,4.006299973,7.008499908,69.04085541,99.77020264,64.83323669,64.98820496,1153.237183,67.35128021,276.3493958,88.1205368,1.0,0.0,0.000695433,0.000197478
2021-01-12,17:38:09,4.01269989,7.008300018,69.04085541,99.78245544,64.83503723,64.98794556,1153.244385,67.35046387,276.3522949,88.1205368,1.0,0.0,0.000695433,0.000197478
2021-01-12,17:38:10,3.998300171,7.008200073,69.04085541,99.79278564,64.83380127,64.98773956,1153.250244,67.34970856,276.3547668,88.1205368,1.0,0.0,0.000695433,0.000197478
2021-01-12,17:38:11,4.006200027,7.008000183,69.04085541,99.8034668,64.83505249,64.98750305,1153.257202,67.34868622,276.3583679,88.1205368,1.0,0.0,0.000675449,0.000197542
2021-01-12,17:38:12,3.991999817,7.007900238,69.04085541,99.81452942,64.83401489,64.98726654,1153.263794,67.34793091,276.3608398,88.1205368,1.0,0.0,0.000675449,0.000197542
2021-01-12,17:38:13,3.998699951,7.007700348,69.04085541,99.8263092,64.83466339,64.98713684,1153.267334,67.3473053,276.3630066,88.1205368,1.0,0.0,0.000675449,0.000197542
2021-01-12,17:38:14,3.986100006,7.007499695,69.04188538,99.83618164,64.83563995,64.98672485,1153.278687,67.34649658,276.3656921,88.1205368,1.0,0.0,0.000675449,0.000197542
2021-01-12,17:38:15,3.993099976,7.00739975,69.04188538,99.84738159,64.83578491,64.98644257,1153.286255,67.34632111,276.366333,88.1205368,1.0,0.0,0.000675449,0.000197542
2021-01-12,17:38:16,3.979700089,7.007299805,69.04084778,99.85744476,64.83612061,64.98600006,1153.298828,67.34529114,276.3697205,88.1205368,1.0,0.0,0.000675449,0.000197542
2021-01-12,17:38:17,3.9875,7.00719986,69.04084778,99.86859894,64.83551025,64.98622894,1153.292969,67.34466553,276.3717957,88.1205368,1.0,0.0,0.000675449,0.000197542
2021-01-12,17:38:18,3.974499893,7.006999969,69.04084778,99.87922668,64.83700562,64.98628998,1153.290771,67.34430695,276.3730164,88.1205368,1.0,0.0,0.000675449,0.000197542
2021-01-12,17:38:19,3.981299973,7.006900024,69.04084778,99.88860321,64.83635712,64.98578644,1153.305176,67.34376526,276.3747864,87.87773132,1.0,0.0,0.000675449,0.000197542
2021-01-12,17:38:20,3.970500183,7.006800079,69.04084778,99.8990097,64.8374939,64.9855957,1153.310425,67.34314728,276.3769226,87.87773132,1.0,0.0,0.000675449,0.000197542
2021-01-12,17:38:21,3.977000046,7.006700134,69.04084778,99.90898895,64.83802795,64.98527527,1153.319214,67.34296417,276.3775635,87.87773132,1.0,0.0,0.000675449,0.000197542
2021-01-12,17:38:22,3.964500046,7.006700134,69.04193115,99.91838074,64.83734131,64.98510742,1153.32373,67.34224701,276.3800659,87.87773132,1.0,0.0,0.000675449,0.000197542
2021-01-12,17:38:23,3.970999908,7.006600189,69.04193115,99.92799377,64.83834839,64.98497772,1153.327393,67.34197998,276.3809814,87.87773132,1.0,0.0,0.000675449,0.000197542
2021-01-12,17:38:24,3.959700012,7.006500244,69.04193115,99.93832397,64.83857727,64.98466492,1153.336548,67.34143829,276.3827515,87.87773132,1.0,0.0,0.000699429,0.000197454
2021-01-12,17:38:25,3.96780014,7.006400299,69.04088593,99.94741821,64.83964539,64.98447418,1153.341431,67.34135437,276.3831787,87.87773132,1.0,0.0,0.000699429,0.000197454
2021-01-12,17:38:26,3.955500031,7.006199646,69.04088593,99.95707703,64.83893585,64.98412323,1153.352051,67.3401947,276.3869934,87.87773132,1.0,0.0,0.000699429,0.000197559
2021-01-12,17:38:27,3.963000107,7.006099701,69.04088593,99.96700287,64.83843231,64.98396301,1153.356079,67.34009552,276.3866272,87.87773132,1.0,0.0,0.000698097,0.000197559
2021-01-12,17:38:28,3.951900101,7.005999756,69.04088593,99.97541046,64.83944702,64.98375702,1153.362061,67.33979797,276.3884277,87.87773132,1.0,0.0,0.000698097,0.000197559
2021-01-12,17:38:29,3.95890007,7.005799866,69.04088593,99.98524475,64.84011841,64.98355865,1153.36731,67.33984375,276.3882141,87.87773132,1.0,0.0,0.000698097,0.000197528
2021-01-12,17:38:30,3.947600174,7.005899811,69.04088593,99.99342346,64.84056091,64.98365784,1153.364258,67.33930206,276.3901367,87.87773132,1.0,0.0,0.000698097,0.000197528
2021-01-12,17:38:31,3.955599976,7.005699921,69.04088593,100.0032196,64.84078979,64.9834137,1153.370483,67.33885193,276.3916016,87.87773132,1.0,0.0,0.000698097,0.000197528
2021-01-12,17:38:32,3.944300079,7.005599976,69.04088593,100.0119171,64.84141541,64.98323822,1153.376465,67.33898926,276.3912354,87.87773132,1.0,0.0,0.000698097,0.000197528
2021-01-12,17:38:33,3.952299881,7.005500031,69.04088593,100.0195541,64.84161377,64.98294067,1153.384766,67.33837128,276.393219,87.87773132,1.0,0.0,0.000698097,0.00019747
2021-01-12,17:38:34,3.94109993,7.005599976,69.04088593,100.0297699,64.84103394,64.98266602,1153.391846,67.3381424,276.394043,87.69534302,1.0,0.0,0.000698097,0.00019747
2021-01-12,17:38:35,3.949100113,7.005400085,69.04088593,100.0378647,64.84059906,64.98281097,1153.388672,67.33787537,276.3948975,87.69534302,1.0,0.0,0.000698097,0.000197452
2021-01-12,17:38:36,3.938399887,7.00530014,69.04190063,100.04702,64.84236145,64.98233032,1153.4021,67.33756256,276.3959656,87.69534302,1.0,0.0,0.000698097,0.000197452
2021-01-12,17:38:37,3.946300125,7.00530014,69.04190063,100.0550766,64.84285736,64.98223877,1153.403931,67.33800507,276.3944397,87.69534302,1.0,0.0,0.000698097,0.000197452
2021-01-12,17:38:38,3.935599899,7.00530014,69.04088593,100.0639496,64.84357452,64.98206329,1153.409302,67.33764648,276.3956299,87.69534302,1.0,0.0,0.000698097,0.000197452
2021-01-12,17:38:39,3.943299866,7.005200195,69.04088593,100.0717163,64.84289551,64.98200989,1153.410645,67.33778381,276.3960571,87.40853119,1.0,0.0,0.000698097,0.000197452
2021-01-12,17:38:40,3.932699966,7.00530014,69.04088593,100.0804977,64.84329224,64.98174286,1153.418213,67.3372879,276.3968201,87.40853119,1.0,0.0,0.000698097,0.000197452
2021-01-12,17:38:41,3.940999985,7.005200195,69.04088593,100.0885544,64.84246826,64.98165131,1153.420654,67.33742523,276.3963928,87.40853119,1.0,0.0,0.000710148,0.000197587
2021-01-12,17:38:42,3.930199814,7.00510025,69.04088593,100.0966797,64.84424591,64.9814682,1153.426025,67.33715057,276.3973694,87.40853119,1.0,0.0,0.000710148,0.000197587
2021-01-12,17:38:43,3.938499832,7.005000305,69.04088593,100.10466,64.84442902,64.98133087,1153.429688,67.33670807,276.3988953,87.40853119,1.0,0.0,0.000710148,0.000197587
2021-01-12,17:38:44,3.928300095,7.005000305,69.04088593,100.1124268,64.84374237,64.98118591,1153.433228,67.33647919,276.3995972,87.40853119,1.0,0.0,0.000710148,0.000197587
2021-01-12,17:38:45,3.936299896,7.005000305,69.04088593,100.1206055,64.84426117,64.98126221,1153.435791,67.33688354,276.3982544,87.40853119,1.0,0.0,0.000710148,0.000197587
2021-01-12,17:38:46,3.925799942,7.00490036,69.04191589,100.1277542,64.84448242,64.9809494,1153.440674,67.33666992,276.3990479,87.40853119,1.0,0.0,0.000710148,0.000197587
2021-01-12,17:38:47,3.933599854,7.005000305,69.04191589,100.1354218,64.84518433,64.98072052,1153.446777,67.33644104,276.3996887,87.40853119,1.0,0.0,0.000710148,0.000197587
2021-01-12,17:38:48,3.923799896,7.004799652,69.04087067,100.142952,64.84506989,64.9805603,1153.451172,67.33639526,276.3999329,87.40853119,1.0,0.0,0.000710148,0.000197587
2021-01-12,17:38:49,3.931700134,7.004799652,69.04191589,100.1511459,64.84632874,64.98069763,1153.447632,67.33666992,276.3990784,87.40853119,1.0,0.0,0.000710148,0.000197587
2021-01-12,17:38:50,3.921900177,7.004599762,69.04191589,100.1588516,64.84668732,64.98045349,1153.454102,67.33617401,276.4007263,87.40853119,1.0,0.0,0.000710148,0.000197587
2021-01-12,17:38:51,3.929899979,7.004699707,69.04078674,100.1667404,64.84575653,64.98026276,1153.459351,67.33666992,276.3989563,87.40853119,1.0,0.0,0.000710148,0.000197587
2021-01-12,17:38:52,3.920000076,7.004599762,69.04078674,100.1728439,64.84722137,64.98047638,1153.453857,67.33621216,276.4006042,87.40853119,1.0,0.0,0.000697249,0.000197587
2021-01-12,17:38:53,3.927999878,7.004499817,69.04078674,100.1797409,64.84786987,64.98022461,1153.46106,67.33603668,276.4012451,87.40853119,1.0,0.0,0.000697249,0.000197587
2021-01-12,17:38:54,3.918299866,7.004599762,69.04179382,100.1880798,64.84779358,64.98000336,1153.466919,67.33652496,276.3995361,87.02174377,1.0,0.0,0.000672482,0.000197587
2021-01-12,17:38:55,3.926800156,7.004399872,69.04179382,100.194931,64.84737396,64.98017883,1153.462036,67.33617401,276.4006348,87.02174377,1.0,0.0,0.000672482,0.000197587
2021-01-12,17:38:56,3.916400146,7.004399872,69.04078674,100.2016678,64.84815216,64.98006439,1153.46521,67.33603668,276.401062,87.02174377,1.0,0.0,0.000672482,0.000197587
2021-01-12,17:38:57,3.924700165,7.004299927,69.04078674,100.2084579,64.8471756,64.97976685,1153.473389,67.33599854,276.4012756,87.02174377,1.0,0.0,0.000672482,0.000197587
2021-01-12,17:38:58,3.915100098,7.004299927,69.04078674,100.2154007,64.84864044,64.97998047,1153.467529,67.33576965,276.4020996,87.02174377,1.0,0.0,0.000683261,0.000197587
2021-01-12,17:38:59,3.923300171,7.004199982,69.04078674,100.2225571,64.84966278,64.97951508,1153.47998,67.33626556,276.4004517,87.02174377,1.0,0.0,0.000683261,0.000197587
2021-01-12,17:39:00,3.913399887,7.004100037,69.04078674,100.2291031,64.8493042,64.97947693,1153.481934,67.33612823,276.4008179,87.02174377,1.0,0.0,0.000683261,0.000197587
2021-01-12,17:39:01,3.922299957,7.004000092,69.04078674,100.235466,64.85011292,64.97959137,1153.478149,67.33666992,276.3989563,87.02174377,1.0,0.0,0.000683261,0.000197587
2021-01-12,17:39:02,3.911899948,7.004000092,69.04078674,100.2422028,64.84980774,64.97924805,1153.487427,67.33652496,276.3994446,87.02174377,1.0,0.0,0.000683261,0.000197587
2021-01-12,17:39:03,3.920500183,7.003900146,69.04078674,100.2485657,64.85050964,64.97938538,1153.484131,67.33647919,276.3996277,87.02174377,1.0,0.0,0.000683261,0.000197587
2021-01-12,17:39:04,3.910800171,7.004000092,69.04078674,100.2551498,64.84967041,64.9793396,1153.485718,67.33639526,276.3999634,86.71681976,1.0,0.0,0.000683261,0.000197587
2021-01-12,17:39:05,3.91969986,7.003900146,69.04078674,100.2608643,64.85028076,64.97949219,1153.481323,67.33666992,276.3991089,86.71681976,1.0,0.0,0.000683261,0.000197587
2021-01-12,17:39:06,3.909700012,7.003900146,69.04078674,100.2684784,64.85093689,64.97923279,1153.488037,67.33634949,276.400177,86.71681976,1.0,0.0,0.000683261,0.000197587
2021-01-12,17:39:07,3.918399811,7.003900146,69.04078674,100.2734985,64.8508606,64.97902679,1153.494263,67.33688354,276.3982849,86.71681976,1.0,0.0,0.000683261,0.000197587
2021-01-12,17:39:08,3.909000015,7.003800201,69.04078674,100.2793961,64.85168457,64.97943115,1153.48291,67.33657074,276.3994141,86.71681976,1.0,0.0,0.000683261,0.000197587
2021-01-12,17:39:09,3.917300034,7.003900146,69.04078674,100.285759,64.85120392,64.97907257,1153.493042,67.33670807,276.3988342,86.71681976,1.0,0.0,0.000683261,0.000197587
2021-01-12,17:39:10,3.907600021,7.003800201,69.04078674,100.2919769,64.85192108,64.97923279,1153.488037,67.33634949,276.4001465,86.71681976,1.0,0.0,0.000683261,0.000197587
2021-01-12,17:39:11,3.915999985,7.003900146,69.04078674,100.297142,64.85264587,64.97907257,1153.492798,67.33670807,276.3988953,86.71681976,1.0,0.0,0.000683261,0.000197587
2021-01-12,17:39:12,3.906600189,7.003900146,69.04078674,100.3032227,64.85279083,64.97909546,1153.494019,67.33679962,276.3986206,86.71681976,1.0,0.0,0.000683261,0.000197587
2021-01-12,17:39:13,3.915200043,7.003900146,69.04078674,100.3090286,64.85183716,64.97923279,1153.489136,67.33666992,276.3990784,86.71681976,1.0,0.0,0.000683261,0.000197587
2021-01-12,17:39:14,3.905699921,7.003800201,69.04078674,100.3145142,64.85306549,64.97931671,1153.486328,67.33679962,276.3985901,86.71681976,1.0,0.0,0.000683261,0.000197587
2021-01-12,17:39:15,3.914699936,7.003800201,69.04078674,100.3191681,64.85181427,64.97911072,1153.491699,67.33733368,276.396759,86.71681976,1.0,0.0,0.000683261,0.000197587
2021-01-12,17:39:16,3.904800034,7.003700256,69.04078674,100.3250504,64.85199738,64.97905731,1153.493652,67.33692932,276.3980103,86.71681976,1.0,0.0,0.000683261,0.000197587
2021-01-12,17:39:17,3.913800049,7.003800201,69.04078674,100.3298416,64.85263062,64.97918701,1153.490112,67.33666992,276.3989563,86.71681976,1.0,0.0,0.000683261,0.000197587
2021-01-12,17:39:18,3.903699875,7.003700256,69.04078674,100.3354797,64.85436249,64.97895813,1153.49585,67.3372879,276.3968201,86.71681976,1.0,0.0,0.000683261,0.000197587
2021-01-12,17:39:19,3.9125,7.003600311,69.04078674,100.3416061,64.85348511,64.97886658,1153.498657,67.33706665,276.397583,86.19467163,1.0,0.0,0.000683261,0.000197587
2021-01-12,17:39:20,3.902999878,7.003700256,69.04078674,100.3457413,64.85180664,64.97907257,1153.492798,67.33760071,276.395813,86.19467163,1.0,0.0,0.000683261,0.000197587
2021-01-12,17:39:21,3.911899948,7.003600311,69.04078674,100.3499985,64.85387421,64.97893524,1153.496826,67.3372879,276.3968811,86.19467163,1.0,0.0,0.000683261,0.000197587
2021-01-12,17:39:22,3.902199936,7.003600311,69.04078674,100.3550415,64.85487366,64.97907257,1153.492554,67.33751678,276.3960266,86.19467163,1.0,0.0,0.000683261,0.000197587
2021-01-12,17:39:23,3.911399841,7.003600311,69.04078674,100.3604126,64.85535431,64.97931671,1153.486328,67.33760071,276.395752,86.19467163,1.0,0.0,0.000683261,0.000197587
2021-01-12,17:39:24,3.901499939,7.003500366,69.04078674,100.3653641,64.85394287,64.97895813,1153.49585,67.33787537,276.3948975,86.19467163,1.0,0.0,0.000683261,0.000197587
2021-01-12,17:39:25,3.910800171,7.003600311,69.04078674,100.3687744,64.85481262,64.97916412,1153.490479,67.33782196,276.3951111,86.19467163,1.0,0.0,0.000683261,0.000197587
2021-01-12,17:39:26,3.901200104,7.003600311,69.04078674,100.373558,64.85542297,64.97909546,1153.492065,67.33795929,276.3945923,86.19467163,1.0,0.0,0.000687318,0.000197587
2021-01-12,17:39:27,3.909899902,7.003800201,69.04078674,100.3783646,64.85479736,64.97900391,1153.495117,67.33831787,276.3934021,86.19467163,1.0,0.0,0.000687318,0.000197587
2021-01-12,17:39:28,3.900400162,7.003700256,69.03977966,100.3822098,64.85604858,64.97924805,1153.487915,67.33795929,276.3946533,86.19467163,1.0,0.0,0.000692405,0.000197587
2021-01-12,17:39:29,3.909799957,7.003800201,69.04085541,100.3859711,64.85453796,64.97927094,1153.487061,67.33809662,276.3942566,86.19467163,1.0,0.0,0.000692405,0.000197587
2021-01-12,17:39:30,3.899700165,7.003700256,69.04186249,100.3896484,64.85540009,64.97924805,1153.487915,67.3381424,276.394043,86.19467163,1.0,0.0,0.000692405,0.000197505
2021-01-12,17:39:31,3.90890007,7.003800201,69.04081726,100.3944092,64.85594177,64.9792099,1153.489258,67.33827209,276.3935242,86.19467163,1.0,0.0,0.000692405,0.000197505
2021-01-12,17:39:32,3.899200058,7.003800201,69.04081726,100.3977661,64.85722351,64.97918701,1153.488647,67.33872986,276.3919678,86.19467163,1.0,0.0,0.000692405,0.000197505
2021-01-12,17:39:33,3.908599854,7.003700256,69.04081726,100.4015121,64.8560791,64.97927094,1153.487061,67.33890533,276.3914185,86.19467163,1.0,0.0,0.000692405,0.000197505
2021-01-12,17:39:34,3.898699951,7.003900146,69.04081726,100.405159,64.85462189,64.97940826,1153.483521,67.33863068,276.392395,86.19467163,1.0,0.0,0.000692405,0.000197505
2021-01-12,17:39:35,3.908000183,7.003900146,69.04081726,100.4088593,64.8556366,64.97962189,1153.478027,67.33840942,276.3929749,86.19467163,1.0,0.0,0.000692405,0.000197505
2021-01-12,17:39:36,3.898300171,7.003800201,69.04081726,100.4110107,64.85601807,64.97956848,1153.477051,67.33894348,276.3913269,86.19467163,1.0,0.0,0.000692405,0.000197505
2021-01-12,17:39:37,3.907400131,7.003900146,69.04081726,100.4162369,64.85635376,64.97945404,1153.482544,67.33881378,276.3917542,86.19467163,1.0,0.0,0.000692405,0.000197505
2021-01-12,17:39:38,3.897800064,7.003800201,69.04081726,100.4193497,64.85564423,64.97966003,1153.476685,67.33912659,276.390625,86.19467163,1.0,0.0,0.000692405,0.000197588
2021-01-12,17:39:39,3.907300186,7.003900146,69.04186249,100.4220657,64.85664368,64.97979736,1153.473022,67.33934021,276.389801,86.08538055,1.0,0.0,0.000692405,0.000197588
2021-01-12,17:39:40,3.897399902,7.003900146,69.04186249,100.4246292,64.85610962,64.9793396,1153.485352,67.33979797,276.3883972,86.08538055,1.0,0.0,0.000692405,0.000197588
2021-01-12,17:39:41,3.906999969,7.003900146,69.04186249,100.4286346,64.85551453,64.97975159,1153.473755,67.33925629,276.3902893,86.08538055,1.0,0.0,0.000692405,0.000197588
2021-01-12,17:39:42,3.896900177,7.003900146,69.04186249,100.4318008,64.8568573,64.97976685,1153.473267,67.33992767,276.3878479,86.08538055,1.0,0.0,0.000692405,0.000197588
2021-01-12,17:39:43,3.906399918,7.003900146,69.04186249,100.4342194,64.85603333,64.97982025,1153.47168,67.3400116,276.3883057,86.08538055,1.0,0.0,0.000692405,0.000197588
2021-01-12,17:39:44,3.89659996,7.003900146,69.04186249,100.4375076,64.85830688,64.97992706,1153.468872,67.3398819,276.3878479,85.84089661,1.0,0.0,0.000692405,0.000197588
2021-01-12,17:39:45,3.906299973,7.003800201,69.04186249,100.4394073,64.8565979,64.98013306,1153.463257,67.33966064,276.3887634,85.84089661,1.0,0.0,0.000692405,0.000197588
2021-01-12,17:39:46,3.896300125,7.003900146,69.04186249,100.4412613,64.85697937,64.98022461,1153.460938,67.3403244,276.3865051,85.84089661,1.0,0.0,0.000692405,0.000197588
2021-01-12,17:39:47,3.905899811,7.003800201,69.04082489,100.4446259,64.85624695,64.98026276,1153.459351,67.3401947,276.387146,85.84089661,1.0,0.0,0.000692405,0.000197588
2021-01-12,17:39:48,3.895999908,7.003800201,69.04082489,100.4468002,64.85725403,64.98029327,1153.458496,67.34063721,276.3854675,85.84089661,1.0,0.0,0.000692405,0.000197482
2021-01-12,17:39:49,3.905799866,7.003900146,69.04082489,100.4490585,64.85755157,64.9802475,1153.460449,67.34046173,276.3862305,85.95294189,1.0,0.0,0.000692405,0.000197482
2021-01-12,17:39:50,3.895700073,7.003800201,69.04188538,100.4509354,64.85693359,64.98036957,1153.457031,67.34068298,276.3853455,85.95294189,1.0,0.0,0.000718686,0.000197576
2021-01-12,17:39:51,3.905199814,7.003900146,69.04188538,100.4520645,64.85767365,64.98047638,1153.453857,67.34107971,276.3840332,85.95294189,1.0,0.0,0.000718686,0.000197576
2021-01-12,17:39:52,3.895299911,7.004000092,69.04188538,100.4550095,64.85736847,64.98053741,1153.451782,67.34076691,276.3850708,85.95294189,1.0,0.0,0.000718686,0.000197526
2021-01-12,17:39:53,3.905400085,7.004000092,69.04188538,100.4564743,64.85690308,64.98040771,1153.455688,67.34099579,276.3843384,85.95294189,1.0,0.0,0.000718686,0.000197526
2021-01-12,17:39:54,3.895199966,7.003900146,69.0408783,100.4571762,64.8578949,64.98062897,1153.449097,67.34107971,276.3839722,85.95294189,1.0,0.0,0.000708755,0.000197526
2021-01-12,17:39:55,3.905099869,7.003900146,69.0408783,100.459938,64.85704041,64.98088074,1153.442139,67.34135437,276.3830872,85.95294189,1.0,0.0,0.000708755,0.000197526
2021-01-12,17:39:56,3.895000076,7.003900146,69.0408783,100.4607391,64.85916901,64.98097229,1153.439819,67.34166718,276.3821106,85.95294189,1.0,0.0,0.000708755,0.000197526
2021-01-12,17:39:57,3.904700089,7.003900146,69.0408783,100.4628296,64.85809326,64.98085785,1153.443115,67.34135437,276.3830566,85.95294189,1.0,0.0,0.000708755,0.000197526
2021-01-12,17:39:58,3.894800186,7.004000092,69.0408783,100.4637833,64.85855103,64.98099518,1153.439453,67.34157562,276.3823547,85.95294189,1.0,0.0,0.000708755,0.000197526
2021-01-12,17:39:59,3.904299927,7.003900146,69.0408783,100.4647827,64.85871887,64.98114014,1153.435303,67.3417511,276.3816223,85.74227905,1.0,0.0,0.000708755,0.000197526
2021-01-12,17:40:00,3.894599915,7.004000092,69.0408783,100.465744,64.85786438,64.98090363,1153.441406,67.34224701,276.380127,85.74227905,1.0,0.0,0.000708755,0.000197526
2021-01-12,17:40:01,3.904199982,7.003900146,69.0408783,100.4661865,64.85914612,64.98108673,1153.436523,67.34202576,276.3807983,85.74227905,1.0,0.0,0.000708755,0.000197526
2021-01-12,17:40:02,3.894900131,7.004000092,69.0408783,100.4673386,64.85819244,64.98137665,1153.428101,67.34233856,276.3797607,85.74227905,1.0,0.0,0.000734976,0.000197526
2021-01-12,17:40:03,3.904299927,7.004000092,69.0408783,100.4683685,64.86003113,64.98129272,1153.430908,67.34197998,276.3808899,85.74227905,1.0,0.0,0.00072668,0.000197503
2021-01-12,17:40:04,3.894200134,7.004000092,69.0408783,100.4695053,64.85751343,64.98130798,1153.429932,67.34242249,276.3793945,85.74227905,1.0,0.0,0.00072668,0.000197503
2021-01-12,17:40:05,3.904000092,7.003900146,69.0408783,100.4689941,64.85774994,64.98162842,1153.421143,67.34260559,276.3787537,85.74227905,1.0,0.0,0.00072668,0.000197503
2021-01-12,17:40:06,3.894200134,7.003900146,69.03987122,100.4700394,64.85874939,64.98155212,1153.423096,67.34242249,276.3794556,85.74227905,1.0,0.0,0.00072668,0.000197503
2021-01-12,17:40:07,3.904000092,7.004000092,69.04092407,100.470459,64.85979462,64.98174286,1153.418213,67.3429184,276.3777466,85.74227905,1.0,0.0,0.00072668,0.000197503
2021-01-12,17:40:08,3.894200134,7.003900146,69.04092407,100.4709244,64.8584671,64.98206329,1153.409302,67.34300995,276.3774414,85.74227905,1.0,0.0,0.00072668,0.000197503
2021-01-12,17:40:09,3.90379982,7.003800201,69.04092407,100.4701538,64.85874939,64.9818573,1153.415405,67.34282684,276.3779297,85.74227905,1.0,0.0,0.00072668,0.000197503
2021-01-12,17:40:10,3.894100189,7.003900146,69.04092407,100.4709778,64.85835266,64.981987,1153.411499,67.34314728,276.3770752,85.74227905,1.0,0.0,0.00072668,0.000197503
2021-01-12,17:40:11,3.90359993,7.003800201,69.04092407,100.4721985,64.85868835,64.98222351,1153.404541,67.34327698,276.3765869,85.74227905,1.0,0.0,0.000705485,0.000197503
2021-01-12,17:40:12,3.893600082,7.003900146,69.04092407,100.4703674,64.85813904,64.98191833,1153.413208,67.34305573,276.3772583,85.74227905,1.0,0.0,0.000705485,0.000197503
2021-01-12,17:40:13,3.903699875,7.003800201,69.04193878,100.4717331,64.85958099,64.98214722,1153.40686,67.3432312,276.3766174,85.74227905,1.0,0.0,0.000705485,0.000197503
2021-01-12,17:40:14,3.893799973,7.003700256,69.04193878,100.4706268,64.85925293,64.98217773,1153.407593,67.34349823,276.3757324,85.74227905,1.0,0.0,0.000705485,0.000197503
2021-01-12,17:40:15,3.903499985,7.003800201,69.0408783,100.4705658,64.85954285,64.98208618,1153.408569,67.34314728,276.3769531,85.74227905,1.0,0.0,0.00072886,0.000197503
2021-01-12,17:40:16,3.893700027,7.003800201,69.0408783,100.4704132,64.85910797,64.98252869,1153.396118,67.34400177,276.3741455,85.74227905,1.0,0.0,0.00072886,0.000197503
2021-01-12,17:40:17,3.903499985,7.003900146,69.0408783,100.4697266,64.85951233,64.98264313,1153.392944,67.34376526,276.3748779,85.74227905,1.0,0.0,0.00072886,0.00019745
2021-01-12,17:40:18,3.893600082,7.003800201,69.0408783,100.4687729,64.85818481,64.98248291,1153.397461,67.34390259,276.3743896,85.74227905,1.0,0.0,0.00072886,0.000197719
2021-01-12,17:40:19,3.90340004,7.003900146,69.0408783,100.468399,64.86029816,64.98271179,1153.390625,67.34417725,276.3734741,85.61659241,1.0,0.0,0.00072886,0.000197532
2021-01-12,17:40:20,3.893399811,7.003800201,69.0408783,100.4676437,64.85980225,64.98252869,1153.395874,67.34430695,276.3730469,85.61659241,1.0,0.0,0.00072886,0.000197532
2021-01-12,17:40:21,3.90340004,7.003800201,69.0408783,100.466568,64.85897827,64.98305511,1153.381348,67.34461212,276.3719177,85.61659241,1.0,0.0,0.00072886,0.000197532
2021-01-12,17:40:22,3.893399811,7.003900146,69.0408783,100.4651108,64.8581543,64.98287201,1153.386475,67.34443665,276.3726501,85.61659241,1.0,0.0,0.00072886,0.000197532
2021-01-12,17:40:23,3.903499985,7.003800201,69.04190826,100.4643631,64.86001587,64.98300934,1153.382446,67.34466553,276.3717957,85.61659241,1.0,0.0,0.00072886,0.000197477
2021-01-12,17:40:24,3.893299866,7.003900146,69.04190826,100.4640274,64.85873413,64.98296356,1153.383911,67.34448242,276.372467,85.61659241,1.0,0.0,0.00072886,0.000197477
2021-01-12,17:40:25,3.903699875,7.004000092,69.04190826,100.4610672,64.85944366,64.98313904,1153.378784,67.34475708,276.371582,85.61659241,1.0,0.0,0.00072886,0.000197477
2021-01-12,17:40:26,3.893500137,7.003900146,69.04190826,100.4607773,64.85917664,64.98321533,1153.377197,67.3445282,276.3723145,85.61659241,1.0,0.0,0.00072886,0.000197477
2021-01-12,17:40:27,3.903300095,7.004000092,69.04190826,100.4588165,64.85997009,64.98327637,1153.374634,67.34515381,276.3701477,85.61659241,1.0,0.0,0.00072886,0.000197477
2021-01-12,17:40:28,3.893099976,7.003900146,69.04190826,100.4575424,64.85805511,64.98345947,1153.369995,67.344841,276.3713074,85.61659241,1.0,0.0,0.000698097,0.000197477
2021-01-12,17:40:29,3.90340004,7.004000092,69.04190826,100.4571533,64.85914612,64.98348999,1153.370483,67.34506989,276.3704224,85.79936218,1.0,0.0,0.000698097,0.000197477
2021-01-12,17:40:30,3.89280014,7.003900146,69.04190826,100.4553909,64.85886383,64.98351288,1153.368896,67.34547424,276.3691101,85.79936218,1.0,0.0,0.000698097,0.000197477
2021-01-12,17:40:31,3.903099823,7.004000092,69.04190826,100.4533386,64.85961914,64.98371124,1153.362793,67.34551239,276.368927,85.79936218,1.0,0.0,0.000698097,0.000197477
2021-01-12,17:40:32,3.893000031,7.004000092,69.04089355,100.4517517,64.86058807,64.98387146,1153.359131,67.34551239,276.3691406,85.79936218,1.0,0.0,0.000698097,0.000197477
2021-01-12,17:40:33,3.90359993,7.003900146,69.04089355,100.4495697,64.85999298,64.98371124,1153.362915,67.34555817,276.3688049,85.79936218,1.0,0.0,0.000698824,0.000197477
2021-01-12,17:40:34,3.893000031,7.003900146,69.04089355,100.447525,64.85899353,64.98400116,1153.35437,67.34574127,276.3682251,85.64037323,1.0,0.0,0.000698824,0.000197477
2021-01-12,17:40:35,3.902999878,7.004000092,69.04191589,100.4452133,64.860672,64.98381805,1153.359863,67.34547424,276.3691711,85.64037323,1.0,0.0,0.000698824,0.000197477
2021-01-12,17:40:36,3.893299866,7.003900146,69.04191589,100.4436264,64.85977173,64.98423767,1153.348511,67.34578705,276.3680115,85.64037323,1.0,0.0,0.000698824,0.000197477
2021-01-12,17:40:37,3.90340004,7.004000092,69.04090118,100.4421005,64.85914612,64.98402405,1153.354126,67.34596252,276.3674011,85.64037323,1.0,0.0,0.000698824,0.000197477
2021-01-12,17:40:38,3.89280014,7.004000092,69.04090118,100.4393387,64.85977173,64.98428345,1153.347656,67.34627533,276.3664856,85.64037323,1.0,0.0,0.000698824,0.000197477
2021-01-12,17:40:39,3.902899933,7.004000092,69.04090118,100.4369812,64.85926819,64.98416901,1153.35022,67.34600067,276.3673096,85.64037323,1.0,0.0,0.000698824,0.000197477
2021-01-12,17:40:40,3.893500137,7.003900146,69.04090118,100.4344482,64.85967255,64.98431396,1153.346313,67.34622955,276.3666687,85.64037323,1.0,0.0,0.000698824,0.000197477
2021-01-12,17:40:41,3.90320015,7.004000092,69.04090118,100.4317856,64.8602829,64.98455048,1153.339722,67.34667206,276.3651123,85.64037323,1.0,0.0,0.000698824,0.000197477
2021-01-12,17:40:42,3.893500137,7.003900146,69.04090118,100.4296951,64.86016846,64.9845047,1153.341064,67.34681702,276.3646851,85.64037323,1.0,0.0,0.000698824,0.000197477
2021-01-12,17:40:43,3.903300095,7.003900146,69.04190826,100.4275131,64.85946655,64.98472595,1153.334717,67.34671021,276.3648376,85.64037323,1.0,0.0,0.000698824,0.000197477
2021-01-12,17:40:44,3.893199921,7.003900146,69.04088593,100.4249802,64.85998535,64.98482513,1153.332031,67.34685516,276.364563,85.64037323,1.0,0.0,0.000677205,0.000197644
2021-01-12,17:40:45,3.902799988,7.003900146,69.04088593,100.4212494,64.85876465,64.98474884,1153.334473,67.34663391,276.3652649,85.64037323,1.0,0.0,0.000677205,0.00019748
2021-01-12,17:40:46,3.892900085,7.003800201,69.04088593,100.4190521,64.86082458,64.98491669,1153.329468,67.3471756,276.3634949,85.64037323,1.0,0.0,0.000677205,0.00019748
2021-01-12,17:40:47,3.90320015,7.003900146,69.04190063,100.4157715,64.8589325,64.98468781,1153.335938,67.34689331,276.3644104,85.64037323,1.0,0.0,0.000677205,0.000197539
2021-01-12,17:40:48,3.893399811,7.003800201,69.04190063,100.4136963,64.85980225,64.98500824,1153.327026,67.34707642,276.363739,85.64037323,1.0,0.0,0.000677205,0.000197539
2021-01-12,17:40:49,3.903499985,7.003900146,69.04190063,100.4103546,64.86026001,64.9851532,1153.32251,67.34757233,276.361969,85.64037323,1.0,0.0,0.000677205,0.000197531
2021-01-12,17:40:50,3.893299866,7.003800201,69.04190063,100.4071198,64.85894775,64.9852066,1153.321167,67.34707642,276.3636475,85.64037323,1.0,0.0,0.000677205,0.000197531
2021-01-12,17:40:51,3.903499985,7.003800201,69.04190063,100.4049377,64.85862732,64.9853363,1153.317627,67.34757233,276.3619995,85.64037323,1.0,0.0,0.000677205,0.000197372
2021-01-12,17:40:52,3.893600082,7.003800201,69.04190063,100.4013367,64.85967255,64.98543549,1153.315063,67.3473053,276.3630066,85.64037323,1.0,0.0,0.000677205,0.000197372
2021-01-12,17:40:53,3.903099823,7.003700256,69.04190063,100.398262,64.86066437,64.98538971,1153.31604,67.3474884,276.3623657,85.64037323,1.0,0.0,0.000677205,0.000197372
2021-01-12,17:40:54,3.893000031,7.003700256,69.04190063,100.3962021,64.85926819,64.98549652,1153.31311,67.34738922,276.3627014,85.64037323,1.0,0.0,0.000677205,0.000197372
2021-01-12,17:40:55,3.90359993,7.003700256,69.04190063,100.3918152,64.85827637,64.98543549,1153.314941,67.34757233,276.361969,85.64037323,1.0,0.0,0.000681807,0.000197427
2021-01-12,17:40:56,3.893500137,7.003700256,69.04190063,100.3880005,64.85916138,64.98571777,1153.306763,67.34784698,276.3612671,85.64037323,1.0,0.0,0.000681807,0.000197427
2021-01-12,17:40:57,3.90340004,7.003700256,69.04190063,100.3856888,64.85879517,64.98578644,1153.304321,67.34797668,276.3607483,85.64037323,1.0,0.0,0.000695978,0.000197427
2021-01-12,17:40:58,3.893199921,7.003800201,69.04190063,100.3821182,64.85974121,64.98576355,1153.305786,67.34776306,276.3614502,85.64037323,1.0,0.0,0.000695978,0.000197427
2021-01-12,17:40:59,3.903099823,7.003700256,69.04190063,100.3786011,64.86038208,64.9859314,1153.30127,67.34779358,276.3612671,85.64037323,1.0,0.0,0.000695978,0.000197427
2021-01-12,17:41:00,3.893099976,7.003600311,69.04190063,100.375267,64.85987091,64.98595428,1153.300415,67.34815216,276.3602295,85.64037323,1.0,0.0,0.000695978,0.000197427
2021-01-12,17:41:01,3.90359993,7.003700256,69.04190063,100.3708572,64.8587265,64.98604584,1153.298096,67.34836578,276.3593445,85.64037323,1.0,0.0,0.000695978,0.000197427
2021-01-12,17:41:02,3.893299866,7.003600311,69.04190063,100.3684692,64.85978699,64.98597717,1153.299316,67.34805298,276.3604126,85.64037323,1.0,0.0,0.000695978,0.000197427
2021-01-12,17:41:03,3.90340004,7.003700256,69.04190063,100.3651733,64.86021423,64.9861145,1153.295776,67.34819031,276.3598633,85.64037323,1.0,0.0,0.000725953,0.000197427
2021-01-12,17:41:04,3.893199921,7.003600311,69.04190063,100.3618317,64.86039734,64.98615265,1153.2948,67.34836578,276.3594055,85.52428436,1.0,0.0,0.000703729,0.000197427
2021-01-12,17:41:05,3.903499985,7.003600311,69.04190063,100.3582001,64.85900116,64.98622894,1153.292847,67.34828186,276.3597107,85.52428436,1.0,0.0,0.000683503,0.000197427
2021-01-12,17:41:06,3.893299866,7.003500366,69.04190063,100.3544388,64.85908508,64.98633575,1153.289551,67.34815216,276.360199,85.52428436,1.0,0.0,0.000683503,0.000197427
2021-01-12,17:41:07,3.903499985,7.003600311,69.04190063,100.350853,64.85951233,64.98615265,1153.294678,67.34877014,276.3580933,85.52428436,1.0,0.0,0.000698945,0.000197427
2021-01-12,17:41:08,3.893399811,7.003600311,69.04190063,100.347496,64.85978699,64.98644257,1153.286377,67.34846497,276.3589783,85.52428436,1.0,0.0,0.000698945,0.000197427
2021-01-12,17:41:09,3.903699875,7.003500366,69.04190063,100.3426208,64.85947418,64.98649597,1153.285156,67.34832764,276.3595581,85.52428436,1.0,0.0,0.000698945,0.000197427
2021-01-12,17:41:10,3.893299866,7.003600311,69.04296875,100.3387833,64.85931396,64.98640442,1153.287842,67.34877014,276.3579712,85.52428436,1.0,0.0,0.000698945,0.000197427
2021-01-12,17:41:11,3.903900146,7.003500366,69.04296875,100.3354645,64.8578186,64.98658752,1153.282593,67.34851074,276.3588867,85.52428436,1.0,0.0,0.000699974,0.000197427
2021-01-12,17:41:12,3.893199921,7.003500366,69.04193878,100.3307571,64.85884094,64.98683167,1153.275635,67.34864044,276.35849,85.52428436,1.0,0.0,0.000698703,0.000197427
2021-01-12,17:41:13,3.90379982,7.003500366,69.04193878,100.3270569,64.85964966,64.98688507,1153.2771,67.34846497,276.3590393,85.52428436,1.0,0.0,0.000698703,0.000197427
2021-01-12,17:41:14,3.893199921,7.003399658,69.04193878,100.3239517,64.85826111,64.98675537,1153.277832,67.34903717,276.3569946,85.66725159,1.0,0.0,0.000698703,0.000197427
2021-01-12,17:41:15,3.90379982,7.003500366,69.04193878,100.3191223,64.85945129,64.98670197,1153.279541,67.34841156,276.3592529,85.66725159,1.0,0.0,0.000698703,0.00019756
2021-01-12,17:41:16,3.893600082,7.003399658,69.04193878,100.3153915,64.85873413,64.98685455,1153.274902,67.34886169,276.357605,85.66725159,1.0,0.0,0.000690467,0.00019756
2021-01-12,17:41:17,3.903900146,7.003500366,69.04193878,100.3115997,64.86019897,64.98677063,1153.277344,67.34895325,276.3573303,85.66725159,1.0,0.0,0.000690467,0.00019756
2021-01-12,17:41:18,3.893399811,7.003399658,69.04193878,100.3080368,64.85794067,64.98690796,1153.273682,67.34872437,276.3582153,85.66725159,1.0,0.0,0.000690467,0.00019756
2021-01-12,17:41:19,3.903699875,7.003399658,69.04193878,100.3033371,64.85922241,64.98713684,1153.267822,67.34895325,276.3574524,85.91300964,1.0,0.0,0.000690467,0.00019756
2021-01-12,17:41:20,3.893600082,7.003399658,69.04193878,100.299408,64.85984802,64.98690796,1153.273682,67.34841156,276.3592529,85.91300964,1.0,0.0,0.000692708,0.000197478
2021-01-12,17:41:21,3.90379982,7.003500366,69.04193878,100.2949982,64.85926819,64.98724365,1153.264038,67.34882355,276.3578186,85.91300964,1.0,0.0,0.000692708,0.000197478
2021-01-12,17:41:22,3.893199921,7.003600311,69.04193878,100.2916489,64.85965729,64.9871521,1153.266724,67.3491745,276.3565979,85.91300964,1.0,0.0,0.000706514,0.000197478
2021-01-12,17:41:23,3.904000092,7.003500366,69.04193878,100.2868271,64.86058044,64.98731232,1153.262573,67.34864044,276.3583984,85.91300964,1.0,0.0,0.000706514,0.000197478
2021-01-12,17:41:24,3.893199921,7.003399658,69.04193878,100.2827377,64.85863495,64.98735809,1153.260864,67.34854889,276.3587341,85.5761795,1.0,0.0,0.000706514,0.000197478
2021-01-12,17:41:25,3.904000092,7.003399658,69.04193878,100.2784958,64.8584137,64.98721313,1153.264771,67.34890747,276.3575439,85.5761795,1.0,0.0,0.000705788,0.000197478
2021-01-12,17:41:26,3.893299866,7.003299713,69.04193878,100.2750473,64.85904694,64.98744965,1153.258301,67.34877014,276.3579407,85.5761795,1.0,0.0,0.000705788,0.000197478
2021-01-12,17:41:27,3.904000092,7.003399658,69.04193878,100.2711029,64.85864258,64.98728943,1153.263184,67.34895325,276.3573608,85.5761795,1.0,0.0,0.000705788,0.000197478
2021-01-12,17:41:28,3.893199921,7.003299713,69.04193878,100.2663345,64.85952759,64.98755646,1153.255493,67.34868622,276.3583679,85.5761795,1.0,0.0,0.000705788,0.000197478
2021-01-12,17:41:29,3.904100037,7.003399658,69.04193878,100.2621307,64.85919952,64.98757935,1153.254883,67.34877014,276.3578796,85.5761795,1.0,0.0,0.000705788,0.000197383
2021-01-12,17:41:30,3.893500137,7.003299713,69.04193878,100.25811,64.85875702,64.98747253,1153.257568,67.34858704,276.3586121,85.5761795,1.0,0.0,0.000705788,0.000197383
2021-01-12,17:41:31,3.903900146,7.003199768,69.04296112,100.253891,64.85987854,64.98762512,1153.253174,67.34903717,276.3571167,85.5761795,1.0,0.0,0.000705788,0.000197383
2021-01-12,17:41:32,3.893600082,7.003299713,69.04193878,100.2497559,64.85735321,64.9875946,1153.254761,67.34877014,276.3579102,85.5761795,1.0,0.0,0.000705788,0.000197383
2021-01-12,17:41:33,3.903900146,7.003199768,69.04193878,100.2463379,64.85783386,64.98776245,1153.249146,67.34846497,276.3589783,85.5761795,1.0,0.0,0.000705788,0.000197383
2021-01-12,17:41:34,3.893399811,7.003299713,69.04193878,100.2412796,64.8582077,64.98781586,1153.248169,67.34877014,276.3579712,85.91487122,1.0,0.0,0.000700277,0.000197383
2021-01-12,17:41:35,3.904199982,7.003199768,69.04193878,100.2377396,64.85868835,64.98762512,1153.253052,67.34890747,276.3575439,85.91487122,1.0,0.0,0.000700277,0.000197383
2021-01-12,17:41:36,3.893500137,7.003299713,69.04294586,100.2332687,64.85903931,64.98773956,1153.249878,67.34899902,276.3572083,85.91487122,1.0,0.0,0.000700277,0.000197588
2021-01-12,17:41:37,3.904299927,7.003299713,69.04294586,100.2294769,64.85897064,64.98794556,1153.244629,67.34877014,276.3578491,85.91487122,1.0,0.0,0.000700277,0.000197588
2021-01-12,17:41:38,3.893600082,7.003199768,69.04294586,100.2246552,64.85914612,64.98781586,1153.248291,67.34895325,276.3574524,85.91487122,1.0,0.0,0.000700277,0.000197588
2021-01-12,17:41:39,3.904399872,7.003199768,69.04187012,100.219902,64.85891724,64.98812866,1153.239502,67.34877014,276.3580933,85.7851181,1.0,0.0,0.000700277,0.000197588
2021-01-12,17:41:40,3.893799973,7.003299713,69.04187012,100.2159653,64.85870361,64.98778534,1153.248657,67.34886169,276.357666,85.7851181,1.0,0.0,0.000700277,0.000197588
2021-01-12,17:41:41,3.904299927,7.003199768,69.04290009,100.2127914,64.85925293,64.98794556,1153.244263,67.34903717,276.3570862,85.7851181,1.0,0.0,0.000700277,0.000197588
2021-01-12,17:41:42,3.893600082,7.003099823,69.04290009,100.2078705,64.85836029,64.98810577,1153.240112,67.34922028,276.3564453,85.7851181,1.0,0.0,0.000703063,0.000197588
2021-01-12,17:41:43,3.904399872,7.003099823,69.04290009,100.2033768,64.85877991,64.98806763,1153.241455,67.34877014,276.3579712,85.7851181,1.0,0.0,0.000703063,0.000197588
2021-01-12,17:41:44,3.893399811,7.003199768,69.04290009,100.1993179,64.85934448,64.98823547,1153.236572,67.34903717,276.3571167,85.7851181,1.0,0.0,0.000703063,0.000197588
2021-01-12,17:41:45,3.904499817,7.003099823,69.04187775,100.1958008,64.86040497,64.98828125,1153.234985,67.34868622,276.3582764,85.7851181,1.0,0.0,0.000703063,0.000197588
2021-01-12,17:41:46,3.893600082,7.002999878,69.04187775,100.1913376,64.8588028,64.98808289,1153.240479,67.34899902,276.3572083,85.7851181,1.0,0.0,0.000703063,0.000197588
2021-01-12,17:41:47,3.904299927,7.003099823,69.04187775,100.1878662,64.85848999,64.98820496,1153.237671,67.34858704,276.358551,85.7851181,1.0,0.0,0.000703063,0.000197588
2021-01-12,17:41:48,3.893899918,7.002999878,69.04187775,100.1827774,64.85873413,64.98808289,1153.240356,67.34877014,276.3578491,85.7851181,1.0,0.0,0.000684532,0.000197588
2021-01-12,17:41:49,3.904199982,7.002999878,69.04187775,100.1795197,64.85974121,64.9883728,1153.232178,67.34908295,276.3569031,85.7851181,1.0,0.0,0.000684532,0.000197656
2021-01-12,17:41:50,3.893899918,7.002899933,69.04288483,100.175209,64.85827637,64.98803711,1153.241943,67.34903717,276.3571777,85.7851181,1.0,0.0,0.000701125,0.000197656
2021-01-12,17:41:51,3.904499817,7.002999878,69.04288483,100.1703796,64.85980225,64.98821259,1153.236938,67.34886169,276.3575745,85.7851181,1.0,0.0,0.000688529,0.000197656
2021-01-12,17:41:52,3.893600082,7.002899933,69.04288483,100.1673508,64.85925293,64.98828125,1153.235107,67.34854889,276.3586426,85.7851181,1.0,0.0,0.000684714,0.000197656
2021-01-12,17:41:53,3.904299927,7.002799988,69.04288483,100.1635208,64.85868835,64.98834229,1153.233521,67.34931183,276.3562012,85.7851181,1.0,0.0,0.000684714,0.000197656
2021-01-12,17:41:54,3.893399811,7.002899933,69.04288483,100.1585159,64.85825348,64.98847198,1153.22998,67.34877014,276.3579712,85.7851181,1.0,0.0,0.000684714,0.000197656
2021-01-12,17:41:55,3.904499817,7.002899933,69.04288483,100.1545029,64.85771179,64.98856354,1153.227539,67.34864044,276.3583984,85.7851181,1.0,0.0,0.000684714,0.000197656
2021-01-12,17:41:56,3.893399811,7.002899933,69.04288483,100.1512451,64.85974121,64.98841858,1153.231079,67.34890747,276.3575134,85.7851181,1.0,0.0,0.000684714,0.000197656
2021-01-12,17:41:57,3.904399872,7.002899933,69.04288483,100.1462936,64.85818481,64.98830414,1153.234497,67.34926605,276.3563538,85.7851181,1.0,0.0,0.000684714,0.000197656
2021-01-12,17:41:58,3.893899918,7.002899933,69.04288483,100.1423721,64.85873413,64.9884491,1153.230469,67.34903717,276.3570862,85.7851181,1.0,0.0,0.000684714,0.000197558
2021-01-12,17:41:59,3.904499817,7.002899933,69.04288483,100.1389008,64.85935974,64.98834229,1153.233643,67.3493576,276.3559265,85.7851181,1.0,0.0,0.000684714,0.000197558
2021-01-12,17:42:00,3.893700027,7.002999878,69.04288483,100.1345749,64.85877991,64.98848724,1153.229492,67.34895325,276.3574219,85.7851181,1.0,0.0,0.000695614,0.000197558
2021-01-12,17:42:01,3.904499817,7.002999878,69.04288483,100.1298141,64.85927582,64.98862457,1153.225708,67.34886169,276.3569641,85.7851181,1.0,0.0,0.000695614,0.000197558
2021-01-12,17:42:02,3.893299866,7.002999878,69.04288483,100.1269608,64.85845947,64.98851013,1153.228394,67.34926605,276.3563843,85.7851181,1.0,0.0,0.000704213,0.000197558
2021-01-12,17:42:03,3.904199982,7.002899933,69.04288483,100.1224213,64.85925293,64.9885788,1153.226807,67.34877014,276.3580627,85.7851181,1.0,0.0,0.000704213,0.000197558
2021-01-12,17:42:04,3.893700027,7.003099823,69.04288483,100.1189346,64.85940552,64.98848724,1153.22937,67.34890747,276.3575134,85.7851181,1.0,0.0,0.000694161,0.000197528
2021-01-12,17:42:05,3.904600143,7.002999878,69.04288483,100.1138611,64.85934448,64.9887619,1153.221924,67.34886169,276.3577271,85.7851181,1.0,0.0,0.000694161,0.000197528
2021-01-12,17:42:06,3.893899918,7.002899933,69.04288483,100.110672,64.85962677,64.98873138,1153.222534,67.34872437,276.3582153,85.7851181,1.0,0.0,0.000730737,0.000197528
2021-01-12,17:42:07,3.904600143,7.002999878,69.04288483,100.1073227,64.85816956,64.98856354,1153.227417,67.34903717,276.3569336,85.7851181,1.0,0.0,0.000730737,0.000197528
2021-01-12,17:42:08,3.893999863,7.002899933,69.04288483,100.1024399,64.85890198,64.98885345,1153.219238,67.34846497,276.3591614,85.7851181,1.0,0.0,0.000730737,0.000197422
2021-01-12,17:42:09,3.904499817,7.002899933,69.04288483,100.0994644,64.85995483,64.98881531,1153.220215,67.34836578,276.3588257,85.7851181,1.0,0.0,0.000730737,0.000197422
2021-01-12,17:42:10,3.893600082,7.002899933,69.04288483,100.0954285,64.85956573,64.9888382,1153.220703,67.34886169,276.357666,85.7851181,1.0,0.0,0.000730737,0.000197422
2021-01-12,17:42:11,3.904600143,7.002799988,69.04288483,100.092041,64.85998535,64.98864746,1153.224487,67.34854889,276.3587646,85.7851181,1.0,0.0,0.000730737,0.000197422
2021-01-12,17:42:12,3.893600082,7.002899933,69.04288483,100.0874252,64.85921478,64.9888382,1153.219971,67.34864044,276.3590698,85.7851181,1.0,0.0,0.000730737,0.000197422
2021-01-12,17:42:13,3.904199982,7.002899933,69.04288483,100.0838547,64.86036682,64.9888916,1153.21814,67.34858704,276.3582764,85.7851181,1.0,0.0,0.000730737,0.000197422
2021-01-12,17:42:14,3.893600082,7.002799988,69.04288483,100.0807419,64.85956573,64.98881531,1153.215698,67.34877014,276.3585815,85.7851181,1.0,0.0,0.000730737,0.000197422
2021-01-12,17:42:15,3.904700089,7.002899933,69.04288483,100.0761261,64.86108398,64.98914337,1153.210693,67.34864044,276.3580322,85.7851181,1.0,0.0,0.000730737,0.000197422
2021-01-12,17:42:16,3.893600082,7.002799988,69.04288483,100.0726013,64.85988617,64.9890976,1153.211914,67.34872437,276.3583984,85.7851181,1.0,0.0,0.000730737,0.000197422
2021-01-12,17:42:17,3.904899979,7.002799988,69.04288483,100.0687637,64.8603363,64.98893738,1153.217163,67.34868622,276.3582153,85.7851181,1.0,0.0,0.000730737,0.000197422
2021-01-12,17:42:18,3.893700027,7.002799988,69.04288483,100.0650253,64.85932922,64.98898315,1153.215576,67.34823608,276.3597412,85.7851181,1.0,0.0,0.000730737,0.000197422
2021-01-12,17:42:19,3.904700089,7.002700043,69.04288483,100.061821,64.85870361,64.98905182,1153.213867,67.34868622,276.3582764,85.7851181,1.0,0.0,0.000730737,0.000197422
2021-01-12,17:42:20,3.893700027,7.002799988,69.04288483,100.0582123,64.85927582,64.98890686,1153.217529,67.34805298,276.3604736,85.7851181,1.0,0.0,0.000730737,0.000197422
2021-01-12,17:42:21,3.904399872,7.002700043,69.04288483,100.0541382,64.85853577,64.98925781,1153.20752,67.34788513,276.3598328,85.7851181,1.0,0.0,0.000730737,0.000197422
2021-01-12,17:42:22,3.893700027,7.002700043,69.04288483,100.0515442,64.85948181,64.98900604,1153.2146,67.34851074,276.3588867,85.7851181,1.0,0.0,0.000730737,0.000197395
2021-01-12,17:42:23,3.904999924,7.002700043,69.04288483,100.0473938,64.85980225,64.9888916,1153.217896,67.34815216,276.3601685,85.7851181,1.0,0.0,0.000690467,0.00019749
2021-01-12,17:42:24,3.893500137,7.002600098,69.04288483,100.0436478,64.86017609,64.98902893,1153.213989,67.34846497,276.3589172,85.66444397,1.0,0.0,0.000690467,0.00019749
2021-01-12,17:42:25,3.904700089,7.002700043,69.04288483,100.0402679,64.85966492,64.98916626,1153.210083,67.34779358,276.3614197,85.66444397,1.0,0.0,0.000690467,0.00019749
2021-01-12,17:42:26,3.893600082,7.002700043,69.04288483,100.0364304,64.85919952,64.98934937,1153.205444,67.34784698,276.3611755,85.66444397,1.0,0.0,0.000690467,0.00019749
2021-01-12,17:42:27,3.904700089,7.002600098,69.04288483,100.0331421,64.85932922,64.98914337,1153.210571,67.34793091,276.3607788,85.66444397,1.0,0.0,0.000690467,0.00019749
2021-01-12,17:42:28,3.893799973,7.002600098,69.04288483,100.0307083,64.85887146,64.98907471,1153.213135,67.34815216,276.3602295,85.66444397,1.0,0.0,0.000690467,0.00019749
2021-01-12,17:42:29,3.904800034,7.002500153,69.04288483,100.0262222,64.85942078,64.98921967,1153.209473,67.34757233,276.3621216,85.87465668,1.0,0.0,0.000705546,0.000197422
2021-01-12,17:42:30,3.893799973,7.002600098,69.04288483,100.0230408,64.86017609,64.98930359,1153.206665,67.34784698,276.3612366,85.87465668,1.0,0.0,0.000705546,0.000197475
2021-01-12,17:42:31,3.904899979,7.002600098,69.04288483,100.0206223,64.85899353,64.98924255,1153.208252,67.34770203,276.3616028,85.87465668,1.0,0.0,0.000705546,0.000197538
2021-01-12,17:42:32,3.893700027,7.002600098,69.04288483,100.0166245,64.85870361,64.98936462,1153.205078,67.34757233,276.3612061,85.87465668,1.0,0.0,0.000705546,0.000197538
2021-01-12,17:42:33,3.904899979,7.002500153,69.04288483,100.0133591,64.8584137,64.98925781,1153.207397,67.347435,276.3625183,85.87465668,1.0,0.0,0.000705546,0.000197538
2021-01-12,17:42:34,3.893799973,7.002500153,69.04288483,100.0099792,64.85868073,64.98939514,1153.204102,67.3476181,276.361908,85.87465668,1.0,0.0,0.000705546,0.000197538
2021-01-12,17:42:35,3.904899979,7.002500153,69.04288483,100.005867,64.85925293,64.98934937,1153.2052,67.3473053,276.3629761,85.87465668,1.0,0.0,0.000705546,0.000197538
2021-01-12,17:42:36,3.893899918,7.002500153,69.04288483,100.0037918,64.85877991,64.98951721,1153.200928,67.34699249,276.3641357,85.87465668,1.0,0.0,0.000705546,0.000197538
2021-01-12,17:42:37,3.904800034,7.002600098,69.04288483,99.9997406,64.85905457,64.98932648,1153.205933,67.3471756,276.3634338,85.87465668,1.0,0.0,0.000705546,0.000197538
2021-01-12,17:42:38,3.893700027,7.002500153,69.04389954,99.99676514,64.85821533,64.98912048,1153.211548,67.34699249,276.3639221,85.87465668,1.0,0.0,0.000705546,0.000197538
2021-01-12,17:42:39,3.905500031,7.002600098,69.04389954,99.99415588,64.85902405,64.98939514,1153.203735,67.34712982,276.3635254,85.87465668,1.0,0.0,0.000705546,0.000197538
2021-01-12,17:42:40,3.894200134,7.002400208,69.04389954,99.99048615,64.85827637,64.98924255,1153.208252,67.34685516,276.364502,85.87465668,1.0,0.0,0.000698158,0.000197538
2021-01-12,17:42:41,3.905199814,7.002500153,69.04389954,99.98685455,64.86001587,64.98936462,1153.204712,67.34667206,276.3651428,85.87465668,1.0,0.0,0.000698158,0.000197538
2021-01-12,17:42:42,3.894300079,7.002500153,69.04389954,99.98417664,64.85874939,64.98954773,1153.199219,67.34653473,276.3655396,85.87465668,1.0,0.0,0.000698158,0.000197538
2021-01-12,17:42:43,3.905099869,7.002400208,69.04288483,99.98034668,64.85832214,64.9890976,1153.212646,67.34699249,276.3639832,85.87465668,1.0,0.0,0.000698158,0.000197538
2021-01-12,17:42:44,3.894100189,7.002400208,69.04288483,99.97774506,64.85993958,64.98939514,1153.203857,67.34677124,276.3648071,85.87465668,1.0,0.0,0.000713236,0.000197538
2021-01-12,17:42:45,3.905400085,7.002300262,69.04288483,99.97489929,64.85931396,64.98954773,1153.199219,67.34649658,276.3656616,85.87465668,1.0,0.0,0.000713236,0.000197538
2021-01-12,17:42:46,3.894100189,7.002400208,69.04288483,99.97141266,64.85853577,64.98948669,1153.201538,67.34667206,276.3650208,85.87465668,1.0,0.0,0.000682231,0.000197538
2021-01-12,17:42:47,3.90530014,7.002300262,69.04288483,99.96752167,64.85929871,64.98963165,1153.197144,67.34685516,276.364502,85.87465668,1.0,0.0,0.000682231,0.000197538
2021-01-12,17:42:48,3.894300079,7.002200317,69.04288483,99.96587372,64.85835266,64.98939514,1153.203735,67.34658813,276.3654785,85.87465668,1.0,0.0,0.000682231,0.000197538
2021-01-12,17:42:49,3.905400085,7.002300262,69.04389191,99.96238708,64.85890961,64.98957825,1153.199097,67.34681702,276.3645935,85.97624969,1.0,0.0,0.000682231,0.000197538
2021-01-12,17:42:50,3.894200134,7.002400208,69.04389191,99.95974731,64.85939789,64.98944092,1153.202881,67.34609985,276.3668518,85.97624969,1.0,0.0,0.00068968,0.000197538
2021-01-12,17:42:51,3.905699921,7.002400208,69.04389191,99.95654297,64.85739136,64.98952484,1153.200317,67.34667206,276.3651733,85.97624969,1.0,0.0,0.00068968,0.000197538
2021-01-12,17:42:52,3.894499969,7.002600098,69.04389191,99.95426178,64.86048889,64.98954773,1153.200684,67.34560394,276.3686829,85.97624969,1.0,0.0,0.00068968,0.000197538
2021-01-12,17:42:53,3.905400085,7.002600098,69.04288483,99.9516983,64.85865784,64.98951721,1153.201172,67.34600067,276.3673096,85.97624969,1.0,0.0,0.000675631,0.000197538
2021-01-12,17:42:54,3.894400024,7.002700043,69.04288483,99.94818878,64.85945129,64.98948669,1153.200684,67.34614563,276.3667908,85.97624969,1.0,0.0,0.000675631,0.000197538
2021-01-12,17:42:55,3.90530014,7.002799988,69.04288483,99.94498444,64.85848999,64.98957825,1153.199097,67.34627533,276.3664551,85.97624969,1.0,0.0,0.000675631,0.000197538
2021-01-12,17:42:56,3.894300079,7.002700043,69.04389191,99.94224548,64.8589325,64.98968506,1153.195679,67.34596252,276.3674011,85.97624969,1.0,0.0,0.000675631,0.000197538
2021-01-12,17:42:57,3.905500031,7.002999878,69.04389191,99.93933868,64.86000061,64.98963165,1153.197266,67.34586334,276.3676758,85.97624969,1.0,0.0,0.000675631,0.000197538
2021-01-12,17:42:58,3.894499969,7.002899933,69.04389191,99.93745422,64.85835266,64.98984528,1153.191772,67.34560394,276.3686523,85.97624969,1.0,0.0,0.000675631,0.000197538
2021-01-12,17:42:59,3.904800034,7.003099823,69.04389191,99.93366241,64.85925293,64.98968506,1153.195435,67.34542847,276.3693237,85.97624969,1.0,0.0,0.000675631,0.000197538
2021-01-12,17:43:00,3.894200134,7.003199768,69.04284668,99.93192291,64.85865021,64.98996735,1153.18811,67.34586334,276.3677063,85.97624969,1.0,0.0,0.000675631,0.000197538
2021-01-12,17:43:01,3.904199982,7.003299713,69.04284668,99.92845154,64.85919189,64.98968506,1153.196289,67.34519958,276.3699036,85.97624969,1.0,0.0,0.000675631,0.000197538
2021-01-12,17:43:02,3.894499969,7.003299713,69.04284668,99.92673492,64.85945129,64.9897995,1153.192749,67.34551239,276.3689575,85.97624969,1.0,0.0,0.000675631,0.000197538
2021-01-12,17:43:03,3.905599976,7.003399658,69.04388428,99.92349243,64.86032104,64.99000549,1153.187256,67.34532928,276.3695679,85.97624969,1.0,0.0,0.000702578,0.000197487
2021-01-12,17:43:04,3.894800186,7.003500366,69.04388428,99.92089081,64.85783386,64.98961639,1153.19751,67.34551239,276.368866,85.74859619,1.0,0.0,0.000702578,0.000197487
2021-01-12,17:43:05,3.905699921,7.003600311,69.04388428,99.9186554,64.85978699,64.98984528,1153.191162,67.34574127,276.3682556,85.74859619,1.0,0.0,0.000702578,0.000197487
2021-01-12,17:43:06,3.894599915,7.003700256,69.0428772,99.91710663,64.86078644,64.99009705,1153.184326,67.34519958,276.3699036,85.74859619,1.0,0.0,0.000702578,0.000197487
2021-01-12,17:43:07,3.90530014,7.003700256,69.04395294,99.91331482,64.86042786,64.98984528,1153.191528,67.34529114,276.3696289,85.74859619,1.0,0.0,0.000702578,0.000197487
2021-01-12,17:43:08,3.894599915,7.003800201,69.04395294,99.91088104,64.8587265,64.98973083,1153.194214,67.34519958,276.3700256,85.74859619,1.0,0.0,0.000702578,0.000197487
2021-01-12,17:43:09,3.905799866,7.003900146,69.04395294,99.90705872,64.85998535,64.99009705,1153.184692,67.34532928,276.3695374,85.92153168,1.0,0.0,0.000685925,0.000197487
2021-01-12,17:43:10,3.894900131,7.004000092,69.04395294,99.90632629,64.85887146,64.99000549,1153.187256,67.34493256,276.3709412,85.92153168,1.0,0.0,0.000685925,0.000197487
2021-01-12,17:43:11,3.905899811,7.004100037,69.04395294,99.90255737,64.85862732,64.98982239,1153.192017,67.34524536,276.369812,85.92153168,1.0,0.0,0.000684835,0.000197487
2021-01-12,17:43:12,3.895000076,7.004199982,69.04395294,99.90081024,64.85961914,64.99007416,1153.185059,67.34488678,276.3711243,85.92153168,1.0,0.0,0.000684835,0.000197487
2021-01-12,17:43:13,3.906000137,7.004299927,69.04395294,99.8989563,64.86050415,64.99000549,1153.186768,67.34524536,276.369873,85.92153168,1.0,0.0,0.000684835,0.000197487
2021-01-12,17:43:14,3.894900131,7.004299927,69.04395294,99.89615631,64.85975647,64.99015045,1153.183105,67.344841,276.3712463,85.64691162,1.0,0.0,0.000684835,0.000197487
2021-01-12,17:43:15,3.906299973,7.004399872,69.04395294,99.89279175,64.85912323,64.98996735,1153.188354,67.3447113,276.3717041,85.64691162,1.0,0.0,0.000684835,0.000197487
2021-01-12,17:43:16,3.895000076,7.004399872,69.04395294,99.89205933,64.85864258,64.99025726,1153.180054,67.34457397,276.3721924,85.64691162,1.0,0.0,0.000684835,0.000197487
2021-01-12,17:43:17,3.906299973,7.004399872,69.04395294,99.88898468,64.85971069,64.99038696,1153.176514,67.34479523,276.3713684,85.64691162,1.0,0.0,0.000684835,0.000197487
2021-01-12,17:43:18,3.89469986,7.004399872,69.04395294,99.88787842,64.8604126,64.99020386,1153.181152,67.34461212,276.3719177,85.64691162,1.0,0.0,0.000684835,0.000197487
2021-01-12,17:43:19,3.906399918,7.004499817,69.04395294,99.88506317,64.85826111,64.99028015,1153.178589,67.34488678,276.3711548,85.94268799,1.0,0.0,0.000684835,0.000197487
2021-01-12,17:43:20,3.895199966,7.004499817,69.04395294,99.88312531,64.86000061,64.99022675,1153.18042,67.34461212,276.3718567,85.94268799,1.0,0.0,0.000684835,0.000197487
2021-01-12,17:43:21,3.906399918,7.004399872,69.04294586,99.88022614,64.85951996,64.99040985,1153.175903,67.34502411,276.370575,85.94268799,1.0,0.0,0.000684835,0.000197487
2021-01-12,17:43:22,3.895100021,7.004499817,69.04395294,99.87778473,64.85894775,64.99025726,1153.180054,67.3447113,276.3717041,85.94268799,1.0,0.0,0.000684835,0.000197487
2021-01-12,17:43:23,3.906700134,7.004499817,69.04395294,99.87606049,64.85975647,64.99038696,1153.176025,67.3443985,276.3727722,85.94268799,1.0,0.0,0.000684835,0.000197487
2021-01-12,17:43:24,3.895600128,7.004499817,69.04395294,99.87407684,64.85882568,64.99029541,1153.179077,67.34430695,276.372406,85.79763031,1.0,0.0,0.000684835,0.000197487
2021-01-12,17:43:25,3.906600189,7.004399872,69.04395294,99.87117004,64.85853577,64.99036407,1153.177124,67.34457397,276.3722229,85.79763031,1.0,0.0,0.000684835,0.000197487
2021-01-12,17:43:26,3.895299911,7.004499817,69.04395294,99.86899567,64.85998535,64.99025726,1153.180298,67.3443985,276.3727722,85.79763031,1.0,0.0,0.000684835,0.000197487
2021-01-12,17:43:27,3.906299973,7.004599762,69.04395294,99.86693573,64.86045837,64.99045563,1153.174194,67.34430695,276.3730469,85.79763031,1.0,0.0,0.000684835,0.000197487
2021-01-12,17:43:28,3.895399857,7.004499817,69.04395294,99.86499786,64.8585968,64.99036407,1153.176758,67.34466553,276.3717957,85.79763031,1.0,0.0,0.000684835,0.000197487
2021-01-12,17:43:29,3.906399918,7.004599762,69.0429306,99.86344147,64.85800171,64.99053192,1153.172607,67.34417725,276.3734436,85.91686249,1.0,0.0,0.00066467,0.000197657
2021-01-12,17:43:30,3.895299911,7.004599762,69.04397583,99.86051178,64.85969543,64.99055481,1153.171875,67.34390259,276.3744507,85.91686249,1.0,0.0,0.000660734,0.000197544
2021-01-12,17:43:31,3.906700134,7.004499817,69.04397583,99.858284,64.85858154,64.9905014,1153.173218,67.34461212,276.3719788,85.91686249,1.0,0.0,0.000660734,0.000197544
2021-01-12,17:43:32,3.895700073,7.004599762,69.04397583,99.85675049,64.85845947,64.99059296,1153.170166,67.34430695,276.3731689,85.91686249,1.0,0.0,0.000660734,0.000197461
2021-01-12,17:43:33,3.906700134,7.004599762,69.04397583,99.85515594,64.85873413,64.99064636,1153.171753,67.34412384,276.3736877,85.91686249,1.0,0.0,0.000660734,0.000197461
2021-01-12,17:43:34,3.895500183,7.004699707,69.04397583,99.85217285,64.85925293,64.99043274,1153.174927,67.34426117,276.3729553,85.91686249,1.0,0.0,0.000681747,0.000197461
2021-01-12,17:43:35,3.906900024,7.004699707,69.04397583,99.85107422,64.85845947,64.99032593,1153.178101,67.34443665,276.3726196,85.91686249,1.0,0.0,0.000681747,0.000197461
2021-01-12,17:43:36,3.895600128,7.004699707,69.04397583,99.84887695,64.85906982,64.99061584,1153.169556,67.34408569,276.3738098,85.91686249,1.0,0.0,0.000681747,0.000197378
2021-01-12,17:43:37,3.906900024,7.004799652,69.04296875,99.84634399,64.85916901,64.99045563,1153.17395,67.34394836,276.3742981,85.91686249,1.0,0.0,0.000681747,0.000197378
2021-01-12,17:43:38,3.89620018,7.004699707,69.04296875,99.8454361,64.85791016,64.99059296,1153.170166,67.34421539,276.3733521,85.91686249,1.0,0.0,0.000679203,0.000197375
2021-01-12,17:43:39,3.907300186,7.004699707,69.04296875,99.84332275,64.85890961,64.99032593,1153.177979,67.34403992,276.3740234,86.11250305,1.0,0.0,0.000679203,0.000197375
2021-01-12,17:43:40,3.896099854,7.004799652,69.04296875,99.84056091,64.85919952,64.99073029,1153.166992,67.34381104,276.3746643,86.11250305,1.0,0.0,0.000679203,0.000197375
2021-01-12,17:43:41,3.907400131,7.004799652,69.04296875,99.83855438,64.85932922,64.99059296,1153.170044,67.34372711,276.3750305,86.11250305,1.0,0.0,0.000679203,0.000197546
2021-01-12,17:43:42,3.896099854,7.00490036,69.04400635,99.8375473,64.85870361,64.9905014,1153.172974,67.34403992,276.3740234,86.11250305,1.0,0.0,0.000679203,0.000197382
2021-01-12,17:43:43,3.907500076,7.00490036,69.04299927,99.83524323,64.85905457,64.99059296,1153.170654,67.34376526,276.3748474,86.11250305,1.0,0.0,0.000679203,0.000197382
2021-01-12,17:43:44,3.89620018,7.005000305,69.04299927,99.83322144,64.85939789,64.99029541,1153.178467,67.34385681,276.3746033,85.93665314,1.0,0.0,0.000679203,0.000197382
2021-01-12,17:43:45,3.907600021,7.00490036,69.04299927,99.83045959,64.86006165,64.99064636,1153.169312,67.34368134,276.3752136,85.93665314,1.0,0.0,0.000679203,0.000197382
2021-01-12,17:43:46,3.896500015,7.005000305,69.04299927,99.82933044,64.85871124,64.99038696,1153.176392,67.34381104,276.3746948,85.93665314,1.0,0.0,0.000679203,0.000197459
2021-01-12,17:43:47,3.908000183,7.005200195,69.04299927,99.82781219,64.85955811,64.99059296,1153.170776,67.34390259,276.3744202,85.93665314,1.0,0.0,0.000679203,0.000197459
2021-01-12,17:43:48,3.89659996,7.00510025,69.04299927,99.82641602,64.86026001,64.99043274,1153.174683,67.34368134,276.3751831,85.93665314,1.0,0.0,0.000679203,0.000197459
2021-01-12,17:43:49,3.907799911,7.00530014,69.04299927,99.82462311,64.86003876,64.99073029,1153.166748,67.34403992,276.3739929,85.77770996,1.0,0.0,0.000679203,0.000197459
2021-01-12,17:43:50,3.89659996,7.005400085,69.04299927,99.82306671,64.85884094,64.99036407,1153.177124,67.34345245,276.3759766,85.77770996,1.0,0.0,0.000679203,0.000197459
2021-01-12,17:43:51,3.907799911,7.005400085,69.04299927,99.82105255,64.85931396,64.99064636,1153.169189,67.34368134,276.3751831,85.77770996,1.0,0.0,0.000679203,0.000197459
2021-01-12,17:43:52,3.89659996,7.005500031,69.04299927,99.82021332,64.85861969,64.99045563,1153.173828,67.3432312,276.376709,85.77770996,1.0,0.0,0.000664064,0.000197597
2021-01-12,17:43:53,3.908200073,7.005400085,69.04299927,99.81726074,64.85932922,64.99059296,1153.169922,67.34349823,276.3757629,85.77770996,1.0,0.0,0.000664064,0.000197597
2021-01-12,17:43:54,3.896500015,7.005500031,69.04299927,99.81599426,64.8602829,64.99043274,1153.174683,67.34376526,276.3748779,87.61643219,1.0,0.0,0.000664064,0.000197597
2021-01-12,17:43:55,3.907899857,7.005400085,69.04299927,99.81436157,64.85942078,64.99082947,1153.163574,67.34314728,276.3769836,87.61643219,1.0,0.0,0.000664064,0.000197597
2021-01-12,17:43:56,3.89679985,7.005500031,69.04299927,99.81261444,64.85862732,64.99047852,1153.173462,67.34358978,276.3754883,87.61643219,1.0,0.0,0.000664064,0.000197597
2021-01-12,17:43:57,3.908200073,7.005599976,69.04299927,99.81085968,64.86024475,64.9907074,1153.16748,67.34341431,276.3761292,87.61643219,1.0,0.0,0.000664064,0.000197597
2021-01-12,17:43:58,3.896900177,7.005500031,69.04299927,99.80970001,64.85879517,64.99055481,1153.171997,67.34314728,276.3768921,87.61643219,1.0,0.0,0.000664064,0.000197597
2021-01-12,17:43:59,3.907500076,7.005699921,69.04299927,99.80760193,64.85951996,64.9905014,1153.173096,67.34336853,276.3775635,87.61643219,1.0,0.0,0.000655647,0.000197461
2021-01-12,17:44:00,3.897200012,7.005699921,69.04299927,99.80628967,64.85881042,64.99075317,1153.16626,67.34363556,276.3753967,87.61643219,1.0,0.0,0.000655647,0.000197461
2021-01-12,17:44:01,3.908499908,7.005799866,69.04411316,99.80395508,64.85829926,64.99081421,1153.164063,67.34318542,276.3768005,87.61643219,1.0,0.0,0.00068756,0.000197461
2021-01-12,17:44:02,3.897399902,7.005699921,69.04411316,99.80322266,64.85960388,64.99061584,1153.1698,67.34341431,276.3760681,87.61643219,1.0,0.0,0.000683382,0.000197461
2021-01-12,17:44:03,3.907500076,7.005799866,69.04306793,99.80227661,64.86109161,64.99057007,1153.171021,67.34345245,276.3762207,87.61643219,1.0,0.0,0.000683382,0.000197461
2021-01-12,17:44:04,3.897399902,7.005799866,69.04306793,99.80120087,64.86024475,64.99045563,1153.173828,67.34314728,276.3770142,87.46471405,1.0,0.0,0.000683382,0.000197461
2021-01-12,17:44:05,3.908599854,7.005799866,69.04306793,99.79836273,64.86004639,64.99059296,1153.170532,67.34336853,276.3762817,87.46471405,1.0,0.0,0.000683382,0.000197461
2021-01-12,17:44:06,3.897600174,7.005699921,69.04306793,99.79650116,64.86114502,64.99055481,1153.171631,67.34309387,276.3771667,87.46471405,1.0,0.0,0.000683382,0.000197461
2021-01-12,17:44:07,3.907799911,7.005799866,69.04306793,99.79553986,64.86243439,64.9905014,1153.173218,67.3429184,276.3777466,87.46471405,1.0,0.0,0.000683382,0.000197461
2021-01-12,17:44:08,3.897499847,7.005699921,69.04306793,99.79438019,64.86208344,64.99043274,1153.174438,67.34282684,276.3780518,87.46471405,1.0,0.0,0.000683382,0.000197461
2021-01-12,17:44:09,3.90890007,7.005799866,69.04306793,99.79256439,64.86306763,64.99055481,1153.172119,67.3429184,276.3776855,87.27164459,1.0,0.0,0.000683382,0.000197461
2021-01-12,17:44:10,3.897800064,7.005699921,69.04408264,99.79121399,64.86242676,64.99059296,1153.170532,67.34274292,276.378418,87.27164459,1.0,0.0,0.000683382,0.000197516
2021-01-12,17:44:11,3.909199905,7.005699921,69.04302979,99.78881073,64.86358643,64.99043274,1153.175171,67.34287262,276.3778076,87.27164459,1.0,0.0,0.000683382,0.000197516
2021-01-12,17:44:12,3.897800064,7.005599976,69.04302979,99.78788757,64.86439514,64.99075317,1153.165771,67.34305573,276.3773499,87.27164459,1.0,0.0,0.000649773,0.000197516
2021-01-12,17:44:13,3.90909996,7.005699921,69.04302979,99.78579712,64.86370087,64.99057007,1153.171387,67.34287262,276.3778381,87.27164459,1.0,0.0,0.000649773,0.000197516
2021-01-12,17:44:14,3.898099899,7.005599976,69.04302979,99.78463745,64.86433411,64.99038696,1153.176514,67.34314728,276.3769226,87.11228943,1.0,0.0,0.000649773,0.000197516
2021-01-12,17:44:15,3.909400177,7.005599976,69.04302979,99.78357697,64.86488342,64.99064636,1153.169067,67.34282684,276.3781433,87.11228943,1.0,0.0,0.000649773,0.000197516
2021-01-12,17:44:16,3.899700165,7.005599976,69.04302979,99.78224182,64.86433411,64.9905014,1153.173096,67.34251404,276.3792419,87.11228943,1.0,0.0,0.000649773,0.000197516
2021-01-12,17:44:17,3.909500122,7.005599976,69.04302979,99.78112793,64.86505127,64.99059296,1153.170288,67.34238434,276.3795166,87.11228943,1.0,0.0,0.000649773,0.000197516
2021-01-12,17:44:18,3.898199844,7.005500031,69.04302979,99.77980042,64.86523438,64.99045563,1153.174194,67.34242249,276.3796387,87.11228943,1.0,0.0,0.000649773,0.000197516
2021-01-12,17:44:19,3.909500122,7.005699921,69.04302979,99.77785492,64.86592102,64.99057007,1153.170044,67.34247589,276.379303,86.98340607,1.0,0.0,0.000649773,0.000197376
2021-01-12,17:44:20,3.899499893,7.005599976,69.04302979,99.77555847,64.86672211,64.99029541,1153.178345,67.34238434,276.3795471,86.98340607,1.0,0.0,0.000649773,0.000197376
2021-01-12,17:44:21,3.909700012,7.005699921,69.04302979,99.7744751,64.86585999,64.99040985,1153.175903,67.34230042,276.3798828,86.98340607,1.0,0.0,0.000649773,0.000197376
2021-01-12,17:44:22,3.898600006,7.005599976,69.04302979,99.77346039,64.86540222,64.99053192,1153.172607,67.34251404,276.3791809,86.98340607,1.0,0.0,0.000649773,0.000197376
2021-01-12,17:44:23,3.910100174,7.005699921,69.04302979,99.7724762,64.86480713,64.99064636,1153.168945,67.34224701,276.3800659,86.98340607,1.0,0.0,0.000649773,0.000197376
2021-01-12,17:44:24,3.898699951,7.005699921,69.04302979,99.77153778,64.86633301,64.99032593,1153.177856,67.34230042,276.3798218,86.98340607,1.0,0.0,0.000649773,0.000197376
2021-01-12,17:44:25,3.909899902,7.005599976,69.04302979,99.76914978,64.86598969,64.99045563,1153.173828,67.34224701,276.380127,86.98340607,1.0,0.0,0.000649773,0.000197376
2021-01-12,17:44:26,3.899000168,7.005799866,69.04302979,99.76772308,64.86692047,64.99057007,1153.171387,67.34238434,276.3796387,86.98340607,1.0,0.0,0.000649773,0.000197376
2021-01-12,17:44:27,3.910200119,7.005799866,69.04302979,99.76657104,64.86601257,64.99032593,1153.177856,67.34197998,276.3809814,86.98340607,1.0,0.0,0.000649773,0.000197376
2021-01-12,17:44:28,3.898899841,7.005799866,69.04302979,99.76482391,64.86566162,64.99043274,1153.174561,67.34220123,276.3801575,86.98340607,1.0,0.0,0.000649773,0.000197376
2021-01-12,17:44:29,3.910200119,7.005699921,69.04302979,99.76356506,64.86705017,64.99034119,1153.17749,67.34224701,276.3803406,86.78214264,1.0,0.0,0.000649773,0.000197376
2021-01-12,17:44:30,3.899300003,7.005799866,69.04302979,99.76283264,64.86727905,64.99059296,1153.17041,67.34215546,276.3800354,86.78214264,1.0,0.0,0.000649773,0.000197376
2021-01-12,17:44:31,3.909999847,7.005699921,69.04302979,99.76119232,64.86772156,64.99043274,1153.174805,67.34207153,276.3806152,86.78214264,1.0,0.0,0.000649773,0.000197376
2021-01-12,17:44:32,3.899599838,7.005799866,69.04302979,99.76000214,64.86676788,64.99032593,1153.177856,67.34171295,276.3817444,86.78214264,1.0,0.0,0.000649773,0.000197376
2021-01-12,17:44:33,3.910699844,7.005699921,69.04302979,99.75940704,64.8683548,64.9905014,1153.173096,67.34189606,276.3813477,86.78214264,1.0,0.0,0.000649773,0.000197376
2021-01-12,17:44:34,3.899200058,7.005699921,69.04302979,99.75767517,64.86726379,64.99059296,1153.170776,67.34157562,276.3823242,86.46613312,1.0,0.0,0.000649773,0.000197376
2021-01-12,17:44:35,3.910300064,7.005699921,69.04302979,99.75608063,64.86820984,64.99057007,1153.171387,67.34189606,276.3813477,86.46613312,1.0,0.0,0.000649773,0.000197376
2021-01-12,17:44:36,3.899399948,7.005699921,69.04405212,99.75481415,64.86749268,64.99038696,1153.17627,67.34202576,276.3808289,86.46613312,1.0,0.0,0.000649773,0.000197376
2021-01-12,17:44:37,3.911100006,7.005599976,69.04302216,99.75349426,64.86769867,64.99059296,1153.170654,67.34153748,276.3825378,86.46613312,1.0,0.0,0.000649773,0.000197376
2021-01-12,17:44:38,3.899900055,7.005599976,69.04302216,99.75162506,64.86750031,64.99029541,1153.179077,67.34171295,276.3818054,86.46613312,1.0,0.0,0.000649773,0.000197376
2021-01-12,17:44:39,3.910900116,7.005500031,69.04302216,99.75067139,64.86839294,64.99043274,1153.174805,67.34184265,276.3814697,86.46613312,1.0,0.0,0.000649773,0.000197376
2021-01-12,17:44:40,3.900400162,7.005599976,69.04302216,99.74910736,64.86802673,64.99061584,1153.1698,67.34139252,276.3829041,86.46613312,1.0,0.0,0.000649773,0.000197376
2021-01-12,17:44:41,3.910599899,7.005400085,69.04302216,99.74756622,64.86959839,64.99043274,1153.174561,67.34166718,276.382019,86.46613312,1.0,0.0,0.000649773,0.000197376
2021-01-12,17:44:42,3.900400162,7.005599976,69.04302216,99.74774933,64.86773682,64.99057007,1153.171387,67.34179688,276.3815002,86.46613312,1.0,0.0,0.000649773,0.000197376
2021-01-12,17:44:43,3.911000061,7.005500031,69.04302216,99.74498749,64.8686142,64.99061584,1153.169556,67.34171295,276.3817444,86.46613312,1.0,0.0,0.000649773,0.000197433
2021-01-12,17:44:44,3.900600052,7.005400085,69.04302216,99.74465179,64.8690033,64.99040985,1153.175781,67.34143829,276.3827209,86.46613312,1.0,0.0,0.000649773,0.000197356
2021-01-12,17:44:45,3.911199951,7.005500031,69.04302216,99.74380493,64.8697052,64.99081421,1153.16394,67.34153748,276.3824463,86.46613312,1.0,0.0,0.000649773,0.000197356
2021-01-12,17:44:46,3.900899887,7.00530014,69.04302216,99.74226379,64.86870575,64.99061584,1153.169556,67.34143829,276.3826904,86.46613312,1.0,0.0,0.000649773,0.000197356
2021-01-12,17:44:47,3.911299896,7.005400085,69.04302216,99.74168396,64.86946106,64.99075317,1153.165894,67.34157562,276.3830566,86.46613312,1.0,0.0,0.000649773,0.000197356
2021-01-12,17:44:48,3.900799942,7.00530014,69.04302216,99.73981476,64.86904907,64.99057007,1153.172119,67.34126282,276.3833923,86.46613312,1.0,0.0,0.000649773,0.000197356
2021-01-12,17:44:49,3.910900116,7.00530014,69.04302216,99.73840332,64.86877441,64.99073029,1153.166626,67.34130859,276.3832092,86.46613312,1.0,0.0,0.000649773,0.000197356
2021-01-12,17:44:50,3.900500107,7.005200195,69.04302216,99.73749542,64.86920166,64.9907074,1153.16748,67.34143829,276.3827209,86.46613312,1.0,0.0,0.000649773,0.000197356
2021-01-12,17:44:51,3.910800171,7.00530014,69.04302216,99.73606873,64.86838531,64.99079132,1153.164917,67.34072113,276.3851929,86.46613312,1.0,0.0,0.000649773,0.000197356
2021-01-12,17:44:52,3.90019989,7.005400085,69.04302216,99.73583984,64.87019348,64.99059296,1153.170044,67.34117889,276.383667,86.46613312,1.0,0.0,0.000649773,0.000197356
2021-01-12,17:44:53,3.910900116,7.005400085,69.04302216,99.73318481,64.86896515,64.99079132,1153.164673,67.34135437,276.3830872,86.46613312,1.0,0.0,0.000649773,0.000197356
2021-01-12,17:44:54,3.900400162,7.005400085,69.04402924,99.73271179,64.86863708,64.99075317,1153.16626,67.34082031,276.3848877,86.46613312,1.0,0.0,0.000670483,0.000197379
2021-01-12,17:44:55,3.911199951,7.005500031,69.04299164,99.73112488,64.8693161,64.99088287,1153.161743,67.34076691,276.3850403,86.46613312,1.0,0.0,0.000653467,0.000197379
2021-01-12,17:44:56,3.901599884,7.005400085,69.04299164,99.73033142,64.87019348,64.99085236,1153.163696,67.34095001,276.3845215,86.46613312,1.0,0.0,0.000653467,0.000197379
2021-01-12,17:44:57,3.911299896,7.005400085,69.04299164,99.72854614,64.87033081,64.9909668,1153.159668,67.34107971,276.3839417,86.46613312,1.0,0.0,0.000653467,0.000197379
2021-01-12,17:44:58,3.9,7.005500031,69.04299164,99.72728729,64.86908722,64.99088287,1153.16272,67.34107971,276.3841248,86.46613312,1.0,0.0,0.000653467,0.000197379
2021-01-12,17:44:59,3.911399841,7.005400085,69.04299164,99.72652435,64.87007141,64.99101257,1153.158691,67.34104156,276.3840027,86.46613312,1.0,0.0,0.000653467,0.000197379
2021-01-12,17:45:00,3.900299835,7.005500031,69.04299164,99.7249527,64.86968994,64.99120331,1153.153198,67.34072113,276.3852539,86.46613312,1.0,0.0,0.000653467,0.000197379
2021-01-12,17:45:01,3.911299896,7.005400085,69.04299164,99.7227478,64.87028503,64.99101257,1153.158447,67.34046173,276.3860779,86.46613312,1.0,0.0,0.000653467,0.000197379
2021-01-12,17:45:02,3.900299835,7.005599976,69.04299164,99.72219849,64.86982727,64.99118042,1153.153564,67.3403244,276.3865356,86.46613312,1.0,0.0,0.000653225,0.000197465
2021-01-12,17:45:03,3.911399841,7.005599976,69.04299164,99.72147369,64.86940002,64.99103546,1153.158325,67.34086609,276.3847046,86.46613312,1.0,0.0,0.000653225,0.000197465
2021-01-12,17:45:04,3.900099945,7.005699921,69.04299164,99.72077942,64.8704834,64.99134064,1153.149292,67.34059906,276.3856201,86.34009552,1.0,0.0,0.000653225,0.000197465
2021-01-12,17:45:05,3.911600113,7.005599976,69.04299164,99.71871185,64.87018585,64.99105835,1153.157104,67.34095001,276.384491,86.34009552,1.0,0.0,0.000653225,0.000197465
2021-01-12,17:45:06,3.900099945,7.005799866,69.04299164,99.7179718,64.87179565,64.99142456,1153.147217,67.34059906,276.3857117,86.34009552,1.0,0.0,0.000653225,0.000197465
2021-01-12,17:45:07,3.911299896,7.005799866,69.04299164,99.71679688,64.87055969,64.9911499,1153.154663,67.34068298,276.385437,86.34009552,1.0,0.0,0.000653225,0.000197465
2021-01-12,17:45:08,3.900999832,7.005799866,69.04299164,99.71517181,64.87130737,64.9913559,1153.148926,67.34076691,276.3850708,86.34009552,1.0,0.0,0.000653225,0.000197465
2021-01-12,17:45:09,3.911100006,7.005799866,69.04197693,99.71382904,64.87068939,64.99137878,1153.148193,67.34063721,276.3855591,86.05582428,1.0,0.0,0.000653225,0.000197465
2021-01-12,17:45:10,3.90019989,7.005899811,69.0430069,99.71263123,64.87026978,64.99129486,1153.151001,67.34055328,276.3858337,86.05582428,1.0,0.0,0.000653225,0.000197465
2021-01-12,17:45:11,3.911800003,7.005799866,69.0430069,99.71179199,64.87049866,64.99142456,1153.147095,67.34023285,276.3867798,86.05582428,1.0,0.0,0.000653225,0.000197465
2021-01-12,17:45:12,3.901100159,7.005899811,69.0430069,99.71092987,64.86997986,64.9914856,1153.14502,67.34046173,276.3861389,86.05582428,1.0,0.0,0.000642688,0.000197465
2021-01-12,17:45:13,3.911299896,7.005999756,69.0430069,99.70964813,64.87083435,64.99160004,1153.142212,67.34050751,276.3859253,86.05582428,1.0,0.0,0.000642688,0.000197465
2021-01-12,17:45:14,3.90019989,7.005899811,69.04199219,99.70793915,64.87161255,64.99153137,1153.143799,67.34046173,276.386261,86.23259735,1.0,0.0,0.000643293,0.000197362
2021-01-12,17:45:15,3.911800003,7.005999756,69.04199219,99.7068634,64.87197876,64.99142456,1153.147095,67.34059906,276.3855896,86.23259735,1.0,0.0,0.000643293,0.000197362
2021-01-12,17:45:16,3.900799942,7.006099701,69.04302216,99.70630646,64.87094116,64.99180603,1153.135864,67.34050751,276.3858948,86.23259735,1.0,0.0,0.000643293,0.000197362
2021-01-12,17:45:17,3.911100006,7.005999756,69.04302216,99.70526123,64.87120056,64.99198914,1153.130981,67.34046173,276.3860779,86.23259735,1.0,0.0,0.000643293,0.000197362
2021-01-12,17:45:18,3.900500107,7.006099701,69.04302216,99.70289612,64.87036133,64.99178314,1153.137329,67.34037018,276.3864136,86.23259735,1.0,0.0,0.000643293,0.000197465
2021-01-12,17:45:19,3.911800003,7.005999756,69.04302216,99.70161438,64.87147522,64.99169922,1153.139648,67.34046173,276.3861389,86.11620331,1.0,0.0,0.000643293,0.000197465
2021-01-12,17:45:20,3.900999832,7.006099701,69.04302216,99.70078278,64.87174225,64.99180603,1153.135498,67.34037018,276.3864746,86.11620331,1.0,0.0,0.000643293,0.000197432
2021-01-12,17:45:21,3.911600113,7.006099701,69.04302216,99.69920349,64.8699646,64.99198914,1153.130981,67.34046173,276.3860474,86.11620331,1.0,0.0,0.000643293,0.000197432
2021-01-12,17:45:22,3.900600052,7.006099701,69.04302216,99.69987488,64.87263489,64.99189758,1153.133789,67.3401947,276.3869324,86.11620331,1.0,0.0,0.000643293,0.000197432
2021-01-12,17:45:23,3.911199951,7.006099701,69.04197693,99.69702911,64.87150574,64.99178314,1153.136963,67.34041595,276.3863525,86.11620331,1.0,0.0,0.000643293,0.000197432
2021-01-12,17:45:24,3.900500107,7.006199646,69.04303741,99.69673157,64.87073517,64.99214172,1153.126953,67.34014893,276.387207,86.11620331,1.0,0.0,0.000643293,0.000197432
2021-01-12,17:45:25,3.908599854,7.006099701,69.04201508,99.69535828,64.87030029,64.99221802,1153.125244,67.34055328,276.3857727,86.11620331,1.0,0.0,0.000687681,0.000197432
2021-01-12,17:45:26,3.900899887,7.006199646,69.04201508,99.69416809,64.87094116,64.99206543,1153.129761,67.34027863,276.3867493,86.11620331,1.0,0.0,0.000687681,0.000197432
2021-01-12,17:45:27,3.911500168,7.006099701,69.04201508,99.69373322,64.87013245,64.99233246,1153.121948,67.34046173,276.3859558,86.11620331,1.0,0.0,0.000687681,0.000197432
2021-01-12,17:45:28,3.900600052,7.006099701,69.04302216,99.69223785,64.87177277,64.99223328,1153.123779,67.34037018,276.3864441,86.11620331,1.0,0.0,0.000687681,0.000197432
2021-01-12,17:45:29,3.911500168,7.006199646,69.04302216,99.69136047,64.87081909,64.99230957,1153.12207,67.3401947,276.3871155,85.95098114,1.0,0.0,0.000687681,0.000197432
2021-01-12,17:45:30,3.902299881,7.006199646,69.04302216,99.68940735,64.87161255,64.99243927,1153.11853,67.3403244,276.3865356,85.95098114,1.0,0.0,0.000687681,0.000197432
2021-01-12,17:45:31,3.911800003,7.006199646,69.04302216,99.68980408,64.87254333,64.99235535,1153.121094,67.3401947,276.387146,85.95098114,1.0,0.0,0.000687681,0.000197432
2021-01-12,17:45:32,3.901900101,7.006099701,69.04302216,99.68752289,64.87124634,64.99250793,1153.116699,67.3400116,276.3864746,85.95098114,1.0,0.0,0.000687681,0.000197432
2021-01-12,17:45:33,3.911999893,7.006199646,69.04302216,99.68735504,64.8723526,64.99260712,1153.114136,67.34046173,276.3874207,85.95098114,1.0,0.0,0.000687681,0.000197432
2021-01-12,17:45:34,3.901100159,7.006300354,69.04302216,99.68572998,64.87142944,64.99273682,1153.110474,67.3403244,276.3859863,85.82722473,1.0,0.0,0.000687681,0.000197432
2021-01-12,17:45:35,3.911700058,7.006199646,69.04200745,99.6847229,64.87041473,64.99282074,1153.108643,67.33996582,276.3876953,85.82722473,1.0,0.0,0.000687681,0.000197432
2021-01-12,17:45:36,3.900999832,7.006300354,69.04200745,99.68441772,64.87190247,64.99263,1153.113281,67.34027863,276.3866882,85.82722473,1.0,0.0,0.000687681,0.000197432
2021-01-12,17:45:37,3.911600113,7.006300354,69.04301453,99.68199158,64.87256622,64.99284363,1153.107422,67.34076691,276.3850403,85.82722473,1.0,0.0,0.000687681,0.000197432
2021-01-12,17:45:38,3.900899887,7.006400299,69.04301453,99.68138123,64.87167358,64.99291229,1153.105835,67.34014893,276.3872986,85.82722473,1.0,0.0,0.000642446,0.000197432
2021-01-12,17:45:39,3.911299896,7.006400299,69.04301453,99.67993164,64.87285614,64.99282074,1153.108276,67.34050751,276.3858948,85.82722473,1.0,0.0,0.000642446,0.000197432
2021-01-12,17:45:40,3.900999832,7.006400299,69.04301453,99.67883301,64.87172699,64.9931488,1153.099243,67.34037018,276.3864136,85.82722473,1.0,0.0,0.000642446,0.000197432
2021-01-12,17:45:41,3.911299896,7.006300354,69.04301453,99.67792511,64.87219238,64.99298859,1153.104248,67.34046173,276.3866882,85.82722473,1.0,0.0,0.000631303,0.000197432
2021-01-12,17:45:42,3.900999832,7.006400299,69.04301453,99.67683411,64.87174988,64.99302673,1153.102295,67.3401947,276.387085,85.82722473,1.0,0.0,0.000631303,0.000197432
2021-01-12,17:45:43,3.911199951,7.006500244,69.04196167,99.67533875,64.87210083,64.99343872,1153.091553,67.34037018,276.3863831,85.82722473,1.0,0.0,0.000631303,0.000197432
2021-01-12,17:45:44,3.900999832,7.006600189,69.04196167,99.67457581,64.87246704,64.99318695,1153.098267,67.34059906,276.3856201,85.82722473,1.0,0.0,0.000631303,0.000197432
2021-01-12,17:45:45,3.911299896,7.006500244,69.04196167,99.67525482,64.87158203,64.9932785,1153.095825,67.34027863,276.3867493,85.82722473,1.0,0.0,0.000631303,0.000197432
2021-01-12,17:45:46,3.901399994,7.006700134,69.0430069,99.67184448,64.87188721,64.99320984,1153.097656,67.34068298,276.3853455,85.82722473,1.0,0.0,0.000648925,0.000197496
2021-01-12,17:45:47,3.912200165,7.006600189,69.0430069,99.67066193,64.871521,64.99343872,1153.091431,67.33996582,276.3877869,85.82722473,1.0,0.0,0.000643596,0.000197496
2021-01-12,17:45:48,3.901599884,7.006700134,69.0430069,99.66937256,64.87120056,64.99330139,1153.094727,67.3403244,276.3865662,85.82722473,1.0,0.0,0.000643596,0.000197496
2021-01-12,17:45:49,3.912400055,7.006800079,69.0430069,99.66899109,64.87185669,64.9936676,1153.084961,67.34041595,276.386261,85.97203064,1.0,0.0,0.000643596,0.000197496
2021-01-12,17:45:50,3.901699829,7.006700134,69.0430069,99.66982269,64.87234497,64.99330139,1153.094604,67.34082031,276.3848267,85.97203064,1.0,0.0,0.000643596,0.000197496
2021-01-12,17:45:51,3.912400055,7.006800079,69.0430069,99.66703033,64.87330627,64.99362183,1153.086182,67.34068298,276.385376,85.97203064,1.0,0.0,0.000643596,0.000197414
2021-01-12,17:45:52,3.902000046,7.006800079,69.0430069,99.66622162,64.8717041,64.99354553,1153.088013,67.34059906,276.3855896,85.97203064,1.0,0.0,0.000643596,0.000197414
2021-01-12,17:45:53,3.912900162,7.006800079,69.0430069,99.66545105,64.8722229,64.99362183,1153.089844,67.34068298,276.385376,85.97203064,1.0,0.0,0.000616103,0.000197414
2021-01-12,17:45:54,3.902500153,7.006900024,69.0430069,99.66564178,64.87203217,64.99395752,1153.07666,67.34076691,276.3851318,85.7926178,1.0,0.0,0.000616103,0.000197414
2021-01-12,17:45:55,3.913000107,7.006800079,69.0430069,99.66337585,64.87119293,64.99373627,1153.083374,67.34099579,276.3843384,85.7926178,1.0,0.0,0.000616103,0.000197414
2021-01-12,17:45:56,3.902399826,7.006800079,69.0430069,99.66188049,64.87226868,64.99391937,1153.077637,67.34068298,276.385437,85.7926178,1.0,0.0,0.000606475,0.000197391
2021-01-12,17:45:57,3.913299942,7.006800079,69.04196167,99.66123199,64.87088013,64.99368286,1153.084351,67.34082031,276.3848267,85.7926178,1.0,0.0,0.000606475,0.00019742
2021-01-12,17:45:58,3.902500153,7.006900024,69.04196167,99.65998077,64.87246704,64.99380493,1153.081177,67.34046173,276.3860779,85.7926178,1.0,0.0,0.000619918,0.000197452
2021-01-12,17:45:59,3.912900162,7.006800079,69.04196167,99.65857697,64.8718338,64.99414063,1153.071655,67.34037018,276.3864136,85.68878937,1.0,0.0,0.000619918,0.000197452
2021-01-12,17:46:00,3.902199936,7.006900024,69.04196167,99.65792847,64.87216187,64.99430084,1153.067139,67.34046173,276.3862305,85.68878937,1.0,0.0,0.000619918,0.000197452
2021-01-12,17:46:01,3.912900162,7.006800079,69.04196167,99.65688324,64.87150574,64.99414063,1153.071777,67.3403244,276.3857422,85.68878937,1.0,0.0,0.000619918,0.000197452
2021-01-12,17:46:02,3.902399826,7.008200073,69.04196167,99.65526581,64.87231445,64.99398041,1153.076294,67.34072113,276.3852844,85.68878937,1.0,0.0,0.000619918,0.000197452
2021-01-12,17:46:03,3.913600159,7.009600067,69.04297638,99.6547699,64.87162781,64.99414063,1153.071777,67.34076691,276.3850403,85.68878937,1.0,0.0,0.000619918,0.000197452
2021-01-12,17:46:04,3.902899933,7.010700226,69.04190826,99.65537262,64.872612,64.99433899,1153.065674,67.34090424,276.384613,85.8230896,1.0,0.0,0.000619918,0.000197452
2021-01-12,17:46:05,3.913399887,7.008499908,69.04190826,99.652771,64.87219238,64.99419403,1153.069946,67.34076691,276.3850098,85.8230896,1.0,0.0,0.000619918,0.000197452
2021-01-12,17:46:06,3.905899811,6.996399689,69.04190826,99.65203857,64.87181091,64.99432373,1153.066406,67.34072113,276.3852539,85.8230896,1.0,0.0,0.000619918,0.000197452
2021-01-12,17:46:07,3.913199997,6.999500275,69.04190826,99.65114594,64.87086487,64.99461365,1153.058716,67.34072113,276.3850403,85.8230896,1.0,0.0,0.000619918,0.000197452
2021-01-12,17:46:08,3.902799988,7.002300262,69.04190826,99.65027618,64.87234497,64.99472809,1153.05542,67.34063721,276.3855286,85.8230896,1.0,0.0,0.000619918,0.000197452
2021-01-12,17:46:09,3.913600159,6.997000122,69.04190826,99.64976501,64.87308502,64.99461365,1153.058228,67.34107971,276.3839111,85.65499115,1.0,0.0,0.000643354,0.00019755
2021-01-12,17:46:10,3.902500153,6.997799683,69.04190826,99.64804077,64.87177277,64.99441528,1153.063965,67.34059906,276.3855896,85.65499115,1.0,0.0,0.000643354,0.00019755
2021-01-12,17:46:11,3.912900162,6.998300171,69.04190826,99.64684296,64.87220764,64.99433899,1153.065918,67.34076691,276.3849182,85.65499115,1.0,0.0,0.000619555,0.000197417
2021-01-12,17:46:12,3.902299881,6.998799896,69.04190826,99.64645386,64.87187195,64.99454498,1153.060425,67.34090424,276.384613,85.65499115,1.0,0.0,0.000619555,0.000197417
2021-01-12,17:46:13,3.913700104,6.999199677,69.04190826,99.64557648,64.87203979,64.99422455,1153.068848,67.34107971,276.3840027,85.65499115,1.0,0.0,0.000616103,0.000197583
2021-01-12,17:46:14,3.902700043,6.99960022,69.04190826,99.64373779,64.87094116,64.99436951,1153.064941,67.34112549,276.3837585,85.83394623,1.0,0.0,0.000616103,0.000197583
2021-01-12,17:46:15,3.913000107,6.999900055,69.04190826,99.64305878,64.8706131,64.99432373,1153.066772,67.34082031,276.3847961,85.83394623,1.0,0.0,0.000616103,0.000197556
2021-01-12,17:46:16,3.902500153,7.000099945,69.04190826,99.64347839,64.87223816,64.99427795,1153.06543,67.34055328,276.3857727,85.83394623,1.0,0.0,0.000616103,0.000197556
2021-01-12,17:46:17,3.910599899,7.00039978,69.04190826,99.64051819,64.86991119,64.99452972,1153.061035,67.34107971,276.3840332,85.83394623,1.0,0.0,0.000616103,0.000197556
2021-01-12,17:46:18,3.902500153,7.00059967,69.04190826,99.63972473,64.87097168,64.99446869,1153.062866,67.34055328,276.3858032,85.83394623,1.0,0.0,0.000616103,0.000197556
2021-01-12,17:46:19,3.912900162,7.000900269,69.04190826,99.63937378,64.87132263,64.99450684,1153.061157,67.34076691,276.3851624,85.83394623,1.0,0.0,0.000616103,0.000197556
2021-01-12,17:46:20,3.902600098,7.001000214,69.04190826,99.6384201,64.87142944,64.99436951,1153.065186,67.34046173,276.3859863,85.83394623,1.0,0.0,0.000616103,0.000197556
2021-01-12,17:46:21,3.913800049,7.001399994,69.04190826,99.63716888,64.87083435,64.99475098,1153.05481,67.34072113,276.3853149,85.83394623,1.0,0.0,0.000598481,0.000197316
2021-01-12,17:46:22,3.902299881,7.001499939,69.04190826,99.63690186,64.87188721,64.99459076,1153.059082,67.34046173,276.3861389,85.83394623,1.0,0.0,0.000598481,0.000197316
2021-01-12,17:46:23,3.912799835,7.001699829,69.04190826,99.63531494,64.87084198,64.99454498,1153.060181,67.3401947,276.3869324,85.83394623,1.0,0.0,0.000607686,0.000197316
2021-01-12,17:46:24,3.902700043,7.001799774,69.04190826,99.63504028,64.87052917,64.99459076,1153.058105,67.34050751,276.3859558,85.98626709,1.0,0.0,0.000607686,0.000197316
2021-01-12,17:46:25,3.913199997,7.001699829,69.04190826,99.63405609,64.87115479,64.99454498,1153.060547,67.34041595,276.386322,85.98626709,1.0,0.0,0.000611259,0.000197524
2021-01-12,17:46:26,3.902899933,7.001999664,69.04190826,99.63191223,64.87148285,64.99464417,1153.057617,67.3403244,276.3865051,85.98626709,1.0,0.0,0.000609684,0.000197524
2021-01-12,17:46:27,3.914199829,7.001999664,69.04190826,99.63111877,64.87179565,64.99436951,1153.065186,67.34046173,276.3861084,85.98626709,1.0,0.0,0.000609684,0.000197524
2021-01-12,17:46:28,3.902500153,7.002100372,69.04190826,99.63045502,64.87226868,64.99488831,1153.050537,67.34014893,276.3872375,85.98626709,1.0,0.0,0.000605748,0.000197524
2021-01-12,17:46:29,3.911899948,7.002200317,69.04190826,99.62954712,64.8708725,64.9947052,1153.055664,67.33966064,276.3887634,85.98626709,1.0,0.0,0.000605748,0.000197524
2021-01-12,17:46:30,3.903300095,7.002300262,69.04190826,99.62841034,64.87226105,64.99464417,1153.057251,67.34009552,276.3873291,85.98626709,1.0,0.0,0.000605748,0.000197524
2021-01-12,17:46:31,3.913499832,7.002200317,69.04293823,99.62795258,64.87129211,64.99493408,1153.049683,67.33966064,276.388855,85.98626709,1.0,0.0,0.000605748,0.000197524
2021-01-12,17:46:32,3.903499985,7.002300262,69.04193115,99.6275177,64.87225342,64.99497986,1153.048218,67.34009552,276.3873291,85.98626709,1.0,0.0,0.000605748,0.000197524
2021-01-12,17:46:33,3.914099884,7.002400208,69.04193115,99.62561035,64.87123108,64.99468231,1153.056152,67.34014893,276.3871765,85.98626709,1.0,0.0,0.000605748,0.000197524
2021-01-12,17:46:34,3.903099823,7.002400208,69.04193115,99.62439728,64.87220001,64.99488831,1153.050903,67.33979797,276.3883667,85.84641266,1.0,0.0,0.000605748,0.000197524
2021-01-12,17:46:35,3.914599991,7.002300262,69.04193115,99.62519073,64.87275696,64.99472809,1153.055298,67.33996582,276.3877258,85.84641266,1.0,0.0,0.000605748,0.000197524
2021-01-12,17:46:36,3.903499985,7.002400208,69.04193115,99.62434387,64.8708725,64.99488831,1153.051147,67.3400116,276.3876343,85.84641266,1.0,0.0,0.000605748,0.000197524
2021-01-12,17:46:37,3.914599991,7.002400208,69.04193115,99.62229919,64.87197113,64.99481964,1153.052612,67.33979797,276.3884277,85.84641266,1.0,0.0,0.000605748,0.000197524
2021-01-12,17:46:38,3.904000092,7.002400208,69.04193115,99.62122345,64.87016296,64.99511719,1153.044312,67.34004974,276.3874817,85.84641266,1.0,0.0,0.000605748,0.000197524
2021-01-12,17:46:39,3.914500046,7.002400208,69.04193115,99.62030792,64.87188721,64.99507141,1153.045532,67.33984375,276.3882446,85.98696899,1.0,0.0,0.000605748,0.000197524
2021-01-12,17:46:40,3.90379982,7.002400208,69.04193115,99.62058258,64.87088776,64.99529266,1153.039063,67.33992767,276.3878784,85.98696899,1.0,0.0,0.000605748,0.000197524
2021-01-12,17:46:41,3.914300156,7.002500153,69.04193115,99.61903381,64.87241364,64.99521637,1153.04187,67.34009552,276.3874207,85.98696899,1.0,0.0,0.000605748,0.000197524
2021-01-12,17:46:42,3.904199982,7.002400208,69.04193115,99.61760712,64.87153625,64.99518585,1153.041016,67.3398819,276.38797,85.98696899,1.0,0.0,0.000605748,0.000197524
2021-01-12,17:46:43,3.913899994,7.002500153,69.04193115,99.61617279,64.87104034,64.9950943,1153.044678,67.33966064,276.3888855,85.98696899,1.0,0.0,0.000605748,0.000197524
2021-01-12,17:46:44,3.904199982,7.002400208,69.04090881,99.61573792,64.8722229,64.99518585,1153.04248,67.33961487,276.3886719,85.84467316,1.0,0.0,0.000605748,0.000197524
2021-01-12,17:46:45,3.915100098,7.002500153,69.04090881,99.61457825,64.87271881,64.99523926,1153.041016,67.33996582,276.3876953,85.84467316,1.0,0.0,0.000605748,0.000197524
2021-01-12,17:46:46,3.904100037,7.002300262,69.04090881,99.61491394,64.87195587,64.99499512,1153.047729,67.33984375,276.3883362,85.84467316,1.0,0.0,0.000605748,0.000197524
2021-01-12,17:46:47,3.915299988,7.002400208,69.04090881,99.61384583,64.87065125,64.99523926,1153.040649,67.33966064,276.3887939,85.84467316,1.0,0.0,0.000605748,0.000197524
2021-01-12,17:46:48,3.904299927,7.002400208,69.04090881,99.61245728,64.87335205,64.99536133,1153.037964,67.33984375,276.3882141,85.84467316,1.0,0.0,0.000605748,0.000197595
2021-01-12,17:46:49,3.915299988,7.002300262,69.04090881,99.61134338,64.87162781,64.99549866,1153.033813,67.33957672,276.3891907,85.48351288,1.0,0.0,0.000605748,0.000197595
2021-01-12,17:46:50,3.904499817,7.002200317,69.04192352,99.61043549,64.87103271,64.99536133,1153.03772,67.3397522,276.3885803,85.48351288,1.0,0.0,0.000605748,0.000197595
2021-01-12,17:46:51,3.915599823,7.002300262,69.04192352,99.60969543,64.87156677,64.99529266,1153.039185,67.3398819,276.3881836,85.48351288,1.0,0.0,0.000605748,0.000197595
2021-01-12,17:46:52,3.905599976,7.002200317,69.04192352,99.60858917,64.87263489,64.99581909,1153.024658,67.33961487,276.3889771,85.48351288,1.0,0.0,0.000605748,0.000197595
2021-01-12,17:46:53,3.915399933,7.002100372,69.04091644,99.60808563,64.87039185,64.99549866,1153.033813,67.33966064,276.3891907,85.48351288,1.0,0.0,0.000605748,0.000197595
2021-01-12,17:46:54,3.904700089,7.001999664,69.04091644,99.6075058,64.87155151,64.99545288,1153.034912,67.33969879,276.3887329,85.96055603,1.0,0.0,0.000605748,0.000197595
2021-01-12,17:46:55,3.91570015,7.002100372,69.04193878,99.60582733,64.87300873,64.99562836,1153.029663,67.33984375,276.3883362,85.96055603,1.0,0.0,0.000605748,0.000197595
2021-01-12,17:46:56,3.905199814,7.001999664,69.04193878,99.60527039,64.87148285,64.99559784,1153.031128,67.33969879,276.3887329,85.96055603,1.0,0.0,0.000605748,0.000197595
2021-01-12,17:46:57,3.915999985,7.001899719,69.04087067,99.60391235,64.87088013,64.99570465,1153.027832,67.33984375,276.38797,85.96055603,1.0,0.0,0.000605748,0.000197595
2021-01-12,17:46:58,3.90530014,7.001799774,69.04087067,99.60223389,64.87181091,64.99562836,1153.029785,67.33943939,276.3895874,85.96055603,1.0,0.0,0.000605748,0.000197595
2021-01-12,17:46:59,3.915800095,7.001799774,69.04087067,99.60201263,64.87125397,64.99570465,1153.02771,67.33969879,276.3886414,85.70955658,1.0,0.0,0.000555062,0.000197595
2021-01-12,17:47:00,3.906200027,7.001699829,69.04087067,99.60262299,64.87098694,64.99575043,1153.026611,67.33930206,276.3899841,85.70955658,1.0,0.0,0.000555062,0.000197595
2021-01-12,17:47:01,3.91629982,7.001799774,69.04193115,99.60037231,64.87214661,64.99591064,1153.022339,67.33957672,276.3891602,85.70955658,1.0,0.0,0.000555062,0.000197595
2021-01-12,17:47:02,3.905099869,7.001599884,69.04193115,99.5993576,64.87232971,64.99581909,1153.025269,67.33930206,276.3899536,85.70955658,1.0,0.0,0.000572624,0.000197595
2021-01-12,17:47:03,3.916699982,7.001499939,69.04193115,99.59857178,64.87262726,64.99562836,1153.030029,67.33979797,276.3883667,85.70955658,1.0,0.0,0.000590125,0.000197595
2021-01-12,17:47:04,3.905799866,7.001499939,69.04193115,99.59733582,64.87122345,64.99581909,1153.024292,67.33952332,276.3893433,85.70955658,1.0,0.0,0.000590125,0.000197595
2021-01-12,17:47:05,3.916600037,7.001399994,69.04193115,99.59659576,64.87234497,64.99627686,1153.012207,67.33969879,276.3887329,85.70955658,1.0,0.0,0.000590125,0.000197595
2021-01-12,17:47:06,3.905699921,7.001300049,69.04091644,99.59593201,64.87120056,64.99575043,1153.026489,67.33961487,276.3891296,85.70955658,1.0,0.0,0.000590125,0.000197595
2021-01-12,17:47:07,3.916799927,7.001399994,69.04091644,99.59657288,64.87176514,64.99593353,1153.021851,67.33966064,276.3888245,85.70955658,1.0,0.0,0.000590125,0.000197595
2021-01-12,17:47:08,3.906100082,7.001300049,69.04091644,99.59424591,64.87098694,64.99600983,1153.018799,67.33952332,276.3894043,85.70955658,1.0,0.0,0.000590125,0.000197595
2021-01-12,17:47:09,3.916600037,7.001200104,69.04091644,99.59400177,64.87123108,64.99616241,1153.014893,67.3398819,276.38797,85.82596588,1.0,0.0,0.000559301,0.000197595
2021-01-12,17:47:10,3.905799866,7.001300049,69.04091644,99.59274292,64.87100983,64.99593353,1153.021484,67.33930206,276.3899231,85.82596588,1.0,0.0,0.000564812,0.000197595
2021-01-12,17:47:11,3.916999817,7.001100159,69.04091644,99.59143066,64.87207031,64.9961319,1153.015625,67.33957672,276.3891907,85.82596588,1.0,0.0,0.000564812,0.000197595
2021-01-12,17:47:12,3.906100082,7.001100159,69.04091644,99.59182739,64.87219238,64.99597168,1153.02063,67.33948517,276.3896484,85.82596588,1.0,0.0,0.000564812,0.000197595
2021-01-12,17:47:13,3.917499924,7.001100159,69.04091644,99.59044647,64.87194824,64.99625397,1153.013062,67.33961487,276.3887634,85.82596588,1.0,0.0,0.000564812,0.000197595
2021-01-12,17:47:14,3.906399918,7.001000214,69.04091644,99.5901947,64.8710022,64.99603271,1153.018066,67.33912659,276.390686,85.70857239,1.0,0.0,0.000564812,0.000197319
2021-01-12,17:47:15,3.917100143,7.000900269,69.04091644,99.58883667,64.87182617,64.99620056,1153.013916,67.33930206,276.3901367,85.70857239,1.0,0.0,0.000564812,0.000197319
2021-01-12,17:47:16,3.906299973,7.000900269,69.04091644,99.58837128,64.87290955,64.99630737,1153.010498,67.33930206,276.3900146,85.70857239,1.0,0.0,0.000564812,0.000197319
2021-01-12,17:47:17,3.917699814,7.000800323,69.04091644,99.5888443,64.87216949,64.99620056,1153.014038,67.33890533,276.3913879,85.70857239,1.0,0.0,0.000564812,0.000197319
2021-01-12,17:47:18,3.906600189,7.000800323,69.04091644,99.58598328,64.87179565,64.99603271,1153.018188,67.33925629,276.3903198,85.70857239,1.0,0.0,0.000564812,0.000197319
2021-01-12,17:47:19,3.915299988,7.000800323,69.04091644,99.58522797,64.87278748,64.99608612,1153.01709,67.33921051,276.3902283,85.70857239,1.0,0.0,0.000564812,0.000197319
2021-01-12,17:47:20,3.906800079,7.000700378,69.04091644,99.5843277,64.87332153,64.99636078,1153.009399,67.33930206,276.3905029,85.70857239,1.0,0.0,0.000568809,0.000197319
2021-01-12,17:47:21,3.917300034,7.00059967,69.04091644,99.58294678,64.87145996,64.99640656,1153.008301,67.33898926,276.3911743,85.70857239,1.0,0.0,0.000568809,0.000197319
2021-01-12,17:47:22,3.907099915,7.000499725,69.04091644,99.58226776,64.87133026,64.99627686,1153.011597,67.33930206,276.3900757,85.70857239,1.0,0.0,0.000568809,0.000197319
2021-01-12,17:47:23,3.91780014,7.00059967,69.04091644,99.58141327,64.87211609,64.99630737,1153.010376,67.33890533,276.3914795,85.70857239,1.0,0.0,0.000568809,0.000197319
2021-01-12,17:47:24,3.907099915,7.00039978,69.04091644,99.58042908,64.87179565,64.99633789,1153.011353,67.3390274,276.3908997,85.59720612,1.0,0.0,0.000545494,0.000197323
2021-01-12,17:47:25,3.918199921,7.000299835,69.04091644,99.58008575,64.87202454,64.99652863,1153.005127,67.33872986,276.3919678,85.59720612,1.0,0.0,0.000545494,0.000197323
2021-01-12,17:47:26,3.907099915,7.00039978,69.04091644,99.57936859,64.8711853,64.99630737,1153.010376,67.3390274,276.3908691,85.59720612,1.0,0.0,0.000545494,0.00019746
2021-01-12,17:47:27,3.918500137,7.00019989,69.04091644,99.57826233,64.8710022,64.99647522,1153.006226,67.33863068,276.3923645,85.59720612,1.0,0.0,0.000545494,0.00019746
2021-01-12,17:47:28,3.907699966,7.000099945,69.04091644,99.57692719,64.87174988,64.99656677,1153.003418,67.33876801,276.3918152,85.59720612,1.0,0.0,0.000545494,0.00019746
2021-01-12,17:47:29,3.918500137,7.000099945,69.04091644,99.57667542,64.87155151,64.99627686,1153.011841,67.3390274,276.3909912,85.59720612,1.0,0.0,0.000545494,0.00019746
2021-01-12,17:47:30,3.907600021,7.00019989,69.04091644,99.57740784,64.87104034,64.99649811,1153.005859,67.33831787,276.3934021,85.59720612,1.0,0.0,0.000545494,0.00019746
2021-01-12,17:47:31,3.918700027,7.0,69.04091644,99.57553101,64.87120056,64.99647522,1153.006226,67.33921051,276.3903809,85.59720612,1.0,0.0,0.000545494,0.00019746
2021-01-12,17:47:32,3.909199905,6.999900055,69.04091644,99.57511139,64.87153625,64.99667358,1153.000977,67.33854675,276.3926392,85.59720612,1.0,0.0,0.000545494,0.00019746
2021-01-12,17:47:33,3.918799973,7.0,69.04091644,99.57422638,64.87179565,64.99656677,1153.004272,67.33872986,276.3931885,85.59720612,1.0,0.0,0.000545494,0.00019746
2021-01-12,17:47:34,3.908000183,6.999900055,69.04091644,99.57265472,64.87223816,64.99649811,1153.005859,67.33837128,276.3919373,85.59720612,1.0,0.0,0.000545494,0.00019746
2021-01-12,17:47:35,3.918799973,6.99980011,69.04091644,99.57211304,64.87213898,64.99642181,1153.007935,67.33827209,276.3936157,85.59720612,1.0,0.0,0.000545494,0.00019746
2021-01-12,17:47:36,3.907899857,6.999700165,69.04091644,99.57164001,64.87156677,64.99647522,1153.005981,67.33831787,276.393219,85.59720612,1.0,0.0,0.000545494,0.00019746
2021-01-12,17:47:37,3.918799973,6.999700165,69.04091644,99.57089996,64.87174988,64.99630737,1153.010376,67.3381424,276.3940125,85.59720612,1.0,0.0,0.000545494,0.00019746
2021-01-12,17:47:38,3.908200073,6.99960022,69.04091644,99.57019806,64.87190247,64.99674225,1152.998901,67.33866882,276.3921814,85.59720612,1.0,0.0,0.000564085,0.00019746
2021-01-12,17:47:39,3.919200134,6.999500275,69.04091644,99.56959534,64.87158203,64.99655151,1153.004761,67.33831787,276.3934631,85.59720612,1.0,0.0,0.000564085,0.00019746
2021-01-12,17:47:40,3.908200073,6.99960022,69.04091644,99.5684967,64.87219238,64.99636078,1153.009644,67.33840942,276.3930969,85.59720612,1.0,0.0,0.000564085,0.00019746
2021-01-12,17:47:41,3.919200134,6.999500275,69.04091644,99.5672226,64.87054443,64.99656677,1153.00354,67.3385849,276.3925476,85.59720612,1.0,0.0,0.000564085,0.00019746
2021-01-12,17:47:42,3.908599854,6.99940033,69.04091644,99.56746674,64.87130737,64.99647522,1153.00647,67.33872986,276.3920593,85.59720612,1.0,0.0,0.000540892,0.000197277
2021-01-12,17:47:43,3.919599915,6.999299622,69.04091644,99.56562042,64.87094116,64.99656677,1153.00415,67.33840942,276.3929749,85.59720612,1.0,0.0,0.000533201,0.000197276
2021-01-12,17:47:44,3.908599854,6.999299622,69.04091644,99.56516266,64.87067413,64.99662781,1153.001709,67.33823395,276.3937073,85.7640152,1.0,0.0,0.000533201,0.000197279
2021-01-12,17:47:45,3.91969986,6.999199677,69.04091644,99.5650177,64.87162018,64.99671936,1152.999634,67.33840942,276.3931274,85.7640152,1.0,0.0,0.000533201,0.000197279
2021-01-12,17:47:46,3.90929985,6.999299622,69.04091644,99.56367493,64.87071228,64.99662781,1153.001709,67.33837128,276.3934631,85.7640152,1.0,0.0,0.000533201,0.000197279
2021-01-12,17:47:47,3.919800186,6.999099731,69.03987885,99.56348419,64.8715744,64.99668884,1153.000122,67.33818054,276.3930359,85.7640152,1.0,0.0,0.000533201,0.000197279
2021-01-12,17:47:48,3.909199905,6.999099731,69.04090881,99.56376648,64.8707428,64.99645233,1153.006836,67.33827209,276.394043,85.7640152,1.0,0.0,0.000533201,0.000197279
2021-01-12,17:47:49,3.919800186,6.999099731,69.04090881,99.56053925,64.87211609,64.99678802,1152.997559,67.33840942,276.3931885,85.7640152,1.0,0.0,0.000533201,0.000197279
2021-01-12,17:47:50,3.909500122,6.998999786,69.04090881,99.56121826,64.872612,64.99668884,1153.000366,67.33800507,276.3945313,85.7640152,1.0,0.0,0.000533201,0.000197279
2021-01-12,17:47:51,3.998699951,6.999099731,69.03987885,99.56007385,64.87112427,64.99656677,1153.004272,67.33866882,276.3923035,85.7640152,1.0,0.0,0.000540831,0.000197372
2021-01-12,17:47:52,4.088600159,6.99940033,69.03987885,99.558815,64.87240601,64.99678802,1152.997681,67.33840942,276.3930969,85.7640152,1.0,0.0,0.000540831,0.000197372
2021-01-12,17:47:53,4.163700104,7.0,69.03987885,99.55953217,64.87185669,64.99655151,1153.004761,67.33969879,276.3886414,85.7640152,1.0,0.0,0.000540831,0.000197372
2021-01-12,17:47:54,4.242499924,7.00059967,69.04094696,99.55791473,64.8714447,64.99680328,1152.996948,67.3416214,276.3822021,85.57100677,1.0,0.0,0.000540831,0.000197372
2021-01-12,17:47:55,4.320800018,7.001399994,69.04094696,99.55665588,64.8711853,64.9968338,1152.996216,67.34318542,276.3768311,85.57100677,1.0,0.0,0.000540831,0.000197372
2021-01-12,17:47:56,4.398300171,7.002500153,69.04094696,99.55812073,64.87211609,64.99685669,1152.995728,67.34524536,276.369812,85.57100677,1.0,0.0,0.000540831,0.000197372
2021-01-12,17:47:57,4.465000153,7.003600311,69.0398941,99.56002808,64.87174988,64.9969101,1152.994385,67.34685516,276.364563,85.57100677,1.0,0.0,0.000540831,0.000197372
2021-01-12,17:47:58,4.539699936,7.005000305,69.0398941,99.56378174,64.87156677,64.99687958,1152.995117,67.34854889,276.3587341,85.57100677,1.0,0.0,0.000540831,0.000197385
2021-01-12,17:47:59,4.612799835,7.006600189,69.0398941,99.56925201,64.87239075,64.99671936,1152.999146,67.35006714,276.3535461,85.57100677,1.0,0.0,0.000540831,0.000197385
2021-01-12,17:48:00,4.681600189,7.008200073,69.0398941,99.5737381,64.86977386,64.99674225,1152.999878,67.35109711,276.3501587,85.57100677,1.0,0.0,0.000540831,0.000197209
2021-01-12,17:48:01,4.752799988,7.009899902,69.04093933,99.58215332,64.87010193,64.99706268,1152.98999,67.3532486,276.342804,85.57100677,1.0,0.0,0.000540831,0.000197209
2021-01-12,17:48:02,4.824599838,7.011699677,69.04093933,99.59131622,64.87117004,64.99742126,1152.97998,67.35436249,276.3389587,85.57100677,1.0,0.0,0.000540831,0.000197209
2021-01-12,17:48:03,4.893099976,7.013800049,69.04093933,99.60137939,64.86964417,64.99736786,1152.980835,67.35520935,276.3361511,85.57100677,1.0,0.0,0.000540831,0.000197209
2021-01-12,17:48:04,4.958200073,7.015699768,69.03992462,99.61131287,64.86888123,64.99753571,1152.97644,67.35619354,276.3327026,85.93972778,1.0,0.0,0.000540831,0.000197052
2021-01-12,17:48:05,4.880500031,7.01740036,69.03992462,99.62300873,64.86857605,64.99770355,1152.972046,67.3568573,276.3304443,85.93972778,1.0,0.0,0.000540831,0.000197168
2021-01-12,17:48:06,4.847700119,7.018900299,69.03992462,99.6364212,64.8688736,64.99797058,1152.964722,67.35632324,276.3323975,85.93972778,1.0,0.0,0.000540831,0.000197168
2021-01-12,17:48:07,4.826800156,7.020400238,69.03992462,99.65011597,64.86693573,64.99814606,1152.959473,67.35459137,276.3382874,85.93972778,1.0,0.0,0.000540831,0.000197168
2021-01-12,17:48:08,4.833100128,7.021499634,69.03992462,99.66529846,64.86572266,64.99837494,1152.953369,67.35266876,276.344696,85.93972778,1.0,0.0,0.000540831,0.000197168
2021-01-12,17:48:09,4.81969986,7.022799683,69.04095459,99.67974854,64.8646698,64.99848938,1152.950073,67.35070038,276.351532,86.61476135,1.0,0.0,0.000540831,0.000197168
2021-01-12,17:48:10,4.849100113,7.023799896,69.04095459,99.69637299,64.86367798,64.99866486,1152.944946,67.34788513,276.3611145,86.61476135,1.0,0.0,0.000540831,0.000197168
2021-01-12,17:48:11,4.935900116,7.025099945,69.03990173,99.71160126,64.86084747,64.99889374,1152.938477,67.34574127,276.3681946,86.61476135,1.0,0.0,0.000540831,0.000197373
2021-01-12,17:48:12,5.013199997,7.026599884,69.03990173,99.7269516,64.86061096,64.99939728,1152.924805,67.34376526,276.3748169,86.61476135,1.0,0.0,0.000540831,0.000197373
2021-01-12,17:48:13,5.052000046,7.027999878,69.03990173,99.74324799,64.85803223,64.99946594,1152.922729,67.34233856,276.3796692,86.61476135,1.0,0.0,0.000540831,0.000197373
2021-01-12,17:48:14,5.006200027,7.029299927,69.03990173,99.75917816,64.85688782,64.99971771,1152.915405,67.34099579,276.3843384,88.02280426,1.0,0.0,0.000540831,0.000197373
2021-01-12,17:48:15,5.026599884,7.030500031,69.03990173,99.77451324,64.85575104,65.00009918,1152.905151,67.33863068,276.3923645,88.02280426,1.0,0.0,0.000540831,0.000197373
2021-01-12,17:48:16,5.02879982,7.031700134,69.03889465,99.78995514,64.85500336,65.00036621,1152.897095,67.33652496,276.3995361,88.02280426,1.0,0.0,0.000540831,0.000197373
2021-01-12,17:48:17,5.03030014,7.032800293,69.03993988,99.80703735,64.85417175,65.00074768,1152.886597,67.33411407,276.4076233,88.02280426,1.0,0.0,0.000540831,0.000197373
2021-01-12,17:48:18,5.031100082,7.033699799,69.03993988,99.82261658,64.85206604,65.00107574,1152.877686,67.33153534,276.4164734,88.02280426,1.0,0.0,0.000540831,0.000197373
2021-01-12,17:48:19,5.026100159,7.034600067,69.03993988,99.8393631,64.84892273,65.00126648,1152.87207,67.32899475,276.4252625,89.24874115,1.0,0.0,0.000540831,0.000197373
2021-01-12,17:48:20,5.022399902,7.035600281,69.03993988,99.85639191,64.84864807,65.00141144,1152.868164,67.32652283,276.4335938,89.24874115,1.0,0.0,0.000540831,0.000197373
2021-01-12,17:48:21,5.020800018,7.036299896,69.03993988,99.8741684,64.84601593,65.00179291,1152.858154,67.32331085,276.444519,89.24874115,1.0,0.0,0.000540831,0.000197373
2021-01-12,17:48:22,5.016400146,7.037000275,69.03993988,99.89073181,64.84474182,65.00215912,1152.847656,67.32039642,276.4543457,89.24874115,1.0,0.0,0.000540831,0.000197373
2021-01-12,17:48:23,5.013199997,7.037599945,69.03891754,99.90866852,64.84342957,65.00256348,1152.836426,67.31710052,276.4656372,89.24874115,1.0,0.0,0.000540831,0.000197373
2021-01-12,17:48:24,5.008800125,7.038200378,69.03891754,99.92610168,64.84191895,65.00274658,1152.830688,67.31433105,276.4749146,90.79219055,1.0,0.0,0.000540831,0.000197373
2021-01-12,17:48:25,5.006600189,7.038700104,69.03891754,99.94358826,64.84004211,65.00296021,1152.825439,67.31192017,276.4830627,90.79219055,1.0,0.0,0.000540831,0.000197307
2021-01-12,17:48:26,5.004100037,7.039099884,69.03891754,99.96014404,64.83906555,65.00344849,1152.811035,67.30834961,276.4952393,90.79219055,1.0,0.0,0.000540831,0.000197307
2021-01-12,17:48:27,5.00320015,7.039600372,69.03891754,99.97784424,64.83665466,65.00382996,1152.800781,67.30566406,276.5045471,90.79219055,1.0,0.0,0.000540831,0.000197307
2021-01-12,17:48:28,5.001900101,7.039900208,69.03996277,99.9957428,64.83573151,65.00392151,1152.797729,67.30284882,276.5140381,90.79219055,1.0,0.0,0.000540831,0.000197307
2021-01-12,17:48:29,5.000799942,7.040200043,69.03996277,100.0129852,64.83462524,65.00401306,1152.795532,67.30003357,276.5236511,92.17823029,1.0,0.0,0.000540831,0.000197307
2021-01-12,17:48:30,5.0,7.040599823,69.03996277,100.0298309,64.83241272,65.00429535,1152.787354,67.29749298,276.5321655,92.17823029,1.0,0.0,0.000540831,0.000197307
2021-01-12,17:48:31,5.00019989,7.040899658,69.03996277,100.0481644,64.83144379,65.00447845,1152.782593,67.29454803,276.5422668,92.17823029,1.0,0.0,0.000540831,0.000197307
2021-01-12,17:48:32,5.0,7.041100311,69.03996277,100.0657349,64.82993317,65.00500488,1152.767456,67.29141998,276.552948,92.17823029,1.0,0.0,0.000540831,0.000197307
2021-01-12,17:48:33,5.000299835,7.041300201,69.03996277,100.0824509,64.82832336,65.00506592,1152.769287,67.28874207,276.5619812,92.17823029,1.0,0.0,0.000540831,0.000197307
2021-01-12,17:48:34,4.999900055,7.041500092,69.03894806,100.0989456,64.82659912,65.00491333,1152.765381,67.28637695,276.5700378,93.80014801,1.0,0.0,0.000540831,0.000197307
2021-01-12,17:48:35,5.000299835,7.041600037,69.03894806,100.1166916,64.82685852,65.00534821,1152.758301,67.28379059,276.5787354,93.80014801,1.0,0.0,0.000540831,0.000197307
2021-01-12,17:48:36,4.99980011,7.040699768,69.03894806,100.1340714,64.82566833,65.00556946,1152.751953,67.28133392,276.5871887,93.80014801,1.0,0.0,0.000540831,0.000197307
2021-01-12,17:48:37,5.000299835,7.038999939,69.03894806,100.1514587,64.82374573,65.00566101,1152.749146,67.27906036,276.5949707,93.80014801,1.0,0.0,0.000540831,0.000197254
2021-01-12,17:48:38,4.99980011,7.037200165,69.03995514,100.1683044,64.82260132,65.0058136,1152.744873,67.27633667,276.604248,93.80014801,1.0,0.0,0.000540831,0.000197254
2021-01-12,17:48:39,5.000099945,7.035500336,69.03894043,100.1858978,64.82085419,65.00588226,1152.74292,67.27383423,276.6125793,95.06073761,1.0,0.0,0.000540831,0.000197254
2021-01-12,17:48:40,4.999300003,7.033899689,69.03894043,100.2025909,64.8196106,65.00614166,1152.736572,67.27186584,276.6193848,95.06073761,1.0,0.0,0.000540831,0.000197254
2021-01-12,17:48:41,4.999599838,7.03239975,69.03894043,100.2206802,64.81990051,65.00597382,1152.740845,67.26963043,276.6268921,95.06073761,1.0,0.0,0.000540831,0.000197362
2021-01-12,17:48:42,4.999000168,7.031199646,69.03894043,100.2372665,64.81853485,65.00601959,1152.73877,67.26712799,276.635498,95.06073761,1.0,0.0,0.000540831,0.000197362
2021-01-12,17:48:43,4.999499893,7.029799652,69.03894043,100.255188,64.81759644,65.00614166,1152.735596,67.26482391,276.64328,95.06073761,1.0,0.0,0.000540831,0.000197362
2021-01-12,17:48:44,4.999200058,7.028600311,69.03894043,100.2719803,64.81697845,65.00593567,1152.741821,67.26276398,276.650238,96.25938416,1.0,0.0,0.000540831,0.000197362
2021-01-12,17:48:45,4.999900055,7.027400208,69.03894043,100.289856,64.8157196,65.00579834,1152.745483,67.26049805,276.6580505,96.25938416,1.0,0.0,0.000534836,0.000197362
2021-01-12,17:48:46,4.999700165,7.026300049,69.03894043,100.3067017,64.81552124,65.00566101,1152.749634,67.25830841,276.6654358,96.25938416,1.0,0.0,0.000534836,0.000197362
2021-01-12,17:48:47,5.0,7.025299835,69.03894043,100.3224716,64.81340027,65.0058136,1152.744995,67.25637817,276.6719971,96.25938416,1.0,0.0,0.000534836,0.000197362
2021-01-12,17:48:48,4.99980011,7.024299622,69.0399704,100.3399963,64.81318665,65.00545502,1152.754883,67.25458527,276.6781006,96.25938416,1.0,0.0,0.000534836,0.000197362
2021-01-12,17:48:49,5.00019989,7.023400116,69.0399704,100.3575821,64.8120575,65.00556946,1152.751709,67.25254059,276.6851807,97.40433502,1.0,0.0,0.000534836,0.000197362
2021-01-12,17:48:50,4.99980011,7.022499847,69.03895569,100.3755264,64.81156158,65.00522614,1152.761719,67.25009155,276.6934814,97.40433502,1.0,0.0,0.000534836,0.000197362
2021-01-12,17:48:51,5.000099945,7.021800232,69.03895569,100.3922958,64.8121109,65.00511169,1152.764648,67.2483902,276.6993103,97.40433502,1.0,0.0,0.000534836,0.000197202
2021-01-12,17:48:52,4.999900055,7.021099854,69.03895569,100.4084396,64.80932617,65.00520325,1152.76709,67.24655914,276.7054749,97.40433502,1.0,0.0,0.000534836,0.000197202
2021-01-12,17:48:53,5.00019989,7.020300293,69.03895569,100.4258347,64.81004333,65.00460052,1152.779419,67.24490356,276.710968,97.40433502,1.0,0.0,0.000534836,0.000197281
2021-01-12,17:48:54,4.99980011,7.01969986,69.03895569,100.443367,64.80950165,65.00437164,1152.785278,67.24232483,276.7198181,98.42417145,1.0,0.0,0.000534836,0.000197235
2021-01-12,17:48:55,5.000099945,7.019100189,69.03790283,100.459465,64.81000519,65.00408173,1152.793335,67.24084473,276.724823,98.42417145,1.0,0.0,0.000534836,0.000197235
2021-01-12,17:48:56,4.999700165,7.018499756,69.03790283,100.4760208,64.8092041,65.00373077,1152.803589,67.23841095,276.7333374,98.42417145,1.0,0.0,0.000534836,0.000197235
2021-01-12,17:48:57,4.999900055,7.018099976,69.03790283,100.4944305,64.80763245,65.00356293,1152.808594,67.23679352,276.738739,98.42417145,1.0,0.0,0.000534836,0.000197235
2021-01-12,17:48:58,4.999700165,7.01760025,69.03790283,100.5107574,64.80828857,65.0032196,1152.817505,67.23514557,276.7444458,98.42417145,1.0,0.0,0.000534836,0.000197235
2021-01-12,17:48:59,4.999900055,7.017199707,69.03790283,100.5279617,64.8077774,65.00283051,1152.828491,67.23303986,276.7515564,99.05947876,1.0,0.0,0.000534836,0.000197235
2021-01-12,17:49:00,4.999499893,7.016799927,69.03790283,100.5449295,64.8059845,65.00269318,1152.831909,67.2308197,276.7590942,99.05947876,1.0,0.0,0.000534836,0.000197235
2021-01-12,17:49:01,4.999700165,7.016400146,69.03790283,100.5619278,64.80498505,65.00234222,1152.842651,67.2290802,276.7650146,99.05947876,1.0,0.0,0.000534836,0.000197235
2021-01-12,17:49:02,4.999200058,7.016100311,69.03790283,100.5784225,64.80628967,65.0018158,1152.857178,67.22755432,276.7701416,99.05947876,1.0,0.0,0.000534836,0.000197235
2021-01-12,17:49:03,4.999599838,7.015899658,69.03790283,100.5949097,64.80671692,65.00134277,1152.870239,67.22563171,276.7767944,99.05947876,1.0,0.0,0.000534836,0.000197235
2021-01-12,17:49:04,4.999399948,7.015699768,69.03790283,100.6123276,64.80441284,65.001091,1152.876831,67.22394562,276.7825928,99.97132111,1.0,0.0,0.000534836,0.000197231
2021-01-12,17:49:05,4.999599838,7.015599823,69.03688049,100.6299667,64.8041153,65.00063324,1152.889648,67.22224426,276.7882385,99.97132111,1.0,0.0,0.000534836,0.000197231
2021-01-12,17:49:06,4.999200058,7.015399933,69.03791809,100.6460037,64.80455017,65.00012207,1152.904419,67.22033691,276.7948914,99.97132111,1.0,0.0,0.000534836,0.000197231
2021-01-12,17:49:07,4.999399948,7.015699768,69.03791809,100.6627274,64.80498505,64.9995575,1152.920654,67.21841431,276.8013611,99.97132111,1.0,0.0,0.000534836,0.000197231
2021-01-12,17:49:08,4.999000168,7.01760025,69.03681183,100.6808853,64.80326843,64.99925232,1152.928955,67.21699524,276.8062134,99.97132111,1.0,0.0,0.000469314,0.000197291
2021-01-12,17:49:09,4.999200058,7.018000031,69.03783417,100.6965332,64.80441284,64.99868774,1152.944214,67.2148056,276.8135681,100.7609711,1.0,0.0,0.000469314,0.000197291
2021-01-12,17:49:10,4.998799896,7.016000366,69.03783417,100.7134933,64.80397034,64.99846649,1152.950562,67.21346283,276.8182068,100.7609711,1.0,0.0,0.000469314,0.000197291
2021-01-12,17:49:11,4.999000168,7.014099884,69.03783417,100.72995,64.8036499,64.9978714,1152.967285,67.21181488,276.8239136,100.7609711,1.0,0.0,0.000469314,0.000197291
2021-01-12,17:49:12,4.998500061,7.012400055,69.03783417,100.747406,64.80316162,64.99746704,1152.97876,67.21008301,276.8294983,100.7609711,1.0,0.0,0.000469314,0.000197291
2021-01-12,17:49:13,4.998699951,7.010700226,69.03783417,100.7638626,64.8034668,64.99701691,1152.990845,67.20851898,276.835083,100.7609711,1.0,0.0,0.000469314,0.000197291
2021-01-12,17:49:14,4.998300171,7.009200287,69.03678131,100.7802277,64.80310822,64.99645233,1153.006714,67.20690155,276.8405151,101.3269196,1.0,0.0,0.000469314,0.000197291
2021-01-12,17:49:15,4.997999954,7.007800293,69.03678131,100.7978058,64.80365753,64.99577332,1153.026123,67.20556641,276.8452148,101.3269196,1.0,0.0,0.000469314,0.000197291
2021-01-12,17:49:16,4.998300171,7.007299805,69.03678131,100.8137589,64.80262756,64.99536133,1153.037354,67.20422363,276.8496094,101.3269196,1.0,0.0,0.000469314,0.000197291
2021-01-12,17:49:17,4.997700119,7.007900238,69.03678131,100.8304977,64.80415344,64.9947052,1153.05603,67.20235443,276.8560791,101.3269196,1.0,0.0,0.000469314,0.000197291
2021-01-12,17:49:18,4.997900009,7.008300018,69.03678131,100.8469849,64.80342102,64.99427795,1153.068115,67.20056915,276.8621216,101.3269196,1.0,0.0,0.000469314,0.000197291
2021-01-12,17:49:19,4.997299957,7.008499908,69.03678131,100.864418,64.80391693,64.99373627,1153.083374,67.19887543,276.8678894,101.8378601,1.0,0.0,0.000469314,0.000197291
2021-01-12,17:49:20,4.997499847,7.008300018,69.03678131,100.8812408,64.80317688,64.99298859,1153.103638,67.19740295,276.8729858,101.8378601,1.0,0.0,0.000469314,0.000197291
2021-01-12,17:49:21,4.997100067,7.008100128,69.03678131,100.8965073,64.80198669,64.99243927,1153.118652,67.19580078,276.8783875,101.8378601,1.0,0.0,0.000469314,0.000197291
2021-01-12,17:49:22,4.997399902,7.007800293,69.03678131,100.9142303,64.80525208,64.99189758,1153.133667,67.1947403,276.8820496,101.8378601,1.0,0.0,0.000469314,0.000197291
2021-01-12,17:49:23,4.997000122,7.007499695,69.03678131,100.9303436,64.80307007,64.99131775,1153.150146,67.19308472,276.8876343,101.8378601,1.0,0.0,0.000469314,0.000197291
2021-01-12,17:49:24,4.99679985,7.00719986,69.03678131,100.9467926,64.802948,64.99088287,1153.16272,67.19187164,276.8917236,102.3811188,1.0,0.0,0.00047979,0.000197291
2021-01-12,17:49:25,4.997000122,7.006999969,69.03678131,100.9633255,64.80321503,64.99011993,1153.183716,67.19017792,276.8975525,102.3811188,1.0,0.0,0.00047979,0.000197291
2021-01-12,17:49:26,4.996699905,7.006800079,69.03678131,100.9800491,64.80378723,64.98954773,1153.199463,67.18830872,276.9039001,102.3811188,1.0,0.0,0.00047979,0.000197179
2021-01-12,17:49:27,4.997399902,7.006500244,69.03572083,100.9955978,64.80387115,64.98890686,1153.217529,67.18741608,276.9068909,102.3811188,1.0,0.0,0.00047979,0.000197179
2021-01-12,17:49:28,4.997700119,7.006400299,69.03572083,101.0121536,64.8037262,64.98848724,1153.229492,67.1858139,276.912384,102.3811188,1.0,0.0,0.00047979,0.000197179
2021-01-12,17:49:29,4.997999954,7.006199646,69.03572083,101.0276871,64.80342102,64.98769379,1153.251709,67.18451691,276.9167175,102.7547607,1.0,0.0,0.00047979,0.000197179
2021-01-12,17:49:30,4.998300171,7.006099701,69.03572083,101.0444641,64.80444336,64.98724365,1153.264404,67.18321991,276.9212952,102.7547607,1.0,0.0,0.00047979,0.000197165
2021-01-12,17:49:31,4.998600006,7.005899811,69.03572083,101.0600357,64.8046875,64.9866333,1153.281494,67.18206024,276.9251709,102.7547607,1.0,0.0,0.000437461,0.000197165
2021-01-12,17:49:32,4.998899841,7.005699921,69.03572083,101.0769577,64.80529022,64.98626709,1153.291016,67.18006134,276.9319153,102.7547607,1.0,0.0,0.000426985,0.000197165
2021-01-12,17:49:33,4.999399948,7.005599976,69.03572083,101.093483,64.80496216,64.98566437,1153.308472,67.17881012,276.9362793,102.7547607,1.0,0.0,0.000426985,0.000197165
2021-01-12,17:49:34,4.999100113,7.005500031,69.03572083,101.1104279,64.80612946,64.98508453,1153.324463,67.17782593,276.9396057,102.8737259,1.0,0.0,0.000426985,0.000197165
2021-01-12,17:49:35,4.999499893,7.005400085,69.03469849,101.125473,64.8058548,64.98423767,1153.348389,67.17652893,276.9439392,102.8737259,1.0,0.0,0.000426985,0.000197165
2021-01-12,17:49:36,4.99980011,7.00530014,69.03469849,101.1413422,64.80509949,64.98375702,1153.361572,67.17479706,276.9499207,102.8737259,1.0,0.0,0.000426985,0.000197165
2021-01-12,17:49:37,5.000099945,7.00530014,69.03469849,101.1585312,64.80781555,64.9834137,1153.37146,67.17359924,276.954071,102.8737259,1.0,0.0,0.000426985,0.000197213
2021-01-12,17:49:38,5.0,7.005200195,69.03469849,101.1743317,64.80711365,64.9825592,1153.395386,67.1723175,276.9585266,102.8737259,1.0,0.0,0.000426985,0.000197213
2021-01-12,17:49:39,5.000699997,7.00530014,69.03469849,101.1895294,64.80621338,64.98200989,1153.411011,67.17141724,276.9616089,103.1635132,1.0,0.0,0.000426985,0.000197213
2021-01-12,17:49:40,5.000500107,7.00510025,69.03469849,101.2069778,64.80651855,64.98144531,1153.426514,67.16998291,276.9664001,103.1635132,1.0,0.0,0.000426985,0.000197213
2021-01-12,17:49:41,5.000999832,7.00510025,69.03469849,101.2217789,64.80717468,64.98081207,1153.444336,67.16869354,276.9708557,103.1635132,1.0,0.0,0.000426985,0.000197276
2021-01-12,17:49:42,5.001300049,7.005000305,69.03369141,101.2374878,64.80786133,64.98022461,1153.460693,67.16783905,276.9737549,103.1635132,1.0,0.0,0.000419113,0.000197276
2021-01-12,17:49:43,5.001599884,7.00490036,69.03369141,101.2549744,64.80732727,64.97976685,1153.473389,67.16606903,276.9798279,103.1635132,1.0,0.0,0.000419113,0.000197276
2021-01-12,17:49:44,5.001900101,7.00490036,69.03369141,101.2703476,64.80874634,64.97918701,1153.490112,67.16485596,276.9838562,103.3568726,1.0,0.0,0.000419113,0.000197276
2021-01-12,17:49:45,5.001599884,7.004799652,69.03369141,101.2851715,64.80830383,64.97834778,1153.512817,67.16383362,276.9873047,103.3568726,1.0,0.0,0.000419113,0.000197276
2021-01-12,17:49:46,5.002199936,7.004799652,69.03369141,101.3012695,64.80870056,64.97768402,1153.532104,67.16252899,276.9918213,103.3568726,1.0,0.0,0.00044606,0.000197276
2021-01-12,17:49:47,5.002500153,7.004699707,69.03369141,101.3179703,64.80944824,64.97731781,1153.54187,67.16146088,276.9953613,103.3568726,1.0,0.0,0.00044606,0.000197276
2021-01-12,17:49:48,5.002299881,7.004699707,69.03369141,101.334137,64.81011963,64.97662354,1153.56189,67.16026306,276.9994507,103.3568726,1.0,0.0,0.00044606,0.000197219
2021-01-12,17:49:49,5.002799988,7.004699707,69.03266907,101.3494492,64.80932617,64.97611237,1153.575806,67.15933228,277.0027466,103.5646362,1.0,0.0,0.00044606,0.000197219
2021-01-12,17:49:50,5.002600098,7.004599762,69.03266907,101.3660889,64.80986023,64.97582245,1153.584351,67.15781403,277.0079346,103.5646362,1.0,0.0,0.00044606,0.000197219
2021-01-12,17:49:51,5.003099823,7.004699707,69.0316391,101.3818512,64.81176758,64.97512054,1153.60376,67.15683746,277.011261,103.5646362,1.0,0.0,0.00044606,0.000197219
2021-01-12,17:49:52,5.002799988,7.004599762,69.0316391,101.3981094,64.81092834,64.97439575,1153.624146,67.15554047,277.0157166,103.5646362,1.0,0.0,0.00044606,0.000197219
2021-01-12,17:49:53,5.00359993,7.004699707,69.0316391,101.4127121,64.81034088,64.97418213,1153.629517,67.15433502,277.0198669,103.5646362,1.0,0.0,0.00044606,0.000197219
2021-01-12,17:49:54,5.00340004,7.004599762,69.0316391,101.4289474,64.8112793,64.973526,1153.648682,67.15340424,277.0229797,103.8362808,1.0,0.0,0.00044606,0.000197219
2021-01-12,17:49:55,5.003900146,7.004599762,69.0316391,101.4445267,64.81190491,64.97293854,1153.664185,67.15229797,277.0268555,103.8362808,1.0,0.0,0.00044606,0.000197219
2021-01-12,17:49:56,5.003699875,7.004599762,69.0316391,101.4603271,64.81289673,64.97239685,1153.679688,67.15113831,277.0306396,103.8362808,1.0,0.0,0.000416266,0.000197219
2021-01-12,17:49:57,5.004399872,7.004599762,69.0316391,101.4766006,64.81230164,64.97176361,1153.697754,67.15006256,277.0343323,103.8362808,1.0,0.0,0.000416266,0.000197219
2021-01-12,17:49:58,5.004199982,7.004599762,69.0306015,101.4927673,64.8132019,64.97117615,1153.714233,67.14916992,277.0373535,103.8362808,1.0,0.0,0.000388229,0.000197219
2021-01-12,17:49:59,5.004700089,7.004699707,69.0306015,101.5087585,64.81258392,64.97081757,1153.724609,67.14788055,277.0418396,103.8362808,1.0,0.0,0.000388229,0.000197219
2021-01-12,17:50:00,5.004499817,7.004699707,69.0306015,101.5233841,64.81350708,64.97038269,1153.73645,67.14707184,277.0445251,103.8362808,1.0,0.0,0.000415721,0.000197219
2021-01-12,17:50:01,5.004800034,7.004599762,69.02958679,101.5395813,64.813797,64.96979523,1153.752319,67.14596558,277.0483093,103.8362808,1.0,0.0,0.000415721,0.000197219
2021-01-12,17:50:02,5.004600143,7.004699707,69.02958679,101.5541763,64.8137207,64.9691391,1153.770996,67.14485168,277.0521851,103.8362808,1.0,0.0,0.000415721,0.000197219
2021-01-12,17:50:03,5.005199814,7.004699707,69.02958679,101.5713196,64.81542969,64.96875763,1153.782227,67.14395905,277.0552673,103.8362808,1.0,0.0,0.000415721,0.000197219
2021-01-12,17:50:04,5.004999924,7.004699707,69.02958679,101.5854797,64.81600189,64.9683075,1153.795044,67.14310455,277.058075,103.8362808,1.0,0.0,0.000361099,0.000197219
2021-01-12,17:50:05,5.005500031,7.004699707,69.02958679,101.6003647,64.8157196,64.96782684,1153.807739,67.14189911,277.0621948,103.8362808,1.0,0.0,0.000361099,0.000197219
2021-01-12,17:50:06,5.005199814,7.004699707,69.02958679,101.6166763,64.81610107,64.96728516,1153.822754,67.14093018,277.0655212,103.8362808,1.0,0.0,0.000361099,0.000197219
2021-01-12,17:50:07,5.005599976,7.004699707,69.02958679,101.6320572,64.81669617,64.96691895,1153.833252,67.13977051,277.0695496,103.8362808,1.0,0.0,0.000361099,0.000197219
2021-01-12,17:50:08,5.005400085,7.004699707,69.02958679,101.6477661,64.81750488,64.96627045,1153.851929,67.13919067,277.0714111,103.8362808,1.0,0.0,0.000361099,0.000197219
2021-01-12,17:50:09,5.005799866,7.004799652,69.02854919,101.6633301,64.81673431,64.9657135,1153.867432,67.1377182,277.0764465,104.0126419,1.0,0.0,0.000361099,0.000197219
2021-01-12,17:50:10,5.006000137,7.00490036,69.02854919,101.6782837,64.81739807,64.96556854,1153.871216,67.13710022,277.0785828,104.0126419,1.0,0.0,0.000361099,0.000197219
2021-01-12,17:50:11,5.005699921,7.004799652,69.02854919,101.692749,64.81638336,64.96491241,1153.889404,67.13664246,277.0802917,104.0126419,1.0,0.0,0.000361099,0.000197219
2021-01-12,17:50:12,5.006299973,7.00490036,69.02854919,101.7094727,64.81903076,64.96452332,1153.900513,67.13521576,277.0851746,104.0126419,1.0,0.0,0.000361099,0.000197219
2021-01-12,17:50:13,5.006000137,7.004799652,69.02753448,101.7246704,64.81797791,64.96421051,1153.909302,67.13446808,277.0875549,104.0126419,1.0,0.0,0.000361099,0.000197219
2021-01-12,17:50:14,5.006399918,7.00490036,69.02753448,101.7380142,64.81884766,64.96366882,1153.924805,67.13352203,277.0906982,104.1923752,1.0,0.0,0.000361099,0.000197219
2021-01-12,17:50:15,5.006100082,7.00490036,69.02753448,101.7546005,64.81898499,64.96337128,1153.932373,67.13253784,277.0941162,104.1923752,1.0,0.0,0.000361099,0.000197281
2021-01-12,17:50:16,5.006700134,7.00490036,69.02753448,101.7694244,64.8197937,64.96294403,1153.94458,67.13197327,277.0959167,104.1923752,1.0,0.0,0.000387865,0.00019712
2021-01-12,17:50:17,5.006499863,7.00490036,69.02641296,101.78479,64.82008362,64.96234131,1153.96167,67.1306839,277.1004028,104.1923752,1.0,0.0,0.000387865,0.00019712
2021-01-12,17:50:18,5.006800079,7.005000305,69.02641296,101.8005219,64.82063293,64.96195221,1153.972412,67.13050842,277.1010742,104.1923752,1.0,0.0,0.000387865,0.00019712
2021-01-12,17:50:19,5.006399918,7.005000305,69.02641296,101.8149719,64.82090759,64.96159363,1153.98291,67.12930298,277.1052246,104.1923752,1.0,0.0,0.000387865,0.00019712
2021-01-12,17:50:20,5.006900024,7.005000305,69.02641296,101.8295746,64.82006836,64.96109009,1153.996948,67.12876892,277.1070862,104.1923752,1.0,0.0,0.000387865,0.000197127
2021-01-12,17:50:21,5.007099915,7.00510025,69.02539825,101.8450241,64.82154846,64.96080017,1154.005249,67.12774658,277.1104431,104.1923752,1.0,0.0,0.000387865,0.000197127
2021-01-12,17:50:22,5.006800079,7.005000305,69.02539825,101.8594055,64.8211441,64.96043396,1154.015015,67.12725067,277.1122437,104.1923752,1.0,0.0,0.000387865,0.000197127
2021-01-12,17:50:23,5.007300186,7.00510025,69.02539825,101.8754044,64.8217926,64.96009827,1154.024902,67.12631226,277.1153564,104.1923752,1.0,0.0,0.000339359,0.000197127
2021-01-12,17:50:24,5.006999969,7.005000305,69.02539825,101.8892288,64.82226563,64.9597168,1154.035278,67.1255188,277.1181641,104.2974167,1.0,0.0,0.000339359,0.000197127
2021-01-12,17:50:25,5.007300186,7.005000305,69.02539825,101.9033432,64.82332611,64.95916748,1154.050537,67.12476349,277.1206055,104.2974167,1.0,0.0,0.000339359,0.000197127
2021-01-12,17:50:26,5.007500076,7.00510025,69.02539825,101.9187622,64.82365417,64.95900726,1154.055298,67.12395477,277.1234131,104.2974167,1.0,0.0,0.000339359,0.000197127
2021-01-12,17:50:27,5.00719986,7.005000305,69.02432251,101.9333038,64.82382202,64.95867157,1154.064819,67.12319946,277.125946,104.2974167,1.0,0.0,0.000339359,0.000197127
2021-01-12,17:50:28,5.007600021,7.00510025,69.02432251,101.9465866,64.82449341,64.95814514,1154.078735,67.12252808,277.1283264,104.2974167,1.0,0.0,0.000339359,0.000197127
2021-01-12,17:50:29,5.007300186,7.00510025,69.02432251,101.9611588,64.824646,64.957901,1154.085938,67.12168121,277.131073,104.1667862,1.0,0.0,0.000339359,0.000197127
2021-01-12,17:50:30,5.007799911,7.005000305,69.02432251,101.9773636,64.82437134,64.9573822,1154.10083,67.12104797,277.1333313,104.1667862,1.0,0.0,0.000339359,0.000197127
2021-01-12,17:50:31,5.007699966,7.00510025,69.02327728,101.9921341,64.82556915,64.95703888,1154.110352,67.12020111,277.1361084,104.1667862,1.0,0.0,0.000339359,0.000197127
2021-01-12,17:50:32,5.008000183,7.005000305,69.02327728,102.007515,64.82489777,64.95670319,1154.119385,67.11927032,277.1394653,104.1667862,1.0,0.0,0.000339359,0.000197126
2021-01-12,17:50:33,5.007899857,7.00510025,69.02327728,102.0215454,64.82539368,64.95676422,1154.121826,67.1187439,277.1412354,104.1667862,1.0,0.0,0.000339359,0.000197126
2021-01-12,17:50:34,5.008000183,7.00510025,69.02327728,102.0358047,64.82688904,64.95609283,1154.136597,67.11820221,277.1429749,104.3310928,1.0,0.0,0.000339359,0.000197212
2021-01-12,17:50:35,5.008200073,7.005000305,69.02327728,102.0497284,64.82627106,64.9557724,1154.145386,67.11730957,277.1460266,104.3310928,1.0,0.0,0.000339359,0.000197212
2021-01-12,17:50:36,5.008000183,7.005000305,69.02220154,102.0650558,64.82570648,64.95575714,1154.146729,67.11686707,277.1477051,104.3310928,1.0,0.0,0.000339359,0.000197212
2021-01-12,17:50:37,5.008499908,7.00490036,69.02220154,102.0780945,64.8274231,64.95513916,1154.163574,67.1161499,277.1500244,104.3310928,1.0,0.0,0.000339359,0.000197212
2021-01-12,17:50:38,5.00870018,7.005000305,69.02220154,102.0939407,64.82788086,64.95526886,1154.15979,67.1158371,277.1510925,104.3310928,1.0,0.0,0.000339359,0.000197212
2021-01-12,17:50:39,5.008300018,7.005000305,69.02220154,102.1082916,64.8286438,64.95459747,1154.178467,67.11508179,277.1537476,104.2162018,1.0,0.0,0.000339359,0.000197212
2021-01-12,17:50:40,5.008100128,7.00510025,69.02220154,102.1232758,64.82829285,64.95444489,1154.183105,67.11387634,277.1578064,104.2162018,1.0,0.0,0.000339359,0.000197212
2021-01-12,17:50:41,5.008599854,7.005000305,69.02118683,102.1360016,64.82954407,64.95410156,1154.192871,67.11312103,277.1603088,104.2162018,1.0,0.0,0.000339359,0.000197212
2021-01-12,17:50:42,5.008399963,7.00490036,69.02118683,102.1501312,64.8306427,64.95366669,1154.204102,67.11267853,277.1619873,104.2162018,1.0,0.0,0.000339359,0.000197212
2021-01-12,17:50:43,5.00870018,7.00490036,69.0201416,102.1646271,64.82888794,64.95344543,1154.210815,67.11223602,277.1635437,104.2162018,1.0,0.0,0.000339359,0.000197212
2021-01-12,17:50:44,5.008499908,7.005000305,69.0201416,102.1798401,64.82955933,64.95330048,1154.2146,67.11156464,277.165741,104.4299393,1.0,0.0,0.000339359,0.000197212
2021-01-12,17:50:45,5.008800125,7.00490036,69.0201416,102.1936417,64.82939148,64.95291138,1154.225342,67.11103821,277.1676331,104.4299393,1.0,0.0,0.000339359,0.000197212
2021-01-12,17:50:46,5.008499908,7.00490036,69.01911926,102.2079391,64.83149719,64.95272064,1154.230835,67.11013794,277.1707153,104.4299393,1.0,0.0,0.000339359,0.000197212
2021-01-12,17:50:47,5.008800125,7.004799652,69.01911926,102.2227402,64.83203125,64.95249176,1154.237671,67.10961151,277.1725464,104.4299393,1.0,0.0,0.000339359,0.000197212
2021-01-12,17:50:48,5.008499908,7.00490036,69.01911926,102.2355347,64.83180237,64.95233154,1154.240845,67.10907745,277.1741943,104.4299393,1.0,0.0,0.000339359,0.000197212
2021-01-12,17:50:49,5.00890007,7.004799652,69.01911926,102.2495956,64.83117676,64.95204163,1154.24939,67.10845947,277.1763306,104.2295074,1.0,0.0,0.000339359,0.000197212
2021-01-12,17:50:50,5.00870018,7.004799652,69.01911926,102.2638855,64.83283997,64.95161438,1154.26123,67.10813904,277.1774292,104.2295074,1.0,0.0,0.000339359,0.000197212
2021-01-12,17:50:51,5.00890007,7.004699707,69.01911926,102.2781982,64.83249664,64.95140076,1154.267578,67.10778809,277.178772,104.2295074,1.0,0.0,0.000339359,0.000197164
2021-01-12,17:50:52,5.008599854,7.004799652,69.01808167,102.2918549,64.83415985,64.95122528,1154.272461,67.10710907,277.1809692,104.2295074,1.0,0.0,0.000339359,0.000197164
2021-01-12,17:50:53,5.00909996,7.005000305,69.01808167,102.3057022,64.83361816,64.95095825,1154.279419,67.10630798,277.1837158,104.2295074,1.0,0.0,0.000323797,0.000197164
2021-01-12,17:50:54,5.00890007,7.00490036,69.01808167,102.3192978,64.83481598,64.95061493,1154.289551,67.10577393,277.1854248,104.0445786,1.0,0.0,0.000330942,0.000197164
2021-01-12,17:50:55,5.009199905,7.004799652,69.01808167,102.3337097,64.83374023,64.95035553,1154.296143,67.10520172,277.1875,104.0445786,1.0,0.0,0.000330942,0.000197164
2021-01-12,17:50:56,5.00890007,7.00490036,69.01808167,102.3463821,64.83503723,64.95030212,1154.298218,67.10502625,277.1881714,104.0445786,1.0,0.0,0.000330942,0.000197164
2021-01-12,17:50:57,5.00909996,7.004799652,69.01808167,102.3603592,64.83662415,64.95017242,1154.302002,67.10435486,277.1903076,104.0445786,1.0,0.0,0.000330942,0.000197164
2021-01-12,17:50:58,5.00929985,7.004799652,69.01700592,102.3746567,64.83630371,64.94992065,1154.309082,67.10359955,277.1930237,104.0445786,1.0,0.0,0.000330942,0.000197164
2021-01-12,17:50:59,5.00909996,7.004699707,69.01594543,102.3873215,64.83538818,64.94976044,1154.313599,67.10342407,277.1936951,104.0445786,1.0,0.0,0.000330942,0.000197223
2021-01-12,17:51:00,5.009400177,7.004699707,69.01594543,102.4012222,64.8374176,64.94949341,1154.320801,67.10279083,277.1958313,104.0445786,1.0,0.0,0.000330942,0.000197136
2021-01-12,17:51:01,5.00909996,7.004699707,69.01594543,102.4159241,64.83628845,64.94944,1154.322632,67.10221863,277.1977234,104.0445786,1.0,0.0,0.000317196,0.000197185
2021-01-12,17:51:02,5.009400177,7.004599762,69.01594543,102.4284515,64.83681488,64.94905853,1154.33313,67.10190582,277.1988831,104.0445786,1.0,0.0,0.000317196,0.000197134
2021-01-12,17:51:03,5.00909996,7.004699707,69.01594543,102.4415741,64.8383255,64.94902039,1154.334717,67.10136414,277.2006531,104.0445786,1.0,0.0,0.000317196,0.000197134
2021-01-12,17:51:04,5.009400177,7.004599762,69.01489258,102.4568024,64.83878326,64.94878387,1154.34082,67.10092163,277.2021484,103.7947006,1.0,0.0,0.000317196,0.000197134
2021-01-12,17:51:05,5.00909996,7.004599762,69.01489258,102.4686432,64.83728027,64.94865417,1154.344604,67.10070038,277.2029724,103.7947006,1.0,0.0,0.000317196,0.000197134
2021-01-12,17:51:06,5.009500122,7.004699707,69.01489258,102.4832687,64.83917236,64.94858551,1154.342529,67.09989929,277.205658,103.7947006,1.0,0.0,0.000317196,0.000197054
2021-01-12,17:51:07,5.00929985,7.004599762,69.01489258,102.4958038,64.83892822,64.94836426,1154.352661,67.09944916,277.2071838,103.7947006,1.0,0.0,0.000317196,0.000197054
2021-01-12,17:51:08,5.009500122,7.004699707,69.01489258,102.5104523,64.83876801,64.94822693,1154.356689,67.09896088,277.2089233,103.7947006,1.0,0.0,0.000317196,0.000197054
2021-01-12,17:51:09,5.009199905,7.004599762,69.01387787,102.52285,64.83918762,64.94815063,1154.358521,67.0984726,277.2104492,103.9955521,1.0,0.0,0.000317196,0.000197054
2021-01-12,17:51:10,5.009700012,7.004699707,69.01387787,102.5363159,64.83900452,64.94768524,1154.37207,67.09864807,277.2098999,103.9955521,1.0,0.0,0.000317196,0.000197054
2021-01-12,17:51:11,5.009400177,7.004599762,69.01387787,102.5501251,64.83955383,64.94763184,1154.373047,67.09757996,277.2134705,103.9955521,1.0,0.0,0.000297818,0.000197054
2021-01-12,17:51:12,5.009600067,7.004699707,69.01285553,102.5625153,64.83958435,64.94758606,1154.374146,67.0973587,277.2142944,103.9955521,1.0,0.0,0.000297818,0.000197054
2021-01-12,17:51:13,5.009400177,7.004599762,69.01285553,102.5761032,64.84013367,64.94735718,1154.381104,67.09700012,277.2154846,103.9955521,1.0,0.0,0.000297818,0.000197054
2021-01-12,17:51:14,5.009700012,7.004799652,69.01285553,102.5893097,64.84057617,64.94702148,1154.390137,67.09651184,277.2171936,103.9955521,1.0,0.0,0.000297818,0.000197054
2021-01-12,17:51:15,5.009400177,7.004699707,69.01183319,102.6022415,64.84103394,64.94712067,1154.387329,67.09655762,277.217041,103.9955521,1.0,0.0,0.000297818,0.000197054
2021-01-12,17:51:16,5.009700012,7.004799652,69.01183319,102.6152878,64.84141541,64.94707489,1154.389526,67.09584045,277.2193909,103.9955521,1.0,0.0,0.000260939,0.000197123
2021-01-12,17:51:17,5.009600067,7.004699707,69.01183319,102.6280518,64.84187317,64.94696045,1154.39209,67.09526062,277.221405,103.9955521,1.0,0.0,0.000260939,0.000197123
2021-01-12,17:51:18,5.009799957,7.00490036,69.01081848,102.6408844,64.84138489,64.94709778,1154.388306,67.09473419,277.2233582,103.9955521,1.0,0.0,0.000272384,0.000197123
2021-01-12,17:51:19,5.009500122,7.00490036,69.01081848,102.6535416,64.84251404,64.94673157,1154.398926,67.09526062,277.2214355,103.9955521,1.0,0.0,0.000272384,0.000197123
2021-01-12,17:51:20,5.009799957,7.00490036,69.01081848,102.6665497,64.8427124,64.94684601,1154.395508,67.09437561,277.2244873,103.9955521,1.0,0.0,0.000272384,0.000197123
2021-01-12,17:51:21,5.009600067,7.00490036,69.01081848,102.6794968,64.84341431,64.94644165,1154.407104,67.09423828,277.2250366,103.9955521,1.0,0.0,0.000272384,0.00019705
2021-01-12,17:51:22,5.009899902,7.00490036,69.00980377,102.6916199,64.84326935,64.94634247,1154.409058,67.0936203,277.2271729,103.9955521,1.0,0.0,0.000272384,0.00019705
2021-01-12,17:51:23,5.009600067,7.00490036,69.00980377,102.7038193,64.84340668,64.94630432,1154.410889,67.09313202,277.2288208,103.9955521,1.0,0.0,0.000235565,0.000197131
2021-01-12,17:51:24,5.009899902,7.00490036,69.00980377,102.7184601,64.84268188,64.94622803,1154.412476,67.09298706,277.2293091,103.9955521,1.0,0.0,0.000235565,0.000197131
2021-01-12,17:51:25,5.009600067,7.00490036,69.00980377,102.7305908,64.84507751,64.94602966,1154.418091,67.09262848,277.2303772,103.9955521,1.0,0.0,0.000235565,0.000197131
2021-01-12,17:51:26,5.010100174,7.005000305,69.00873566,102.7420578,64.84303284,64.94625092,1154.411865,67.09254456,277.230835,103.9955521,1.0,0.0,0.000235565,0.000197131
2021-01-12,17:51:27,5.009700012,7.005000305,69.00873566,102.7558136,64.84527588,64.94581604,1154.424438,67.09201813,277.2325439,103.9955521,1.0,0.0,0.000235565,0.000197131
2021-01-12,17:51:28,5.010100174,7.005000305,69.00873566,102.7677612,64.84437561,64.94598389,1154.419434,67.09148407,277.234375,103.9955521,1.0,0.0,0.000235565,0.000197131
2021-01-12,17:51:29,5.009700012,7.005000305,69.00873566,102.7807541,64.84521484,64.94584656,1154.423218,67.09130096,277.2350464,103.7958679,1.0,0.0,0.000237564,0.000197131
2021-01-12,17:51:30,5.010100174,7.00510025,69.00766754,102.7926712,64.84585571,64.9455719,1154.430542,67.09148407,277.234436,103.7958679,1.0,0.0,0.000237564,0.000197131
2021-01-12,17:51:31,5.009799957,7.00510025,69.00766754,102.804863,64.84568787,64.94593811,1154.420654,67.09072876,277.2370911,103.7958679,1.0,0.0,0.000237564,0.000197131
2021-01-12,17:51:32,5.010100174,7.005200195,69.00662231,102.8182297,64.84655762,64.94582367,1154.424072,67.0904541,277.237915,103.7958679,1.0,0.0,0.000237564,0.000197082
2021-01-12,17:51:33,5.009700012,7.005200195,69.00767517,102.8297348,64.84563446,64.94554901,1154.431885,67.09033203,277.2384033,103.7958679,1.0,0.0,0.000237564,0.000197082
2021-01-12,17:51:34,5.010100174,7.005200195,69.00666809,102.841217,64.84660339,64.9454422,1154.434448,67.09023285,277.2386475,103.7958679,1.0,0.0,0.000237564,0.000197082
2021-01-12,17:51:35,5.009899902,7.005200195,69.00666809,102.8548431,64.84683228,64.9455719,1154.43042,67.08987427,277.2398987,103.7958679,1.0,0.0,0.000237564,0.000197079
2021-01-12,17:51:36,5.010200119,7.00530014,69.00666809,102.8661575,64.84661102,64.94552612,1154.432129,67.08934021,277.2416992,103.7958679,1.0,0.0,0.000237564,0.000197079
2021-01-12,17:51:37,5.009899902,7.005200195,69.00563812,102.8797073,64.8470993,64.94537354,1154.436646,67.08925629,277.2420654,103.7958679,1.0,0.0,0.000237564,0.000197079
2021-01-12,17:51:38,5.010300064,7.00530014,69.00563812,102.8900146,64.84666443,64.94532013,1154.437988,67.08934021,277.2416687,103.7958679,1.0,0.0,0.000237564,0.000197079
2021-01-12,17:51:39,5.009899902,7.005200195,69.00563812,102.9031982,64.84793854,64.9455719,1154.430298,67.08889008,277.2432251,103.6843338,1.0,0.0,0.000237564,0.000197251
2021-01-12,17:51:40,5.010300064,7.00530014,69.00563812,102.9150085,64.84667969,64.94528198,1154.439209,67.08863068,277.2442017,103.6843338,1.0,0.0,0.000237564,0.000197251
2021-01-12,17:51:41,5.009899902,7.005400085,69.00463104,102.9271545,64.84925842,64.94514465,1154.443359,67.08876801,277.2437134,103.6843338,1.0,0.0,0.000237564,0.000197251
2021-01-12,17:51:42,5.010400009,7.00530014,69.00463104,102.9388275,64.84931946,64.94546509,1154.433838,67.08782196,277.2467651,103.6843338,1.0,0.0,0.000237564,0.000197251
2021-01-12,17:51:43,5.010499954,7.00530014,69.00357819,102.9498062,64.84845734,64.94534302,1154.437134,67.08778381,277.2470703,103.6843338,1.0,0.0,0.000180156,0.000197251
2021-01-12,17:51:44,5.010300064,7.00530014,69.00357819,102.9614868,64.84984589,64.94542694,1154.435669,67.08760071,277.2476196,103.6843338,1.0,0.0,0.000200866,0.000197251
2021-01-12,17:51:45,5.010499954,7.005200195,69.00357819,102.9734344,64.85023499,64.94532013,1154.437622,67.08751678,277.2479248,103.6843338,1.0,0.0,0.000200866,0.000197251
2021-01-12,17:51:46,5.010300064,7.00530014,69.00357819,102.9844055,64.84910583,64.9454422,1154.434204,67.08738708,277.2484741,103.6843338,1.0,0.0,0.000200866,0.000197145
2021-01-12,17:51:47,5.010499954,7.005200195,69.00357819,102.9970551,64.85147095,64.94532013,1154.4375,67.08694458,277.249939,103.6843338,1.0,0.0,0.000200866,0.000197145
2021-01-12,17:51:48,5.010300064,7.005200195,69.00357819,103.0075836,64.84973145,64.94539642,1154.436279,67.08663177,277.2510071,103.6843338,1.0,0.0,0.000200866,0.000197082
2021-01-12,17:51:49,5.010599899,7.005200195,69.00357819,103.018959,64.85023499,64.94528198,1154.438721,67.08640289,277.2517395,103.6843338,1.0,0.0,0.000200866,0.000197082
2021-01-12,17:51:50,5.010499954,7.005200195,69.00357819,103.0304642,64.85098267,64.94537354,1154.43689,67.086586,277.2512207,103.6843338,1.0,0.0,0.000200866,0.000197082
2021-01-12,17:51:51,5.010200119,7.005200195,69.00250244,103.0429916,64.85192871,64.94523621,1154.44043,67.08614349,277.252655,103.6843338,1.0,0.0,0.000200866,0.000197082
2021-01-12,17:51:52,5.010599899,7.005200195,69.00250244,103.0533676,64.8505249,64.9454422,1154.434692,67.08604431,277.2528381,103.6843338,1.0,0.0,0.000200866,0.000197082
2021-01-12,17:51:53,5.010300064,7.005200195,69.00250244,103.0644913,64.84999847,64.94532013,1154.437622,67.08591461,277.2534485,103.6843338,1.0,0.0,0.000200866,0.000197082
2021-01-12,17:51:54,5.010800171,7.00530014,69.00148773,103.0772247,64.85305023,64.94512939,1154.443604,67.08579254,277.2538452,103.6843338,1.0,0.0,0.000200866,0.000197082
2021-01-12,17:51:55,5.010599899,7.005200195,69.00148773,103.0866852,64.85192871,64.94550323,1154.432861,67.08568573,277.2542725,103.6843338,1.0,0.0,0.000200866,0.000197082
2021-01-12,17:51:56,5.010800171,7.00530014,69.0004425,103.0988007,64.85305786,64.94514465,1154.443237,67.08551788,277.2548218,103.6843338,1.0,0.0,0.000200866,0.000197217
2021-01-12,17:51:57,5.010499954,7.005200195,69.00149536,103.1111679,64.85141754,64.94528198,1154.439209,67.08525848,277.2556458,103.6843338,1.0,0.0,0.000200866,0.000197217
2021-01-12,17:51:58,5.010800171,7.005200195,69.00149536,103.1213837,64.85077667,64.94523621,1154.437866,67.08529663,277.2555237,103.6843338,1.0,0.0,0.000200866,0.000197217
2021-01-12,17:51:59,5.010499954,7.00530014,69.00048828,103.1330566,64.85334778,64.9454422,1154.435181,67.08493805,277.2567139,103.4987564,1.0,0.0,0.000200866,0.000197217
2021-01-12,17:52:00,5.010900116,7.005200195,69.00048828,103.1433182,64.85250854,64.94550323,1154.432617,67.08480835,277.2573242,103.4987564,1.0,0.0,0.000155933,0.000197092
2021-01-12,17:52:01,5.010699844,7.005200195,68.99945831,103.1545639,64.8535614,64.94539642,1154.436157,67.08459473,277.2579041,103.4987564,1.0,0.0,0.000153087,0.000197092
2021-01-12,17:52:02,5.011199951,7.005200195,68.99945831,103.1649857,64.85422516,64.94564819,1154.428955,67.0847168,277.2574768,103.4987564,1.0,0.0,0.000153087,0.000197092
2021-01-12,17:52:03,5.010800171,7.005200195,68.99945831,103.1760406,64.85411835,64.94552612,1154.432251,67.08432007,277.2590027,103.4987564,1.0,0.0,0.000153087,0.000197092
2021-01-12,17:52:04,5.011199951,7.00530014,68.99841309,103.1872406,64.85489655,64.9454422,1154.43457,67.08432007,277.2588806,103.3376541,1.0,0.0,0.000153087,0.000197092
2021-01-12,17:52:05,5.010800171,7.005200195,68.99841309,103.1977997,64.85446167,64.94562531,1154.429443,67.08405304,277.2597961,103.3376541,1.0,0.0,0.000153087,0.000197149
2021-01-12,17:52:06,5.011299896,7.00530014,68.99841309,103.2071457,64.85370636,64.9455719,1154.43103,67.08369446,277.2610168,103.3376541,1.0,0.0,0.000134739,0.000197149
2021-01-12,17:52:07,5.010800171,7.005200195,68.99841309,103.2185364,64.85526276,64.94584656,1154.423218,67.08378601,277.2607422,103.3376541,1.0,0.0,0.000134739,0.000197149
2021-01-12,17:52:08,5.011299896,7.00530014,68.99841309,103.2288818,64.85472107,64.94550323,1154.432861,67.08396149,277.2602539,103.3376541,1.0,0.0,0.000134739,0.000197149
2021-01-12,17:52:09,5.010900116,7.005200195,68.9973526,103.2388916,64.85533905,64.94581604,1154.424683,67.08387756,277.260437,103.3376541,1.0,0.0,0.000134739,0.000197149
2021-01-12,17:52:10,5.011299896,7.00530014,68.99633026,103.2481079,64.85481262,64.94586182,1154.422852,67.08382416,277.2605591,103.3376541,1.0,0.0,0.000180701,0.000197149
2021-01-12,17:52:11,5.010900116,7.005400085,68.9973526,103.2587967,64.85598755,64.94576263,1154.425781,67.08342743,277.2620239,103.3376541,1.0,0.0,0.00018058,0.000197149
2021-01-12,17:52:12,5.011399841,7.005400085,68.9973526,103.2686386,64.85481262,64.94568634,1154.427979,67.08311462,277.2631226,103.3376541,1.0,0.0,0.00018058,0.000197149
2021-01-12,17:52:13,5.010900116,7.005400085,68.99632263,103.2790375,64.85638428,64.94602966,1154.418213,67.0832901,277.2624512,103.3376541,1.0,0.0,0.00018058,0.000197149
2021-01-12,17:52:14,5.011399841,7.005500031,68.99529266,103.2892609,64.85595703,64.94593811,1154.420776,67.08342743,277.2620239,103.1486664,1.0,0.0,0.00018058,0.000197149
2021-01-12,17:52:15,5.011100006,7.005400085,68.99636078,103.2983093,64.85471344,64.94606781,1154.41687,67.08293152,277.2636719,103.1486664,1.0,0.0,0.00018058,0.000197149
2021-01-12,17:52:16,5.011399841,7.005400085,68.99636078,103.3085251,64.85645294,64.94584656,1154.42334,67.08299255,277.2634583,103.1486664,1.0,0.0,0.00018058,0.000197149
2021-01-12,17:52:17,5.011199951,7.005500031,68.99636078,103.3181763,64.855896,64.94612122,1154.415649,67.08275604,277.2642517,103.1486664,1.0,0.0,0.00018058,0.000197149
2021-01-12,17:52:18,5.011399841,7.005500031,68.99534607,103.3293381,64.85627747,64.94650269,1154.404785,67.08253479,277.2649841,103.1486664,1.0,0.0,0.00018058,0.000197036
2021-01-12,17:52:19,5.011199951,7.005599976,68.99534607,103.3378448,64.85609436,64.94600677,1154.419189,67.0827179,277.2643738,103.272995,1.0,0.0,0.00018058,0.000197036
2021-01-12,17:52:20,5.011399841,7.005599976,68.99534607,103.3486862,64.85772705,64.9462738,1154.411499,67.08253479,277.2649231,103.272995,1.0,0.0,0.00018058,0.000197036
2021-01-12,17:52:21,5.011600113,7.005500031,68.99428558,103.3577347,64.85697937,64.94648743,1154.405151,67.08235931,277.2655334,103.272995,1.0,0.0,0.00018058,0.000197036
2021-01-12,17:52:22,5.011100006,7.005599976,68.99428558,103.3677216,64.85645294,64.94663239,1154.400757,67.08253479,277.2650757,103.272995,1.0,0.0,0.00018821,0.000197033
2021-01-12,17:52:23,5.011700058,7.005500031,68.99529266,103.3763428,64.85798645,64.94641876,1154.407593,67.08213043,277.2663879,103.272995,1.0,0.0,0.00018821,0.000197033
2021-01-12,17:52:24,5.011299896,7.005599976,68.99427032,103.3854294,64.85734558,64.94657135,1154.403198,67.08253479,277.2648926,103.102623,1.0,0.0,0.00018821,0.000197033
2021-01-12,17:52:25,5.011700058,7.005500031,68.99427032,103.3943329,64.85794067,64.94677734,1154.397583,67.08213043,277.2663879,103.102623,1.0,0.0,0.00018821,0.000197075
2021-01-12,17:52:26,5.011399841,7.005599976,68.99324036,103.4047852,64.85820007,64.94670868,1154.399414,67.08195496,277.2669983,103.102623,1.0,0.0,0.00018821,0.000197075
2021-01-12,17:52:27,5.011800003,7.005699921,68.99324036,103.4134521,64.8586731,64.94677734,1154.397583,67.08217621,277.2662354,103.102623,1.0,0.0,0.00018821,0.000197081
2021-01-12,17:52:28,5.011600113,7.005599976,68.99324036,103.423111,64.85734558,64.94673157,1154.398926,67.08181763,277.2675171,103.102623,1.0,0.0,0.00018821,0.000197081
2021-01-12,17:52:29,5.011800003,7.005699921,68.99324036,103.4321823,64.85803223,64.94693756,1154.392944,67.08200073,277.2666321,103.2809525,1.0,0.0,0.00018821,0.000197081
2021-01-12,17:52:30,5.011600113,7.005699921,68.99220276,103.4395828,64.8583374,64.9469986,1154.390991,67.08145905,277.2687073,103.2809525,1.0,0.0,0.00018821,0.000197081
2021-01-12,17:52:31,5.011899948,7.005599976,68.99321747,103.4498901,64.85877991,64.94693756,1154.392944,67.08195496,277.2669067,103.2809525,1.0,0.0,0.00018821,0.000197081
2021-01-12,17:52:32,5.011700058,7.005699921,68.99215698,103.4588394,64.85765076,64.94722748,1154.384277,67.08168793,277.2679138,103.2809525,1.0,0.0,0.00018821,0.000197081
2021-01-12,17:52:33,5.012099838,7.005799866,68.99215698,103.4674225,64.85947418,64.94696045,1154.391846,67.08155823,277.2683716,103.2809525,1.0,0.0,0.00023175,0.000197081
2021-01-12,17:52:34,5.011700058,7.005699921,68.99215698,103.4757538,64.85873413,64.94722748,1154.385132,67.08168793,277.2678223,102.9819717,1.0,0.0,0.000224302,0.000197081
2021-01-12,17:52:35,5.011999893,7.005799866,68.99215698,103.4830399,64.85977173,64.94743347,1154.378662,67.08195496,277.2670593,102.9819717,1.0,0.0,0.000224302,0.000197081
2021-01-12,17:52:36,5.011600113,7.005799866,68.99215698,103.4931183,64.85996246,64.94752502,1154.376099,67.08164215,277.2680359,102.9819717,1.0,0.0,0.000224302,0.000197081
2021-01-12,17:52:37,5.012099838,7.005699921,68.99110413,103.5013046,64.85939789,64.94754791,1154.377441,67.08155823,277.2683411,102.9819717,1.0,0.0,0.000224302,0.000197081
2021-01-12,17:52:38,5.011800003,7.005799866,68.99110413,103.5095596,64.85998535,64.94758606,1154.374512,67.08168793,277.2677002,102.9819717,1.0,0.0,0.000224302,0.000197081
2021-01-12,17:52:39,5.01230011,7.005899811,68.99110413,103.516983,64.85947418,64.94740295,1154.379272,67.08145905,277.2688293,102.9819717,1.0,0.0,0.000224302,0.000197081
2021-01-12,17:52:40,5.011999893,7.005799866,68.99008942,103.5247192,64.8602829,64.94752502,1154.376587,67.08137512,277.269104,102.9819717,1.0,0.0,0.000224302,0.000197081
2021-01-12,17:52:41,5.01230011,7.005899811,68.99008942,103.5337982,64.86134338,64.94758606,1154.374146,67.08145905,277.2687073,102.9819717,1.0,0.0,0.000224302,0.000197081
2021-01-12,17:52:42,5.012099838,7.005799866,68.99008942,103.5417099,64.86016846,64.94790649,1154.365723,67.08190918,277.2671814,102.9819717,1.0,0.0,0.000224302,0.000197081
2021-01-12,17:52:43,5.012400055,7.005799866,68.99008942,103.5484772,64.86108398,64.94779205,1154.368652,67.08151245,277.2684937,102.9819717,1.0,0.0,0.000224302,0.000197081
2021-01-12,17:52:44,5.012200165,7.005899811,68.99008942,103.5577011,64.85955811,64.94820404,1154.357178,67.08106995,277.2701111,103.1336823,1.0,0.0,0.000224302,0.000197056
2021-01-12,17:52:45,5.0125,7.005799866,68.98904419,103.5646896,64.86077881,64.94796753,1154.363403,67.08128357,277.2693481,103.1336823,1.0,0.0,0.000224302,0.000197056
2021-01-12,17:52:46,5.01230011,7.005799866,68.98904419,103.5735626,64.86019897,64.94822693,1154.356812,67.08110809,277.2698364,103.1336823,1.0,0.0,0.000224302,0.000197056
2021-01-12,17:52:47,5.0125,7.005799866,68.98904419,103.5792999,64.86112976,64.94813538,1154.359741,67.08124542,277.2694702,103.1336823,1.0,0.0,0.000224302,0.000197056
2021-01-12,17:52:48,5.01230011,7.005799866,68.98904419,103.5869217,64.85990906,64.94842529,1154.35083,67.08151245,277.2685852,103.1336823,1.0,0.0,0.000224302,0.000197056
2021-01-12,17:52:49,5.012799835,7.005799866,68.98802948,103.5946121,64.86232758,64.94841003,1154.351929,67.08115387,277.2696838,102.761673,1.0,0.0,0.000200745,0.000197056
2021-01-12,17:52:50,5.01230011,7.005699921,68.98802948,103.6017456,64.8601532,64.94838715,1154.35083,67.08145905,277.2686462,102.761673,1.0,0.0,0.000200745,0.000197056
2021-01-12,17:52:51,5.012599945,7.005699921,68.98802948,103.6089172,64.86096954,64.94861603,1154.345947,67.081604,277.2692261,102.761673,1.0,0.0,0.000200745,0.000197056
2021-01-12,17:52:52,5.01230011,7.005799866,68.98802948,103.6157608,64.85986328,64.94883728,1154.339722,67.08084106,277.270813,102.761673,1.0,0.0,0.000200745,0.000197056
2021-01-12,17:52:53,5.012799835,7.005699921,68.98697662,103.6222,64.86112976,64.94865417,1154.344849,67.08155823,277.2684021,102.761673,1.0,0.0,0.000200745,0.000197056
2021-01-12,17:52:54,5.01230011,7.005699921,68.98697662,103.6304398,64.86134338,64.94902039,1154.334717,67.08115387,277.2696838,102.9964447,1.0,0.0,0.000200745,0.000197056
2021-01-12,17:52:55,5.01269989,7.005699921,68.98697662,103.6373215,64.86120605,64.94905853,1154.333252,67.08088684,277.2706909,102.9964447,1.0,0.0,0.000200745,0.000197056
2021-01-12,17:52:56,5.0125,7.005699921,68.98697662,103.6442642,64.86009979,64.94926453,1154.327515,67.08142853,277.2687378,102.9964447,1.0,0.0,0.000200745,0.000197056
2021-01-12,17:52:57,5.012799835,7.005699921,68.98595428,103.6513672,64.86114502,64.94919586,1154.325806,67.08106995,277.2700195,102.9964447,1.0,0.0,0.000200745,0.000197056
2021-01-12,17:52:58,5.0125,7.005599976,68.98595428,103.6582718,64.86125183,64.9491806,1154.330566,67.08110809,277.2698669,102.9964447,1.0,0.0,0.000200745,0.000197056
2021-01-12,17:52:59,5.012799835,7.005699921,68.98595428,103.6636581,64.86209106,64.94934845,1154.324829,67.08128357,277.2693176,102.9964447,1.0,0.0,0.000200745,0.000197056
2021-01-12,17:53:00,5.012599945,7.005599976,68.98595428,103.6708984,64.86081696,64.94928741,1154.326904,67.08084106,277.2707214,102.9964447,1.0,0.0,0.000200745,0.000197056
2021-01-12,17:53:01,5.013100052,7.005699921,68.98490143,103.676857,64.86128235,64.94946289,1154.321777,67.08061218,277.2715149,102.9964447,1.0,0.0,0.000200745,0.000197056
2021-01-12,17:53:02,5.01269989,7.005699921,68.98490143,103.683754,64.86081696,64.94978333,1154.313477,67.08137512,277.2690735,102.9964447,1.0,0.0,0.000200745,0.000197056
2021-01-12,17:53:03,5.013000107,7.005699921,68.98591614,103.690155,64.86101532,64.94987488,1154.310181,67.08065796,277.2714844,102.9964447,1.0,0.0,0.000200745,0.000197056
2021-01-12,17:53:04,5.012799835,7.005699921,68.98484039,103.6968765,64.86264801,64.95007324,1154.305054,67.08106995,277.2700806,103.1061096,1.0,0.0,0.000200745,0.000197056
2021-01-12,17:53:05,5.013100052,7.005699921,68.98484039,103.7034683,64.86181641,64.94992065,1154.309204,67.08110809,277.2698975,103.1061096,1.0,0.0,0.000200745,0.000197056
2021-01-12,17:53:06,5.013299942,7.005799866,68.98484039,103.7091064,64.86203003,64.95017242,1154.302368,67.08119965,277.2695923,103.1061096,1.0,0.0,0.000200745,0.000197056
2021-01-12,17:53:07,5.013000107,7.005699921,68.98484039,103.7151031,64.86157227,64.95012665,1154.303345,67.08145905,277.2686157,103.1061096,1.0,0.0,0.000200745,0.000197056
2021-01-12,17:53:08,5.013299942,7.005699921,68.98484039,103.7213135,64.86250305,64.95023346,1154.300293,67.08115387,277.2696533,103.1061096,1.0,0.0,0.000211706,0.000197056
2021-01-12,17:53:09,5.01269989,7.005699921,68.98484039,103.7268906,64.86209869,64.95007324,1154.304688,67.08132935,277.2702026,102.9256668,1.0,0.0,0.000211706,0.000197056
2021-01-12,17:53:10,5.013299942,7.005799866,68.98484039,103.7328949,64.86089325,64.95043182,1154.294678,67.08124542,277.2688904,102.9256668,1.0,0.0,0.000211706,0.00019705
2021-01-12,17:53:11,5.013600159,7.005899811,68.98375702,103.7381668,64.86224365,64.95056915,1154.290649,67.08119965,277.2695923,102.9256668,1.0,0.0,0.000211706,0.00019705
2021-01-12,17:53:12,5.013299942,7.005899811,68.98274994,103.743988,64.86329651,64.95066071,1154.288452,67.08132935,277.2691956,102.9256668,1.0,0.0,0.000211706,0.00019705
2021-01-12,17:53:13,5.013700104,7.005799866,68.98274994,103.7499237,64.86181641,64.95082092,1154.283325,67.08106995,277.269928,102.9256668,1.0,0.0,0.000211706,0.00019705
2021-01-12,17:53:14,5.013299942,7.005899811,68.98274994,103.7552032,64.86256409,64.95063782,1154.288818,67.08145905,277.2686768,103.1016006,1.0,0.0,0.000211706,0.00019705
2021-01-12,17:53:15,5.013700104,7.005799866,68.98274994,103.7600479,64.8621521,64.95085907,1154.282593,67.08119965,277.2695313,103.1016006,1.0,0.0,0.000211706,0.00019705
2021-01-12,17:53:16,5.013399887,7.005899811,68.98274994,103.7654266,64.86254883,64.95106506,1154.276733,67.08137512,277.2691345,103.1016006,1.0,0.0,0.000150241,0.00019705
2021-01-12,17:53:17,5.013800049,7.005799866,68.98274994,103.7713547,64.86218262,64.9511795,1154.280151,67.08119965,277.2695923,103.1016006,1.0,0.0,0.000177431,0.00019705
2021-01-12,17:53:18,5.013600159,7.005799866,68.98274994,103.7772293,64.86280823,64.95142365,1154.266602,67.08151245,277.2684937,103.1016006,1.0,0.0,0.000177431,0.00019705
2021-01-12,17:53:19,5.013800049,7.005799866,68.98274994,103.7812958,64.86319733,64.95114899,1154.273926,67.08119965,277.2695313,102.9606781,1.0,0.0,0.000174222,0.00019705
2021-01-12,17:53:20,5.013999939,7.005799866,68.98169708,103.785965,64.86190796,64.9515152,1154.26416,67.08142853,277.2687683,102.9606781,1.0,0.0,0.000174222,0.00019705
2021-01-12,17:53:21,5.013499832,7.005799866,68.98169708,103.7907486,64.8631897,64.95159149,1154.262207,67.08119965,277.2695923,102.9606781,1.0,0.0,0.000174222,0.00019705
2021-01-12,17:53:22,5.014099884,7.005899811,68.98169708,103.795105,64.86283875,64.95142365,1154.266602,67.08145905,277.2687073,102.9606781,1.0,0.0,0.000174222,0.00019705
2021-01-12,17:53:23,5.013700104,7.005999756,68.98169708,103.8005371,64.8633728,64.95161438,1154.261719,67.08187103,277.2673645,102.9606781,1.0,0.0,0.000174222,0.000197162
2021-01-12,17:53:24,5.014099884,7.005999756,68.98169708,103.8056641,64.86224365,64.95167542,1154.259644,67.08168793,277.2679138,102.9606781,1.0,0.0,0.000174222,0.000197162
2021-01-12,17:53:25,5.013899994,7.005899811,68.98069,103.810318,64.8644104,64.95145416,1154.265991,67.08200073,277.2667542,102.9606781,1.0,0.0,0.000174222,0.000197162
2021-01-12,17:53:26,5.014099884,7.005899811,68.98069,103.8152008,64.86387634,64.9516983,1154.258789,67.08128357,277.2693176,102.9606781,1.0,0.0,0.000174222,0.000197162
2021-01-12,17:53:27,5.013800049,7.005899811,68.98069,103.8203659,64.86292267,64.9515686,1154.262817,67.08187103,277.267395,102.9606781,1.0,0.0,0.000192691,0.000197162
2021-01-12,17:53:28,5.014300156,7.005799866,68.98069,103.824379,64.86254883,64.95211029,1154.247925,67.08195496,277.2668762,102.9606781,1.0,0.0,0.000192691,0.000197162
2021-01-12,17:53:29,5.013800049,7.005799866,68.97966003,103.8289871,64.86428833,64.95185852,1154.254517,67.08168793,277.2679138,102.9606781,1.0,0.0,0.000192691,0.000197162
2021-01-12,17:53:30,5.014300156,7.005799866,68.97966003,103.8323288,64.86310577,64.95217133,1154.245605,67.08164215,277.268158,102.9606781,1.0,0.0,0.000168348,0.000196925
2021-01-12,17:53:31,5.013999939,7.005799866,68.97966003,103.8371735,64.86399841,64.95213318,1154.24707,67.08142853,277.2687988,102.9606781,1.0,0.0,0.000180641,0.000196925
2021-01-12,17:53:32,5.014199829,7.005799866,68.97966003,103.8411407,64.86317444,64.95222473,1154.244263,67.08164215,277.2680664,102.9606781,1.0,0.0,0.000180641,0.000196925
2021-01-12,17:53:33,5.014599991,7.005899811,68.97966003,103.8449478,64.86366272,64.9524231,1154.238892,67.08172607,277.2677612,102.9606781,1.0,0.0,0.000180641,0.000196925
2021-01-12,17:53:34,5.014199829,7.005799866,68.97966003,103.8493576,64.86419678,64.95258331,1154.235352,67.08195496,277.2669373,102.9606781,1.0,0.0,0.000180641,0.000196925
2021-01-12,17:53:35,5.014400101,7.005899811,68.97966003,103.8527298,64.86513519,64.95226288,1154.243042,67.08195496,277.2671509,102.9606781,1.0,0.0,0.000164593,0.000197006
2021-01-12,17:53:36,5.014099884,7.005799866,68.97756195,103.8562927,64.86422729,64.95249176,1154.237305,67.08177185,277.2676392,102.9606781,1.0,0.0,0.000164593,0.000197006
2021-01-12,17:53:37,5.014699936,7.005899811,68.97756195,103.8609848,64.86370087,64.95277405,1154.230103,67.08164215,277.268158,102.9606781,1.0,0.0,0.000164593,0.000197006
2021-01-12,17:53:38,5.014199829,7.005799866,68.97756195,103.8642197,64.86541748,64.95294189,1154.224609,67.08187103,277.2674255,102.9606781,1.0,0.0,0.000164593,0.000197006
2021-01-12,17:53:39,5.014599991,7.005899811,68.97756195,103.8673859,64.86480713,64.95307922,1154.220703,67.08195496,277.2671204,102.7456589,1.0,0.0,0.000164593,0.000197006
2021-01-12,17:53:40,5.014400101,7.005799866,68.97756195,103.8714218,64.86457825,64.95296478,1154.223999,67.08217621,277.2662354,102.7456589,1.0,0.0,0.000164593,0.000197006
2021-01-12,17:53:41,5.014899826,7.005899811,68.97756195,103.8745117,64.86566162,64.95307922,1154.220825,67.08204651,277.2667236,102.7456589,1.0,0.0,0.000164593,0.000197006
2021-01-12,17:53:42,5.014400101,7.005799866,68.97756195,103.8784866,64.86528778,64.95301056,1154.2229,67.08172607,277.2677002,102.7456589,1.0,0.0,0.000164593,0.000197006
2021-01-12,17:53:43,5.014899826,7.005899811,68.97756195,103.8818436,64.86581421,64.95320892,1154.216919,67.08204651,277.2667236,102.7456589,1.0,0.0,0.000164593,0.000197006
2021-01-12,17:53:44,5.014599991,7.005799866,68.97756195,103.8858261,64.86514282,64.95343018,1154.211426,67.08213043,277.2664185,102.7456589,1.0,0.0,0.000171557,0.000197006
2021-01-12,17:53:45,5.014899826,7.005899811,68.97756195,103.8875809,64.86417389,64.95337677,1154.212646,67.08217621,277.2665405,102.7456589,1.0,0.0,0.000171557,0.000197006
2021-01-12,17:53:46,5.014400101,7.005799866,68.97756195,103.8898163,64.86526489,64.95362091,1154.205933,67.08195496,277.2670593,102.7456589,1.0,0.0,0.000171557,0.000197006
2021-01-12,17:53:47,5.015000153,7.005899811,68.97655487,103.8930817,64.86501312,64.95349121,1154.209717,67.08213043,277.2663879,102.7456589,1.0,0.0,0.000171557,0.000197006
2021-01-12,17:53:48,5.014599991,7.005799866,68.97655487,103.8949203,64.865242,64.95381165,1154.200317,67.08208466,277.2666931,102.7456589,1.0,0.0,0.000171557,0.000197065
2021-01-12,17:53:49,5.014899826,7.005899811,68.97655487,103.8979568,64.86445618,64.95366669,1154.20459,67.08217621,277.2662354,102.8608246,1.0,0.0,0.000171557,0.000197065
2021-01-12,17:53:50,5.015100098,7.005899811,68.97554016,103.9002686,64.86499786,64.95389557,1154.198364,67.08253479,277.2649536,102.8608246,1.0,0.0,0.000171557,0.000197065
2021-01-12,17:53:51,5.014699936,7.005799866,68.97554016,103.9029922,64.86477661,64.95384979,1154.199585,67.08195496,277.2669373,102.8608246,1.0,0.0,0.000171557,0.000197065
2021-01-12,17:53:52,5.015299988,7.005799866,68.97554016,103.905571,64.86497498,64.9539566,1154.196533,67.08226776,277.2658081,102.8608246,1.0,0.0,0.000171557,0.000197065
2021-01-12,17:53:53,5.014899826,7.005799866,68.97554016,103.908989,64.86550903,64.9539566,1154.195801,67.08235931,277.2662964,102.8608246,1.0,0.0,0.000171557,0.000197065
2021-01-12,17:53:54,5.015200043,7.005699921,68.97554016,103.9114456,64.86582947,64.95412445,1154.191772,67.08222198,277.2659607,102.8608246,1.0,0.0,0.000130984,0.000197065
2021-01-12,17:53:55,5.015000153,7.005799866,68.97554016,103.9137344,64.86470032,64.95420074,1154.189575,67.08208466,277.2664795,102.8608246,1.0,0.0,0.000130984,0.000197065
2021-01-12,17:53:56,5.015399933,7.005699921,68.97554016,103.9157791,64.86541748,64.95429993,1154.186523,67.08222198,277.2659607,102.8608246,1.0,0.0,0.000130984,0.000196934
2021-01-12,17:53:57,5.015100098,7.005599976,68.97451782,103.919281,64.86425781,64.95422363,1154.188721,67.08187103,277.267395,102.8608246,1.0,0.0,0.000130984,0.000196934
2021-01-12,17:53:58,5.015299988,7.005699921,68.97451782,103.9218674,64.86653137,64.95439148,1154.184326,67.08253479,277.2650452,102.8608246,1.0,0.0,0.000130984,0.000196934
2021-01-12,17:53:59,5.015499878,7.005599976,68.97451782,103.9230118,64.86538696,64.95468903,1154.176636,67.08235931,277.265564,102.6906281,1.0,0.0,0.000130984,0.000196934
2021-01-12,17:54:00,5.015200043,7.005699921,68.97451782,103.9261856,64.86642456,64.95464325,1154.17749,67.08262634,277.2646484,102.6906281,1.0,0.0,0.000130984,0.000196934
2021-01-12,17:54:01,5.015399933,7.005599976,68.97348022,103.928894,64.86573792,64.9545517,1154.179565,67.08267212,277.2647095,102.6906281,1.0,0.0,0.000130984,0.000196934
2021-01-12,17:54:02,5.015100098,7.005699921,68.97348022,103.9304962,64.86610413,64.95484924,1154.171265,67.08253479,277.2649536,102.6906281,1.0,0.0,0.000130984,0.000196934
2021-01-12,17:54:03,5.015499878,7.005599976,68.97348022,103.9328003,64.86546326,64.95466614,1154.17688,67.08280182,277.2642212,102.6906281,1.0,0.0,0.000130984,0.000196934
2021-01-12,17:54:04,5.01570015,7.005699921,68.97348022,103.9347,64.8651123,64.95495605,1154.168457,67.08253479,277.2650452,102.9050217,1.0,0.0,0.000130984,0.000196934
2021-01-12,17:54:05,5.015299988,7.005699921,68.97348022,103.9365692,64.86552429,64.9550705,1154.165527,67.0827179,277.2644348,102.9050217,1.0,0.0,0.000130984,0.000196934
2021-01-12,17:54:06,5.015499878,7.005699921,68.97348022,103.9382935,64.86578369,64.95519257,1154.169067,67.08275604,277.2642517,102.9050217,1.0,0.0,0.000130984,0.000196934
2021-01-12,17:54:07,5.015800095,7.005699921,68.97348022,103.9394836,64.86592102,64.95511627,1154.161499,67.08289337,277.2637024,102.9050217,1.0,0.0,0.000130984,0.000196934
2021-01-12,17:54:08,5.015200043,7.005599976,68.97247314,103.9424896,64.86659241,64.95529938,1154.164551,67.08248901,277.2652588,102.9050217,1.0,0.0,0.000130984,0.000196934
2021-01-12,17:54:09,5.015800095,7.005699921,68.97247314,103.94384,64.86531067,64.95513916,1154.159546,67.08226776,277.2658997,102.9050217,1.0,0.0,0.000130984,0.000196934
2021-01-12,17:54:10,5.015399933,7.005599976,68.97247314,103.9452515,64.86593628,64.95516205,1154.163208,67.0828476,277.2639465,102.9050217,1.0,0.0,0.000130984,0.000196934
2021-01-12,17:54:11,5.015800095,7.005699921,68.97247314,103.9472504,64.86549377,64.95526886,1154.159668,67.0827179,277.2643738,102.9050217,1.0,0.0,0.000130984,0.000196934
2021-01-12,17:54:12,5.015399933,7.005699921,68.97247314,103.9494171,64.86604309,64.95547485,1154.153809,67.08320618,277.2626953,102.9050217,1.0,0.0,0.000130984,0.000196934
2021-01-12,17:54:13,5.01590004,7.005699921,68.97141266,103.9511719,64.86495209,64.95539093,1154.15625,67.08275604,277.2642212,102.9050217,1.0,0.0,0.000130984,0.000196934
2021-01-12,17:54:14,5.015499878,7.005599976,68.97141266,103.9519882,64.86588287,64.95559692,1154.150757,67.0828476,277.263855,102.9050217,1.0,0.0,0.000130984,0.000197029
2021-01-12,17:54:15,5.015800095,7.005599976,68.97141266,103.953476,64.86538696,64.95589447,1154.142944,67.08289337,277.2637634,102.9050217,1.0,0.0,0.000130984,0.000197029
2021-01-12,17:54:16,5.015499878,7.005599976,68.97141266,103.955368,64.86663055,64.95575714,1154.146606,67.08275604,277.2643127,102.9050217,1.0,0.0,0.000130984,0.000197029
2021-01-12,17:54:17,5.01590004,7.005500031,68.97141266,103.9562225,64.86598206,64.95601654,1154.138916,67.0828476,277.2640076,102.9050217,1.0,0.0,0.000130984,0.000197029
2021-01-12,17:54:18,5.015499878,7.005500031,68.97038269,103.9573212,64.86460876,64.95595551,1154.140747,67.08320618,277.2627563,102.9050217,1.0,0.0,0.000130984,0.000197029
2021-01-12,17:54:19,5.015999985,7.005599976,68.97038269,103.9583054,64.86572266,64.95601654,1154.138672,67.08280182,277.2640991,103.055809,1.0,0.0,0.000130984,0.000197029
2021-01-12,17:54:20,5.015800095,7.005699921,68.97038269,103.9601135,64.86585999,64.95590973,1154.142212,67.0827179,277.2644653,103.055809,1.0,0.0,0.000161141,0.000197029
2021-01-12,17:54:21,5.01609993,7.005599976,68.97038269,103.9611816,64.86682129,64.95601654,1154.13916,67.08293152,277.2636719,103.055809,1.0,0.0,0.000161141,0.000197029
2021-01-12,17:54:22,5.015800095,7.005599976,68.97038269,103.9621277,64.86763,64.95613861,1154.135742,67.08262634,277.26474,103.055809,1.0,0.0,0.000161141,0.000197029
2021-01-12,17:54:23,5.015999985,7.005699921,68.97038269,103.9632416,64.86631012,64.95595551,1154.140503,67.08299255,277.2635498,103.055809,1.0,0.0,0.000161141,0.000197029
2021-01-12,17:54:24,5.01570015,7.005599976,68.96935272,103.9643097,64.86746216,64.9562912,1154.130859,67.08342743,277.2620544,102.6955109,1.0,0.0,0.00014249,0.000197029
2021-01-12,17:54:25,5.01590004,7.005699921,68.96935272,103.9649887,64.86625671,64.95658875,1154.123169,67.08364868,277.2612,102.6955109,1.0,0.0,0.00014249,0.000197029
2021-01-12,17:54:26,5.01570015,7.005699921,68.96935272,103.9659958,64.86657715,64.95649719,1154.12561,67.0828476,277.2640381,102.6955109,1.0,0.0,0.00014249,0.000197005
2021-01-12,17:54:27,5.01609993,7.005699921,68.96935272,103.9681549,64.8662262,64.95665741,1154.121338,67.08311462,277.2631226,102.6955109,1.0,0.0,0.00014249,0.000197005
2021-01-12,17:54:28,5.015800095,7.005599976,68.96935272,103.9682617,64.86698914,64.95654297,1154.123901,67.08280182,277.2641602,102.6955109,1.0,0.0,0.000195598,0.000197005
2021-01-12,17:54:29,5.01609993,7.005699921,68.96834564,103.9689941,64.86758423,64.95667267,1154.120117,67.08320618,277.2626343,102.6955109,1.0,0.0,0.000195598,0.000197005
2021-01-12,17:54:30,5.01570015,7.005799866,68.96834564,103.9695511,64.86659241,64.95665741,1154.121216,67.08299255,277.2634888,102.6955109,1.0,0.0,0.000195598,0.000197005
2021-01-12,17:54:31,5.016400146,7.005699921,68.96834564,103.9696579,64.86805725,64.95693207,1154.113281,67.08324432,277.2625122,102.6955109,1.0,0.0,0.000195598,0.000197005
2021-01-12,17:54:32,5.01590004,7.005799866,68.96834564,103.9708557,64.86611938,64.95703888,1154.109985,67.08311462,277.2630615,102.6955109,1.0,0.0,0.000195598,0.000197005
2021-01-12,17:54:33,5.016199875,7.005799866,68.96834564,103.971489,64.86787415,64.95681,1154.116333,67.08320618,277.2626648,102.6955109,1.0,0.0,0.000195598,0.000197005
2021-01-12,17:54:34,5.01590004,7.005699921,68.96834564,103.9723969,64.86595154,64.95701599,1154.11084,67.0831604,277.2628784,102.6955109,1.0,0.0,0.000195598,0.000197005
2021-01-12,17:54:35,5.016199875,7.005899811,68.96834564,103.9720306,64.86717224,64.95697021,1154.112915,67.08320618,277.2630615,102.6955109,1.0,0.0,0.000195598,0.000197005
2021-01-12,17:54:36,5.016400146,7.005799866,68.96834564,103.9734726,64.86639404,64.95724487,1154.104004,67.0828476,277.2640381,102.6955109,1.0,0.0,0.000149091,0.000196925
2021-01-12,17:54:37,5.01609993,7.005899811,68.96726227,103.9745331,64.86831665,64.95735168,1154.101685,67.08333588,277.2623291,102.6955109,1.0,0.0,0.000175735,0.000196925
2021-01-12,17:54:38,5.01629982,7.005899811,68.96726227,103.973732,64.86653137,64.95740509,1154.100098,67.0830307,277.2633667,102.6955109,1.0,0.0,0.000175735,0.000196925
2021-01-12,17:54:39,5.016500092,7.005899811,68.96726227,103.9753342,64.86759949,64.95742035,1154.099365,67.08293152,277.2636414,102.9050064,1.0,0.0,0.000175735,0.000196925
2021-01-12,17:54:40,5.01629982,7.005999756,68.96726227,103.9758682,64.86669922,64.95733643,1154.102295,67.0832901,277.2624207,102.9050064,1.0,0.0,0.000175735,0.000196925
2021-01-12,17:54:41,5.016500092,7.005899811,68.96726227,103.9746933,64.86610413,64.95765686,1154.093262,67.08351898,277.2616577,102.9050064,1.0,0.0,0.000175735,0.000196925
2021-01-12,17:54:42,5.016199875,7.005999756,68.96623993,103.9759827,64.8664093,64.95746613,1154.098145,67.0830307,277.2633057,102.9050064,1.0,0.0,0.000175735,0.000196925
2021-01-12,17:54:43,5.016600037,7.005999756,68.96623993,103.9765549,64.86669922,64.95735168,1154.101196,67.08333588,277.2622375,102.9050064,1.0,0.0,0.000175735,0.000196925
2021-01-12,17:54:44,5.016400146,7.005999756,68.96623993,103.9767761,64.86645508,64.95755005,1154.095215,67.08360291,277.2614136,102.9050064,1.0,0.0,0.000175735,0.000196925
2021-01-12,17:54:45,5.016699982,7.006099701,68.96623993,103.9770355,64.86584473,64.95780945,1154.088745,67.0831604,277.2629089,102.9050064,1.0,0.0,0.000175735,0.000196925
2021-01-12,17:54:46,5.01629982,7.005999756,68.96623993,103.977272,64.86688232,64.95763397,1154.093506,67.08338165,277.2621765,102.9050064,1.0,0.0,0.000175735,0.000196925
2021-01-12,17:54:47,5.016600037,7.006099701,68.96623993,103.9767456,64.86646271,64.95804596,1154.082031,67.08351898,277.2616577,102.9050064,1.0,0.0,0.000175735,0.000197016
2021-01-12,17:54:48,5.01629982,7.006199646,68.96623993,103.9776993,64.86685181,64.95819855,1154.077759,67.08378601,277.2608337,102.9050064,1.0,0.0,0.000175735,0.000197016
2021-01-12,17:54:49,5.016699982,7.006099701,68.96623993,103.9780121,64.86751556,64.95771027,1154.09082,67.08364868,277.261261,102.9050064,1.0,0.0,0.000145639,0.000197016
2021-01-12,17:54:50,5.016400146,7.006099701,68.96521759,103.9766922,64.8661499,64.95776367,1154.092285,67.08342743,277.2618408,102.9050064,1.0,0.0,0.000145639,0.000197016
2021-01-12,17:54:51,5.016799927,7.006099701,68.96521759,103.9763489,64.86709595,64.95809174,1154.080322,67.08369446,277.2611389,102.9050064,1.0,0.0,0.000145639,0.000197016
2021-01-12,17:54:52,5.016500092,7.006099701,68.96521759,103.9784241,64.86502075,64.95814514,1154.078857,67.08356476,277.2615051,102.9050064,1.0,0.0,0.000145639,0.000197016
2021-01-12,17:54:53,5.016799927,7.006099701,68.96521759,103.9764175,64.86743164,64.95799255,1154.08313,67.08333588,277.2622681,102.9050064,1.0,0.0,0.000145639,0.000197016
2021-01-12,17:54:54,5.016500092,7.006199646,68.96521759,103.9772491,64.866745,64.95795441,1154.084717,67.08320618,277.2626343,102.7846451,1.0,0.0,0.000145639,0.000197016
2021-01-12,17:54:55,5.016899872,7.006199646,68.96418762,103.9780045,64.86727905,64.95802307,1154.082886,67.08333588,277.2623291,102.7846451,1.0,0.0,0.000145639,0.000197016
2021-01-12,17:54:56,5.016600037,7.006199646,68.96418762,103.9776611,64.86665344,64.95835114,1154.07312,67.08387756,277.2605286,102.7846451,1.0,0.0,0.000145639,0.000197016
2021-01-12,17:54:57,5.016899872,7.006199646,68.96418762,103.9787598,64.86600494,64.95844269,1154.071045,67.08369446,277.2609558,102.7846451,1.0,0.0,0.000145639,0.000197016
2021-01-12,17:54:58,5.016600037,7.006199646,68.96418762,103.9774094,64.86685944,64.95864868,1154.06543,67.08392334,277.2602844,102.7846451,1.0,0.0,0.000145639,0.000197016
2021-01-12,17:54:59,5.016999817,7.006199646,68.96418762,103.9772034,64.86601257,64.95848083,1154.069458,67.08360291,277.2614441,103.0907211,1.0,0.0,0.000145639,0.000197016
2021-01-12,17:55:00,5.016799927,7.006199646,68.96418762,103.9779587,64.86810303,64.95839691,1154.072388,67.08369446,277.2610474,103.0907211,1.0,0.0,0.000118873,0.000196994
2021-01-12,17:55:01,5.016899872,7.006099701,68.96418762,103.9762573,64.86625671,64.95802307,1154.08252,67.08360291,277.2613831,103.0907211,1.0,0.0,0.000118873,0.000196963
2021-01-12,17:55:02,5.016600037,7.006099701,68.96418762,103.9770126,64.86585999,64.95867157,1154.064819,67.08378601,277.2607422,103.0907211,1.0,0.0,0.000118873,0.000196963
2021-01-12,17:55:03,5.016999817,7.006199646,68.96418762,103.9768829,64.86671448,64.95877838,1154.061523,67.08399963,277.2600098,103.0907211,1.0,0.0,0.000118873,0.000196963
2021-01-12,17:55:04,5.016699982,7.006099701,68.96418762,103.9775848,64.86721802,64.95884705,1154.059448,67.08338165,277.2621765,103.0907211,1.0,0.0,0.000118873,0.000196963
2021-01-12,17:55:05,5.017100143,7.006099701,68.96418762,103.9767456,64.86613464,64.95858765,1154.066772,67.08364868,277.2612305,103.0907211,1.0,0.0,0.000118873,0.000196963
2021-01-12,17:55:06,5.016899872,7.006099701,68.96418762,103.9768753,64.86785889,64.95894623,1154.056885,67.08399963,277.2600403,103.0907211,1.0,0.0,0.000118873,0.000196963
2021-01-12,17:55:07,5.017100143,7.006099701,68.96315002,103.9754486,64.86727142,64.9587326,1154.062134,67.08333588,277.2622681,103.0907211,1.0,0.0,0.000118873,0.000196963
2021-01-12,17:55:08,5.016799927,7.006099701,68.96315002,103.9758987,64.86695099,64.95891571,1154.057617,67.08387756,277.260498,103.0907211,1.0,0.0,0.000118873,0.000196963
2021-01-12,17:55:09,5.017100143,7.005999756,68.96315002,103.9751205,64.86752319,64.95877838,1154.061401,67.08369446,277.2611694,103.0907211,1.0,0.0,0.000133709,0.000196963
2021-01-12,17:55:10,5.016899872,7.006099701,68.96212769,103.9755936,64.86633301,64.95896912,1154.056274,67.08405304,277.2598267,103.0907211,1.0,0.0,0.000133709,0.000196963
2021-01-12,17:55:11,5.017300034,7.005999756,68.96212769,103.9745026,64.86663055,64.95900726,1154.055176,67.08378601,277.2608032,103.0907211,1.0,0.0,0.000133709,0.000196963
2021-01-12,17:55:12,5.017100143,7.006099701,68.96212769,103.9740677,64.8664856,64.95882416,1154.060181,67.08382416,277.2606506,103.0907211,1.0,0.0,0.000133709,0.000196963
2021-01-12,17:55:13,5.016899872,7.005999756,68.96212769,103.9750443,64.86688232,64.95900726,1154.055298,67.08378601,277.2607422,103.0907211,1.0,0.0,8.85944e-05,0.000196963
2021-01-12,17:55:14,5.017300034,7.005999756,68.96212769,103.9738464,64.86652374,64.95909882,1154.052734,67.08387756,277.260498,103.0907211,1.0,0.0,8.85944e-05,0.000196963
2021-01-12,17:55:15,5.017100143,7.005999756,68.96212769,103.9738083,64.86686707,64.95889282,1154.058105,67.08378601,277.2607422,103.0907211,1.0,0.0,8.85944e-05,0.000196963
2021-01-12,17:55:16,5.017399979,7.005999756,68.96212769,103.9731522,64.86667633,64.95919037,1154.050049,67.08369446,277.2609558,103.0907211,1.0,0.0,8.85944e-05,0.000196963
2021-01-12,17:55:17,5.017100143,7.005899811,68.96212769,103.9729767,64.86654663,64.95903015,1154.053955,67.08409119,277.2597046,103.0907211,1.0,0.0,8.85944e-05,0.000196827
2021-01-12,17:55:18,5.017300034,7.005999756,68.96111298,103.9721146,64.86686707,64.95914459,1154.051392,67.08369446,277.2611084,103.0907211,1.0,0.0,8.85944e-05,0.000196827
2021-01-12,17:55:19,5.017100143,7.005899811,68.96111298,103.9711533,64.86799622,64.95930481,1154.046997,67.08387756,277.260437,103.0907211,1.0,0.0,8.85944e-05,0.000196827
2021-01-12,17:55:20,5.017399979,7.005899811,68.96111298,103.9705658,64.86682129,64.95937347,1154.0448,67.08399963,277.2601318,103.0907211,1.0,0.0,8.85944e-05,0.000196827
2021-01-12,17:55:21,5.016999817,7.005899811,68.96111298,103.9706802,64.86692047,64.95919037,1154.050293,67.08392334,277.2599487,103.0907211,1.0,0.0,8.85944e-05,0.000196827
2021-01-12,17:55:22,5.017399979,7.005799866,68.96111298,103.9700012,64.86747742,64.95941162,1154.043457,67.08369446,277.2610168,103.0907211,1.0,0.0,8.85944e-05,0.000196827
2021-01-12,17:55:23,5.017200089,7.005899811,68.96111298,103.9698944,64.86724091,64.95935059,1154.045898,67.08405304,277.2597656,103.0907211,1.0,0.0,8.85944e-05,0.000196827
2021-01-12,17:55:24,5.017300034,7.005799866,68.96007538,103.9695969,64.86816406,64.95952606,1154.040283,67.08392334,277.260376,102.8815231,1.0,0.0,8.85944e-05,0.000196827
2021-01-12,17:55:25,5.017100143,7.005999756,68.96007538,103.9677582,64.86795807,64.95973969,1154.035156,67.08369446,277.2610779,102.8815231,1.0,0.0,8.85944e-05,0.000196827
2021-01-12,17:55:26,5.017300034,7.005999756,68.96007538,103.9690094,64.86714935,64.95937347,1154.0448,67.08423615,277.2592468,102.8815231,1.0,0.0,8.85944e-05,0.000196827
2021-01-12,17:55:27,5.017599869,7.005899811,68.96007538,103.9671326,64.86771393,64.95952606,1154.040405,67.08387756,277.260498,102.8815231,1.0,0.0,8.85944e-05,0.000196827
2021-01-12,17:55:28,5.017300034,7.005999756,68.96007538,103.9665451,64.86743164,64.9594574,1154.043091,67.08396149,277.2601624,102.8815231,1.0,0.0,8.85944e-05,0.000196827
2021-01-12,17:55:29,5.017499924,7.005799866,68.96007538,103.9658203,64.86608887,64.95939636,1154.044189,67.08405304,277.2598267,103.0410156,1.0,0.0,8.85944e-05,0.000196827
2021-01-12,17:55:30,5.017300034,7.005899811,68.95904541,103.9643784,64.86817932,64.95968628,1154.035767,67.08387756,277.2605286,103.0410156,1.0,0.0,8.85944e-05,0.000196827
2021-01-12,17:55:31,5.017599869,7.005799866,68.95904541,103.9645004,64.86854553,64.95978546,1154.038452,67.08405304,277.2597961,103.0410156,1.0,0.0,8.85944e-05,0.000196827
2021-01-12,17:55:32,5.017100143,7.005699921,68.95904541,103.9635391,64.86749268,64.95952606,1154.034546,67.08413696,277.259491,103.0410156,1.0,0.0,8.85944e-05,0.000196827
2021-01-12,17:55:33,5.017499924,7.005799866,68.95904541,103.9623108,64.86654663,64.95993805,1154.029541,67.08392334,277.2602844,103.0410156,1.0,0.0,8.85944e-05,0.000196827
2021-01-12,17:55:34,5.017200089,7.005699921,68.95904541,103.9617004,64.8691864,64.95993805,1154.028687,67.08382416,277.2606506,102.9384232,1.0,0.0,6.98824e-05,0.000196827
2021-01-12,17:55:35,5.017599869,7.005699921,68.95904541,103.9615555,64.86750793,64.95966339,1154.036621,67.08369446,277.2611389,102.9384232,1.0,0.0,6.98824e-05,0.000196827
2021-01-12,17:55:36,5.017300034,7.005699921,68.95904541,103.9605865,64.86714172,64.95993805,1154.029297,67.08423615,277.2592773,102.9384232,1.0,0.0,6.98824e-05,0.000196827
2021-01-12,17:55:37,5.017599869,7.005599976,68.95904541,103.9600067,64.86779785,64.95979309,1154.032593,67.08405304,277.2597961,102.9384232,1.0,0.0,6.98824e-05,0.000196827
2021-01-12,17:55:38,5.017399979,7.005699921,68.95904541,103.9594727,64.86749268,64.95991516,1154.029785,67.08351898,277.2615967,102.9384232,1.0,0.0,6.98824e-05,0.000196911
2021-01-12,17:55:39,5.017100143,7.005599976,68.95802307,103.9578476,64.86688232,64.95978546,1154.032959,67.08382416,277.2606201,102.9384232,1.0,0.0,6.98824e-05,0.000196911
2021-01-12,17:55:40,5.017599869,7.005599976,68.95802307,103.9582672,64.86772156,64.95993805,1154.029541,67.08360291,277.2613525,102.9384232,1.0,0.0,6.98824e-05,0.000196911
2021-01-12,17:55:41,5.017399979,7.005500031,68.95802307,103.9567413,64.86735535,64.9597168,1154.0354,67.08392334,277.2602844,102.9384232,1.0,0.0,6.98824e-05,0.000196911
2021-01-12,17:55:42,5.017599869,7.005599976,68.95802307,103.9559402,64.86778259,64.95991516,1154.030029,67.08369446,277.2609558,102.9384232,1.0,0.0,6.98824e-05,0.000196873
2021-01-12,17:55:43,5.017399979,7.005500031,68.95802307,103.9553757,64.86720276,64.96015167,1154.022949,67.08351898,277.2616577,102.9384232,1.0,0.0,6.98824e-05,0.000196873
2021-01-12,17:55:44,5.01780014,7.005500031,68.95802307,103.9549179,64.86878204,64.96004486,1154.026245,67.08413696,277.2595825,102.9384232,1.0,0.0,6.98824e-05,0.000196873
2021-01-12,17:55:45,5.017399979,7.005500031,68.95802307,103.9543152,64.86824036,64.96022797,1154.02124,67.08351898,277.2616882,102.9384232,1.0,0.0,6.98824e-05,0.000196873
2021-01-12,17:55:46,5.017200089,7.005400085,68.95695496,103.9525223,64.86858368,64.9598999,1154.030273,67.08364868,277.2612,102.9384232,1.0,0.0,6.98824e-05,0.000196873
2021-01-12,17:55:47,5.01780014,7.005400085,68.95695496,103.9512787,64.86791992,64.96004486,1154.026123,67.08378601,277.2608032,102.9384232,1.0,0.0,6.98824e-05,0.000196873
2021-01-12,17:55:48,5.017399979,7.005500031,68.95695496,103.9510651,64.86859131,64.95982361,1154.03186,67.08360291,277.2613525,102.9384232,1.0,0.0,6.98824e-05,0.000196873
2021-01-12,17:55:49,5.017699814,7.005400085,68.95695496,103.9497375,64.8678894,64.96013641,1154.023438,67.08374023,277.2608643,102.83358,1.0,0.0,6.98824e-05,0.000196873
2021-01-12,17:55:50,5.017399979,7.005400085,68.95695496,103.9497986,64.86724854,64.96000671,1154.027344,67.08369446,277.2609558,102.83358,1.0,0.0,9.30756e-05,0.000196833
2021-01-12,17:55:51,5.01780014,7.00530014,68.9559021,103.9480209,64.86804199,64.96029663,1154.019043,67.08387756,277.2604675,102.83358,1.0,0.0,9.30756e-05,0.000196833
2021-01-12,17:55:52,5.017399979,7.00530014,68.9559021,103.9472046,64.8677063,64.9603653,1154.017212,67.08369446,277.2609558,102.83358,1.0,0.0,9.30756e-05,0.000196855
2021-01-12,17:55:53,5.017699814,7.00530014,68.9559021,103.9458084,64.86837006,64.96028137,1154.019409,67.08413696,277.259491,102.83358,1.0,0.0,9.30756e-05,0.000196855
2021-01-12,17:55:54,5.017399979,7.00530014,68.9559021,103.9454117,64.86756897,64.96022797,1154.021118,67.08364868,277.2612915,103.03228,1.0,0.0,9.87679e-05,0.000196855
2021-01-12,17:55:55,5.017699814,7.005200195,68.9559021,103.9439697,64.86685944,64.96020508,1154.021606,67.08378601,277.2607422,103.03228,1.0,0.0,9.87679e-05,0.000196855
2021-01-12,17:55:56,5.017399979,7.005200195,68.9559021,103.9429245,64.86753845,64.96048737,1154.013794,67.08342743,277.2618713,103.03228,1.0,0.0,9.87679e-05,0.000196855
2021-01-12,17:55:57,5.017699814,7.005200195,68.9559021,103.9435577,64.86685944,64.96043396,1154.014893,67.08351898,277.2615967,103.03228,1.0,0.0,9.87679e-05,0.000196855
2021-01-12,17:55:58,5.017399979,7.00530014,68.9559021,103.9417877,64.86820221,64.96012115,1154.023926,67.08387756,277.260437,103.03228,1.0,0.0,9.87679e-05,0.00019686
2021-01-12,17:55:59,5.017599869,7.005200195,68.9559021,103.9409485,64.86776733,64.9599762,1154.027832,67.08399963,277.2600098,103.03228,1.0,0.0,9.87679e-05,0.00019686
2021-01-12,17:56:00,5.01780014,7.00510025,68.9559021,103.938858,64.86689758,64.96043396,1154.014893,67.08333588,277.2622375,103.03228,1.0,0.0,9.87679e-05,0.00019686
2021-01-12,17:56:01,5.017100143,7.005200195,68.9559021,103.9381409,64.86740112,64.96029663,1154.019043,67.08369446,277.2611694,103.03228,1.0,0.0,9.87679e-05,0.00019686
2021-01-12,17:56:02,5.017599869,7.005200195,68.95488739,103.9386978,64.86714935,64.96057129,1154.010864,67.08378601,277.2607422,103.03228,1.0,0.0,9.87679e-05,0.00019686
2021-01-12,17:56:03,5.017399979,7.00510025,68.95488739,103.9365005,64.86758423,64.96020508,1154.021729,67.08338165,277.262146,103.03228,1.0,0.0,9.87679e-05,0.00019686
2021-01-12,17:56:04,5.01780014,7.005200195,68.95488739,103.9347916,64.8667984,64.96039581,1154.016235,67.08356476,277.2615662,103.2020569,1.0,0.0,9.87679e-05,0.00019686
2021-01-12,17:56:05,5.017399979,7.00510025,68.95488739,103.9344864,64.86816406,64.9605484,1154.011597,67.08320618,277.2627258,103.2020569,1.0,0.0,9.87679e-05,0.00019686
2021-01-12,17:56:06,5.017599869,7.00510025,68.95488739,103.9331512,64.86708832,64.96066284,1154.009155,67.08342743,277.2620544,103.2020569,1.0,0.0,9.87679e-05,0.000196968
2021-01-12,17:56:07,5.017399979,7.00510025,68.95488739,103.9335556,64.86751556,64.96063995,1154.00769,67.0831604,277.2628174,103.2020569,1.0,0.0,9.87679e-05,0.000196968
2021-01-12,17:56:08,5.017599869,7.00510025,68.95488739,103.9321213,64.86697388,64.96046448,1154.014404,67.08333588,277.2623291,103.2020569,1.0,0.0,9.87679e-05,0.000196968
2021-01-12,17:56:09,5.017300034,7.005000305,68.95488739,103.9308853,64.8678894,64.9606781,1154.008423,67.08307648,277.2632446,103.2020569,1.0,0.0,9.87679e-05,0.000196968
2021-01-12,17:56:10,5.017599869,7.005000305,68.95488739,103.9300156,64.86815643,64.9604187,1154.015747,67.08360291,277.2614136,103.2020569,1.0,0.0,9.87679e-05,0.000196968
2021-01-12,17:56:11,5.017200089,7.005000305,68.95387268,103.9292755,64.86775208,64.96059418,1154.010742,67.0830307,277.2633972,103.2020569,1.0,0.0,9.87679e-05,0.000196968
2021-01-12,17:56:12,5.017499924,7.005000305,68.95387268,103.9281311,64.86708069,64.96043396,1154.015015,67.08333588,277.2622681,103.2020569,1.0,0.0,0.000123475,0.000196968
2021-01-12,17:56:13,5.017300034,7.005000305,68.95283508,103.9274979,64.86885071,64.96039581,1154.016479,67.08293152,277.2636108,103.2020569,1.0,0.0,0.000123475,0.000196968
2021-01-12,17:56:14,5.017599869,7.005000305,68.95283508,103.9257126,64.8674469,64.9605484,1154.011719,67.08311462,277.263031,103.0451279,1.0,0.0,0.000123475,0.000196968
2021-01-12,17:56:15,5.017300034,7.00490036,68.95283508,103.9262238,64.8677063,64.9605484,1154.011475,67.0830307,277.2633057,103.0451279,1.0,0.0,0.000123475,0.000197001
2021-01-12,17:56:16,5.017599869,7.00490036,68.95283508,103.9239578,64.86716461,64.96048737,1154.013916,67.0831604,277.2628479,103.0451279,1.0,0.0,0.000123475,0.000197001
2021-01-12,17:56:17,5.017300034,7.00490036,68.95283508,103.9233551,64.86752319,64.96072388,1154.00647,67.08333588,277.2623291,103.0451279,1.0,0.0,0.000123475,0.00019689
2021-01-12,17:56:18,5.017100143,7.004799652,68.95283508,103.9222183,64.86811829,64.96052551,1154.012207,67.0830307,277.2633057,103.0451279,1.0,0.0,0.000123475,0.00019689
2021-01-12,17:56:19,5.017499924,7.00490036,68.95283508,103.921669,64.86740112,64.96074677,1154.006348,67.08347321,277.2617493,103.0451279,1.0,0.0,8.02376e-05,0.00019689
2021-01-12,17:56:20,5.016999817,7.004799652,68.95283508,103.9206009,64.86712646,64.96084595,1154.003662,67.0831604,277.2629089,103.0451279,1.0,0.0,8.02376e-05,0.000196948
2021-01-12,17:56:21,5.017399979,7.004799652,68.95283508,103.9188385,64.86808014,64.9606781,1154.008545,67.08293152,277.2636719,103.0451279,1.0,0.0,8.02376e-05,0.000196948
2021-01-12,17:56:22,5.017100143,7.004699707,68.95180511,103.9192581,64.86802673,64.96061707,1154.010132,67.08299255,277.2634583,103.0451279,1.0,0.0,8.02376e-05,0.000196948
2021-01-12,17:56:23,5.017399979,7.00490036,68.95180511,103.9179916,64.86676025,64.96086121,1154.002686,67.0832901,277.2623596,103.0451279,1.0,0.0,8.02376e-05,0.000196948
2021-01-12,17:56:24,5.017100143,7.004799652,68.95180511,103.9165649,64.86729431,64.96061707,1154.01001,67.08320618,277.2627258,103.2913055,1.0,0.0,9.98579e-05,0.000196948
2021-01-12,17:56:25,5.017599869,7.004699707,68.95180511,103.9148254,64.86868286,64.96080017,1154.004883,67.08293152,277.2636719,103.2913055,1.0,0.0,9.98579e-05,0.000196948
2021-01-12,17:56:26,5.016899872,7.004799652,68.95180511,103.9160461,64.86834717,64.96048737,1154.013672,67.08320618,277.2626648,103.2913055,1.0,0.0,9.98579e-05,0.000196948
2021-01-12,17:56:27,5.017300034,7.004799652,68.95074463,103.913826,64.86880493,64.96072388,1154.00647,67.08275604,277.2642822,103.2913055,1.0,0.0,9.98579e-05,0.000196948
2021-01-12,17:56:28,5.017100143,7.004699707,68.95074463,103.9122925,64.86756134,64.96084595,1154.003784,67.08257294,277.2648621,103.2913055,1.0,0.0,9.98579e-05,0.000196948
2021-01-12,17:56:29,5.016899872,7.004699707,68.95074463,103.9109955,64.86724091,64.9605484,1154.011597,67.08324432,277.2625122,103.2913055,1.0,0.0,9.98579e-05,0.000196948
2021-01-12,17:56:30,5.017200089,7.004799652,68.95074463,103.9101181,64.86779785,64.96097565,1154.000366,67.08275604,277.2643433,103.2913055,1.0,0.0,9.98579e-05,0.000196948
2021-01-12,17:56:31,5.016899872,7.004699707,68.95074463,103.9092789,64.86766052,64.9606781,1154.008667,67.0830307,277.2633057,103.2913055,1.0,0.0,9.98579e-05,0.000196948
2021-01-12,17:56:32,5.017300034,7.004699707,68.95074463,103.9078827,64.86707306,64.96080017,1154.005127,67.0828476,277.2639465,103.2913055,1.0,0.0,0.000103249,0.000196915
2021-01-12,17:56:33,5.016899872,7.004599762,68.95074463,103.9071426,64.86899567,64.96072388,1154.00647,67.08299255,277.2634583,103.2913055,1.0,0.0,0.000103249,0.000196915
2021-01-12,17:56:34,5.017100143,7.004799652,68.95074463,103.9056473,64.86714172,64.9604187,1154.015747,67.0827179,277.2644958,108.2771759,1.0,0.0,0.000103249,0.000196896
2021-01-12,17:56:35,5.017399979,7.004699707,68.95074463,103.9045944,64.86851501,64.96061707,1154.010254,67.08299255,277.2634888,108.2771759,1.0,0.0,0.000103249,0.000196896
2021-01-12,17:56:36,5.017100143,7.004699707,68.95074463,103.9040833,64.86633301,64.9606781,1154.008057,67.08253479,277.2650452,108.2771759,1.0,0.0,0.000103249,0.000196896
2021-01-12,17:56:37,5.016899872,7.004699707,68.95074463,103.9032745,64.86820984,64.96088409,1154.002441,67.0828476,277.2639771,108.2771759,1.0,0.0,0.000103249,0.000196896
2021-01-12,17:56:38,5.017300034,7.004599762,68.95074463,103.9016953,64.86930847,64.96084595,1154.004272,67.08262634,277.2646484,108.2771759,1.0,0.0,0.000103249,0.000196896
2021-01-12,17:56:39,5.016899872,7.004599762,68.95074463,103.9014511,64.87002563,64.96095276,1154.000854,67.0828476,277.2640381,108.2771759,1.0,0.0,0.000103249,0.000196896
2021-01-12,17:56:40,5.017399979,7.004699707,68.95074463,103.8990097,64.8706131,64.96097565,1154.000366,67.08262634,277.264801,108.2771759,1.0,0.0,5.24421e-05,0.000196896
2021-01-12,17:56:41,5.016899872,7.004599762,68.949646,103.8985977,64.87110901,64.96105194,1153.998291,67.08248901,277.2651978,108.2771759,1.0,0.0,5.24421e-05,0.000196896
2021-01-12,17:56:42,5.017100143,7.004599762,68.94863129,103.8978958,64.87132263,64.96084595,1154.003662,67.08231354,277.2657776,108.2771759,1.0,0.0,5.24421e-05,0.000196896
2021-01-12,17:56:43,5.016799927,7.004499817,68.94863129,103.896698,64.87179565,64.96063995,1154.009521,67.08248901,277.2652283,108.2771759,1.0,0.0,5.24421e-05,0.000196896
2021-01-12,17:56:44,5.017100143,7.004499817,68.94863129,103.8960953,64.87160492,64.96099854,1153.998901,67.08262634,277.2646484,108.0881577,1.0,0.0,5.24421e-05,0.000196899
2021-01-12,17:56:45,5.016799927,7.004499817,68.94863129,103.8941116,64.87319183,64.96077728,1154.005493,67.08267212,277.2645874,108.0881577,1.0,0.0,5.24421e-05,0.000196895
2021-01-12,17:56:46,5.017100143,7.004499817,68.94863129,103.8934555,64.87496185,64.96102905,1153.998779,67.08222198,277.2661438,108.0881577,1.0,0.0,5.24421e-05,0.000196895
2021-01-12,17:56:47,5.016799927,7.004599762,68.94863129,103.8919601,64.87567139,64.96099854,1154.000366,67.08213043,277.2664185,108.0881577,1.0,0.0,0.000102522,0.000196895
2021-01-12,17:56:48,5.016999817,7.004499817,68.94863129,103.8910065,64.87619019,64.96105194,1153.998169,67.08195496,277.2670593,108.0881577,1.0,0.0,0.000102522,0.000196895
2021-01-12,17:56:49,5.016699982,7.004599762,68.94863129,103.8916245,64.87750244,64.96090698,1154.001587,67.08235931,277.265625,107.4767685,1.0,0.0,0.000102522,0.000196895
2021-01-12,17:56:50,5.017100143,7.004499817,68.94762421,103.8892441,64.87825012,64.96084595,1154.004272,67.08240509,277.2654114,107.4767685,1.0,0.0,0.000102522,0.000196895
2021-01-12,17:56:51,5.017399979,7.004599762,68.94881439,103.887886,64.87872314,64.96097565,1154.000244,67.08253479,277.2649231,107.4767685,1.0,0.0,0.000102522,0.000196895
2021-01-12,17:56:52,5.016899872,7.004599762,68.94881439,103.8864441,64.88015747,64.96114349,1153.995361,67.08226776,277.2657471,107.4767685,1.0,0.0,0.000102522,0.000196895
2021-01-12,17:56:53,5.017100143,7.004599762,68.94881439,103.8856201,64.87976837,64.96090698,1154.001709,67.08208466,277.2665405,107.4767685,1.0,0.0,0.000102522,0.000196918
2021-01-12,17:56:54,5.016799927,7.004599762,68.94881439,103.8850403,64.88102722,64.9610672,1153.997314,67.08248901,277.2651978,107.0306549,1.0,0.0,0.000102522,0.000196918
2021-01-12,17:56:55,5.017100143,7.004699707,68.94779968,103.8841324,64.88262177,64.96097565,1153.999512,67.08195496,277.2669983,107.0306549,1.0,0.0,0.000102522,0.000196866
2021-01-12,17:56:56,5.016699982,7.004599762,68.94779968,103.8813095,64.88193512,64.96118927,1153.994263,67.08231354,277.2657471,107.0306549,1.0,0.0,0.000102522,0.000196866
2021-01-12,17:56:57,5.017200089,7.004699707,68.94779968,103.8805237,64.88372803,64.9606781,1154.008057,67.08195496,277.2669067,107.0306549,1.0,0.0,0.000102522,0.000196866
2021-01-12,17:56:58,5.016699982,7.004599762,68.94779968,103.8791351,64.88465118,64.96095276,1154.000854,67.08213043,277.2664185,107.0306549,1.0,0.0,0.000102522,0.000196866
2021-01-12,17:56:59,5.017100143,7.004699707,68.94779968,103.8786774,64.88566589,64.96109009,1153.996582,67.08222198,277.2661743,106.3925781,1.0,0.0,9.44684e-05,0.000196866
2021-01-12,17:57:00,5.016699982,7.00490036,68.94779968,103.8779144,64.88621521,64.96135712,1153.98938,67.08177185,277.2675476,106.3925781,1.0,0.0,9.44684e-05,0.000196866
2021-01-12,17:57:01,5.016999817,7.004799652,68.94676971,103.8758545,64.8865509,64.96114349,1153.995483,67.08195496,277.2679749,106.3925781,1.0,0.0,9.44684e-05,0.000196866
2021-01-12,17:57:02,5.016600037,7.004799652,68.94676971,103.8752975,64.88737488,64.96131134,1153.990112,67.08204651,277.2666626,106.3925781,1.0,0.0,9.44684e-05,0.000196866
2021-01-12,17:57:03,5.016899872,7.004799652,68.94676971,103.8747559,64.88770294,64.96133423,1153.989624,67.08195496,277.2669678,106.3925781,1.0,0.0,9.44684e-05,0.000196866
2021-01-12,17:57:04,5.016600037,7.004799652,68.94676971,103.8723221,64.88816833,64.96114349,1153.995728,67.081604,277.2683105,105.9448013,1.0,0.0,9.44684e-05,0.000196866
2021-01-12,17:57:05,5.016899872,7.00490036,68.94676971,103.8725586,64.88870239,64.96120453,1153.99353,67.08168793,277.2678528,105.9448013,1.0,0.0,9.44684e-05,0.000196866
2021-01-12,17:57:06,5.016500092,7.004799652,68.94676971,103.8714066,64.88897705,64.96131134,1153.990234,67.08164215,277.2677002,105.9448013,1.0,0.0,9.44684e-05,0.000196866
2021-01-12,17:57:07,5.016799927,7.00490036,68.94676971,103.8702316,64.88995361,64.96141052,1153.987793,67.08195496,277.2670288,105.9448013,1.0,0.0,9.44684e-05,0.000196866
2021-01-12,17:57:08,5.016699982,7.00490036,68.94676971,103.869133,64.89089203,64.96120453,1153.993652,67.08208466,277.26651,105.9448013,1.0,0.0,9.44684e-05,0.000196866
2021-01-12,17:57:09,5.017100143,7.00490036,68.94572449,103.8687363,64.88995361,64.96126556,1153.991821,67.08172607,277.2677612,105.5206528,1.0,0.0,0.000105126,0.00019692
2021-01-12,17:57:10,5.016600037,7.005000305,68.94572449,103.8690262,64.89169312,64.96163177,1153.981812,67.08195496,277.2671509,105.5206528,1.0,0.0,0.000105126,0.000196696
2021-01-12,17:57:11,5.016899872,7.00490036,68.94468689,103.8666382,64.891922,64.9614563,1153.986572,67.08151245,277.2685547,105.5206528,1.0,0.0,0.000105126,0.000196696
2021-01-12,17:57:12,5.016600037,7.005000305,68.94468689,103.8662262,64.8916626,64.96133423,1153.989624,67.08164215,277.2680969,105.5206528,1.0,0.0,7.91475e-05,0.000196898
2021-01-12,17:57:13,5.016999817,7.00490036,68.94468689,103.864418,64.89274597,64.96174622,1153.978027,67.081604,277.2683105,105.5206528,1.0,0.0,7.91475e-05,0.000196898
2021-01-12,17:57:14,5.016500092,7.00490036,68.9457016,103.8634796,64.89224243,64.96135712,1153.988892,67.08172607,277.2677307,105.3284912,1.0,0.0,7.91475e-05,0.000196898
2021-01-12,17:57:15,5.016899872,7.00490036,68.94463348,103.8638153,64.89283752,64.96154785,1153.984131,67.08204651,277.2667236,105.3284912,1.0,0.0,7.91475e-05,0.000196898
2021-01-12,17:57:16,5.016500092,7.00490036,68.94463348,103.8623352,64.89381409,64.96170807,1153.979858,67.08132935,277.2692261,105.3284912,1.0,0.0,7.91475e-05,0.000196898
2021-01-12,17:57:17,5.016699982,7.00490036,68.94463348,103.8615723,64.89438629,64.96159363,1153.983276,67.08151245,277.2685852,105.3284912,1.0,0.0,7.91475e-05,0.000196898
2021-01-12,17:57:18,5.016400146,7.00490036,68.94566345,103.8607712,64.89369202,64.96165466,1153.980835,67.08195496,277.2669067,105.3284912,1.0,0.0,7.91475e-05,0.000196898
2021-01-12,17:57:19,5.016899872,7.004799652,68.94461823,103.8603973,64.89432526,64.96189117,1153.974243,67.08145905,277.2687073,105.1384811,1.0,0.0,7.91475e-05,0.000196898
2021-01-12,17:57:20,5.016600037,7.00490036,68.94461823,103.8592606,64.89415741,64.9619751,1153.972168,67.08137512,277.2689514,105.1384811,1.0,0.0,0.000110698,0.000196898
2021-01-12,17:57:21,5.016799927,7.005000305,68.94461823,103.8596802,64.8946228,64.96179962,1153.977173,67.08187103,277.267395,105.1384811,1.0,0.0,9.9979e-05,0.000197058
2021-01-12,17:57:22,5.016600037,7.005000305,68.94461823,103.8577118,64.89503479,64.96208954,1153.968628,67.08217621,277.2662659,105.1384811,1.0,0.0,9.9979e-05,0.000196954
2021-01-12,17:57:23,5.016899872,7.00490036,68.94461823,103.8572845,64.89627075,64.96199036,1153.971436,67.08168793,277.2678223,105.1384811,1.0,0.0,4.48725e-05,0.000196954
2021-01-12,17:57:24,5.016500092,7.005000305,68.94461823,103.8566971,64.89581299,64.9623642,1153.960938,67.08222198,277.2661438,104.7750473,1.0,0.0,4.48725e-05,0.000196954
2021-01-12,17:57:25,5.016799927,7.00490036,68.94461823,103.8542633,64.89646912,64.96226501,1153.963745,67.08110809,277.2698669,104.7750473,1.0,0.0,4.48725e-05,0.000196954
2021-01-12,17:57:26,5.016500092,7.00490036,68.94461823,103.8537445,64.89606476,64.96218109,1153.965942,67.08151245,277.2685547,104.7750473,1.0,0.0,4.48725e-05,0.000196954
2021-01-12,17:57:27,5.016799927,7.004799652,68.94461823,103.8530884,64.89653015,64.9623642,1153.96106,67.08187103,277.2674255,104.7750473,1.0,0.0,4.48725e-05,0.000196954
2021-01-12,17:57:28,5.016600037,7.00490036,68.943573,103.8518524,64.89846039,64.96245575,1153.958984,67.08172607,277.2669373,104.7750473,1.0,0.0,4.48725e-05,0.000196954
2021-01-12,17:57:29,5.016899872,7.004799652,68.943573,103.8512039,64.89692688,64.96258545,1153.954956,67.08164215,277.2680969,104.4284668,1.0,0.0,7.36369e-05,0.000196954
2021-01-12,17:57:30,5.01629982,7.00490036,68.943573,103.850235,64.8964386,64.9626236,1153.953125,67.08172607,277.2677612,104.4284668,1.0,0.0,7.36369e-05,0.000196954
2021-01-12,17:57:31,5.016600037,7.00490036,68.943573,103.8498459,64.89821625,64.96278381,1153.94873,67.08164215,277.2681885,104.4284668,1.0,0.0,7.36369e-05,0.00019681
2021-01-12,17:57:32,5.01629982,7.004799652,68.943573,103.8485794,64.89640808,64.96296692,1153.94397,67.08145905,277.2686768,104.4284668,1.0,0.0,7.36369e-05,0.00019681
2021-01-12,17:57:33,5.016600037,7.00490036,68.943573,103.8480301,64.89855957,64.96278381,1153.949585,67.08190918,277.2672424,104.4284668,1.0,0.0,7.36369e-05,0.00019681
2021-01-12,17:57:34,5.01629982,7.004799652,68.943573,103.8464355,64.89694214,64.96303558,1153.942627,67.081604,277.2683105,104.4284668,1.0,0.0,7.36369e-05,0.00019681
2021-01-12,17:57:35,5.016600037,7.00490036,68.943573,103.845665,64.89630127,64.96294403,1153.945923,67.08177185,277.2676392,104.4284668,1.0,0.0,7.36369e-05,0.00019681
2021-01-12,17:57:36,5.016199875,7.004799652,68.943573,103.8448257,64.89766693,64.96305847,1153.941406,67.08145905,277.2686157,104.4284668,1.0,0.0,7.36369e-05,0.00019681
2021-01-12,17:57:37,5.016400146,7.00490036,68.94256592,103.8443451,64.89868164,64.96315002,1153.94397,67.08195496,277.2669983,104.4284668,1.0,0.0,7.36369e-05,0.00019681
2021-01-12,17:57:38,5.016199875,7.005000305,68.94256592,103.845047,64.89894104,64.96324158,1153.936279,67.081604,277.2682495,104.4284668,1.0,0.0,7.36369e-05,0.00019681
2021-01-12,17:57:39,5.016400146,7.00490036,68.94256592,103.8438339,64.8981781,64.96330261,1153.934937,67.08195496,277.2669983,104.4284668,1.0,0.0,7.36369e-05,0.00019681
2021-01-12,17:57:40,5.016199875,7.00510025,68.94256592,103.8413239,64.89943695,64.96355438,1153.92749,67.08204651,277.2666626,104.4284668,1.0,0.0,0.000129834,0.000196906
2021-01-12,17:57:41,5.016500092,7.005000305,68.94256592,103.8419113,64.89846039,64.96379852,1153.920776,67.08187103,277.2673645,104.4284668,1.0,0.0,0.000161505,0.000196883
2021-01-12,17:57:42,5.016199875,7.005000305,68.94155121,103.8404007,64.89883423,64.96360779,1153.926636,67.08200073,277.2668457,104.4284668,1.0,0.0,0.000146063,0.000196883
2021-01-12,17:57:43,5.016500092,7.005000305,68.94155121,103.8396378,64.89942932,64.96392822,1153.917236,67.08187103,277.267334,104.4284668,1.0,0.0,0.000146063,0.000196883
2021-01-12,17:57:44,5.01609993,7.00490036,68.94155121,103.8390808,64.89841461,64.96406555,1153.913452,67.08204651,277.2666321,104.4284668,1.0,0.0,0.000146063,0.000196883
2021-01-12,17:57:45,5.016199875,7.005000305,68.94255829,103.8388824,64.89932251,64.96392822,1153.91687,67.08222198,277.2661438,104.4284668,1.0,0.0,0.000146063,0.000196883
2021-01-12,17:57:46,5.016400146,7.005000305,68.94154358,103.8365784,64.89857483,64.96408844,1153.912476,67.08231354,277.2657776,104.4284668,1.0,0.0,0.000146063,0.000196883
2021-01-12,17:57:47,5.01590004,7.00490036,68.94154358,103.837204,64.89755249,64.9640274,1153.914063,67.08244324,277.2653503,104.4284668,1.0,0.0,0.000146063,0.000196883
2021-01-12,17:57:48,5.016400146,7.005000305,68.94154358,103.8354416,64.89915466,64.9644928,1153.901367,67.08195496,277.2669983,104.4284668,1.0,0.0,0.000146063,0.000196883
2021-01-12,17:57:49,5.015999985,7.00490036,68.94052124,103.8342209,64.89957428,64.96459198,1153.898071,67.08226776,277.2658081,104.4284668,1.0,0.0,0.000146063,0.000196883
2021-01-12,17:57:50,5.016400146,7.005000305,68.94052124,103.8336182,64.89978027,64.96469879,1153.895752,67.08222198,277.2661743,104.4284668,1.0,0.0,0.000146063,0.000196883
2021-01-12,17:57:51,5.015999985,7.00490036,68.94052124,103.8332901,64.89955139,64.96481323,1153.892334,67.08248901,277.2652283,104.4284668,1.0,0.0,0.000146063,0.000196883
2021-01-12,17:57:52,5.016199875,7.005000305,68.94052124,103.8317337,64.89886475,64.96502686,1153.88623,67.08217621,277.2662659,104.4284668,1.0,0.0,0.000112757,0.000196883
2021-01-12,17:57:53,5.01590004,7.005000305,68.94052124,103.8313751,64.89964294,64.96515656,1153.882813,67.0828476,277.2638855,104.4284668,1.0,0.0,0.000112757,0.000196841
2021-01-12,17:57:54,5.01629982,7.00490036,68.94052124,103.8308105,64.90058899,64.9654541,1153.874756,67.08235931,277.265564,104.1390076,1.0,0.0,0.000112757,0.000196841
2021-01-12,17:57:55,5.01590004,7.00490036,68.94052124,103.8291245,64.89918518,64.96531677,1153.87793,67.08240509,277.265686,104.1390076,1.0,0.0,0.000112757,0.000196841
2021-01-12,17:57:56,5.016199875,7.00490036,68.94052124,103.8282928,64.90065002,64.9654007,1153.87561,67.08235931,277.2653198,104.1390076,1.0,0.0,0.000112757,0.000196841
2021-01-12,17:57:57,5.01590004,7.00490036,68.94052124,103.8280106,64.89967346,64.96560669,1153.870239,67.08253479,277.2648926,104.1390076,1.0,0.0,0.000112757,0.000196841
2021-01-12,17:57:58,5.016199875,7.00490036,68.94052124,103.8274689,64.90005493,64.9656601,1153.868896,67.08235931,277.265625,104.1390076,1.0,0.0,0.000123717,0.000196841
2021-01-12,17:57:59,5.01590004,7.00490036,68.94052124,103.8265076,64.90086365,64.96590424,1153.862305,67.08267212,277.2645874,104.1390076,1.0,0.0,0.000123717,0.000196841
2021-01-12,17:58:00,5.01629982,7.00490036,68.94052124,103.8252029,64.89979553,64.96590424,1153.861572,67.0828476,277.263855,104.1390076,1.0,0.0,0.000123717,0.000196841
2021-01-12,17:58:01,5.01590004,7.004799652,68.94052124,103.8246613,64.9004364,64.96588135,1153.862549,67.08262634,277.2647095,104.1390076,1.0,0.0,0.000123717,0.000196841
2021-01-12,17:58:02,5.01570015,7.00490036,68.93947601,103.8239822,64.90098572,64.96629333,1153.850952,67.08289337,277.2637024,104.1390076,1.0,0.0,0.000123717,0.000196841
2021-01-12,17:58:03,5.01609993,7.00490036,68.93947601,103.8226242,64.90180969,64.966362,1153.848877,67.08324432,277.2625732,104.1390076,1.0,0.0,0.000123717,0.000196841
2021-01-12,17:58:04,5.01629982,7.004799652,68.93947601,103.8214493,64.90126038,64.96652985,1153.843628,67.08299255,277.2635193,103.9076691,1.0,0.0,0.000127472,0.000197
2021-01-12,17:58:05,5.015599823,7.00490036,68.93947601,103.8226547,64.9019928,64.96689606,1153.834229,67.08311462,277.2631531,103.9076691,1.0,0.0,0.000127472,0.000196916
2021-01-12,17:58:06,5.01590004,7.00490036,68.93947601,103.8195114,64.90139008,64.96669769,1153.839355,67.08320618,277.2627563,103.9076691,1.0,0.0,0.000127472,0.000196916
2021-01-12,17:58:07,5.015599823,7.00490036,68.93947601,103.8191071,64.9019928,64.96691895,1153.83313,67.0831604,277.2626343,103.9076691,1.0,0.0,0.000161565,0.000196916
2021-01-12,17:58:08,5.01609993,7.004799652,68.93947601,103.8194733,64.90089417,64.96702576,1153.830444,67.08347321,277.2617798,103.9076691,1.0,0.0,0.000161565,0.000196916
2021-01-12,17:58:09,5.015800095,7.005000305,68.93844604,103.8180771,64.9019928,64.96740723,1153.820068,67.08351898,277.2615967,103.9076691,1.0,0.0,0.000161565,0.000196853
2021-01-12,17:58:10,5.015599823,7.00490036,68.93844604,103.8179016,64.90153503,64.96726227,1153.823975,67.08324432,277.2625732,103.9076691,1.0,0.0,0.000161565,0.000196853
2021-01-12,17:58:11,5.015999985,7.00490036,68.93844604,103.8166351,64.90246582,64.96742249,1153.819214,67.08369446,277.2611084,103.9076691,1.0,0.0,0.000161565,0.000196853
2021-01-12,17:58:12,5.015599823,7.005000305,68.93952179,103.8151627,64.90182495,64.96780396,1153.808594,67.08342743,277.2618408,103.9076691,1.0,0.0,0.000161565,0.000196853
2021-01-12,17:58:13,5.015800095,7.00490036,68.93952179,103.814888,64.90106201,64.96798706,1153.803467,67.08364868,277.2612915,103.9076691,1.0,0.0,0.000161565,0.000196853
2021-01-12,17:58:14,5.015499878,7.00490036,68.93952179,103.813736,64.90231323,64.96807861,1153.800781,67.08387756,277.2604065,103.7709961,1.0,0.0,0.000161565,0.000196853
2021-01-12,17:58:15,5.015800095,7.004799652,68.93844604,103.8126373,64.90129089,64.96793365,1153.804688,67.08399963,277.2601013,103.7709961,1.0,0.0,0.000161565,0.000196853
2021-01-12,17:58:16,5.015499878,7.00490036,68.93844604,103.812233,64.90169525,64.9682312,1153.796753,67.08382416,277.2608337,103.7709961,1.0,0.0,0.000161565,0.000196853
2021-01-12,17:58:17,5.01570015,7.005000305,68.93844604,103.8113708,64.90257263,64.96839142,1153.792114,67.08423615,277.2593079,103.7709961,1.0,0.0,0.000161565,0.000196853
2021-01-12,17:58:18,5.015299988,7.00490036,68.93844604,103.8101273,64.90193939,64.96857452,1153.787476,67.08392334,277.2603149,103.7709961,1.0,0.0,0.000161565,0.000196853
2021-01-12,17:58:19,5.015599823,7.00490036,68.93844604,103.8085098,64.90101624,64.96864319,1153.785156,67.08432007,277.2590332,103.8939133,1.0,0.0,0.000161565,0.000196853
2021-01-12,17:58:20,5.015399933,7.004799652,68.93844604,103.8078766,64.90159607,64.96868896,1153.783691,67.08454132,277.2582397,103.8939133,1.0,0.0,0.000161565,0.000196853
2021-01-12,17:58:21,5.015599823,7.004799652,68.93736267,103.8086472,64.90224457,64.96891785,1153.777222,67.08418274,277.2593994,103.8939133,1.0,0.0,0.000161565,0.000196853
2021-01-12,17:58:22,5.015299988,7.00490036,68.93736267,103.8070297,64.90142822,64.96921539,1153.768921,67.08454132,277.2581787,103.8939133,1.0,0.0,0.000161565,0.000196853
2021-01-12,17:58:23,5.015499878,7.005000305,68.93736267,103.8063354,64.90264893,64.96934509,1153.765747,67.0848999,277.257019,103.8939133,1.0,0.0,0.000161565,0.000196853
2021-01-12,17:58:24,5.015200043,7.005000305,68.93736267,103.805481,64.90129089,64.96945953,1153.762573,67.0847168,277.2575989,103.8939133,1.0,0.0,0.000161565,0.000196853
2021-01-12,17:58:25,5.015499878,7.00490036,68.93842316,103.8058624,64.90170288,64.96934509,1153.765991,67.0848999,277.256897,103.8939133,1.0,0.0,0.000161565,0.000196853
2021-01-12,17:58:26,5.015100098,7.005000305,68.93842316,103.8034668,64.90274048,64.9696579,1153.756104,67.08493805,277.2567139,103.8939133,1.0,0.0,0.000161565,0.000196853
2021-01-12,17:58:27,5.015399933,7.005000305,68.93842316,103.8040543,64.90163422,64.96995544,1153.748535,67.08529663,277.2555542,103.8939133,1.0,0.0,0.000129894,0.000196853
2021-01-12,17:58:28,5.015000153,7.005000305,68.93737793,103.801857,64.90184021,64.97000122,1153.74707,67.08547974,277.2550049,103.8939133,1.0,0.0,0.000129894,0.000196853
2021-01-12,17:58:29,5.015599823,7.00490036,68.93737793,103.8010712,64.90225983,64.97026825,1153.739502,67.0848999,277.257019,103.7537842,1.0,0.0,0.000129894,0.000196853
2021-01-12,17:58:30,5.015100098,7.005000305,68.93737793,103.802887,64.90116882,64.97009277,1153.744141,67.08476257,277.2573853,103.7537842,1.0,0.0,0.000129894,0.000196853
2021-01-12,17:58:31,5.015499878,7.00490036,68.93737793,103.799881,64.90048981,64.97045135,1153.734131,67.08512115,277.2562561,103.7537842,1.0,0.0,0.000129894,0.000196853
2021-01-12,17:58:32,5.015100098,7.005000305,68.93737793,103.7993164,64.901474,64.97064209,1153.729614,67.08544159,277.255188,103.7537842,1.0,0.0,0.000129894,0.000196848
2021-01-12,17:58:33,5.015599823,7.005000305,68.93737793,103.798584,64.90261841,64.97077179,1153.725342,67.08600616,277.2531433,103.7537842,1.0,0.0,0.000129894,0.000196848
2021-01-12,17:58:34,5.015299988,7.00490036,68.93737793,103.7976074,64.90112305,64.97097778,1153.719849,67.08618164,277.2524719,103.7537842,1.0,0.0,0.000129894,0.000196848
2021-01-12,17:58:35,5.015499878,7.005000305,68.93737793,103.796875,64.90185547,64.97094727,1153.720581,67.08583069,277.2537537,103.7537842,1.0,0.0,0.000129894,0.000196848
2021-01-12,17:58:36,5.015100098,7.00490036,68.93632507,103.7962112,64.90151978,64.97122192,1153.712646,67.08564758,277.254364,103.7537842,1.0,0.0,0.000129894,0.000196848
2021-01-12,17:58:37,5.015499878,7.005000305,68.93632507,103.7952957,64.90221405,64.97124481,1153.713379,67.08627319,277.2523193,103.7537842,1.0,0.0,0.000129894,0.000196848
2021-01-12,17:58:38,5.015200043,7.005000305,68.93632507,103.7949524,64.89993286,64.97144318,1153.706055,67.08579254,277.2539063,103.7537842,1.0,0.0,0.000129894,0.000196848
2021-01-12,17:58:39,5.015499878,7.00510025,68.93632507,103.7939606,64.90260315,64.97135925,1153.708862,67.08618164,277.2525024,103.9877396,1.0,0.0,0.000129894,0.000196848
2021-01-12,17:58:40,5.015200043,7.005200195,68.93632507,103.7938461,64.90167236,64.97158051,1153.702881,67.08667755,277.2508545,103.9877396,1.0,0.0,0.000138554,0.000196776
2021-01-12,17:58:41,5.015599823,7.005200195,68.93632507,103.7933884,64.90226746,64.97187805,1153.694702,67.08679962,277.2504578,103.9877396,1.0,0.0,0.000138554,0.000196776
2021-01-12,17:58:42,5.015299988,7.005200195,68.93632507,103.791687,64.90109253,64.9720459,1153.690186,67.08663177,277.2512207,103.9877396,1.0,0.0,0.000100342,0.000196776
2021-01-12,17:58:43,5.015599823,7.005200195,68.93531036,103.7925873,64.90229797,64.9721756,1153.686279,67.08716583,277.2492371,103.9877396,1.0,0.0,0.000100342,0.000196776
2021-01-12,17:58:44,5.015100098,7.005200195,68.93531036,103.79142,64.90089417,64.97229004,1153.68335,67.08679962,277.2503967,103.9877396,1.0,0.0,0.000153269,0.000196885
2021-01-12,17:58:45,5.015499878,7.00510025,68.93531036,103.7904739,64.90336609,64.97251129,1153.676758,67.08707428,277.2495422,103.9877396,1.0,0.0,0.000153269,0.000196885
2021-01-12,17:58:46,5.015100098,7.005200195,68.93531036,103.7898254,64.9016037,64.97262573,1153.67395,67.08725739,277.2488403,103.9877396,1.0,0.0,0.000153269,0.000196885
2021-01-12,17:58:47,5.015499878,7.00530014,68.93531036,103.7891388,64.90220642,64.97270203,1153.671631,67.08707428,277.2495117,103.9877396,1.0,0.0,0.000154541,0.000196883
2021-01-12,17:58:48,5.015200043,7.00530014,68.93531036,103.7884521,64.90158081,64.97286987,1153.666504,67.08676147,277.2505493,103.9877396,1.0,0.0,0.000154541,0.000196883
2021-01-12,17:58:49,5.015399933,7.00530014,68.93531036,103.7871704,64.90306091,64.9730072,1153.663086,67.08712006,277.2493591,103.7507248,1.0,0.0,0.000181246,0.000196883
2021-01-12,17:58:50,5.015000153,7.005400085,68.93531036,103.7869263,64.90133667,64.97314453,1153.65918,67.08760071,277.2476807,103.7507248,1.0,0.0,0.000181246,0.000196883
2021-01-12,17:58:51,5.015299988,7.00530014,68.93531036,103.7863007,64.90203857,64.97335815,1153.653564,67.08751678,277.2478638,103.7507248,1.0,0.0,0.000141279,0.000196883
2021-01-12,17:58:52,5.015100098,7.005400085,68.93531036,103.7862244,64.90182495,64.9733963,1153.652588,67.08712006,277.2492676,103.7507248,1.0,0.0,0.000141279,0.000196883
2021-01-12,17:58:53,5.014899826,7.005500031,68.93531036,103.7846069,64.90220642,64.97335815,1153.653442,67.08734894,277.2485352,103.7507248,1.0,0.0,0.000160839,0.000196883
2021-01-12,17:58:54,5.015299988,7.005500031,68.93531036,103.7852097,64.90352631,64.97376251,1153.641724,67.08782196,277.2467957,103.6174469,1.0,0.0,0.000160839,0.000196883
2021-01-12,17:58:55,5.015000153,7.005599976,68.93531036,103.7836456,64.90283203,64.97393799,1153.636841,67.08751678,277.2478943,103.6174469,1.0,0.0,0.000160839,0.000196883
2021-01-12,17:58:56,5.015299988,7.005500031,68.93531036,103.7829819,64.9029007,64.97380066,1153.640625,67.08800507,277.2463379,103.6174469,1.0,0.0,0.000160839,0.000196883
2021-01-12,17:58:57,5.015100098,7.005599976,68.93429565,103.7817459,64.90202332,64.97401428,1153.634888,67.08795929,277.24646,103.6174469,1.0,0.0,0.000160839,0.000196883
2021-01-12,17:58:58,5.015299988,7.005599976,68.93429565,103.7816162,64.90284729,64.97429657,1153.626343,67.08827209,277.2453613,103.6174469,1.0,0.0,0.000160839,0.000196883
2021-01-12,17:58:59,5.014899826,7.005699921,68.93429565,103.7807388,64.90109253,64.9744873,1153.621704,67.08795929,277.2464905,103.6174469,1.0,0.0,0.000155812,0.000196883
2021-01-12,17:59:00,5.015200043,7.005699921,68.93429565,103.7804337,64.90247345,64.97446442,1153.621094,67.08840942,277.2449646,103.6174469,1.0,0.0,0.000155812,0.000196883
2021-01-12,17:59:01,5.015000153,7.005799866,68.93429565,103.7799911,64.90258789,64.974617,1153.617676,67.08831024,277.2452087,103.6174469,1.0,0.0,0.000155812,0.000196883
2021-01-12,17:59:02,5.014899826,7.005799866,68.93429565,103.7790451,64.90115356,64.97484589,1153.611572,67.08809662,277.2460327,103.6174469,1.0,0.0,0.000155812,0.000196883
2021-01-12,17:59:03,5.015299988,7.005899811,68.93429565,103.7778168,64.90167999,64.97493744,1153.608643,67.08889008,277.2432556,103.6174469,1.0,0.0,0.000155812,0.000196883
2021-01-12,17:59:04,5.014799881,7.005799866,68.93429565,103.7773056,64.90226746,64.97486115,1153.61084,67.0887146,277.243866,103.7337646,1.0,0.0,0.000155812,0.000196883
2021-01-12,17:59:05,5.015100098,7.005799866,68.93429565,103.7768021,64.90176392,64.97518921,1153.60144,67.08853912,277.2443848,103.7337646,1.0,0.0,0.000155812,0.000196883
2021-01-12,17:59:06,5.014699936,7.005899811,68.93429565,103.7767639,64.90255737,64.9753418,1153.597656,67.08876801,277.2436218,103.7337646,1.0,0.0,0.000155812,0.000196883
2021-01-12,17:59:07,5.015100098,7.005899811,68.93429565,103.775589,64.90303802,64.97559357,1153.590454,67.08906555,277.2426147,103.7337646,1.0,0.0,0.000155812,0.000196883
2021-01-12,17:59:08,5.014699936,7.005899811,68.93429565,103.7749329,64.90141296,64.97543335,1153.595093,67.08925629,277.242157,103.7337646,1.0,0.0,0.000155812,0.000196883
2021-01-12,17:59:09,5.015000153,7.005999756,68.93320465,103.7742157,64.90195465,64.97579956,1153.585205,67.08889008,277.2432556,103.7337646,1.0,0.0,0.000153632,0.000196987
2021-01-12,17:59:10,5.014500046,7.005999756,68.93421173,103.7729416,64.90272522,64.97586823,1153.582886,67.08943176,277.241394,103.7337646,1.0,0.0,0.000151331,0.000196987
2021-01-12,17:59:11,5.014899826,7.005899811,68.93318939,103.7726822,64.90164948,64.97579956,1153.584717,67.08930206,277.2419128,103.7337646,1.0,0.0,0.000151331,0.000196987
2021-01-12,17:59:12,5.014699936,7.005999756,68.93318939,103.7713852,64.90075684,64.97598267,1153.579468,67.08961487,277.2408447,103.7337646,1.0,0.0,0.000151331,0.000196987
2021-01-12,17:59:13,5.015000153,7.006099701,68.93318939,103.7710037,64.90254211,64.97620392,1153.57373,67.08943176,277.2414246,103.7337646,1.0,0.0,0.000151331,0.000196987
2021-01-12,17:59:14,5.014599991,7.005999756,68.93318939,103.7707291,64.90127563,64.97624969,1153.571899,67.08951569,277.2412109,103.5941772,1.0,0.0,0.000151331,0.000196987
2021-01-12,17:59:15,5.014799881,7.006099701,68.93318939,103.7690048,64.90264893,64.97637939,1153.568726,67.08938599,277.2408752,103.5941772,1.0,0.0,0.000151331,0.000196926
2021-01-12,17:59:16,5.015000153,7.005999756,68.93318939,103.7682724,64.90319824,64.97666931,1153.560425,67.08969879,277.2417908,103.5941772,1.0,0.0,0.000151331,0.000196926
2021-01-12,17:59:17,5.014599991,7.006099701,68.93318939,103.7687378,64.90029144,64.97662354,1153.562256,67.08987427,277.2399597,103.5941772,1.0,0.0,0.000152421,0.000196926
2021-01-12,17:59:18,5.015000153,7.006099701,68.93318939,103.7675171,64.90323639,64.97665405,1153.560669,67.08997345,277.239502,103.5941772,1.0,0.0,0.000152421,0.000196926
2021-01-12,17:59:19,5.014599991,7.006099701,68.93318939,103.7663803,64.90024567,64.97702026,1153.550415,67.08987427,277.2398071,103.4770584,1.0,0.0,0.000183547,0.000196926
2021-01-12,17:59:20,5.015000153,7.006099701,68.93318939,103.7659225,64.90098572,64.97718048,1153.546387,67.090271,277.2384949,103.4770584,1.0,0.0,0.000183547,0.000196926
2021-01-12,17:59:21,5.014599991,7.006199646,68.93318939,103.7650909,64.90048218,64.97689819,1153.553833,67.09033203,277.2384033,103.4770584,1.0,0.0,0.000183547,0.000196926
2021-01-12,17:59:22,5.015000153,7.006099701,68.93318939,103.7648239,64.90180969,64.97718048,1153.545898,67.09018707,277.238739,103.4770584,1.0,0.0,0.000183547,0.000196926
2021-01-12,17:59:23,5.014599991,7.006199646,68.93318939,103.7638321,64.90076447,64.97708893,1153.54895,67.09054565,277.2376404,103.4770584,1.0,0.0,0.000183547,0.000196926
2021-01-12,17:59:24,5.015000153,7.006099701,68.93318939,103.7631989,64.90155029,64.97734833,1153.54126,67.0904541,277.2379456,103.8499756,1.0,0.0,0.000183547,0.000196926
2021-01-12,17:59:25,5.014799881,7.006199646,68.93318939,103.7626266,64.90104675,64.97753143,1153.536133,67.09040833,277.2381287,103.8499756,1.0,0.0,0.000183547,0.000196926
2021-01-12,17:59:26,5.015100098,7.006199646,68.93318939,103.763237,64.90003204,64.97768402,1153.531982,67.09062958,277.2373352,103.8499756,1.0,0.0,0.000183547,0.000196926
2021-01-12,17:59:27,5.014599991,7.006199646,68.93318939,103.7613068,64.90081787,64.97770691,1153.531128,67.09054565,277.2375793,103.8499756,1.0,0.0,0.000183547,0.000196926
2021-01-12,17:59:28,5.015000153,7.006300354,68.93318939,103.7605515,64.90112305,64.97794342,1153.52478,67.09040833,277.2380371,103.8499756,1.0,0.0,0.000183547,0.000196926
2021-01-12,17:59:29,5.014699936,7.006300354,68.93318939,103.7599106,64.90145874,64.97814178,1153.519287,67.09086609,277.2364807,103.8499756,1.0,0.0,0.000183547,0.000196926
2021-01-12,17:59:30,5.015000153,7.006199646,68.93318939,103.7601166,64.90093994,64.97832489,1153.513794,67.09104156,277.2359619,103.8499756,1.0,0.0,0.000183547,0.00019688
2021-01-12,17:59:31,5.014500046,7.006300354,68.93215942,103.7587738,64.90155029,64.97816467,1153.518677,67.09086609,277.2364807,103.8499756,1.0,0.0,0.000183547,0.00019688
2021-01-12,17:59:32,5.014799881,7.006300354,68.93215942,103.7580719,64.90055847,64.97832489,1153.51355,67.09112549,277.2356567,103.8499756,1.0,0.0,0.000183547,0.00019688
2021-01-12,17:59:33,5.014500046,7.006300354,68.93215942,103.758194,64.90135193,64.97848511,1153.509766,67.09090424,277.2365112,103.8499756,1.0,0.0,0.000162958,0.000196799
2021-01-12,17:59:34,5.014599991,7.006300354,68.93215942,103.757103,64.90184021,64.97823334,1153.516479,67.09121704,277.235199,103.6916122,1.0,0.0,0.000162958,0.000196799
2021-01-12,17:59:35,5.014400101,7.006300354,68.93215942,103.7569733,64.90245056,64.97855377,1153.507324,67.09104156,277.2360229,103.6916122,1.0,0.0,0.000162958,0.000196799
2021-01-12,17:59:36,5.014699936,7.006199646,68.93215942,103.756134,64.90141296,64.97848511,1153.509033,67.09165955,277.2336731,103.6916122,1.0,0.0,0.000162958,0.000196799
2021-01-12,17:59:37,5.014400101,7.006300354,68.93215942,103.755661,64.90013885,64.97879791,1153.500366,67.09178925,277.2340393,103.6916122,1.0,0.0,0.000184577,0.000196799
2021-01-12,17:59:38,5.014699936,7.006400299,68.93115234,103.7551956,64.90107727,64.97895813,1153.496094,67.09157562,277.2333984,103.6916122,1.0,0.0,0.000184577,0.000196799
2021-01-12,17:59:39,5.014300156,7.006300354,68.93115234,103.7550278,64.90116882,64.97902679,1153.494507,67.0917511,277.2341919,103.6916122,1.0,0.0,0.000184577,0.000196799
2021-01-12,17:59:40,5.014699936,7.006400299,68.93115234,103.7534637,64.90090942,64.97883606,1153.499268,67.09161377,277.2339783,103.6916122,1.0,0.0,0.000184577,0.000196799
2021-01-12,17:59:41,5.014400101,7.006300354,68.93115234,103.7531357,64.90036011,64.97907257,1153.49353,67.09210205,277.2322388,103.6916122,1.0,0.0,0.000184577,0.000196857
2021-01-12,17:59:42,5.014599991,7.006400299,68.93115234,103.7522125,64.90139008,64.97923279,1153.488159,67.09165955,277.2337036,103.6916122,1.0,0.0,0.000184577,0.000196857
2021-01-12,17:59:43,5.014199829,7.006400299,68.93115234,103.7518387,64.90200806,64.97918701,1153.490112,67.09192657,277.2330017,103.6916122,1.0,0.0,0.000194326,0.000196857
2021-01-12,17:59:44,5.014699936,7.006400299,68.93115234,103.7527771,64.90026093,64.97943115,1153.482666,67.0920639,277.2323914,103.6916122,1.0,0.0,0.000199716,0.000196872
2021-01-12,17:59:45,5.014300156,7.006400299,68.93115234,103.7502975,64.90061951,64.97936249,1153.484253,67.09192657,277.2329407,103.6916122,1.0,0.0,0.000199716,0.000196872
2021-01-12,17:59:46,5.014699936,7.006400299,68.93115234,103.7506104,64.90116119,64.97962189,1153.478027,67.09165955,277.2339478,103.6916122,1.0,0.0,0.000199716,0.000196872
2021-01-12,17:59:47,5.014199829,7.006400299,68.93115234,103.749733,64.9026947,64.97973633,1153.474609,67.09249878,277.2310486,103.6916122,1.0,0.0,0.000199716,0.000196872
2021-01-12,17:59:48,5.014500046,7.006400299,68.93115234,103.7492981,64.90023804,64.97984314,1153.471436,67.09241486,277.230835,103.6916122,1.0,0.0,0.000170285,0.000196933
2021-01-12,17:59:49,5.014300156,7.006400299,68.93115234,103.7485428,64.89945984,64.9801178,1153.464355,67.09249878,277.2313843,103.9459686,1.0,0.0,0.000170285,0.000196933
2021-01-12,17:59:50,5.014699936,7.006300354,68.93115234,103.7477417,64.90081787,64.97987366,1153.470337,67.09227753,277.2316284,103.9459686,1.0,0.0,0.000172344,0.000196933
2021-01-12,17:59:51,5.014099884,7.006500244,68.93115234,103.7482224,64.89981842,64.98000336,1153.466919,67.0920639,277.2324219,103.9459686,1.0,0.0,0.000172344,0.000196933
2021-01-12,17:59:52,5.014300156,7.006600189,68.93115234,103.7467651,64.90145874,64.97989655,1153.470337,67.09236908,277.2313538,103.9459686,1.0,0.0,0.000172344,0.000196933
2021-01-12,17:59:53,5.014099884,7.006500244,68.93115234,103.7458649,64.90187836,64.98022461,1153.460815,67.09298706,277.2292175,103.9459686,1.0,0.0,0.000172344,0.000196933
2021-01-12,17:59:54,5.014500046,7.006700134,68.93115234,103.7454605,64.89978027,64.97998047,1153.467285,67.09313202,277.2288818,103.8208313,1.0,0.0,0.000172344,0.000196933
2021-01-12,17:59:55,5.014099884,7.006700134,68.93115234,103.7441788,64.9009552,64.98039246,1153.456421,67.09254456,277.2307434,103.8208313,1.0,0.0,0.000172344,0.000196933
2021-01-12,17:59:56,5.014400101,7.008000183,68.93115234,103.7436905,64.90124512,64.98022461,1153.46106,67.09285736,277.2296448,103.8208313,1.0,0.0,0.000172344,0.000196929
2021-01-12,17:59:57,5.013999939,7.009200287,68.93115234,103.7444077,64.90182495,64.98036957,1153.456787,67.09262848,277.2303772,103.8208313,1.0,0.0,0.000172344,0.000196929
2021-01-12,17:59:58,5.014599991,7.009600067,68.93115234,103.7437515,64.90054321,64.98052216,1153.452515,67.09304047,277.229187,103.8208313,1.0,0.0,0.00017731,0.000196909
2021-01-12,17:59:59,5.014300156,7.006900024,68.93013763,103.742157,64.90127563,64.98081207,1153.44397,67.09281158,277.2298584,103.8208313,1.0,0.0,0.00017731,0.000196909
2021-01-12,18:00:00,5.014500046,7.005999756,68.93013763,103.741394,64.90066528,64.98067474,1153.447998,67.09304047,277.229126,103.8208313,1.0,0.0,0.000180822,0.000196818
2021-01-12,18:00:01,5.014199829,7.006999969,68.93013763,103.7412109,64.9013443,64.98111725,1153.435791,67.09281158,277.2297363,103.8208313,1.0,0.0,0.000180822,0.000196818
2021-01-12,18:00:02,5.014500046,7.007099915,68.93013763,103.739975,64.90110779,64.98097229,1153.439697,67.09339142,277.2279358,103.8208313,1.0,0.0,0.000180822,0.000196818
2021-01-12,18:00:03,5.014199829,7.007099915,68.93114471,103.7402954,64.90072632,64.98082733,1153.443726,67.09329987,277.228241,103.8208313,1.0,0.0,0.000180822,0.000196818
2021-01-12,18:00:04,5.014400101,7.007099915,68.93012238,103.739418,64.900177,64.98114014,1153.435181,67.09365845,277.2270508,103.8208313,1.0,0.0,0.000180822,0.000196878
2021-01-12,18:00:05,5.014099884,7.007099915,68.93012238,103.7378082,64.90139008,64.98099518,1153.439209,67.09321594,277.2284241,103.8208313,1.0,0.0,0.000180822,0.000196878
2021-01-12,18:00:06,5.014400101,7.00719986,68.93012238,103.7382202,64.90076447,64.98117065,1153.433838,67.09352875,277.2273254,103.8208313,1.0,0.0,0.000180822,0.000196878
2021-01-12,18:00:07,5.014599991,7.007099915,68.93012238,103.7365646,64.90125275,64.98129272,1153.43103,67.0936203,277.2270813,103.8208313,1.0,0.0,0.000180822,0.000196878
2021-01-12,18:00:08,5.014300156,7.00719986,68.93012238,103.735878,64.90196991,64.98117065,1153.434082,67.09365845,277.2269897,103.8208313,1.0,0.0,0.000180822,0.000196878
2021-01-12,18:00:09,5.014500046,7.006999969,68.93012238,103.7354736,64.90023804,64.98130798,1153.430176,67.09392548,277.2261353,103.6230316,1.0,0.0,0.000180822,0.000196878
2021-01-12,18:00:10,5.014199829,7.007099915,68.93012238,103.7347412,64.90111542,64.98162842,1153.421143,67.09344482,277.2277222,103.6230316,1.0,0.0,0.000180822,0.000196878
2021-01-12,18:00:11,5.014400101,7.006999969,68.93012238,103.734169,64.90019989,64.98174286,1153.418335,67.09397125,277.2259827,103.6230316,1.0,0.0,0.000180822,0.000196878
2021-01-12,18:00:12,5.014199829,7.006999969,68.93012238,103.7337036,64.8997345,64.98155212,1153.423096,67.09374237,277.2265625,103.6230316,1.0,0.0,0.000166652,0.000196878
2021-01-12,18:00:13,5.013999939,7.006999969,68.92900085,103.733345,64.90124512,64.98182678,1153.415771,67.09365845,277.2270508,103.6230316,1.0,0.0,0.000166652,0.000196878
2021-01-12,18:00:14,5.014300156,7.006900024,68.92900085,103.7332458,64.90013885,64.98171997,1153.419189,67.09348297,277.2274475,103.7686844,1.0,0.0,0.000166652,0.000196878
2021-01-12,18:00:15,5.013999939,7.006800079,68.92900085,103.7324982,64.90089417,64.98188019,1153.414551,67.09401703,277.2257996,103.7686844,1.0,0.0,0.000166652,0.000196878
2021-01-12,18:00:16,5.014199829,7.006800079,68.92900085,103.7315216,64.90167999,64.98162842,1153.421387,67.09406281,277.2255554,103.7686844,1.0,0.0,0.000166652,0.000196878
2021-01-12,18:00:17,5.013999939,7.006700134,68.92900085,103.7311478,64.89911652,64.98174286,1153.418457,67.09392548,277.2260437,103.7686844,1.0,0.0,0.000166652,0.000196878
2021-01-12,18:00:18,5.014400101,7.006700134,68.93004608,103.7305603,64.89975739,64.98212433,1153.407471,67.09384155,277.2263794,103.7686844,1.0,0.0,0.000166652,0.000196878
2021-01-12,18:00:19,5.013999939,7.006600189,68.93004608,103.7299271,64.90036774,64.98206329,1153.409424,67.09410095,277.2254639,103.9433823,1.0,0.0,0.000166652,0.000196878
2021-01-12,18:00:20,5.014400101,7.006600189,68.93004608,103.7290115,64.90094757,64.98222351,1153.404419,67.09423828,277.2250061,103.9433823,1.0,0.0,0.000166652,0.000196878
2021-01-12,18:00:21,5.013999939,7.006500244,68.93004608,103.7281113,64.89979553,64.98206329,1153.40918,67.09428406,277.224884,103.9433823,1.0,0.0,0.000166652,0.000196878
2021-01-12,18:00:22,5.014300156,7.006400299,68.92902374,103.7288055,64.89996338,64.98230743,1153.401733,67.09401703,277.2257385,103.9433823,1.0,0.0,0.000166652,0.000196794
2021-01-12,18:00:23,5.013999939,7.006400299,68.92902374,103.7283783,64.89903259,64.98208618,1153.408569,67.09432983,277.2245789,103.9433823,1.0,0.0,0.000166652,0.000196794
2021-01-12,18:00:24,5.014199829,7.006300354,68.92902374,103.7270889,64.90072632,64.98246765,1153.398071,67.09397125,277.2258911,103.9433823,1.0,0.0,0.000207528,0.000196794
2021-01-12,18:00:25,5.013800049,7.006300354,68.92902374,103.7263641,64.89874268,64.98228455,1153.402832,67.09451294,277.2240906,103.9433823,1.0,0.0,0.000207528,0.000196794
2021-01-12,18:00:26,5.014400101,7.006199646,68.92902374,103.7262344,64.90060425,64.98226166,1153.403809,67.09428406,277.224884,103.9433823,1.0,0.0,0.000207528,0.000196794
2021-01-12,18:00:27,5.013800049,7.006199646,68.92902374,103.7257767,64.89981842,64.98239899,1153.39978,67.09464264,277.2235718,103.9433823,1.0,0.0,0.000207528,0.000196794
2021-01-12,18:00:28,5.014099884,7.006099701,68.92902374,103.7247543,64.89865112,64.98266602,1153.391724,67.09437561,277.2245178,103.9433823,1.0,0.0,0.000207528,0.000196794
2021-01-12,18:00:29,5.013700104,7.005999756,68.92902374,103.7253342,64.90052032,64.98223877,1153.404053,67.09455872,277.223877,107.5090027,1.0,0.0,0.000207528,0.000196794
2021-01-12,18:00:30,5.014099884,7.005999756,68.92902374,103.7233353,64.89876556,64.98264313,1153.393188,67.09451294,277.2240906,107.5090027,1.0,0.0,0.000207528,0.000196794
2021-01-12,18:00:31,5.013700104,7.005899811,68.92902374,103.7239761,64.90054321,64.98273468,1153.390259,67.09441376,277.2243347,107.5090027,1.0,0.0,0.000207528,0.000196794
2021-01-12,18:00:32,5.013999939,7.005999756,68.92902374,103.7233963,64.89964294,64.98264313,1153.393433,67.09428406,277.224762,107.5090027,1.0,0.0,0.000207528,0.000196794
2021-01-12,18:00:33,5.013700104,7.005899811,68.92902374,103.7224655,64.90032196,64.98296356,1153.384399,67.09464264,277.2235718,107.5090027,1.0,0.0,0.000207528,0.000196794
2021-01-12,18:00:34,5.013899994,7.005699921,68.92902374,103.7223206,64.8997345,64.98266602,1153.391846,67.09486389,277.2228699,107.5090027,1.0,0.0,0.000207528,0.000196794
2021-01-12,18:00:35,5.013600159,7.005799866,68.9280014,103.7212448,64.90077209,64.98287201,1153.386475,67.09477234,277.223114,107.5090027,1.0,0.0,0.000207528,0.000196794
2021-01-12,18:00:36,5.013899994,7.005699921,68.9280014,103.7207489,64.90142059,64.98303223,1153.381958,67.09445953,277.2242737,107.5090027,1.0,0.0,0.000207528,0.000196794
2021-01-12,18:00:37,5.013499832,7.005699921,68.9280014,103.7204742,64.90200806,64.98294067,1153.38501,67.09459686,277.2237549,107.5090027,1.0,0.0,0.000198565,0.000196794
2021-01-12,18:00:38,5.013700104,7.005599976,68.92903137,103.7192993,64.90167236,64.98271179,1153.390625,67.09490204,277.2227783,107.5090027,1.0,0.0,0.000198565,0.000196794
2021-01-12,18:00:39,5.013399887,7.005699921,68.92903137,103.7203522,64.90315247,64.98323822,1153.376709,67.09499359,277.2224121,107.335762,1.0,0.0,0.000198565,0.000196794
2021-01-12,18:00:40,5.013700104,7.005599976,68.92794037,103.718811,64.90283203,64.98296356,1153.384521,67.09481049,277.223053,107.335762,1.0,0.0,0.000198565,0.000196794
2021-01-12,18:00:41,5.013499832,7.005599976,68.92896271,103.7176666,64.90445709,64.98281097,1153.387939,67.09464264,277.2236023,107.335762,1.0,0.0,0.000198565,0.000196794
2021-01-12,18:00:42,5.013800049,7.005500031,68.92896271,103.7181473,64.90541077,64.98321533,1153.377319,67.09428406,277.224762,107.335762,1.0,0.0,0.000198565,0.000196794
2021-01-12,18:00:43,5.013299942,7.005599976,68.92794037,103.7163162,64.90504456,64.98332214,1153.373901,67.09459686,277.2236938,107.335762,1.0,0.0,0.000198565,0.000196794
2021-01-12,18:00:44,5.013499832,7.005500031,68.92794037,103.7159576,64.90450287,64.98299408,1153.382935,67.09490204,277.2227173,106.9221268,1.0,0.0,0.000198565,0.000196794
2021-01-12,18:00:45,5.013100052,7.005599976,68.92794037,103.7150726,64.90612793,64.98327637,1153.374634,67.09459686,277.2237854,106.9221268,1.0,0.0,0.000198565,0.000196794
2021-01-12,18:00:46,5.013499832,7.005400085,68.92794037,103.7144775,64.90666199,64.98313904,1153.378662,67.09437561,277.2230225,106.9221268,1.0,0.0,0.000179732,0.000196824
2021-01-12,18:00:47,5.013100052,7.005500031,68.92794037,103.7147293,64.90849304,64.98323822,1153.376343,67.095047,277.222229,106.9221268,1.0,0.0,0.000179732,0.000196824
2021-01-12,18:00:48,5.013399887,7.00530014,68.92794037,103.7138748,64.90812683,64.98327637,1153.375122,67.09441376,277.2243042,106.9221268,1.0,0.0,0.000179732,0.000196824
2021-01-12,18:00:49,5.012900162,7.005400085,68.92794037,103.7135391,64.90859222,64.98339081,1153.372192,67.0951767,277.2218018,106.4905701,1.0,0.0,0.000179732,0.000196824
2021-01-12,18:00:50,5.013199997,7.00530014,68.92794037,103.7128143,64.90959167,64.98348999,1153.369629,67.09473419,277.2233582,106.4905701,1.0,0.0,0.000208375,0.000196824
2021-01-12,18:00:51,5.012799835,7.005200195,68.92794037,103.7119751,64.91039276,64.98339081,1153.37207,67.09455872,277.2228088,106.4905701,1.0,0.0,0.000208375,0.000196824
2021-01-12,18:00:52,5.013000107,7.00510025,68.92794037,103.7122498,64.90979004,64.98332214,1153.369751,67.0951767,277.2217102,106.4905701,1.0,0.0,0.000208375,0.000196824
2021-01-12,18:00:53,5.012599945,7.00510025,68.92794037,103.7109833,64.9105072,64.98334503,1153.373901,67.09451294,277.2241211,106.4905701,1.0,0.0,0.000208375,0.000196824
2021-01-12,18:00:54,5.012900162,7.005000305,68.92689514,103.7101364,64.91162109,64.98343658,1153.370728,67.09486389,277.2229309,106.2016754,1.0,0.0,0.000208375,0.000196824
2021-01-12,18:00:55,5.01269989,7.00510025,68.92689514,103.7090225,64.91103363,64.98329926,1153.374146,67.09459686,277.2236938,106.2016754,1.0,0.0,0.000208375,0.000196824
2021-01-12,18:00:56,5.013000107,7.00490036,68.92689514,103.7101746,64.91156769,64.98355865,1153.367065,67.0951767,277.2217102,106.2016754,1.0,0.0,0.000208375,0.000196824
2021-01-12,18:00:57,5.012400055,7.005000305,68.92689514,103.7087708,64.91116333,64.98365784,1153.364258,67.09499359,277.2223206,106.2016754,1.0,0.0,0.000208375,0.000196824
2021-01-12,18:00:58,5.013000107,7.00490036,68.92689514,103.7084732,64.91218567,64.98371124,1153.365967,67.09481049,277.223053,106.2016754,1.0,0.0,0.000208375,0.000196824
2021-01-12,18:00:59,5.012599945,7.004799652,68.92689514,103.7078781,64.91189575,64.98352814,1153.368286,67.09432983,277.2246399,105.969101,1.0,0.0,0.000208375,0.000196824
2021-01-12,18:01:00,5.012900162,7.004799652,68.92689514,103.7079697,64.91368103,64.98374176,1153.362427,67.09486389,277.2229004,105.969101,1.0,0.0,0.000208375,0.000196824
2021-01-12,18:01:01,5.012400055,7.004699707,68.92689514,103.7068024,64.91397095,64.98352814,1153.36853,67.09459686,277.2237244,105.969101,1.0,0.0,0.000208375,0.000196824
2021-01-12,18:01:02,5.012599945,7.004599762,68.92689514,103.7063217,64.91360474,64.98387146,1153.358887,67.09499359,277.2223511,105.969101,1.0,0.0,0.000208375,0.000196824
2021-01-12,18:01:03,5.012200165,7.004699707,68.92689514,103.7065964,64.91493225,64.9834137,1153.37085,67.09499359,277.2224121,105.969101,1.0,0.0,0.000208375,0.000196824
2021-01-12,18:01:04,5.012599945,7.004599762,68.92689514,103.7058334,64.91309357,64.98375702,1153.361572,67.09459686,277.2237244,105.6119919,1.0,0.0,0.000253551,0.00019697
2021-01-12,18:01:05,5.01230011,7.004499817,68.92689514,103.7053223,64.91487122,64.98363495,1153.36499,67.09468842,277.2233887,105.6119919,1.0,0.0,0.000253551,0.00019697
2021-01-12,18:01:06,5.0125,7.004599762,68.92689514,103.7039871,64.91513824,64.98384094,1153.359497,67.09486389,277.2228394,105.6119919,1.0,0.0,0.000253551,0.00019697
2021-01-12,18:01:07,5.012099838,7.004499817,68.92689514,103.704216,64.91412354,64.98360443,1153.365967,67.09477234,277.2230835,105.6119919,1.0,0.0,0.000253551,0.00019697
2021-01-12,18:01:08,5.01230011,7.004399872,68.92689514,103.7031326,64.91581726,64.98404694,1153.353271,67.09522247,277.2216187,105.6119919,1.0,0.0,0.000253551,0.00019697
2021-01-12,18:01:09,5.011800003,7.004299927,68.92689514,103.7028503,64.91494751,64.98416901,1153.350464,67.09490204,277.2228088,105.4383774,1.0,0.0,0.000253551,0.00019697
2021-01-12,18:01:10,5.012099838,7.004399872,68.92689514,103.7021637,64.91561127,64.98379517,1153.36084,67.09495544,277.2225342,105.4383774,1.0,0.0,0.000253551,0.00019697
2021-01-12,18:01:11,5.01230011,7.004299927,68.92689514,103.7011261,64.9162674,64.98400116,1153.354492,67.0951767,277.2217407,105.4383774,1.0,0.0,0.000253551,0.00019697
2021-01-12,18:01:12,5.011899948,7.004299927,68.92588806,103.7004395,64.915802,64.98384094,1153.359497,67.09499359,277.2223816,105.4383774,1.0,0.0,0.000253551,0.00019697
2021-01-12,18:01:13,5.01230011,7.004299927,68.9269104,103.6996918,64.9152832,64.98402405,1153.354004,67.09477234,277.2230835,105.4383774,1.0,0.0,0.000253551,0.00019697
2021-01-12,18:01:14,5.011999893,7.004199982,68.9269104,103.700058,64.91693115,64.98414612,1153.351318,67.09486389,277.2228699,105.4383774,1.0,0.0,0.000253551,0.00019697
2021-01-12,18:01:15,5.012200165,7.004299927,68.92588806,103.6994095,64.91574097,64.98409271,1153.349976,67.09508514,277.2221375,105.4383774,1.0,0.0,0.000253551,0.00019697
2021-01-12,18:01:16,5.011700058,7.004299927,68.92588806,103.6997604,64.91689301,64.98431396,1153.347046,67.09490204,277.2225647,105.4383774,1.0,0.0,0.000253551,0.000196955
2021-01-12,18:01:17,5.011600113,7.004299927,68.92588806,103.698288,64.91577148,64.98428345,1153.347656,67.09459686,277.2236328,105.4383774,1.0,0.0,0.000253551,0.000196955
2021-01-12,18:01:18,5.011700058,7.004199982,68.92588806,103.6972427,64.91641235,64.98445129,1153.341919,67.09522247,277.2216187,105.4383774,1.0,0.0,0.000253551,0.000196955
2021-01-12,18:01:19,5.011500168,7.004199982,68.92588806,103.6968842,64.91704559,64.98426056,1153.3479,67.09513092,277.2219238,105.2996445,1.0,0.0,0.000253551,0.000196955
2021-01-12,18:01:20,5.011800003,7.004100037,68.92588806,103.6975861,64.91737366,64.98447418,1153.341309,67.09486389,277.2228394,105.2996445,1.0,0.0,0.000253551,0.000196955
2021-01-12,18:01:21,5.011500168,7.004199982,68.92588806,103.6957703,64.91678619,64.98468781,1153.335938,67.09455872,277.2239685,105.2996445,1.0,0.0,0.000222243,0.000196955
2021-01-12,18:01:22,5.011800003,7.004100037,68.92588806,103.6952591,64.91770935,64.98474884,1153.333862,67.09544373,277.2209167,105.2996445,1.0,0.0,0.000222243,0.000196955
2021-01-12,18:01:23,5.011399841,7.004100037,68.92588806,103.6956482,64.9173584,64.9848938,1153.330322,67.09508514,277.2221375,105.2996445,1.0,0.0,0.000222243,0.000196955
2021-01-12,18:01:24,5.011600113,7.004000092,68.92588806,103.6950302,64.91770172,64.98461914,1153.337891,67.09522247,277.2215271,105.2996445,1.0,0.0,0.000222243,0.000196955
2021-01-12,18:01:25,5.011199951,7.004100037,68.92588806,103.6952896,64.91708374,64.98477173,1153.333252,67.09464264,277.2236023,105.2996445,1.0,0.0,0.000222243,0.000196955
2021-01-12,18:01:26,5.011500168,7.004100037,68.92588806,103.693718,64.91667175,64.98491669,1153.329712,67.09508514,277.222168,105.2996445,1.0,0.0,0.000222243,0.000196955
2021-01-12,18:01:27,5.011100006,7.004000092,68.92483521,103.6933365,64.91750336,64.98495483,1153.327881,67.09522247,277.2216492,105.2996445,1.0,0.0,0.000222243,0.000196955
2021-01-12,18:01:28,5.011299896,7.004100037,68.92584991,103.692688,64.91644287,64.98503113,1153.326416,67.09495544,277.2225037,105.2996445,1.0,0.0,0.000222243,0.000196955
2021-01-12,18:01:29,5.011000061,7.004000092,68.92584991,103.6917038,64.91801453,64.98504639,1153.325317,67.09481049,277.2230225,105.2996445,1.0,0.0,0.000249251,0.000196955
2021-01-12,18:01:30,5.011199951,7.003900146,68.92584991,103.69207,64.91818237,64.9852066,1153.321533,67.09490204,277.2226257,105.2996445,1.0,0.0,0.000249251,0.000196955
2021-01-12,18:01:31,5.010900116,7.003900146,68.92584991,103.69133,64.91879272,64.98504639,1153.325562,67.09508514,277.222168,105.2996445,1.0,0.0,0.000249251,0.000196871
2021-01-12,18:01:32,5.011199951,7.003900146,68.92483521,103.6906891,64.91818237,64.98522186,1153.320313,67.0951767,277.2217407,105.2996445,1.0,0.0,0.000249251,0.000196871
2021-01-12,18:01:33,5.010800171,7.003800201,68.92483521,103.6903458,64.91848755,64.98540497,1153.31543,67.0953064,277.2213745,105.2996445,1.0,0.0,0.000249251,0.000196871
2021-01-12,18:01:34,5.011100006,7.003800201,68.92483521,103.689743,64.91876221,64.9855957,1153.310791,67.095047,277.2221985,105.0750122,1.0,0.0,0.000227996,0.000196871
2021-01-12,18:01:35,5.010699844,7.003700256,68.92483521,103.6891708,64.91741943,64.98561859,1153.309937,67.09486389,277.2228394,105.0750122,1.0,0.0,0.000227996,0.000196871
2021-01-12,18:01:36,5.011100006,7.003800201,68.92483521,103.688446,64.9180603,64.98566437,1153.30896,67.09540558,277.2210999,105.0750122,1.0,0.0,0.00024477,0.000196871
2021-01-12,18:01:37,5.010699844,7.003700256,68.92483521,103.6877441,64.91893768,64.98595428,1153.300415,67.0951767,277.2218018,105.0750122,1.0,0.0,0.00024477,0.000196871
2021-01-12,18:01:38,5.010900116,7.003700256,68.92483521,103.6880112,64.91807556,64.98574066,1153.306396,67.09513092,277.2219849,105.0750122,1.0,0.0,0.00024477,0.000196871
2021-01-12,18:01:39,5.010400009,7.003700256,68.92483521,103.6874237,64.91768646,64.9855957,1153.310791,67.09544373,277.2208557,105.2055054,1.0,0.0,0.00024477,0.000196871
2021-01-12,18:01:40,5.010599899,7.003600311,68.92483521,103.6871109,64.91896057,64.98628998,1153.290527,67.0953064,277.221344,105.2055054,1.0,0.0,0.00024477,0.000196871
2021-01-12,18:01:41,5.010300064,7.003700256,68.92483521,103.6856308,64.91824341,64.98597717,1153.299438,67.09548187,277.2218628,105.2055054,1.0,0.0,0.00024477,0.000196871
2021-01-12,18:01:42,5.010800171,7.003600311,68.92483521,103.686142,64.91937256,64.98620605,1153.293457,67.09499359,277.2207642,105.2055054,1.0,0.0,0.00024477,0.000196871
2021-01-12,18:01:43,5.010499954,7.003600311,68.92483521,103.6865768,64.92025757,64.98626709,1153.291504,67.09526062,277.2223816,105.2055054,1.0,0.0,0.00024477,0.000196871
2021-01-12,18:01:44,5.010300064,7.003500366,68.92483521,103.6850357,64.91934967,64.98635864,1153.28894,67.0953064,277.221283,104.8218079,1.0,0.0,0.00024477,0.000196871
2021-01-12,18:01:45,5.010599899,7.003600311,68.92483521,103.6838608,64.91892242,64.98640442,1153.287598,67.0953598,277.2211304,104.8218079,1.0,0.0,0.00024477,0.000196871
2021-01-12,18:01:46,5.010200119,7.003600311,68.92483521,103.6839828,64.91931152,64.98656464,1153.283203,67.09553528,277.22052,104.8218079,1.0,0.0,0.00024477,0.000196871
2021-01-12,18:01:47,5.010499954,7.003700256,68.92483521,103.6832581,64.92050171,64.98675537,1153.278076,67.09540558,277.2210083,104.8218079,1.0,0.0,0.00024477,0.000196871
2021-01-12,18:01:48,5.010200119,7.003600311,68.92382813,103.68367,64.91931152,64.98640442,1153.287964,67.09571838,277.2199707,104.8218079,1.0,0.0,0.00024477,0.000196944
2021-01-12,18:01:49,5.010400009,7.003600311,68.92382813,103.6828308,64.91917419,64.98670197,1153.279541,67.09584045,277.2194824,104.9640884,1.0,0.0,0.00024477,0.000196944
2021-01-12,18:01:50,5.010100174,7.003500366,68.92490387,103.6822433,64.92081451,64.98696899,1153.272095,67.09571838,277.2199402,104.9640884,1.0,0.0,0.00024477,0.000196944
2021-01-12,18:01:51,5.010300064,7.003500366,68.92382813,103.6828308,64.91972351,64.98672485,1153.278687,67.09558105,277.2203674,104.9640884,1.0,0.0,0.00024477,0.000196944
2021-01-12,18:01:52,5.010100174,7.003500366,68.92382813,103.6814575,64.92067719,64.98685455,1153.275146,67.09576416,277.2199097,104.9640884,1.0,0.0,0.00024477,0.000196944
2021-01-12,18:01:53,5.010400009,7.003399658,68.92382813,103.6817627,64.91993713,64.98721313,1153.265015,67.09584045,277.2194824,104.9640884,1.0,0.0,0.00024477,0.000196944
2021-01-12,18:01:54,5.010100174,7.003399658,68.92483521,103.6805954,64.91925049,64.98733521,1153.261597,67.09548187,277.2206726,104.8061523,1.0,0.0,0.00024477,0.000196944
2021-01-12,18:01:55,5.010300064,7.003399658,68.92483521,103.6803436,64.92007446,64.98743439,1153.259277,67.09576416,277.219635,104.8061523,1.0,0.0,0.00024477,0.000196944
2021-01-12,18:01:56,5.009899902,7.003399658,68.92377472,103.6794586,64.91977692,64.98735809,1153.260864,67.09593964,277.2191772,104.8061523,1.0,0.0,0.00024477,0.000196944
2021-01-12,18:01:57,5.010200119,7.003299713,68.92377472,103.6800003,64.9206543,64.9875946,1153.25415,67.09607697,277.218811,104.8061523,1.0,0.0,0.000265299,0.000196944
2021-01-12,18:01:58,5.009799957,7.003399658,68.92377472,103.6793213,64.91986084,64.98744965,1153.258545,67.09584045,277.2194214,104.8061523,1.0,0.0,0.000265299,0.000196944
2021-01-12,18:01:59,5.010100174,7.003299713,68.92377472,103.6780167,64.9216156,64.9875946,1153.253906,67.09576416,277.2198792,104.8061523,1.0,0.0,0.000265299,0.000196944
2021-01-12,18:02:00,5.009700012,7.003299713,68.92377472,103.6776352,64.91914368,64.98799133,1153.243652,67.09607697,277.218811,104.8061523,1.0,0.0,0.000265299,0.000196944
2021-01-12,18:02:01,5.009899902,7.003199768,68.92377472,103.6780624,64.92037964,64.98806763,1153.241333,67.09601593,277.2187195,104.8061523,1.0,0.0,0.000265299,0.000196974
2021-01-12,18:02:02,5.009400177,7.003299713,68.92377472,103.6769409,64.92058563,64.98815155,1153.239136,67.09619904,277.2183228,104.8061523,1.0,0.0,0.000265299,0.000196974
2021-01-12,18:02:03,5.009799957,7.003199768,68.92478943,103.6765976,64.92094421,64.98794556,1153.244507,67.09576416,277.2197571,104.8061523,1.0,0.0,0.000265299,0.000196974
2021-01-12,18:02:04,5.009500122,7.003199768,68.92372894,103.6764603,64.92024231,64.98834229,1153.233276,67.09619904,277.2182617,104.6904984,1.0,0.0,0.000265299,0.000196974
2021-01-12,18:02:05,5.009799957,7.003199768,68.92372894,103.6756058,64.92016602,64.98823547,1153.236572,67.09632874,277.217926,104.6904984,1.0,0.0,0.000265299,0.000196974
2021-01-12,18:02:06,5.00929985,7.003199768,68.92372894,103.6753769,64.92002869,64.98832703,1153.234009,67.09601593,277.2188721,104.6904984,1.0,0.0,0.000265299,0.000196974
2021-01-12,18:02:07,5.009600067,7.003299713,68.92372894,103.6756363,64.92103577,64.98859406,1153.226563,67.09625244,277.2182312,104.6904984,1.0,0.0,0.000265299,0.000196974
2021-01-12,18:02:08,5.009199905,7.003099823,68.92372894,103.6740952,64.92071533,64.98847198,1153.230225,67.09637451,277.2176514,104.6904984,1.0,0.0,0.000265299,0.000196974
2021-01-12,18:02:09,5.009600067,7.003099823,68.92372894,103.6739044,64.92131042,64.98890686,1153.217285,67.09625244,277.2181091,104.6904984,1.0,0.0,0.000265299,0.000196974
2021-01-12,18:02:10,5.009199905,7.003099823,68.92372894,103.6733475,64.92030334,64.98893738,1153.216553,67.09664917,277.2167969,104.6904984,1.0,0.0,0.000265299,0.000196861
2021-01-12,18:02:11,5.009400177,7.002999878,68.92372894,103.6731033,64.92111206,64.98900604,1153.214966,67.0969162,277.2159119,104.6904984,1.0,0.0,0.000265299,0.000196861
2021-01-12,18:02:12,5.00890007,7.003099823,68.92272186,103.6735382,64.92016602,64.98924255,1153.208496,67.09642792,277.2175293,104.6904984,1.0,0.0,0.000265299,0.000196861
2021-01-12,18:02:13,5.009400177,7.002999878,68.92272186,103.6717148,64.92181396,64.98939514,1153.203613,67.09661102,277.2170105,104.6904984,1.0,0.0,0.000265299,0.000196861
2021-01-12,18:02:14,5.00890007,7.002999878,68.92272186,103.6719666,64.91983032,64.98934937,1153.205444,67.09642792,277.2174377,104.5257339,1.0,0.0,0.000265299,0.000196861
2021-01-12,18:02:15,5.00909996,7.002899933,68.92272186,103.6707535,64.91950989,64.98921967,1153.209229,67.09687042,277.2160034,104.5257339,1.0,0.0,0.000265299,0.000196861
2021-01-12,18:02:16,5.00890007,7.002999878,68.92272186,103.6706161,64.92106628,64.98970795,1153.19519,67.09696198,277.2155762,104.5257339,1.0,0.0,0.000265299,0.000196861
2021-01-12,18:02:17,5.00909996,7.002899933,68.92272186,103.6697693,64.92072296,64.98948669,1153.201294,67.09700012,277.2154541,104.5257339,1.0,0.0,0.000265299,0.000196861
2021-01-12,18:02:18,5.008800125,7.002899933,68.92272186,103.6703491,64.91906738,64.98993683,1153.188843,67.0971756,277.2149658,104.5257339,1.0,0.0,0.000265299,0.000196861
2021-01-12,18:02:19,5.008599854,7.002899933,68.92272186,103.6692657,64.92045593,64.9897995,1153.192871,67.09696198,277.2157593,104.9255829,1.0,0.0,0.000265299,0.000196861
2021-01-12,18:02:20,5.009000015,7.002899933,68.92272186,103.6694946,64.920784,64.99015045,1153.183472,67.0969162,277.2158813,104.9255829,1.0,0.0,0.000285343,0.000196861
2021-01-12,18:02:21,5.00890007,7.002799988,68.92272186,103.6683044,64.92132568,64.99022675,1153.180786,67.09696198,277.2156067,104.9255829,1.0,0.0,0.00025785,0.000196861
2021-01-12,18:02:22,5.009199905,7.002899933,68.92272186,103.6679153,64.92164612,64.99007416,1153.185303,67.09713745,277.2151184,104.9255829,1.0,0.0,0.00025785,0.000196861
2021-01-12,18:02:23,5.008599854,7.002799988,68.92272186,103.6674881,64.92054749,64.99028015,1153.179688,67.0971756,277.2149048,104.9255829,1.0,0.0,0.00025785,0.000196861
2021-01-12,18:02:24,5.009000015,7.002799988,68.92272186,103.6663895,64.91981506,64.99018097,1153.181885,67.09709167,277.2152405,104.7369232,1.0,0.0,0.00025785,0.000196861
2021-01-12,18:02:25,5.008599854,7.002899933,68.92272186,103.6672668,64.92081451,64.9905014,1153.173218,67.09767914,277.2131653,104.7369232,1.0,0.0,0.00025785,0.000196861
2021-01-12,18:02:26,5.008800125,7.002799988,68.92272186,103.6656342,64.9213562,64.99085236,1153.162842,67.09753418,277.213623,104.7369232,1.0,0.0,0.00025785,0.000196861
2021-01-12,18:02:27,5.00870018,7.002799988,68.92272186,103.6654053,64.92079163,64.9907074,1153.16748,67.09732056,277.2144165,104.7369232,1.0,0.0,0.00025785,0.000196861
2021-01-12,18:02:28,5.008499908,7.002799988,68.92272186,103.6646805,64.92047882,64.99079132,1153.164795,67.09757996,277.2135925,104.7369232,1.0,0.0,0.00025785,0.000196861
2021-01-12,18:02:29,5.00870018,7.002700043,68.92272186,103.6649323,64.92222595,64.99101257,1153.158447,67.09771729,277.2130432,104.6215591,1.0,0.0,0.00025785,0.000196861
2021-01-12,18:02:30,5.008399963,7.002799988,68.92272186,103.6643524,64.92063904,64.99118042,1153.153809,67.09776306,277.2129211,104.6215591,1.0,0.0,0.00025785,0.000196861
2021-01-12,18:02:31,5.00870018,7.002700043,68.92167664,103.6631546,64.9211731,64.99110413,1153.155762,67.09753418,277.213623,104.6215591,1.0,0.0,0.00025785,0.000196795
2021-01-12,18:02:32,5.008399963,7.002799988,68.92271423,103.6638184,64.9203949,64.9911499,1153.155029,67.09776306,277.2130127,104.6215591,1.0,0.0,0.00025785,0.000196795
2021-01-12,18:02:33,5.008599854,7.002700043,68.92271423,103.6632156,64.92144775,64.99127197,1153.151489,67.09799194,277.2122192,104.6215591,1.0,0.0,0.000292852,0.000196795
2021-01-12,18:02:34,5.008300018,7.002799988,68.92271423,103.6627655,64.92050171,64.9913559,1153.154419,67.09776306,277.2129517,104.6215591,1.0,0.0,0.000292852,0.000196822
2021-01-12,18:02:35,5.00870018,7.002700043,68.92271423,103.6615372,64.92141724,64.99153137,1153.143677,67.09785461,277.2125854,104.6215591,1.0,0.0,0.000292852,0.000196822
2021-01-12,18:02:36,5.008300018,7.002799988,68.92271423,103.6619797,64.92251587,64.99160004,1153.141968,67.09789276,277.2124023,104.6215591,1.0,0.0,0.000292852,0.000196822
2021-01-12,18:02:37,5.008100128,7.002700043,68.92271423,103.6625748,64.92134094,64.99162292,1153.140747,67.09793854,277.2127686,104.6215591,1.0,0.0,0.000292852,0.000196822
2021-01-12,18:02:38,5.008399963,7.002600098,68.92271423,103.6602783,64.920784,64.99183655,1153.13562,67.09838867,277.210907,104.6215591,1.0,0.0,0.000292852,0.000196822
2021-01-12,18:02:39,5.008100128,7.002700043,68.92271423,103.6609344,64.92118835,64.99176025,1153.137573,67.09807587,277.2118835,104.6215591,1.0,0.0,0.000292852,0.000196822
2021-01-12,18:02:40,5.007899857,7.002700043,68.92169189,103.6599426,64.92233276,64.99208069,1153.12915,67.09843445,277.2105408,104.6215591,1.0,0.0,0.000292852,0.000196822
2021-01-12,18:02:41,5.008100128,7.002600098,68.92275238,103.6591034,64.9209671,64.99223328,1153.124512,67.09860992,277.2099915,104.6215591,1.0,0.0,0.000316409,0.000196822
2021-01-12,18:02:42,5.007899857,7.002799988,68.92275238,103.6593781,64.92198944,64.99233246,1153.121582,67.09825134,277.2113037,104.6215591,1.0,0.0,0.000316409,0.000196822
2021-01-12,18:02:43,5.008200073,7.002700043,68.92275238,103.6586304,64.9227066,64.99225616,1153.123657,67.09812164,277.2116394,104.6215591,1.0,0.0,0.000316409,0.000196737
2021-01-12,18:02:44,5.007799911,7.002799988,68.92275238,103.6599503,64.92139435,64.99264526,1153.113037,67.09883118,277.209259,104.5005264,1.0,0.0,0.000316409,0.000196737
2021-01-12,18:02:45,5.008100128,7.002700043,68.92169189,103.6581039,64.92086029,64.99269867,1153.111938,67.09900665,277.2087708,104.5005264,1.0,0.0,0.000315137,0.000196737
2021-01-12,18:02:46,5.007799911,7.002799988,68.92067719,103.6580048,64.92071533,64.9927597,1153.109985,67.09874725,277.2095947,104.5005264,1.0,0.0,0.000315137,0.000196737
2021-01-12,18:02:47,5.007500076,7.002700043,68.92175293,103.6582413,64.92088318,64.99246216,1153.117676,67.0984726,277.2104187,104.5005264,1.0,0.0,0.000315137,0.000196737
2021-01-12,18:02:48,5.007899857,7.002700043,68.92073059,103.6566925,64.92152405,64.99298859,1153.103638,67.09874725,277.2096863,104.5005264,1.0,0.0,0.000315137,0.000196737
2021-01-12,18:02:49,5.007600021,7.002700043,68.92176819,103.6561356,64.92108154,64.99284363,1153.107178,67.09892273,277.2090149,104.5005264,1.0,0.0,0.000315137,0.00019687
2021-01-12,18:02:50,5.007899857,7.002600098,68.92176819,103.6568832,64.92171478,64.99308014,1153.101563,67.09900665,277.2086792,104.5005264,1.0,0.0,0.000315137,0.00019687
2021-01-12,18:02:51,5.007600021,7.002700043,68.92176819,103.6561584,64.92025757,64.99320984,1153.097656,67.0994873,277.2070618,104.5005264,1.0,0.0,0.000315137,0.00019687
2021-01-12,18:02:52,5.007899857,7.002600098,68.92176819,103.6557617,64.92160034,64.99330139,1153.095093,67.09900665,277.2087708,104.5005264,1.0,0.0,0.000315137,0.00019687
2021-01-12,18:02:53,5.007500076,7.002600098,68.92176819,103.6553116,64.92087555,64.99346161,1153.090332,67.09936523,277.207489,104.5005264,1.0,0.0,0.000315137,0.00019687
2021-01-12,18:02:54,5.007799911,7.002500153,68.92176819,103.6543503,64.92176819,64.99341583,1153.091919,67.09927368,277.2078857,104.5005264,1.0,0.0,0.000315137,0.00019687
2021-01-12,18:02:55,5.007300186,7.002600098,68.92176819,103.6546249,64.92121887,64.99371338,1153.083984,67.09958649,277.2066956,104.5005264,1.0,0.0,0.000315137,0.00019687
2021-01-12,18:02:56,5.007600021,7.002500153,68.92176819,103.6542053,64.92211914,64.99354553,1153.088257,67.09922791,277.2079468,104.5005264,1.0,0.0,0.000315137,0.00019687
2021-01-12,18:02:57,5.007400131,7.002600098,68.92176819,103.654007,64.92121887,64.99346161,1153.09021,67.09900665,277.2086487,104.5005264,1.0,0.0,0.000315137,0.00019687
2021-01-12,18:02:58,5.007600021,7.002500153,68.92176819,103.65345,64.92233276,64.99401093,1153.075439,67.09931183,277.20755,104.5005264,1.0,0.0,0.000315137,0.00019687
2021-01-12,18:02:59,5.007300186,7.002500153,68.92176819,103.6538086,64.92115021,64.99373627,1153.082642,67.09954834,277.2069397,104.5005264,1.0,0.0,0.000315137,0.00019687
2021-01-12,18:03:00,5.007699966,7.002600098,68.92176819,103.6530228,64.92205811,64.99433899,1153.065918,67.0994873,277.2068787,104.5005264,1.0,0.0,0.000315137,0.000196745
2021-01-12,18:03:01,5.007400131,7.002400208,68.92176819,103.6528778,64.92073822,64.99420166,1153.069336,67.09940338,277.2073669,104.5005264,1.0,0.0,0.000315137,0.000196745
2021-01-12,18:03:02,5.007600021,7.002500153,68.92176819,103.6522217,64.92179871,64.99416351,1153.071045,67.09958649,277.2067261,104.5005264,1.0,0.0,0.000315137,0.000196745
2021-01-12,18:03:03,5.007300186,7.002400208,68.92176819,103.6519852,64.9209137,64.99427795,1153.067871,67.09954834,277.2068481,104.5005264,1.0,0.0,0.000315137,0.000196745
2021-01-12,18:03:04,5.007600021,7.002400208,68.92075348,103.6523132,64.92192078,64.99465942,1153.057007,67.09980774,277.2059326,104.5005264,1.0,0.0,0.000315137,0.000196745
2021-01-12,18:03:05,5.007099915,7.002400208,68.92176819,103.651535,64.92164612,64.99479675,1153.052856,67.09994507,277.2054749,104.5005264,1.0,0.0,0.000315137,0.000196745
2021-01-12,18:03:06,5.00719986,7.002400208,68.92176819,103.6506577,64.92201233,64.99452972,1153.061035,67.10015869,277.2047729,104.5005264,1.0,0.0,0.000315137,0.000196745
2021-01-12,18:03:07,5.006999969,7.002400208,68.92176819,103.6501694,64.92123413,64.99475098,1153.054443,67.09963226,277.206543,104.5005264,1.0,0.0,0.000315137,0.000196745
2021-01-12,18:03:08,5.00719986,7.002500153,68.92176819,103.6502533,64.92201233,64.99454498,1153.060059,67.09980774,277.2059631,104.5005264,1.0,0.0,0.000315137,0.000196745
2021-01-12,18:03:09,5.006999969,7.002500153,68.92176819,103.6496048,64.92120361,64.99493408,1153.049072,67.09994507,277.2054749,104.5005264,1.0,0.0,0.000315137,0.000196745
2021-01-12,18:03:10,5.007300186,7.002400208,68.92176819,103.6486206,64.92245483,64.99468231,1153.056519,67.10020447,277.2044678,104.5005264,1.0,0.0,0.000314107,0.000196854
2021-01-12,18:03:11,5.006900024,7.002500153,68.92176819,103.6493607,64.92015076,64.99516296,1153.043335,67.09994507,277.2054443,104.5005264,1.0,0.0,0.000314107,0.000196854
2021-01-12,18:03:12,5.00719986,7.002400208,68.92176819,103.6487122,64.92197418,64.99495697,1153.048706,67.10043335,277.2038879,104.5005264,1.0,0.0,0.000314107,0.000196854
2021-01-12,18:03:13,5.006800079,7.002400208,68.92176819,103.6478119,64.92012024,64.99536133,1153.037476,67.10020447,277.2046509,104.5005264,1.0,0.0,0.000314107,0.000196854
2021-01-12,18:03:14,5.007300186,7.002500153,68.92176819,103.6483154,64.92170715,64.99554443,1153.032104,67.09989929,277.2055664,104.7253036,1.0,0.0,0.000290854,0.000196854
2021-01-12,18:03:15,5.006900024,7.002400208,68.92176819,103.6477814,64.92198181,64.99521637,1153.042358,67.10020447,277.2046814,104.7253036,1.0,0.0,0.000290854,0.000196854
2021-01-12,18:03:16,5.006999969,7.002400208,68.92176819,103.6472168,64.92223358,64.99547577,1153.034546,67.10030365,277.2042542,104.7253036,1.0,0.0,0.000290854,0.000196854
2021-01-12,18:03:17,5.006800079,7.002300262,68.92176819,103.64711,64.92126465,64.99577332,1153.026367,67.10025024,277.2044373,104.7253036,1.0,0.0,0.000290854,0.000196882
2021-01-12,18:03:18,5.006999969,7.002400208,68.92176819,103.6471939,64.92151642,64.99554443,1153.03186,67.10038757,277.203949,104.7253036,1.0,0.0,0.000290854,0.000196882
2021-01-12,18:03:19,5.006700134,7.002300262,68.92176819,103.6467896,64.92220306,64.99565125,1153.029541,67.10025024,277.2043457,104.4056625,1.0,0.0,0.000290854,0.000196882
2021-01-12,18:03:20,5.006999969,7.002400208,68.92176819,103.6459274,64.92081451,64.99547577,1153.034302,67.10087585,277.2022705,104.4056625,1.0,0.0,0.000290854,0.000196883
2021-01-12,18:03:21,5.006700134,7.002300262,68.92176819,103.645462,64.92193604,64.99575043,1153.026611,67.10047913,277.2035522,104.4056625,1.0,0.0,0.000290854,0.000196883
2021-01-12,18:03:22,5.006900024,7.002400208,68.92176819,103.6457596,64.92163086,64.99581909,1153.024414,67.10087585,277.2022095,104.4056625,1.0,0.0,0.000290854,0.000196883
2021-01-12,18:03:23,5.006600189,7.002400208,68.92176819,103.6455917,64.92202759,64.99597168,1153.02063,67.10073853,277.2028503,104.4056625,1.0,0.0,0.000333425,0.000196931
2021-01-12,18:03:24,5.006800079,7.002300262,68.92070007,103.6448517,64.92150879,64.99600983,1153.018799,67.10105896,277.2016602,104.4056625,1.0,0.0,0.000333425,0.000196931
2021-01-12,18:03:25,5.006499863,7.002400208,68.92070007,103.6445313,64.92103577,64.99606323,1153.017578,67.10073853,277.2027588,104.4056625,1.0,0.0,0.000333425,0.000196906
2021-01-12,18:03:26,5.006800079,7.002300262,68.92070007,103.6453552,64.92115021,64.99600983,1153.019043,67.10066223,277.2030334,104.4056625,1.0,0.0,0.000333425,0.000196906
2021-01-12,18:03:27,5.006600189,7.002200317,68.92070007,103.6434708,64.92070007,64.9961319,1153.016357,67.10096741,277.2019653,104.4056625,1.0,0.0,0.000335908,0.000196906
2021-01-12,18:03:28,5.006299973,7.002500153,68.92070007,103.6445236,64.92128754,64.99627686,1153.011963,67.10110474,277.2015381,104.4056625,1.0,0.0,0.000335908,0.000196906
2021-01-12,18:03:29,5.006600189,7.002400208,68.92070007,103.6433105,64.92173004,64.99616241,1153.015137,67.10128021,277.2010193,104.4056625,1.0,0.0,0.000335908,0.000196906
2021-01-12,18:03:30,5.006200027,7.002300262,68.92070007,103.6430588,64.92103577,64.99645233,1153.006714,67.10110474,277.2014465,104.4056625,1.0,0.0,0.000335908,0.000196906
2021-01-12,18:03:31,5.006700134,7.002400208,68.92070007,103.6422577,64.92147827,64.99660492,1153.002686,67.10123444,277.2011414,104.4056625,1.0,0.0,0.000335908,0.000196906
2021-01-12,18:03:32,5.006200027,7.002300262,68.92070007,103.6421585,64.92101288,64.99655151,1153.004639,67.10105896,277.2016602,104.4056625,1.0,0.0,0.000335908,0.000196906
2021-01-12,18:03:33,5.006499863,7.002200317,68.92070007,103.6428299,64.92134094,64.99674225,1152.998901,67.10136414,277.2006226,104.4056625,1.0,0.0,0.000335908,0.000196906
2021-01-12,18:03:34,5.006200027,7.002300262,68.92070007,103.6410446,64.92110443,64.9966507,1153.001343,67.10132599,277.2008057,104.4056625,1.0,0.0,0.000335908,0.000196906
2021-01-12,18:03:35,5.006600189,7.002200317,68.92070007,103.6417007,64.9216156,64.99685669,1152.995972,67.10136414,277.2007446,104.4056625,1.0,0.0,0.000264633,0.000196906
2021-01-12,18:03:36,5.006299973,7.002300262,68.92070007,103.6401367,64.9197998,64.99671936,1152.999756,67.10136414,277.2008362,104.4056625,1.0,0.0,0.000264633,0.000196906
2021-01-12,18:03:37,5.006499863,7.002300262,68.91967773,103.6408234,64.92118835,64.99680328,1152.99707,67.10158539,277.1999512,104.4056625,1.0,0.0,0.000264633,0.000196906
2021-01-12,18:03:38,5.006200027,7.002300262,68.91967773,103.6406097,64.92086029,64.99693298,1152.993408,67.10136414,277.2005005,104.4056625,1.0,0.0,0.000264633,0.000196906
2021-01-12,18:03:39,5.006499863,7.002400208,68.91967773,103.6398468,64.92199707,64.99680328,1152.99707,67.10176086,277.1992493,104.4056625,1.0,0.0,0.000264633,0.000196906
2021-01-12,18:03:40,5.006100082,7.002300262,68.91967773,103.64048,64.92069244,64.9972229,1152.985352,67.10181427,277.1990356,104.4056625,1.0,0.0,0.000264633,0.000196906
2021-01-12,18:03:41,5.006299973,7.002300262,68.92069244,103.6391983,64.92261505,64.99706268,1152.989746,67.10146332,277.2002869,104.4056625,1.0,0.0,0.000338088,0.000196906
2021-01-12,18:03:42,5.005899811,7.002300262,68.92069244,103.6392517,64.92103577,64.99720001,1152.986206,67.10176086,277.1992493,104.4056625,1.0,0.0,0.000338088,0.000197043
2021-01-12,18:03:43,5.006299973,7.002200317,68.92069244,103.6383514,64.92227936,64.99736786,1152.981079,67.10194397,277.1987305,104.4056625,1.0,0.0,0.000338088,0.000197043
2021-01-12,18:03:44,5.005899811,7.002300262,68.92069244,103.638916,64.92106628,64.99751282,1152.976929,67.10181427,277.1983948,104.4056625,1.0,0.0,0.000338088,0.000197043
2021-01-12,18:03:45,5.006200027,7.002300262,68.92069244,103.639389,64.92047119,64.99739838,1152.980591,67.10194397,277.1994629,104.4056625,1.0,0.0,0.000338088,0.000197043
2021-01-12,18:03:46,5.005799866,7.002300262,68.92069244,103.637207,64.92113495,64.99771881,1152.971924,67.10150909,277.2001648,104.4056625,1.0,0.0,0.000338088,0.000197043
2021-01-12,18:03:47,5.006100082,7.002300262,68.92069244,103.6368027,64.91986084,64.99758148,1152.975464,67.10217285,277.197937,104.4056625,1.0,0.0,0.000338088,0.000197013
2021-01-12,18:03:48,5.005699921,7.002300262,68.91967773,103.6364288,64.92063904,64.99746704,1152.978516,67.10176086,277.1991882,104.4056625,1.0,0.0,0.000338088,0.000197013
2021-01-12,18:03:49,5.005899811,7.002300262,68.92070007,103.6365738,64.92123413,64.99765778,1152.973267,67.10217285,277.197876,104.524025,1.0,0.0,0.000338088,0.000197013
2021-01-12,18:03:50,5.005699921,7.002300262,68.91964722,103.6352539,64.9206543,64.99806213,1152.962036,67.10199738,277.1983948,104.524025,1.0,0.0,0.000338088,0.000197013
2021-01-12,18:03:51,5.006100082,7.002200317,68.91964722,103.6336899,64.92144775,64.99776459,1152.969849,67.10190582,277.1987915,104.524025,1.0,0.0,0.000338088,0.000197013
2021-01-12,18:03:52,5.005899811,7.002300262,68.91964722,103.6341248,64.92175293,64.99806213,1152.962524,67.10207367,277.1981812,104.524025,1.0,0.0,0.000338088,0.000197013
2021-01-12,18:03:53,5.006100082,7.002200317,68.91964722,103.6330414,64.92056274,64.99830627,1152.9552,67.10186768,277.1991272,104.524025,1.0,0.0,0.000338088,0.00019693
2021-01-12,18:03:54,5.005799866,7.002200317,68.91964722,103.6322174,64.92100525,64.99789429,1152.966919,67.10253143,277.1966248,104.524025,1.0,0.0,0.000338088,0.00019693
2021-01-12,18:03:55,5.006000137,7.002300262,68.91964722,103.6317444,64.92175293,64.99811554,1152.959961,67.10221863,277.1977234,104.524025,1.0,0.0,0.000338088,0.00019693
2021-01-12,18:03:56,5.005599976,7.002200317,68.91964722,103.6323395,64.92079163,64.9982605,1152.956543,67.10207367,277.1981201,104.524025,1.0,0.0,0.000338088,0.00019693
2021-01-12,18:03:57,5.005899811,7.002300262,68.91964722,103.6313553,64.92088318,64.99850464,1152.949219,67.10253143,277.1965942,104.524025,1.0,0.0,0.000338088,0.00019693
2021-01-12,18:03:58,5.005599976,7.002200317,68.92068481,103.6306992,64.92071533,64.99837494,1152.952881,67.10247803,277.1968079,104.524025,1.0,0.0,0.000338088,0.00019693
2021-01-12,18:03:59,5.005899811,7.002200317,68.91960907,103.6312256,64.92182159,64.99860382,1152.946899,67.10230255,277.1973267,104.4120255,1.0,0.0,0.000338088,0.00019693
2021-01-12,18:04:00,5.005699921,7.002200317,68.92062378,103.6315231,64.92141724,64.99835968,1152.953857,67.10253143,277.1965637,104.4120255,1.0,0.0,0.000338088,0.00019693
2021-01-12,18:04:01,5.005899811,7.002100372,68.92062378,103.6296616,64.92018127,64.99848938,1152.950073,67.10230255,277.1973877,104.4120255,1.0,0.0,0.000338088,0.00019685
2021-01-12,18:04:02,5.006000137,7.002200317,68.91956329,103.6299667,64.92073059,64.99862671,1152.946167,67.10207367,277.1982117,104.4120255,1.0,0.0,0.000338088,0.00019685
2021-01-12,18:04:03,5.005599976,7.002100372,68.91956329,103.6287079,64.92113495,64.99848938,1152.949951,67.10266113,277.1962585,104.4120255,1.0,0.0,0.000338088,0.000196959
2021-01-12,18:04:04,5.005699921,7.002200317,68.91956329,103.6285706,64.91989899,64.99862671,1152.946533,67.10230255,277.1973572,104.4120255,1.0,0.0,0.000338088,0.000196959
2021-01-12,18:04:05,5.005400085,7.002100372,68.91956329,103.6290436,64.92070007,64.9987793,1152.942017,67.10311127,277.1947021,104.4120255,1.0,0.0,0.000338088,0.00019688
2021-01-12,18:04:06,5.005699921,7.002100372,68.91956329,103.6279068,64.92015076,64.99903107,1152.934692,67.10266113,277.196228,104.4120255,1.0,0.0,0.000338088,0.00019688
2021-01-12,18:04:07,5.005199814,7.002200317,68.91956329,103.6274109,64.92169952,64.99882507,1152.940796,67.10253143,277.1966858,104.4120255,1.0,0.0,0.000338088,0.00019688
2021-01-12,18:04:08,5.005599976,7.002100372,68.91956329,103.6278992,64.92124939,64.99897003,1152.936768,67.10271454,277.1960754,104.4120255,1.0,0.0,0.000338088,0.00019688
2021-01-12,18:04:09,5.005400085,7.002100372,68.91956329,103.6265869,64.92040253,64.9987793,1152.941772,67.10243225,277.1971436,104.4120255,1.0,0.0,0.000338088,0.00019688
2021-01-12,18:04:10,5.004999924,7.002100372,68.91956329,103.62603,64.92092896,64.99899292,1152.936035,67.10311127,277.1947937,104.4120255,1.0,0.0,0.000338088,0.00019688
2021-01-12,18:04:11,5.005599976,7.002200317,68.91956329,103.626709,64.92150879,64.99903107,1152.934814,67.10261536,277.1963196,104.4120255,1.0,0.0,0.000338088,0.00019688
2021-01-12,18:04:12,5.005199814,7.002100372,68.92059326,103.6261826,64.92103577,64.99899292,1152.935669,67.10302734,277.1950073,104.4120255,1.0,0.0,0.000342872,0.00019688
2021-01-12,18:04:13,5.005500031,7.002100372,68.91957092,103.6249237,64.91985321,64.99916077,1152.930908,67.10230255,277.1973572,104.4120255,1.0,0.0,0.000342872,0.00019688
2021-01-12,18:04:14,5.004999924,7.002100372,68.91957092,103.6247253,64.9208374,64.99905396,1152.934326,67.10314941,277.194519,104.5334244,1.0,0.0,0.000342872,0.00019688
2021-01-12,18:04:15,5.00530014,7.002100372,68.91957092,103.6243057,64.91998291,64.99943542,1152.922974,67.10284424,277.1956177,104.5334244,1.0,0.0,0.000342872,0.00019688
2021-01-12,18:04:16,5.004999924,7.002100372,68.91957092,103.624115,64.92067719,64.99916077,1152.930908,67.10284424,277.1954956,104.5334244,1.0,0.0,0.000342872,0.00019688
2021-01-12,18:04:17,5.005199814,7.001999664,68.91957092,103.6239777,64.91937256,64.9993515,1152.925781,67.10306549,277.1948853,104.5334244,1.0,0.0,0.000342872,0.00019688
2021-01-12,18:04:18,5.004999924,7.002100372,68.91957092,103.6234055,64.92015839,64.99928284,1152.927734,67.10247803,277.1968384,104.5334244,1.0,0.0,0.000342872,0.00019688
2021-01-12,18:04:19,5.00530014,7.001999664,68.91957092,103.6225739,64.9208374,64.99943542,1152.923462,67.10296631,277.1950989,104.6335831,1.0,0.0,0.000342872,0.00019688
2021-01-12,18:04:20,5.004999924,7.002100372,68.91957092,103.6224136,64.9210434,64.99928284,1152.927856,67.10302734,277.1952515,104.6335831,1.0,0.0,0.000342872,0.00019688
2021-01-12,18:04:21,5.004700089,7.001999664,68.91957092,103.6225967,64.92092896,64.99950409,1152.921509,67.10314941,277.194519,104.6335831,1.0,0.0,0.000342872,0.00019688
2021-01-12,18:04:22,5.005099869,7.001999664,68.91957092,103.6214371,64.91993713,64.99961853,1152.918091,67.10288239,277.1954041,104.6335831,1.0,0.0,0.000342872,0.00019688
2021-01-12,18:04:23,5.004800034,7.001999664,68.91957092,103.6212692,64.92129517,64.99946594,1152.922729,67.10302734,277.1958313,104.6335831,1.0,0.0,0.000342872,0.00019688
2021-01-12,18:04:24,5.005099869,7.001999664,68.91957092,103.6202774,64.92063904,64.99971771,1152.915771,67.10332489,277.1939087,104.3332825,1.0,0.0,0.000342872,0.00019688
2021-01-12,18:04:25,5.004800034,7.001899719,68.91957092,103.6201019,64.91952515,64.99957275,1152.919922,67.10292816,277.1951904,104.3332825,1.0,0.0,0.000342872,0.00019688
2021-01-12,18:04:26,5.005199814,7.001999664,68.91957092,103.6200562,64.92023468,64.99981689,1152.912598,67.10284424,277.1956177,104.3332825,1.0,0.0,0.000342872,0.00019688
2021-01-12,18:04:27,5.004800034,7.001999664,68.91957092,103.6195908,64.91990662,64.99991608,1152.910278,67.10324097,277.1941223,104.3332825,1.0,0.0,0.000342872,0.00019688
2021-01-12,18:04:28,5.004999924,7.001899719,68.91957092,103.6192703,64.92025757,64.9997406,1152.915283,67.10302734,277.1950378,104.3332825,1.0,0.0,0.000347414,0.00019688
2021-01-12,18:04:29,5.004499817,7.001899719,68.91851044,103.6185226,64.9200592,64.99968719,1152.913452,67.10306549,277.1948853,104.5526123,1.0,0.0,0.000347414,0.00019688
2021-01-12,18:04:30,5.005099869,7.001999664,68.91951752,103.6179504,64.92128754,64.99986267,1152.916748,67.10332489,277.1939392,104.5526123,1.0,0.0,0.000347414,0.00019688
2021-01-12,18:04:31,5.004499817,7.001899719,68.91951752,103.6186523,64.92173004,65.00009918,1152.905029,67.10342407,277.193512,104.5526123,1.0,0.0,0.000365217,0.000196894
2021-01-12,18:04:32,5.004700089,7.001899719,68.91951752,103.6180267,64.92007446,65.0,1152.908081,67.10324097,277.1942444,104.5526123,1.0,0.0,0.000365217,0.000196894
2021-01-12,18:04:33,5.004499817,7.001899719,68.91951752,103.6188965,64.9213562,64.99971771,1152.915405,67.10311127,277.1947021,104.5526123,1.0,0.0,0.000365217,0.000196894
2021-01-12,18:04:34,5.004800034,7.001899719,68.91951752,103.6173782,64.91937256,65.0,1152.907959,67.10338593,277.1937256,104.4452286,1.0,0.0,0.000365217,0.000196894
2021-01-12,18:04:35,5.004399872,7.001899719,68.91951752,103.6166763,64.92041016,65.00005341,1152.90625,67.10373688,277.192688,104.4452286,1.0,0.0,0.000365217,0.000197007
2021-01-12,18:04:36,5.004600143,7.001799774,68.91951752,103.6157303,64.92105103,65.00016785,1152.903442,67.10320282,277.194397,104.4452286,1.0,0.0,0.000365217,0.000197007
2021-01-12,18:04:37,5.004499817,7.001799774,68.91951752,103.6171265,64.91960144,65.00012207,1152.904419,67.10368347,277.1928101,104.4452286,1.0,0.0,0.000365217,0.00019684
2021-01-12,18:04:38,5.004700089,7.001799774,68.91951752,103.6150131,64.92076111,65.00028229,1152.900269,67.10386658,277.1921387,104.4452286,1.0,0.0,0.000375391,0.000196893
2021-01-12,18:04:39,5.004499817,7.001899719,68.91951752,103.6151657,64.91999054,65.00034332,1152.897949,67.10328674,277.1940002,104.4452286,1.0,0.0,0.000375391,0.000196864
2021-01-12,18:04:40,5.004800034,7.001799774,68.91847992,103.6149292,64.91957092,65.00009918,1152.905029,67.10346222,277.1933594,104.4452286,1.0,0.0,0.000375391,0.000196864
2021-01-12,18:04:41,5.004199982,7.001899719,68.91952515,103.6148148,64.91908264,65.00005341,1152.90625,67.10368347,277.1927185,104.4452286,1.0,0.0,0.000375391,0.000196864
2021-01-12,18:04:42,5.004700089,7.001799774,68.91952515,103.6144028,64.91989899,65.00030518,1152.899536,67.10332489,277.1939087,104.4452286,1.0,0.0,0.000375391,0.000196864
2021-01-12,18:04:43,5.004299927,7.001899719,68.91952515,103.6141434,64.92053223,65.00025177,1152.900635,67.10342407,277.1934814,104.4452286,1.0,0.0,0.000375391,0.000196864
2021-01-12,18:04:44,5.004700089,7.001899719,68.91952515,103.6150208,64.92022705,65.00030518,1152.899902,67.103508,277.1932373,104.4452286,1.0,0.0,0.000375391,0.000196864
2021-01-12,18:04:45,5.004399872,7.001899719,68.91952515,103.6127853,64.92098999,65.00036621,1152.897583,67.10346222,277.1936951,104.4452286,1.0,0.0,0.000375391,0.000196864
2021-01-12,18:04:46,5.004600143,7.001799774,68.91952515,103.6126785,64.91931152,65.0004425,1152.895752,67.10314941,277.1945801,104.4452286,1.0,0.0,0.000375391,0.000196864
2021-01-12,18:04:47,5.004100037,7.001799774,68.91952515,103.6129913,64.92037201,65.00074768,1152.886719,67.10306549,277.1949158,104.4452286,1.0,0.0,0.000375391,0.000196976
2021-01-12,18:04:48,5.004499817,7.001899719,68.91952515,103.6132278,64.91944122,65.00032806,1152.898315,67.103508,277.1932373,104.4452286,1.0,0.0,0.000375391,0.000196813
2021-01-12,18:04:49,5.004199982,7.001799774,68.91952515,103.611145,64.9211731,65.00041962,1152.896484,67.10302734,277.1949768,104.4452286,1.0,0.0,0.000375391,0.000196813
2021-01-12,18:04:50,5.004100037,7.001799774,68.91851807,103.6125641,64.91983032,65.00054169,1152.892578,67.10314941,277.1945801,104.4452286,1.0,0.0,0.000375391,0.000196813
2021-01-12,18:04:51,5.004399872,7.001799774,68.91851807,103.6107483,64.91946411,65.00061035,1152.890991,67.10296631,277.1950989,104.4452286,1.0,0.0,0.000375391,0.000196813
2021-01-12,18:04:52,5.004199982,7.001899719,68.91851807,103.6101074,64.92056274,65.00048065,1152.893921,67.10355377,277.1931458,104.4452286,1.0,0.0,0.000375391,0.000196813
2021-01-12,18:04:53,5.004399872,7.001899719,68.91851807,103.6116943,64.92119598,65.00070953,1152.888062,67.10346222,277.1933899,104.4452286,1.0,0.0,0.000375391,0.000196799
2021-01-12,18:04:54,5.007400131,7.001799774,68.91851807,103.6110001,64.91986847,65.00074768,1152.88623,67.10314941,277.1945496,104.5598984,1.0,0.0,0.000375391,0.000196799
2021-01-12,18:04:55,5.013999939,7.001899719,68.91851807,103.6102142,64.92108917,65.00068665,1152.888794,67.10346222,277.1934204,104.5598984,1.0,0.0,0.000375391,0.000196799
2021-01-12,18:04:56,5.025099945,7.001999664,68.91851807,103.6098633,64.91998291,65.00082397,1152.88501,67.1036377,277.1928406,104.5598984,1.0,0.0,0.000375391,0.000196788
2021-01-12,18:04:57,5.039799881,7.002100372,68.91851807,103.6096878,64.919487,65.00063324,1152.889526,67.10417938,277.1911011,104.5598984,1.0,0.0,0.000375391,0.000196788
2021-01-12,18:04:58,5.054899979,7.002200317,68.91851807,103.6086578,64.9196701,65.00070953,1152.887939,67.10399628,277.1916504,104.5598984,1.0,0.0,0.000375391,0.000196788
2021-01-12,18:04:59,5.075,7.002400208,68.91851807,103.608017,64.91993713,65.00085449,1152.883911,67.10435486,277.1903076,104.5598984,1.0,0.0,0.000375391,0.000196788
2021-01-12,18:05:00,5.092699814,7.002700043,68.91851807,103.6084747,64.92004395,65.00080109,1152.88562,67.10453796,277.1898193,104.5598984,1.0,0.0,0.000375391,0.000196788
2021-01-12,18:05:01,5.109999847,7.002999878,68.91851807,103.6090393,64.92034912,65.00068665,1152.888306,67.10523987,277.1872864,104.5598984,1.0,0.0,0.000375391,0.000196788
2021-01-12,18:05:02,5.126399994,7.003399658,68.91851807,103.6094742,64.91960144,65.00087738,1152.883545,67.10586548,277.1852722,104.5598984,1.0,0.0,0.000375391,0.000196844
2021-01-12,18:05:03,5.150400162,7.003900146,68.91851807,103.608696,64.9200592,65.00093079,1152.881714,67.10604858,277.1846924,104.5598984,1.0,0.0,0.000375391,0.000196897
2021-01-12,18:05:04,5.176900101,7.004399872,68.91851807,103.6103668,64.92047119,65.00074768,1152.88623,67.10671234,277.1823425,104.5598984,1.0,0.0,0.000375391,0.000196897
2021-01-12,18:05:05,5.26629982,7.00530014,68.91851807,103.6113434,64.92021179,65.00099945,1152.880005,67.10774231,277.1789246,104.5598984,1.0,0.0,0.000375391,0.000196897
2021-01-12,18:05:06,5.338499832,7.006300354,68.91851807,103.6127319,64.91990662,65.00107574,1152.878052,67.10756683,277.1781616,104.5598984,1.0,0.0,0.000375391,0.000196897
2021-01-12,18:05:07,5.409199905,7.00759964,68.91851807,103.6152954,64.92101288,65.00120544,1152.873901,67.11036682,277.1698608,104.5598984,1.0,0.0,0.000375391,0.000196897
2021-01-12,18:05:08,5.473199844,7.009100342,68.91851807,103.61586,64.91859436,65.00134277,1152.870605,67.11188507,277.1647644,104.5598984,1.0,0.0,0.000375391,0.000196897
2021-01-12,18:05:09,5.533200073,7.010700226,68.91851807,103.619278,64.91993713,65.00126648,1152.871826,67.11401367,277.1573486,104.7887192,1.0,0.0,0.000375391,0.000196897
2021-01-12,18:05:10,5.596500015,7.012599945,68.91851807,103.6225204,64.91822815,65.00141144,1152.868286,67.11592865,277.1507874,104.7887192,1.0,0.0,0.000375391,0.000197216
2021-01-12,18:05:11,5.656499863,7.014700317,68.91851807,103.6262817,64.91944885,65.00150299,1152.865723,67.11785126,277.1443787,104.7887192,1.0,0.0,0.000375391,0.000196982
2021-01-12,18:05:12,5.714799881,7.016699982,68.91851807,103.6309509,64.918396,65.00174713,1152.859131,67.11922455,277.1396179,104.7887192,1.0,0.0,0.000375391,0.000196982
2021-01-12,18:05:13,5.772299957,7.019100189,68.91851807,103.636528,64.91796875,65.00165558,1152.861816,67.12128448,277.1326599,104.7887192,1.0,0.0,0.000375391,0.000196982
2021-01-12,18:05:14,5.829899979,7.021600342,68.91851807,103.6437683,64.91838837,65.00215912,1152.847656,67.12324524,277.1257935,104.8894272,1.0,0.0,0.000375391,0.000196982
2021-01-12,18:05:15,5.886100006,7.024299622,68.91851807,103.6506042,64.91676331,65.0022049,1152.846436,67.12533569,277.1186218,104.8894272,1.0,0.0,0.000375391,0.000196982
2021-01-12,18:05:16,5.939199829,7.026999664,68.91851807,103.6599121,64.9156189,65.00229645,1152.843384,67.12770081,277.1105957,104.8894272,1.0,0.0,0.000375391,0.000196982
2021-01-12,18:05:17,5.993000031,7.02990036,68.91851807,103.6684418,64.91497803,65.00269318,1152.831787,67.12947845,277.1044922,104.8894272,1.0,0.0,0.000375391,0.000196982
2021-01-12,18:05:18,6.048699951,7.032900238,68.91851807,103.6759033,64.91384888,65.00260925,1152.834839,67.13197327,277.0959167,104.8894272,1.0,0.0,4.29347e-05,0.000196982
2021-01-12,18:05:19,6.010800171,7.035600281,68.9174881,103.6858597,64.91264343,65.00344849,1152.81189,67.13356781,277.0905762,105.7222595,1.0,0.0,4.29347e-05,0.000196982
2021-01-12,18:05:20,6.018600082,7.03789978,68.91851807,103.695488,64.91142273,65.00373077,1152.803101,67.13562012,277.0835876,105.7222595,0.999890289,0.00010967,4.29347e-05,0.000196982
2021-01-12,18:05:21,6.005400085,7.040200043,68.91851807,103.7074661,64.91016388,65.00387573,1152.799438,67.13664246,277.0802612,105.7222595,0.999890289,0.00010967,4.29347e-05,0.000196982
2021-01-12,18:05:22,6.002399826,7.04240036,68.91851807,103.7192307,64.90830994,65.00419617,1152.790894,67.13718414,277.0783081,105.7222595,0.999890289,0.00010967,4.29347e-05,0.000196982
2021-01-12,18:05:23,6.001499939,7.044300079,68.91851807,103.7318115,64.90556335,65.00479889,1152.773804,67.13790131,277.0759583,105.7222595,0.999890289,0.00010967,4.29347e-05,0.000196982
2021-01-12,18:05:24,6.004600143,7.046199799,68.91851807,103.7460861,64.90444946,65.00509644,1152.765015,67.13910675,277.0717163,107.257782,0.999890289,0.00010967,4.29347e-05,0.000196812
2021-01-12,18:05:25,6.013600159,7.047899628,68.91851807,103.7598724,64.90281677,65.00572968,1152.747192,67.13941956,277.0707397,107.257782,0.999890289,0.00010967,4.29347e-05,0.000196812
2021-01-12,18:05:26,6.02120018,7.049500275,68.91851807,103.7719803,64.89929962,65.00614166,1152.736206,67.14007568,277.0684204,107.257782,0.999890289,0.00010967,0.000335726,0.000196812
2021-01-12,18:05:27,6.029399872,7.046199799,68.91851807,103.784584,64.89848328,65.0065918,1152.723755,67.14096832,277.0653992,107.257782,0.999890289,0.00010967,0.000335726,0.000196812
2021-01-12,18:05:28,6.038499832,7.039600372,68.91851807,103.7969971,64.89548492,65.00704193,1152.710327,67.14159393,277.0632935,107.257782,0.999890289,0.00010967,0.000335726,0.000196812
2021-01-12,18:05:29,6.044800186,7.032900238,68.91851807,103.811676,64.89419556,65.00747681,1152.699097,67.14266968,277.0595398,109.0152283,0.999890289,0.00010967,0.000335726,0.000196812
2021-01-12,18:05:30,6.051800156,7.026799774,68.91750336,103.8242035,64.89120483,65.00785828,1152.687988,67.14324188,277.0575562,109.0152283,0.999890289,0.00010967,0.000335726,0.000196812
2021-01-12,18:05:31,6.058499908,7.021399689,68.91854095,103.8367691,64.88899231,65.00829315,1152.675781,67.14382172,277.0555725,109.0152283,0.999890289,0.00010967,0.000335726,0.000196812
2021-01-12,18:05:32,6.064599991,7.016100311,68.91749573,103.8508453,64.88653564,65.00858307,1152.667725,67.14467621,277.0528564,109.0152283,0.999890289,0.00010967,0.000335726,0.000196812
2021-01-12,18:05:33,6.070999908,7.011000061,68.9185791,103.8634109,64.88506317,65.00898743,1152.656494,67.14552307,277.0497742,109.0152283,0.999890289,0.00010967,0.000335726,0.000196812
2021-01-12,18:05:34,6.075299835,7.006600189,68.9185791,103.8757858,64.88237762,65.0092926,1152.648193,67.14644623,277.0467224,111.0146561,1.0,0.0,0.000335726,0.000196812
2021-01-12,18:05:35,6.078300095,7.005999756,68.9185791,103.8884811,64.87942505,65.00948334,1152.64209,67.14707184,277.0444641,111.0146561,1.0,0.0,0.000335726,0.000196857
2021-01-12,18:05:36,6.081200027,7.005999756,68.9185791,103.9012299,64.87682343,65.00991821,1152.630127,67.14801025,277.0413208,111.0146561,1.0,0.0,0.000335726,0.000196851
2021-01-12,18:05:37,6.079999924,7.006099701,68.9175415,103.9134674,64.8745575,65.00999451,1152.628418,67.14885712,277.0384216,111.0146561,1.0,0.0,0.000335726,0.000196851
2021-01-12,18:05:38,6.079399872,7.006300354,68.9175415,103.9254074,64.87237549,65.01032257,1152.619019,67.14993286,277.0348816,111.0146561,1.0,0.0,0.000335726,0.000196851
2021-01-12,18:05:39,6.075099945,7.006400299,68.9175415,103.9385376,64.86943817,65.01043701,1152.615845,67.15113831,277.0307312,113.550209,1.0,0.0,0.000335726,0.000196851
2021-01-12,18:05:40,6.067399979,7.006500244,68.9175415,103.9514008,64.86851501,65.01073456,1152.607422,67.15180969,277.0283508,113.550209,1.0,0.0,0.000335726,0.000196851
2021-01-12,18:05:41,6.061199951,7.006500244,68.9175415,103.9634018,64.86410522,65.0110321,1152.599487,67.15229797,277.026825,113.550209,1.0,0.0,0.000335726,0.000196851
2021-01-12,18:05:42,6.054299927,7.006600189,68.9175415,103.9762192,64.86241913,65.01118469,1152.595215,67.15327454,277.0233459,113.550209,1.0,0.0,0.000335726,0.000196851
2021-01-12,18:05:43,6.047700119,7.006500244,68.9185791,103.9907684,64.85988617,65.01145172,1152.587036,67.15411377,277.0204468,113.550209,1.0,0.0,0.000335726,0.000196851
2021-01-12,18:05:44,6.042200089,7.006700134,68.91757202,104.0025864,64.85682678,65.01168823,1152.581055,67.15522766,277.0168457,116.0650558,1.0,0.0,0.000335726,0.000196851
2021-01-12,18:05:45,6.03730011,7.006600189,68.91757202,104.0149231,64.85663605,65.01190948,1152.574707,67.15549469,277.0158691,116.0650558,1.0,0.0,0.000403186,0.000196851
2021-01-12,18:05:46,6.031600189,7.006700134,68.91757202,104.0284576,64.85333252,65.01210785,1152.569092,67.15602875,277.0139465,116.0650558,1.0,0.0,0.000403186,0.000196851
2021-01-12,18:05:47,6.025799942,7.006500244,68.91757202,104.0407867,64.85233307,65.01216125,1152.567383,67.15702057,277.0107422,116.0650558,1.0,0.0,0.000407122,0.000196851
2021-01-12,18:05:48,6.021500015,7.006600189,68.91757202,104.0530319,64.85046387,65.0124588,1152.559082,67.15763092,277.0084534,116.0650558,1.0,0.0,0.000407122,0.000196851
2021-01-12,18:05:49,6.016999817,7.006300354,68.91757202,104.0657959,64.84793091,65.01268005,1152.553101,67.15826416,277.0062866,118.0433121,1.0,0.0,0.000407122,0.000196851
2021-01-12,18:05:50,6.01230011,7.006300354,68.91757202,104.0780563,64.8455658,65.01286316,1152.54834,67.15870667,277.0048828,118.0433121,1.0,0.0,0.000407122,0.000196851
2021-01-12,18:05:51,6.008100128,7.005999756,68.91757202,104.0905914,64.84469604,65.01296997,1152.5448,67.15965271,277.0016785,118.0433121,1.0,0.0,0.000416206,0.000196883
2021-01-12,18:05:52,6.003900146,7.005899811,68.91757202,104.1017914,64.84220123,65.01279449,1152.550049,67.16034698,276.999176,118.0433121,1.0,0.0,0.000416206,0.000196883
2021-01-12,18:05:53,5.999599838,7.005699921,68.91861725,104.1145172,64.84256744,65.01332855,1152.534302,67.16070557,276.9980164,118.0433121,1.0,0.0,0.000416206,0.000196883
2021-01-12,18:05:54,5.995600128,7.005599976,68.91861725,104.1271896,64.83958435,65.01315308,1152.540283,67.16106415,276.9968872,119.9651337,1.0,0.0,0.000416206,0.000196883
2021-01-12,18:05:55,5.991899872,7.005400085,68.91757965,104.1387482,64.83852386,65.01345062,1152.53186,67.16168976,276.9946594,119.9651337,1.0,0.0,0.000416206,0.000196833
2021-01-12,18:05:56,5.988100052,7.005200195,68.91757965,104.1505966,64.83891296,65.01358795,1152.52771,67.16191864,276.993927,119.9651337,1.0,0.0,0.000416206,0.000196833
2021-01-12,18:05:57,5.984500122,7.00490036,68.91757965,104.1622086,64.83735657,65.01374817,1152.52356,67.1624527,276.9920959,119.9651337,1.0,0.0,0.000416206,0.000196833
2021-01-12,18:05:58,5.980899811,7.004699707,68.91757965,104.1749878,64.83651733,65.0135498,1152.528809,67.16281128,276.9909363,119.9651337,1.0,0.0,0.000416206,0.000196833
2021-01-12,18:05:59,5.977399826,7.004499817,68.91757965,104.1865692,64.83499908,65.0134964,1152.527344,67.16352081,276.9884644,121.5343475,1.0,0.0,0.000416206,0.000196833
2021-01-12,18:06:00,5.974100113,7.004399872,68.91757965,104.1983109,64.83301544,65.01377106,1152.522095,67.16361237,276.9880676,121.5343475,1.0,0.0,0.000416206,0.000196833
2021-01-12,18:06:01,5.970999908,7.004100037,68.91757965,104.2094727,64.83195496,65.01390839,1152.518799,67.16432953,276.9857788,121.5343475,1.0,0.0,0.000416206,0.000196833
2021-01-12,18:06:02,5.96780014,7.003800201,68.91757965,104.2210159,64.83139801,65.01398468,1152.516479,67.16423798,276.9855347,121.5343475,1.0,0.0,0.000416206,0.000196833
2021-01-12,18:06:03,5.964699936,7.003600311,68.91757965,104.2331924,64.83127594,65.01394653,1152.517578,67.16468048,276.9844055,121.5343475,1.0,0.0,0.000416206,0.000196833
2021-01-12,18:06:04,5.961700058,7.003399658,68.91657257,104.244133,64.83035278,65.01363373,1152.526611,67.16455078,276.9848938,122.9907913,1.0,0.0,0.000416206,0.000196833
2021-01-12,18:06:05,5.959899902,7.003199768,68.91657257,104.2557678,64.82936096,65.0138855,1152.519409,67.16500092,276.9833069,122.9907913,1.0,0.0,0.000416206,0.000196833
2021-01-12,18:06:06,5.958499908,7.002899933,68.91657257,104.2675934,64.82896423,65.01381683,1152.517212,67.16548157,276.9816895,122.9907913,1.0,0.0,0.000416206,0.000196833
2021-01-12,18:06:07,5.956999969,7.002700043,68.91657257,104.27845,64.82881927,65.01365662,1152.525757,67.16535187,276.9821472,122.9907913,1.0,0.0,0.000416206,0.000196833
2021-01-12,18:06:08,5.955899811,7.002400208,68.91757965,104.2906036,64.8278656,65.01345062,1152.53186,67.16603088,276.9798889,122.9907913,1.0,0.0,0.000416206,0.000196833
2021-01-12,18:06:09,5.955400085,7.002200317,68.91757965,104.3023987,64.82693481,65.0134201,1152.530518,67.16615295,276.9794312,124.2571487,1.0,0.0,0.000431345,0.000196911
2021-01-12,18:06:10,5.954899979,7.001999664,68.91757965,104.3126907,64.8265686,65.01329041,1152.536133,67.16575623,276.980896,124.2571487,1.0,0.0,0.000431345,0.000196911
2021-01-12,18:06:11,5.954100037,7.001799774,68.91757965,104.3250656,64.82766724,65.01377106,1152.523071,67.16660309,276.9779663,124.2571487,1.0,0.0,0.000431345,0.000196911
2021-01-12,18:06:12,5.95340004,7.001599884,68.91757965,104.337204,64.82832336,65.01292419,1152.545898,67.16646576,276.9784546,124.2571487,1.0,0.0,0.000431345,0.000196911
2021-01-12,18:06:13,5.952600098,7.001399994,68.91655731,104.3488617,64.82696533,65.01315308,1152.539917,67.16655731,276.9780579,124.2571487,1.0,0.0,0.000431345,0.000196911
2021-01-12,18:06:14,5.952000046,7.001300049,68.91655731,104.3592529,64.82737732,65.01294708,1152.545532,67.16668701,276.9776611,124.9999466,1.0,0.0,0.000431345,0.000196911
2021-01-12,18:06:15,5.951200104,7.001000214,68.91655731,104.3718567,64.82676697,65.01311493,1152.540894,67.16718292,276.9758911,124.9999466,1.0,0.0,0.000431345,0.000196911
2021-01-12,18:06:16,5.950299835,7.001000214,68.91655731,104.3838882,64.82752991,65.01263428,1152.554443,67.16668701,276.9776611,124.9999466,1.0,0.0,0.000431345,0.000196911
2021-01-12,18:06:17,5.949599838,7.000800323,68.91655731,104.395401,64.82688904,65.0125885,1152.556152,67.16705322,276.9764099,124.9999466,1.0,0.0,0.000431345,0.000196911
2021-01-12,18:06:18,5.948899841,7.000700378,68.91655731,104.4070206,64.82759094,65.01224518,1152.565552,67.16718292,276.9759521,124.9999466,1.0,0.0,0.000431345,0.000196911
2021-01-12,18:06:19,5.948400116,7.000499725,68.91655731,104.4188766,64.82699585,65.0120697,1152.570313,67.16687012,276.9769897,125.6954041,1.0,0.0,0.000431345,0.000196911
2021-01-12,18:06:20,5.947700119,7.00039978,68.91655731,104.4299469,64.82606506,65.0118866,1152.575439,67.16723633,276.9757996,125.6954041,1.0,0.0,0.000431345,0.000196911
2021-01-12,18:06:21,5.947000122,7.000299835,68.91655731,104.4415817,64.82730103,65.01197815,1152.57312,67.16682434,276.9770813,125.6954041,1.0,0.0,0.000431345,0.000196911
2021-01-12,18:06:22,5.946500015,7.000099945,68.9155426,104.4539185,64.82781982,65.01147461,1152.586792,67.16709137,276.9762268,125.6954041,1.0,0.0,0.000431345,0.000196911
2021-01-12,18:06:23,5.945800018,7.0,68.91664124,104.4662399,64.82873535,65.01107025,1152.598389,67.16695404,276.9767456,125.6954041,1.0,0.0,0.000431345,0.000196911
2021-01-12,18:06:24,5.945199966,6.999900055,68.91664124,104.4783783,64.82737732,65.01091766,1152.602905,67.16699982,276.9768982,126.0737762,1.0,0.0,0.000431345,0.000196911
2021-01-12,18:06:25,5.944599915,6.99980011,68.91664124,104.4896851,64.82829285,65.01066589,1152.609375,67.16713715,276.9760742,126.0737762,1.0,0.0,0.000431345,0.000196911
2021-01-12,18:06:26,5.943999863,6.999700165,68.91664124,104.501709,64.82896423,65.01077271,1152.606567,67.16687012,276.9769897,126.0737762,1.0,0.0,0.000431345,0.000196911
2021-01-12,18:06:27,5.943600082,6.99960022,68.91664124,104.514183,64.82966614,65.01011658,1152.624756,67.16628265,276.9789734,126.0737762,1.0,0.0,0.000431345,0.000196911
2021-01-12,18:06:28,5.94280014,6.999500275,68.91664124,104.5276337,64.82991028,65.00975037,1152.634399,67.16646576,276.9795227,126.0737762,1.0,0.0,0.000431345,0.000196911
2021-01-12,18:06:29,5.942300034,6.99940033,68.91560364,104.5383759,64.83045959,65.00952911,1152.641113,67.16642761,276.978302,126.5577774,1.0,0.0,0.000431345,0.000196911
2021-01-12,18:06:30,5.941699982,6.99940033,68.91560364,104.5516739,64.83059692,65.00933838,1152.646851,67.16615295,276.9795532,126.5577774,1.0,0.0,0.00045369,0.000196911
2021-01-12,18:06:31,5.94090004,6.999299622,68.91560364,104.5632248,64.8299408,65.00909424,1152.65332,67.16597748,276.980072,126.5577774,1.0,0.0,0.00045369,0.000196911
2021-01-12,18:06:32,5.940499878,6.999199677,68.91560364,104.5756226,64.82959747,65.00869751,1152.664673,67.16619873,276.979248,126.5577774,1.0,0.0,0.00045369,0.000196911
2021-01-12,18:06:33,5.939799881,6.99940033,68.91560364,104.5879288,64.83171082,65.00823975,1152.677124,67.16610718,276.9796753,126.5577774,1.0,0.0,0.00045369,0.000196911
2021-01-12,18:06:34,5.939500046,6.999500275,68.91560364,104.5998154,64.83125305,65.00797272,1152.68457,67.16615295,276.9793701,126.9005356,1.0,0.0,0.00045369,0.000196911
2021-01-12,18:06:35,5.939199829,6.999299622,68.91560364,104.6118546,64.83163452,65.00774384,1152.691162,67.16579437,276.9807129,126.9005356,1.0,0.0,0.00045369,0.000196911
2021-01-12,18:06:36,5.938700104,6.999199677,68.91560364,104.6246872,64.83317566,65.00720215,1152.706177,67.16521454,276.9827271,126.9005356,1.0,0.0,0.00045369,0.000196911
2021-01-12,18:06:37,5.938199997,6.999099731,68.91560364,104.6375656,64.83337402,65.00674438,1152.718872,67.16508484,276.9830322,126.9005356,1.0,0.0,0.00045369,0.000196992
2021-01-12,18:06:38,5.93769989,6.998999786,68.91453552,104.649498,64.83312988,65.00637817,1152.72937,67.16485596,276.9838562,126.9005356,1.0,0.0,0.00045369,0.000196992
2021-01-12,18:06:39,5.937400055,6.998899841,68.91453552,104.6624146,64.83332825,65.00614166,1152.736084,67.16526031,276.9824524,127.2843399,1.0,0.0,0.00045369,0.000196992
2021-01-12,18:06:40,5.936800003,6.998799896,68.91453552,104.6744995,64.83421326,65.00601959,1152.73877,67.16436768,276.9854431,127.2843399,1.0,0.0,0.00045369,0.000196992
2021-01-12,18:06:41,5.936600113,6.998899841,68.91453552,104.6880722,64.83494568,65.0052948,1152.759644,67.16440582,276.9855957,127.2843399,1.0,0.0,0.00045369,0.000196992
2021-01-12,18:06:42,5.935900116,6.998699951,68.91345978,104.7003555,64.83454895,65.00479889,1152.773438,67.16409302,276.9864807,127.2843399,1.0,0.0,0.00045369,0.000196776
2021-01-12,18:06:43,5.935699844,6.998699951,68.91345978,104.7138672,64.83511353,65.00429535,1152.787354,67.16387939,276.9872437,127.2843399,1.0,0.0,0.00045369,0.000196795
2021-01-12,18:06:44,5.935300064,6.998600006,68.91446686,104.7254333,64.83581543,65.00410461,1152.792847,67.16325378,276.9893188,127.557373,1.0,0.0,0.00045369,0.000196795
2021-01-12,18:06:45,5.934799957,6.998500061,68.91446686,104.7396851,64.83646393,65.00389862,1152.799194,67.16299438,276.9901733,127.557373,1.0,0.0,0.00045369,0.000196795
2021-01-12,18:06:46,5.93429985,6.998600006,68.91446686,104.7527924,64.83686829,65.00324249,1152.816895,67.16320038,276.9894409,127.557373,1.0,0.0,0.00045369,0.000196795
2021-01-12,18:06:47,5.93390007,6.998400116,68.91446686,104.7652512,64.83759308,65.00274658,1152.830688,67.16249084,276.9918823,127.557373,1.0,0.0,0.00045369,0.000196824
2021-01-12,18:06:48,5.933499908,6.998300171,68.91343689,104.7788086,64.83746338,65.00238037,1152.841309,67.1626358,276.9916077,127.557373,1.0,0.0,0.00045369,0.000196824
2021-01-12,18:06:49,5.933200073,6.998400116,68.91343689,104.7917557,64.83877563,65.0018158,1152.856567,67.16181946,276.9942017,127.7572708,1.0,0.0,0.00045369,0.000196824
2021-01-12,18:06:50,5.932899857,6.998200226,68.91343689,104.8047333,64.83805084,65.00154877,1152.86438,67.16142273,276.9956665,127.7572708,1.0,0.0,0.00045369,0.000196824
2021-01-12,18:06:51,5.932500076,7.000900269,68.91444397,104.8182907,64.84070587,65.00150299,1152.865479,67.16133881,276.9959412,127.7572708,1.0,0.0,0.000431587,0.000196824
2021-01-12,18:06:52,5.932400131,7.00739975,68.91329193,104.8311768,64.8393631,65.00048065,1152.894287,67.16101837,276.9970093,127.7572708,1.0,0.0,0.000431587,0.000196824
2021-01-12,18:06:53,5.932300186,7.01309967,68.91329193,104.8453979,64.84111786,65.00032806,1152.898804,67.16079712,276.9976807,127.7572708,1.0,0.0,0.000431587,0.000196824
2021-01-12,18:06:54,5.932400131,7.018499756,68.91329193,104.8582611,64.84163666,64.99981689,1152.912842,67.16039276,276.999115,127.7572708,1.0,0.0,0.000431587,0.000196824
2021-01-12,18:06:55,5.932699966,7.023600006,68.91329193,104.8710861,64.84338379,64.9993515,1152.92627,67.16061401,276.9982605,127.7572708,1.0,0.0,0.000431587,0.000196824
2021-01-12,18:06:56,5.932899857,7.024700165,68.91329193,104.8840485,64.84243774,64.99913025,1152.932251,67.1594696,277.0021973,127.7572708,1.0,0.0,0.000431587,0.000196824
2021-01-12,18:06:57,5.933100128,7.021499634,68.91329193,104.8986664,64.84316254,64.99876404,1152.942749,67.1591568,277.0033264,127.7572708,1.0,0.0,0.000432011,0.000196824
2021-01-12,18:06:58,5.933200073,7.019599915,68.91329193,104.9120789,64.84461975,64.99837494,1152.953613,67.15898132,277.0039368,127.7572708,1.0,0.0,0.000432011,0.000196824
2021-01-12,18:06:59,5.933499908,7.01780014,68.91223145,104.9250565,64.84599304,64.99824524,1152.956909,67.15862274,277.005188,127.7572708,1.0,0.0,0.000432011,0.000196824
2021-01-12,18:07:00,5.933399963,7.016000366,68.91223145,104.9389496,64.84503174,64.99803925,1152.963013,67.15791321,277.0074768,127.7572708,1.0,0.0,0.000424987,0.000196824
2021-01-12,18:07:01,5.93370018,7.014499664,68.91223145,104.952179,64.84616089,64.99736786,1152.980835,67.15795135,277.0075684,127.7572708,1.0,0.0,0.000424987,0.000196824
2021-01-12,18:07:02,5.933399963,7.01289978,68.91120911,104.965065,64.84812927,64.99726868,1152.984131,67.15706635,277.0104065,127.7572708,1.0,0.0,0.000424987,0.000196824
2021-01-12,18:07:03,5.933499908,7.011399841,68.91120911,104.9780426,64.84686279,64.9968338,1152.99646,67.15660095,277.0120544,127.7572708,1.0,0.0,0.000424987,0.000196824
2021-01-12,18:07:04,5.933300018,7.009899902,68.91120911,104.9916534,64.8493576,64.99656677,1153.003906,67.15629578,277.0131226,127.6485596,1.0,0.0,0.000424987,0.000196824
2021-01-12,18:07:05,5.933100128,7.008499908,68.91120911,105.0049133,64.84850311,64.99627686,1153.012207,67.15585327,277.0145874,127.6485596,1.0,0.0,0.000424987,0.000196824
2021-01-12,18:07:06,5.932899857,7.007099915,68.91120911,105.0197144,64.85020447,64.99593353,1153.021851,67.15540314,277.0160828,127.6485596,1.0,0.0,0.000455689,0.000196824
2021-01-12,18:07:07,5.932699966,7.005899811,68.91120911,105.0323563,64.85064697,64.9950943,1153.044678,67.15496063,277.0176392,127.6485596,1.0,0.0,0.000455689,0.000196824
2021-01-12,18:07:08,5.932899857,7.00510025,68.91120911,105.0464249,64.85089111,64.99481964,1153.052612,67.15437317,277.0195313,127.6485596,1.0,0.0,0.000455689,0.000196824
2021-01-12,18:07:09,5.932400131,7.006400299,68.91120911,105.0597076,64.85192871,64.99443817,1153.063477,67.15390015,277.0212708,127.6485596,1.0,0.0,0.000463077,0.000196824
2021-01-12,18:07:10,5.932500076,7.00759964,68.91120911,105.0736694,64.85324097,64.99419403,1153.07019,67.15349579,277.0225525,127.6485596,1.0,0.0,0.000463077,0.000196824
2021-01-12,18:07:11,5.931999969,7.008000183,68.9101944,105.0870514,64.85449219,64.99350739,1153.089233,67.15305328,277.024231,127.6485596,1.0,0.0,0.000463077,0.00019701
2021-01-12,18:07:12,5.931900024,7.007900238,68.9101944,105.0989304,64.85391235,64.99310303,1153.10083,67.15265656,277.0254822,127.6485596,1.0,0.0,0.000463077,0.00019701
2021-01-12,18:07:13,5.932099915,7.007700348,68.9101944,105.1130524,64.85402679,64.99260712,1153.114258,67.15242767,277.0262451,127.6485596,1.0,0.0,0.000463077,0.00019701
2021-01-12,18:07:14,5.931700134,7.00759964,68.9101944,105.1272812,64.85598755,64.99185181,1153.134766,67.15203094,277.027771,127.6485596,1.0,0.0,0.000463077,0.00019701
2021-01-12,18:07:15,5.931499863,7.00759964,68.9101944,105.1417542,64.85632324,64.99145508,1153.146606,67.15162659,277.0290527,127.6485596,1.0,0.0,0.000463077,0.00019701
2021-01-12,18:07:16,5.931600189,7.00759964,68.9101944,105.1558685,64.85575867,64.99150848,1153.144165,67.15100098,277.031189,127.6485596,1.0,0.0,0.000463077,0.00019701
2021-01-12,18:07:17,5.931299973,7.007499695,68.9101944,105.1697998,64.85717773,64.99108124,1153.156494,67.15078735,277.0320129,127.6485596,1.0,0.0,0.000463077,0.00019701
2021-01-12,18:07:18,5.931000137,7.00759964,68.90918732,105.1837616,64.85774231,64.99055481,1153.172119,67.15028381,277.0335083,127.6485596,1.0,0.0,0.000463077,0.00019701
2021-01-12,18:07:19,5.930799866,7.00759964,68.90918732,105.1985321,64.85813904,64.99016571,1153.182373,67.14993286,277.0348511,127.5278778,1.0,0.0,0.000463077,0.000196822
2021-01-12,18:07:20,5.931000137,7.007499695,68.90918732,105.2124405,64.85852814,64.98963165,1153.197144,67.14912415,277.0374756,127.5278778,1.0,0.0,0.000463077,0.000196822
2021-01-12,18:07:21,5.930500031,7.00759964,68.90918732,105.2270966,64.85947418,64.98932648,1153.205933,67.14877319,277.0388794,127.5278778,1.0,0.0,0.000463077,0.000196822
2021-01-12,18:07:22,5.930599976,7.00759964,68.90816498,105.2413712,64.85939026,64.98847198,1153.22998,67.14827728,277.0404663,127.5278778,1.0,0.0,0.000463077,0.000196822
2021-01-12,18:07:23,5.93030014,7.007499695,68.90816498,105.2548447,64.85991669,64.98799133,1153.243164,67.14806366,277.0412292,127.5278778,1.0,0.0,0.000463077,0.000196822
2021-01-12,18:07:24,5.930199814,7.00759964,68.90715027,105.2689667,64.86138153,64.98776245,1153.249634,67.14743042,277.043335,127.5278778,1.0,0.0,0.000463077,0.000196822
2021-01-12,18:07:25,5.929999924,7.00759964,68.90715027,105.285553,64.86158752,64.98733521,1153.261719,67.14703369,277.0446472,127.5278778,1.0,0.0,0.000463077,0.000196822
2021-01-12,18:07:26,5.930099869,7.00759964,68.90715027,105.298851,64.86303711,64.98708344,1153.268799,67.14636993,277.0470276,127.5278778,1.0,0.0,0.000463077,0.000196822
2021-01-12,18:07:27,5.929800034,7.007499695,68.90715027,105.3137283,64.86334991,64.98651123,1153.28479,67.1462326,277.0474854,127.5278778,1.0,0.0,0.000463077,0.000196822
2021-01-12,18:07:28,5.929899979,7.00759964,68.90715027,105.3270416,64.86227417,64.98583984,1153.303589,67.14556122,277.0496521,127.5278778,1.0,0.0,0.000463077,0.000196822
2021-01-12,18:07:29,5.929600143,7.007499695,68.90715027,105.3423386,64.8646698,64.98570251,1153.307495,67.14511871,277.0513306,127.5278778,1.0,0.0,0.000423836,0.000196822
2021-01-12,18:07:30,5.929499817,7.00759964,68.90715027,105.3567429,64.8638916,64.9852066,1153.320923,67.14458466,277.0531616,127.5278778,1.0,0.0,0.000423836,0.000196822
2021-01-12,18:07:31,5.929299927,7.007499695,68.90715027,105.3715973,64.86489868,64.98477173,1153.333252,67.1440506,277.0549011,127.5278778,1.0,0.0,0.000442427,0.000196806
2021-01-12,18:07:32,5.929399872,7.00759964,68.90606689,105.3863907,64.86573792,64.98434448,1153.344971,67.14346313,277.0567932,127.5278778,1.0,0.0,0.000442427,0.000196806
2021-01-12,18:07:33,5.929100037,7.007499695,68.90606689,105.3999863,64.86681366,64.98394012,1153.356689,67.14328766,277.0575256,127.5278778,1.0,0.0,0.000442427,0.000196806
2021-01-12,18:07:34,5.929199982,7.00759964,68.90606689,105.4147263,64.86756897,64.98371124,1153.363037,67.14266968,277.0595398,127.2614288,1.0,0.0,0.000442427,0.000196806
2021-01-12,18:07:35,5.92879982,7.007499695,68.90606689,105.4302368,64.86743164,64.98332214,1153.374023,67.14186096,277.0624084,127.2614288,1.0,0.0,0.000437219,0.000196806
2021-01-12,18:07:36,5.92859993,7.00759964,68.90505219,105.4447174,64.86732483,64.98281097,1153.388794,67.14141846,277.0638428,127.2614288,1.0,0.0,0.000437219,0.000196806
2021-01-12,18:07:37,5.928699875,7.00759964,68.90505219,105.4590607,64.86811829,64.98239899,1153.399414,67.1410141,277.0652771,127.2614288,1.0,0.0,0.000437219,0.000196806
2021-01-12,18:07:38,5.92840004,7.007700348,68.90505219,105.47332,64.86878967,64.98220062,1153.40564,67.14078522,277.0661316,127.2614288,1.0,0.0,0.000437219,0.000196806
2021-01-12,18:07:39,5.92820015,7.007700348,68.90401459,105.4887085,64.86856079,64.98174286,1153.418213,67.14021301,277.0680847,127.2614288,1.0,0.0,0.000437219,0.000196806
2021-01-12,18:07:40,5.928300095,7.007700348,68.90401459,105.5031509,64.86981201,64.98123932,1153.432007,67.13937378,277.0707703,127.2614288,1.0,0.0,0.000437219,0.000196806
2021-01-12,18:07:41,5.928099823,7.007700348,68.90401459,105.5178909,64.86991882,64.98078918,1153.444702,67.1392746,277.0712891,127.2614288,1.0,0.0,0.000437219,0.000196806
2021-01-12,18:07:42,5.927999878,7.007700348,68.90401459,105.5326004,64.87139893,64.98033905,1153.457642,67.13892365,277.0724792,127.2614288,1.0,0.0,0.000437219,0.000196806
2021-01-12,18:07:43,5.927700043,7.007700348,68.90401459,105.5472336,64.87116241,64.98001862,1153.466431,67.13812256,277.0752258,127.2614288,1.0,0.0,0.000437219,0.000196806
2021-01-12,18:07:44,5.927899933,7.007700348,68.90294647,105.5628815,64.87197876,64.97956848,1153.479126,67.13776398,277.0763855,127.2614288,1.0,0.0,0.000437219,0.000196806
2021-01-12,18:07:45,5.927500153,7.007700348,68.90294647,105.5768433,64.87236023,64.97940826,1153.483398,67.13700104,277.0788879,127.2614288,1.0,0.0,0.000436795,0.000196806
2021-01-12,18:07:46,5.927399826,7.00759964,68.90294647,105.591835,64.87211609,64.97905731,1153.493774,67.13664246,277.0802612,127.2614288,1.0,0.0,0.000436795,0.000196806
2021-01-12,18:07:47,5.927199936,7.007700348,68.90294647,105.6071472,64.8734436,64.978508,1153.508423,67.13642883,277.0810547,127.2614288,1.0,0.0,0.000443093,0.00019693
2021-01-12,18:07:48,5.927500153,7.007700348,68.90294647,105.6220856,64.87388611,64.97836304,1153.512451,67.13571167,277.083313,127.2614288,1.0,0.0,0.000443093,0.00019693
2021-01-12,18:07:49,5.927099991,7.007700348,68.90294647,105.6369934,64.87532043,64.97795868,1153.524048,67.13536072,277.0845947,127.2614288,1.0,0.0,0.000443093,0.00019693
2021-01-12,18:07:50,5.927199936,7.007800293,68.90190887,105.6523209,64.87467957,64.9777832,1153.529053,67.13464355,277.0869141,127.2614288,1.0,0.0,0.000443093,0.00019693
2021-01-12,18:07:51,5.927000046,7.007700348,68.90190887,105.6663208,64.87492371,64.97740936,1153.539429,67.1342392,277.0883789,127.2614288,1.0,0.0,0.000443093,0.00019693
2021-01-12,18:07:52,5.926699829,7.007700348,68.90190887,105.6806717,64.87567139,64.97696686,1153.551636,67.13379669,277.0897827,127.2614288,1.0,0.0,0.000443093,0.00019693
2021-01-12,18:07:53,5.927000046,7.007800293,68.90190887,105.6961746,64.87737274,64.97645569,1153.566528,67.13307953,277.0921631,127.2614288,1.0,0.0,0.000443093,0.00019693
2021-01-12,18:07:54,5.926699829,7.007700348,68.90190887,105.7107925,64.87837219,64.97626495,1153.571411,67.13317108,277.0917969,126.8167801,1.0,0.0,0.000443093,0.00019693
2021-01-12,18:07:55,5.926499939,7.007800293,68.90081024,105.7265244,64.87588501,64.97589111,1153.58252,67.13249969,277.0942383,126.8167801,1.0,0.0,0.000446303,0.00019693
2021-01-12,18:07:56,5.926599884,7.007700348,68.89979553,105.7413177,64.87861633,64.97568512,1153.587646,67.13192749,277.0962524,126.8167801,1.0,0.0,0.000446303,0.00019693
2021-01-12,18:07:57,5.926200104,7.007800293,68.90081024,105.7559586,64.87750244,64.97536469,1153.596558,67.13139343,277.098053,126.8167801,1.0,0.0,0.000446303,0.00019693
2021-01-12,18:07:58,5.926300049,7.007800293,68.89975739,105.7715302,64.87930298,64.9752121,1153.601196,67.13153839,277.0975647,126.8167801,1.0,0.0,0.000446303,0.00019693
2021-01-12,18:07:59,5.926100159,7.007700348,68.89975739,105.7853699,64.87882996,64.97468567,1153.616211,67.13063049,277.1004944,126.8167801,1.0,0.0,0.000446303,0.00019693
2021-01-12,18:08:00,5.925899887,7.007800293,68.89975739,105.8014374,64.87940979,64.97439575,1153.624023,67.13014984,277.1022339,126.8167801,1.0,0.0,0.000446303,0.00019693
2021-01-12,18:08:01,5.925999832,7.007700348,68.89975739,105.8153,64.8800354,64.97431946,1153.625977,67.12966156,277.1038818,126.8167801,1.0,0.0,0.000459807,0.00019693
2021-01-12,18:08:02,5.925799942,7.007700348,68.89975739,105.8307953,64.87978363,64.97403717,1153.634277,67.12930298,277.1051636,126.8167801,1.0,0.0,0.000459807,0.00019693
2021-01-12,18:08:03,5.925600052,7.007700348,68.89871216,105.844902,64.88085938,64.97373962,1153.642456,67.12867737,277.1072693,126.8167801,1.0,0.0,0.000459807,0.00019693
2021-01-12,18:08:04,5.925699997,7.007700348,68.89871216,105.8598328,64.88175964,64.97325897,1153.65564,67.12827301,277.1086121,126.8167801,1.0,0.0,0.000442669,0.00019693
2021-01-12,18:08:05,5.925799942,7.007800293,68.89871216,105.875351,64.88192749,64.97289276,1153.666016,67.12799835,277.1095886,126.8167801,1.0,0.0,0.000442669,0.000197123
2021-01-12,18:08:06,5.925500107,7.007700348,68.89871216,105.8892212,64.88162231,64.97278595,1153.668579,67.12751007,277.1112366,126.8167801,1.0,0.0,0.000442669,0.000197123
2021-01-12,18:08:07,5.925299835,7.007800293,68.89871216,105.9041214,64.88241577,64.97229004,1153.682861,67.12733459,277.1118469,126.8167801,1.0,0.0,0.000442669,0.000197123
2021-01-12,18:08:08,5.925500107,7.007700348,68.89756012,105.9206619,64.88328552,64.97237396,1153.680542,67.12618256,277.1158447,126.8167801,1.0,0.0,0.000442669,0.000197123
2021-01-12,18:08:09,5.92519989,7.007700348,68.89756012,105.9352036,64.88339233,64.97221375,1153.68457,67.12640381,277.1149902,126.8167801,1.0,0.0,0.000452722,0.000197123
2021-01-12,18:08:10,5.925,7.007700348,68.89756012,105.9505539,64.88414001,64.97167969,1153.700073,67.12547302,277.1182861,126.8167801,1.0,0.0,0.000452722,0.000197123
2021-01-12,18:08:11,5.925099945,7.007700348,68.89756012,105.9668121,64.88366699,64.97151947,1153.70459,67.1256485,277.1176758,126.8167801,1.0,0.0,0.000457627,0.000196937
2021-01-12,18:08:12,5.924900055,7.007700348,68.89756012,105.981369,64.88432312,64.97127533,1153.711548,67.12480164,277.120575,126.8167801,1.0,0.0,0.000457627,0.000196937
2021-01-12,18:08:13,5.925,7.00759964,68.89653015,105.9969711,64.88508606,64.97088623,1153.722046,67.12448883,277.121521,126.8167801,1.0,0.0,0.000457627,0.000196937
2021-01-12,18:08:14,5.92480011,7.007700348,68.89653015,106.0131226,64.88574219,64.97072601,1153.726318,67.12385559,277.1236572,126.7103882,1.0,0.0,0.000472039,0.000196821
2021-01-12,18:08:15,5.924900055,7.007700348,68.89653015,106.0277023,64.88610077,64.97040558,1153.736206,67.12350464,277.124939,126.7103882,1.0,0.0,0.000472039,0.000196821
2021-01-12,18:08:16,5.924399948,7.00759964,68.89653015,106.0421753,64.88638306,64.97029114,1153.733521,67.12328339,277.1257019,126.7103882,1.0,0.0,0.000441519,0.00019691
2021-01-12,18:08:17,5.924599838,7.007700348,68.89653015,106.0580139,64.88604736,64.96988678,1153.750366,67.12256622,277.1280823,126.7103882,1.0,0.0,0.000422685,0.00019691
2021-01-12,18:08:18,5.924300003,7.00759964,68.89551544,106.0731735,64.88756561,64.96963501,1153.757446,67.1224823,277.128418,126.7103882,1.0,0.0,0.000433828,0.00019691
2021-01-12,18:08:19,5.924200058,7.007700348,68.89551544,106.0882797,64.88722229,64.96988678,1153.750244,67.12221527,277.1293945,126.7103882,1.0,0.0,0.000442003,0.00019691
2021-01-12,18:08:20,5.924100113,7.00759964,68.89551544,106.1026917,64.88765717,64.96939087,1153.764282,67.12176514,277.1307983,126.7103882,1.0,0.0,0.000442003,0.00019691
2021-01-12,18:08:21,5.924200058,7.00759964,68.89448547,106.1177521,64.88700104,64.96927643,1153.767334,67.12128448,277.1325684,126.7103882,1.0,0.0,0.000442003,0.00019691
2021-01-12,18:08:22,5.923899841,7.007700348,68.89448547,106.1334152,64.88898468,64.96921539,1153.769531,67.12055969,277.1348877,126.7103882,1.0,0.0,0.000442003,0.00019691
2021-01-12,18:08:23,5.924100113,7.00759964,68.89448547,106.1497269,64.889328,64.96883392,1153.779907,67.12033844,277.1356506,126.7103882,1.0,0.0,0.000442003,0.00019691
2021-01-12,18:08:24,5.924000168,7.00759964,68.89448547,106.1650391,64.88945007,64.96855164,1153.787842,67.11997986,277.1368713,126.5183258,1.0,0.0,0.000442003,0.00019691
2021-01-12,18:08:25,5.923600006,7.007499695,68.89448547,106.1799469,64.88876343,64.96871948,1153.783203,67.11962128,277.1383057,126.5183258,1.0,0.0,0.000461987,0.000196906
2021-01-12,18:08:26,5.923699951,7.00759964,68.89448547,106.1955109,64.89022064,64.96843719,1153.79126,67.11930847,277.1391296,126.5183258,1.0,0.0,0.000461987,0.000196906
2021-01-12,18:08:27,5.923400116,7.00759964,68.89340973,106.2105789,64.89045715,64.9682312,1153.796387,67.1188736,277.1407776,126.5183258,1.0,0.0,0.000461987,0.000196906
2021-01-12,18:08:28,5.923300171,7.00759964,68.89340973,106.2256393,64.8898468,64.96805573,1153.801758,67.11865234,277.14151,126.5183258,1.0,0.0,0.000461987,0.000196906
2021-01-12,18:08:29,5.923099899,7.00759964,68.89340973,106.2414551,64.89215851,64.9678421,1153.807617,67.11798859,277.1438599,126.5183258,1.0,0.0,0.000461987,0.000196906
2021-01-12,18:08:30,5.922999954,7.007499695,68.89340973,106.2569046,64.89154053,64.96773529,1153.804688,67.11727142,277.1462708,126.5183258,1.0,0.0,0.000461987,0.000196906
2021-01-12,18:08:31,5.923300171,7.007499695,68.89139557,106.2719269,64.89102173,64.9677887,1153.811646,67.11722565,277.1464844,126.5183258,1.0,0.0,0.000461987,0.000196906
2021-01-12,18:08:32,5.923099899,7.00759964,68.89139557,106.2874908,64.89279175,64.96733093,1153.821777,67.11673737,277.1480408,126.5183258,1.0,0.0,0.000461987,0.000196906
2021-01-12,18:08:33,5.922900009,7.007800293,68.89139557,106.3036957,64.8916626,64.96744537,1153.818726,67.11643219,277.1490784,126.5183258,1.0,0.0,0.000461987,0.000196906
2021-01-12,18:08:34,5.922999954,7.007700348,68.89139557,106.3186035,64.89326477,64.96718597,1153.825562,67.11619568,277.1498413,126.5183258,1.0,0.0,0.000461987,0.000196906
2021-01-12,18:08:35,5.922800064,7.007700348,68.89139557,106.3337021,64.89363098,64.96699524,1153.831299,67.11607361,277.1504822,126.5183258,1.0,0.0,0.000461987,0.000196906
2021-01-12,18:08:36,5.922700119,7.007800293,68.89139557,106.3499603,64.89411926,64.96683502,1153.835815,67.11547852,277.1523438,126.5183258,1.0,0.0,0.000461987,0.000196906
2021-01-12,18:08:37,5.922800064,7.007700348,68.89139557,106.3652267,64.89361572,64.96672058,1153.838867,67.11575317,277.1514282,126.5183258,1.0,0.0,0.000461987,0.000196906
2021-01-12,18:08:38,5.922399902,7.007700348,68.89139557,106.3797531,64.89421844,64.96631622,1153.850342,67.11508179,277.1536865,126.5183258,1.0,0.0,0.000461987,0.000196906
2021-01-12,18:08:39,5.922600174,7.007700348,68.8903656,106.3941879,64.89558411,64.96644592,1153.846802,67.11468506,277.1551208,126.2167816,1.0,0.0,0.000461987,0.000196906
2021-01-12,18:08:40,5.922299957,7.007700348,68.8903656,106.4098053,64.89466095,64.96624756,1153.852051,67.11432648,277.1562195,126.2167816,1.0,0.0,0.000461987,0.000196906
2021-01-12,18:08:41,5.922399902,7.007700348,68.88929749,106.4260559,64.89485168,64.96622467,1153.852783,67.1139679,277.1575317,126.2167816,1.0,0.0,0.000461987,0.000196906
2021-01-12,18:08:42,5.922299957,7.00759964,68.89032745,106.4418106,64.8969574,64.96601868,1153.858887,67.11360931,277.158783,126.2167816,1.0,0.0,0.000461987,0.000196906
2021-01-12,18:08:43,5.922100067,7.007700348,68.88928986,106.4558334,64.89746094,64.96622467,1153.852661,67.112854,277.1614075,126.2167816,1.0,0.0,0.000461987,0.000196906
2021-01-12,18:08:44,5.922000122,7.00759964,68.88928986,106.4720001,64.896492,64.96595001,1153.860596,67.11267853,277.1618958,125.9868851,1.0,0.0,0.000461987,0.000196906
2021-01-12,18:08:45,5.922200012,7.00759964,68.88928986,106.4870148,64.89666748,64.96575928,1153.865112,67.11250305,277.1625977,125.9868851,1.0,0.0,0.000461987,0.000196906
2021-01-12,18:08:46,5.921900177,7.00759964,68.88928986,106.5031357,64.89784241,64.96590424,1153.862305,67.11267853,277.1619568,125.9868851,1.0,0.0,0.000461987,0.000196867
2021-01-12,18:08:47,5.921699905,7.007499695,68.88827515,106.5182419,64.89808655,64.96520233,1153.880981,67.1122818,277.1633911,125.9868851,1.0,0.0,0.000461987,0.000196794
2021-01-12,18:08:48,5.92179985,7.00759964,68.88827515,106.533287,64.89777374,64.96568298,1153.868164,67.11139679,277.1663513,125.9868851,1.0,0.0,0.000461987,0.000196794
2021-01-12,18:08:49,5.921900177,7.007499695,68.88827515,106.5487823,64.89788818,64.96524048,1153.880005,67.11161041,277.1656494,125.9868851,1.0,0.0,0.000461987,0.000196794
2021-01-12,18:08:50,5.921699905,7.00739975,68.88827515,106.5644226,64.89741516,64.96515656,1153.883057,67.11107635,277.167511,125.9868851,1.0,0.0,0.000442427,0.000196909
2021-01-12,18:08:51,5.92179985,7.007700348,68.88827515,106.5800018,64.89880371,64.96495819,1153.888184,67.1108551,277.1681213,125.9868851,1.0,0.0,0.000436977,0.000196879
2021-01-12,18:08:52,5.921500015,7.00759964,68.88827515,106.5959702,64.89953613,64.96508789,1153.884766,67.1108551,277.1679688,125.9868851,1.0,0.0,0.000439278,0.000196879
2021-01-12,18:08:53,5.92140007,7.007499695,68.88827515,106.6120224,64.89862823,64.96520233,1153.881348,67.11040497,277.1696777,125.9868851,1.0,0.0,0.000439278,0.000196879
2021-01-12,18:08:54,5.921500015,7.00759964,68.88726044,106.6264954,64.90008545,64.96485901,1153.891235,67.10991669,277.1713257,125.8247681,1.0,0.0,0.000431224,0.000196879
2021-01-12,18:08:55,5.921300125,7.007499695,68.88726044,106.6419907,64.89855957,64.96463776,1153.897339,67.10964966,277.1722107,125.8247681,1.0,0.0,0.000431224,0.000196879
2021-01-12,18:08:56,5.921500015,7.00739975,68.88726044,106.6580505,64.90052795,64.96456909,1153.898804,67.10930634,277.173584,125.8247681,1.0,0.0,0.000431224,0.000196883
2021-01-12,18:08:57,5.92120018,7.007499695,68.88726044,106.6737213,64.90148163,64.9644165,1153.903564,67.10907745,277.1742554,125.8247681,1.0,0.0,0.000431224,0.000196883
2021-01-12,18:08:58,5.920899963,7.00739975,68.88625336,106.6889572,64.90020752,64.96477509,1153.893311,67.1088562,277.1750488,125.8247681,1.0,0.0,0.000431224,0.000196883
2021-01-12,18:08:59,5.921099854,7.00739975,68.88625336,106.7050095,64.90086365,64.9649353,1153.88916,67.10862732,277.1758728,125.8247681,1.0,0.0,0.000431224,0.000196809
2021-01-12,18:09:00,5.920800018,7.00739975,68.88625336,106.7194672,64.89974213,64.96463776,1153.897095,67.10877228,277.175354,125.8247681,1.0,0.0,0.000385685,0.000196858
2021-01-12,18:09:01,5.920899963,7.00739975,68.88520813,106.7346954,64.90136719,64.96443939,1153.902954,67.10822296,277.1771545,125.8247681,1.0,0.0,0.000380599,0.000196786
2021-01-12,18:09:02,5.920700073,7.007299805,68.88623047,106.7511292,64.90016174,64.96452332,1153.900757,67.10782623,277.1784363,125.8247681,1.0,0.0,0.000380599,0.000196786
2021-01-12,18:09:03,5.920800018,7.00739975,68.88516235,106.7659378,64.90130615,64.96468353,1153.896362,67.1075058,277.1796875,125.8247681,1.0,0.0,0.000367094,0.000196786
2021-01-12,18:09:04,5.920399857,7.007299805,68.88516235,106.7811661,64.90092468,64.96432495,1153.906128,67.10710907,277.1809082,125.9365921,1.0,0.0,0.000367094,0.000196786
2021-01-12,18:09:05,5.920600128,7.00739975,68.88413239,106.796051,64.90288544,64.96427917,1153.907959,67.10720825,277.1806946,125.9365921,1.0,0.0,0.000367094,0.000196864
2021-01-12,18:09:06,5.920299911,7.00739975,68.88522339,106.8126297,64.90177917,64.96443939,1153.902832,67.10658264,277.1828308,125.9365921,1.0,0.0,0.000367094,0.000196864
2021-01-12,18:09:07,5.920399857,7.007299805,68.88417816,106.8288879,64.90209198,64.96411133,1153.911621,67.10635376,277.1835938,125.9365921,1.0,0.0,0.000367094,0.000196864
2021-01-12,18:09:08,5.920100021,7.007299805,68.88417816,106.843399,64.90151215,64.96405029,1153.913818,67.10653687,277.1827698,125.9365921,1.0,0.0,0.000367094,0.000196864
2021-01-12,18:09:09,5.920199966,7.007299805,68.88417816,106.8591919,64.90179443,64.96425629,1153.908447,67.10609436,277.1845703,125.9365921,1.0,0.0,0.000367094,0.000196864
2021-01-12,18:09:10,5.919900131,7.007299805,68.88417816,106.8741302,64.90358734,64.96395874,1153.915771,67.10569,277.1858521,125.9365921,1.0,0.0,0.000367094,0.000196864
2021-01-12,18:09:11,5.920100021,7.007299805,68.88315582,106.8904419,64.9039917,64.96411133,1153.912231,67.10577393,277.1855469,125.9365921,1.0,0.0,0.000367094,0.000196864
2021-01-12,18:09:12,5.919900131,7.007299805,68.88315582,106.9060059,64.90354919,64.96427917,1153.907227,67.10551453,277.186554,125.9365921,1.0,0.0,0.000367094,0.000196864
2021-01-12,18:09:13,5.919800186,7.00719986,68.88315582,106.9225159,64.90447235,64.96416473,1153.910522,67.10520172,277.1874695,125.9365921,1.0,0.0,0.000367094,0.000196864
2021-01-12,18:09:14,5.91969986,7.007299805,68.88315582,106.9371719,64.904953,64.96411133,1153.911377,67.10480499,277.1889648,125.5886154,1.0,0.0,0.000367094,0.000196864
2021-01-12,18:09:15,5.919599915,7.007299805,68.88214111,106.9523621,64.90272522,64.96416473,1153.912964,67.10449219,277.1899719,125.5886154,1.0,0.0,0.000367094,0.000196864
2021-01-12,18:09:16,5.919499969,7.007299805,68.88214111,106.9681091,64.90431213,64.96398163,1153.915527,67.10435486,277.1903381,125.5886154,1.0,0.0,0.000367094,0.000196864
2021-01-12,18:09:17,5.919800186,7.007299805,68.88214111,106.9837875,64.90507507,64.96386719,1153.918823,67.10422516,277.190918,125.5886154,1.0,0.0,0.000367094,0.000196983
2021-01-12,18:09:18,5.919400024,7.00719986,68.88214111,106.9987411,64.90524292,64.96439362,1153.904663,67.10408783,277.1913452,125.5886154,1.0,0.0,0.000367094,0.000196983
2021-01-12,18:09:19,5.919599915,7.007299805,68.88214111,107.0150146,64.90555573,64.96389008,1153.918091,67.10430908,277.1906738,125.5886154,1.0,0.0,0.000367094,0.000196983
2021-01-12,18:09:20,5.919400024,7.00719986,68.88214111,107.0308914,64.90586853,64.96411133,1153.911377,67.1036377,277.1928406,125.5886154,1.0,0.0,0.000367094,0.000196761
2021-01-12,18:09:21,5.919499969,7.007299805,68.88108063,107.0468292,64.90551758,64.96439362,1153.904663,67.10355377,277.1931152,125.5886154,1.0,0.0,0.00035141,0.000196761
2021-01-12,18:09:22,5.919200134,7.00739975,68.88108063,107.0623169,64.90626526,64.96411133,1153.911987,67.10314941,277.1945801,125.5886154,1.0,0.0,0.00035141,0.000196761
2021-01-12,18:09:23,5.919300079,7.007299805,68.88108063,107.0769806,64.90547943,64.96395874,1153.916016,67.10284424,277.1954956,125.5886154,1.0,0.0,0.00035141,0.000197011
2021-01-12,18:09:24,5.918999863,7.007299805,68.88108063,107.0930099,64.90718079,64.96425629,1153.908569,67.10296631,277.1958618,125.5886154,1.0,0.0,0.00035359,0.000196843
2021-01-12,18:09:25,5.919200134,7.007299805,68.88108063,107.1090012,64.90646362,64.96398163,1153.91626,67.10279083,277.1953735,125.5886154,1.0,0.0,0.00035359,0.000196843
2021-01-12,18:09:26,5.918899918,7.007299805,68.88108063,107.1244888,64.90600586,64.96425629,1153.908081,67.10247803,277.1968994,125.5886154,1.0,0.0,0.00035359,0.000196896
2021-01-12,18:09:27,5.919100189,7.00719986,68.88108063,107.1402969,64.90740204,64.96389008,1153.918335,67.10253143,277.1966858,125.5886154,1.0,0.0,0.00035359,0.000196896
2021-01-12,18:09:28,5.918799973,7.007299805,68.88007355,107.1552582,64.90716553,64.96425629,1153.908081,67.10211945,277.1980896,125.5886154,1.0,0.0,0.00035359,0.000196896
2021-01-12,18:09:29,5.918700027,7.00719986,68.88007355,107.1704102,64.90622711,64.96421051,1153.909424,67.10181427,277.1990356,125.5886154,1.0,0.0,0.00035359,0.000196896
2021-01-12,18:09:30,5.918899918,7.00719986,68.88007355,107.1864319,64.90749359,64.96434021,1153.905396,67.10190582,277.1988525,125.5886154,1.0,0.0,0.00035359,0.000196896
2021-01-12,18:09:31,5.918600082,7.00719986,68.87903595,107.2022858,64.90731812,64.9644928,1153.910034,67.10199738,277.1984863,125.5886154,1.0,0.0,0.00035359,0.000196761
2021-01-12,18:09:32,5.918700027,7.007099915,68.87903595,107.2177658,64.90815735,64.96405029,1153.902588,67.10150909,277.2001038,125.5886154,1.0,0.0,0.00035359,0.000196761
2021-01-12,18:09:33,5.918399811,7.00719986,68.87903595,107.2325516,64.90884399,64.96443939,1153.912354,67.10115051,277.2013855,125.5886154,1.0,0.0,0.00035359,0.000196761
2021-01-12,18:09:34,5.918600082,7.007099915,68.87903595,107.2476196,64.90809631,64.96414185,1153.903198,67.10079193,277.2026672,125.3318329,1.0,0.0,0.00035359,0.000196761
2021-01-12,18:09:35,5.918299866,7.007099915,68.87903595,107.2634125,64.90910339,64.96421051,1153.911011,67.10092163,277.2021179,125.3318329,1.0,0.0,0.000353166,0.000196897
2021-01-12,18:09:36,5.918199921,7.007099915,68.87903595,107.2790298,64.90834045,64.96485901,1153.890381,67.10060883,277.2031555,125.3318329,1.0,0.0,0.000353166,0.000196897
2021-01-12,18:09:37,5.918399811,7.007099915,68.87903595,107.293129,64.90890503,64.96456909,1153.898682,67.10066223,277.203064,125.3318329,1.0,0.0,0.000353166,0.000196817
2021-01-12,18:09:38,5.918099976,7.007099915,68.87800598,107.3087845,64.90979004,64.96439362,1153.904175,67.10051727,277.2033997,125.3318329,1.0,0.0,0.000353166,0.000196817
2021-01-12,18:09:39,5.918000031,7.007099915,68.87800598,107.3248138,64.90870667,64.96477509,1153.893555,67.10073853,277.2027283,125.3318329,1.0,0.0,0.000353166,0.000196817
2021-01-12,18:09:40,5.917900085,7.007099915,68.87800598,107.3404083,64.90828705,64.96456909,1153.898804,67.09989929,277.2055969,125.3318329,1.0,0.0,0.000353166,0.000196817
2021-01-12,18:09:41,5.917699814,7.007099915,68.87800598,107.3562012,64.90933228,64.9644928,1153.900879,67.10012054,277.204895,125.3318329,1.0,0.0,0.000353166,0.000196817
2021-01-12,18:09:42,5.917900085,7.007099915,68.87698364,107.3724213,64.90982056,64.96466064,1153.896606,67.09989929,277.2056274,125.3318329,1.0,0.0,0.000353166,0.000196817
2021-01-12,18:09:43,5.917699814,7.007099915,68.87698364,107.387207,64.9103241,64.9644165,1153.903076,67.09976196,277.2060547,125.3318329,1.0,0.0,0.000353166,0.000196763
2021-01-12,18:09:44,5.91780014,7.00719986,68.87698364,107.4021759,64.90937805,64.96483612,1153.891968,67.09931183,277.2077332,125.3318329,1.0,0.0,0.000353166,0.000196763
2021-01-12,18:09:45,5.917499924,7.007099915,68.87698364,107.4184265,64.9105072,64.96469879,1153.89624,67.09913635,277.2082214,125.3318329,1.0,0.0,0.000355104,0.000196845
2021-01-12,18:09:46,5.917599869,7.00719986,68.87698364,107.434227,64.90971375,64.96507263,1153.885254,67.09931183,277.2076721,125.3318329,1.0,0.0,0.000355104,0.000196845
2021-01-12,18:09:47,5.917499924,7.00719986,68.87597656,107.4481659,64.91150665,64.96521759,1153.880615,67.09922791,277.2079163,125.3318329,1.0,0.0,0.000372787,0.000196819
2021-01-12,18:09:48,5.917399979,7.007099915,68.87597656,107.4655457,64.91027069,64.96500397,1153.887329,67.0990448,277.2085266,125.3318329,1.0,0.0,0.000372787,0.000196819
2021-01-12,18:09:49,5.917499924,7.00719986,68.87597656,107.4802246,64.9105835,64.96510315,1153.883789,67.09931183,277.2077026,125.3318329,1.0,0.0,0.000372787,0.000196819
2021-01-12,18:09:50,5.917300034,7.00719986,68.87597656,107.4964447,64.91028595,64.96531677,1153.878296,67.09896088,277.2089233,125.3318329,1.0,0.0,0.000372787,0.000196819
2021-01-12,18:09:51,5.917399979,7.00719986,68.87700653,107.5126495,64.91117859,64.96483612,1153.891602,67.09883118,277.2093506,125.3318329,1.0,0.0,0.000372787,0.000196819
2021-01-12,18:09:52,5.917200089,7.007099915,68.87491608,107.5273819,64.91059875,64.96502686,1153.886353,67.09874725,277.2096558,125.3318329,1.0,0.0,0.000372787,0.000196819
2021-01-12,18:09:53,5.917100143,7.00719986,68.87491608,107.5436249,64.91105652,64.96524048,1153.880249,67.09879303,277.2094727,125.3318329,1.0,0.0,0.000372787,0.000196819
2021-01-12,18:09:54,5.917200089,7.007099915,68.87491608,107.5586395,64.9102478,64.96542358,1153.875,67.0984726,277.2104797,125.3318329,1.0,0.0,0.000413299,0.000196997
2021-01-12,18:09:55,5.916999817,7.006999969,68.87491608,107.5729446,64.91098022,64.96556854,1153.871582,67.09816742,277.2115479,125.3318329,1.0,0.0,0.000413299,0.000196802
2021-01-12,18:09:56,5.917300034,7.007099915,68.87491608,107.5891953,64.91188049,64.96531677,1153.878418,67.09807587,277.2119141,125.3318329,1.0,0.0,0.000413299,0.000196802
2021-01-12,18:09:57,5.916699982,7.006999969,68.87491608,107.6040039,64.91270447,64.9659729,1153.859863,67.09825134,277.2111816,125.3318329,1.0,0.0,0.000413299,0.000196913
2021-01-12,18:09:58,5.916899872,7.006999969,68.87491608,107.6191711,64.91073608,64.96560669,1153.869995,67.09789276,277.2124023,125.3318329,1.0,0.0,0.000419415,0.000196913
2021-01-12,18:09:59,5.916600037,7.007499695,68.87491608,107.6351395,64.91274261,64.96546936,1153.873535,67.09812164,277.2117615,125.3318329,1.0,0.0,0.000419415,0.000196913
2021-01-12,18:10:00,5.916799927,7.00739975,68.87491608,107.6509247,64.91151428,64.96583557,1153.863403,67.09793854,277.2123108,125.3318329,1.0,0.0,0.000419415,0.000196913
